lr,epoch,train_loss,val_loss
0.0001,0.0,3.4640792007446297,2.2725661697387696
0.0001,1.0,3.4339231491088866,2.2434210376739507
0.0001,2.0,3.404353485107422,2.214732452392578
0.0001,3.0,3.3752551383972165,2.186483737945557
0.0001,4.0,3.3466172523498527,2.158665859222412
0.0001,5.0,3.3184322776794435,2.1312726230621335
0.0001,6.0,3.2906946964263906,2.1042993202209477
0.0001,7.0,3.263399738311767,2.077742162704468
0.0001,8.0,3.236543399810791,2.0515976448059083
0.0001,9.0,3.210121995925903,2.025862440109253
0.0001,10.0,3.1841318855285636,2.000533094406128
0.0001,11.0,3.1585694999694827,1.9756064615249633
0.0001,12.0,3.1334312324523923,1.9510790643692015
0.0001,13.0,3.1087135467529303,1.9269476108551025
0.0001,14.0,3.084412513732909,1.9032085189819337
0.0001,15.0,3.0605247306823733,1.879858316421509
0.0001,16.0,3.0370461044311527,1.8568933429718018
0.0001,17.0,3.013972829818726,1.834309830665589
0.0001,18.0,2.9913008804321284,1.812104028701782
0.0001,19.0,2.9690262508392333,1.790272180557251
0.0001,20.0,2.9471447429656994,1.7688102397918701
0.0001,21.0,2.9256522789001473,1.7477143163681028
0.0001,22.0,2.904544473648072,1.7269802646636963
0.0001,23.0,2.8838170413970956,1.7066039867401122
0.0001,24.0,2.863465576171876,1.6865811376571656
0.0001,25.0,2.843485519409179,1.666907789230347
0.0001,26.0,2.823872385025026,1.647579384803772
0.0001,27.0,2.8046215171813964,1.6285915737152101
0.0001,28.0,2.7857283000946063,1.6099400730133058
0.0001,29.0,2.767188016891479,1.5916202373504638
0.0001,30.0,2.7489958896636955,1.573627628326416
0.0001,31.0,2.7311470947265626,1.5559578313827516
0.0001,32.0,2.7136368141174327,1.538606022834778
0.0001,33.0,2.6964600582122813,1.5215678329467774
0.0001,34.0,2.6796121177673338,1.504838480949402
0.0001,35.0,2.663087852478027,1.488413374900818
0.0001,36.0,2.6468823585510255,1.4722877750396732
0.0001,37.0,2.6309906749725345,1.4564571018218995
0.0001,38.0,2.615407890319824,1.4409166889190674
0.0001,39.0,2.6001287956237795,1.4256616287231445
0.0001,40.0,2.585148624420165,1.4106874513626098
0.0001,41.0,2.5704622631073,1.3959894266128536
0.0001,42.0,2.5560647773742677,1.3815627269744875
0.0001,43.0,2.5419511718749996,1.3674029254913331
0.0001,44.0,2.52811647605896,1.353505307197571
0.0001,45.0,2.514555767059327,1.339865309715271
0.0001,46.0,2.501264221191407,1.3264781351089479
0.0001,47.0,2.4882368907928467,1.3133395709991453
0.0001,48.0,2.475468971252441,1.300444833755493
0.0001,49.0,2.462955667495727,1.2877895793914798
0.0001,50.0,2.4506922092437744,1.2753693943023685
0.0001,51.0,2.4386738433837896,1.2631798467636108
0.0001,52.0,2.42689600944519,1.2512165336608887
0.0001,53.0,2.415353984832764,1.239475257873535
0.0001,54.0,2.4040433177948004,1.2279518003463745
0.0001,55.0,2.3929594306945794,1.216641881942749
0.0001,56.0,2.3820978431701656,1.205541379928589
0.0001,57.0,2.371454277038575,1.194646257400513
0.0001,58.0,2.36102428817749,1.183952590942383
0.0001,59.0,2.350803722381592,1.1734562387466432
0.0001,60.0,2.3407883148193362,1.1631534004211423
0.0001,61.0,2.3309738960266113,1.153040292739868
0.0001,62.0,2.3213564529418944,1.1431130075454714
0.0001,63.0,2.3119319381713863,1.1333679914474486
0.0001,64.0,2.3026964912414556,1.1238014736175537
0.0001,65.0,2.2936461677551283,1.1144099559783935
0.0001,66.0,2.284777114868164,1.1051899623870851
0.0001,67.0,2.2760857048034664,1.096137815475464
0.0001,68.0,2.2675682029724125,1.087250385284424
0.0001,69.0,2.259221042633057,1.0785242061614992
0.0001,70.0,2.251040641784668,1.0699560298919677
0.0001,71.0,2.243023540496827,1.0615426254272464
0.0001,72.0,2.235166389465332,1.0532810068130494
0.0001,73.0,2.2274657707214356,1.045167875289917
0.0001,74.0,2.2199184799194334,1.0372004365921021
0.0001,75.0,2.2125213012695313,1.029375486373901
0.0001,76.0,2.2052710876464845,1.021690341949463
0.0001,77.0,2.198164722442627,1.0141421127319334
0.0001,78.0,2.1911991806030278,1.0067280187606813
0.0001,79.0,2.1843716011047363,0.9994452419281008
0.0001,80.0,2.1776790542602535,0.9922912464141845
0.0001,81.0,2.171118637084961,0.9852634067535402
0.0001,82.0,2.164687644958497,0.9783591194152832
0.0001,83.0,2.1583833637237544,0.9715759286880493
0.0001,84.0,2.1522031059265134,0.9649113998413088
0.0001,85.0,2.146144245147705,0.9583631405830383
0.0001,86.0,2.140204336166382,0.9519287796020508
0.0001,87.0,2.1343807868957514,0.9456060032844543
0.0001,88.0,2.128671257019043,0.9393926591873171
0.0001,89.0,2.123073247909546,0.9332864723205567
0.0001,90.0,2.117584468841553,0.9272853431701661
0.0001,91.0,2.1122026367187496,0.9213872141838075
0.0001,92.0,2.1069255428314215,0.9155899038314819
0.0001,93.0,2.1017509536743164,0.9098915028572081
0.0001,94.0,2.0966767578125003,0.904290095806122
0.0001,95.0,2.0917008666992185,0.8987836561203003
0.0001,96.0,2.0868212356567377,0.8933703527450563
0.0001,97.0,2.082035879135131,0.8880483288764953
0.0001,98.0,2.077342737197875,0.8828158102035524
0.0001,99.0,2.072739973068237,0.8776710848808289
0.0001,100.0,2.06822572517395,0.8726123437881471
0.0001,101.0,2.063798112869263,0.8676379480361939
0.0001,102.0,2.0594554290771483,0.8627462763786315
0.0001,103.0,2.0551957817077633,0.8579356646537779
0.0001,104.0,2.0510175247192377,0.8532045288085939
0.0001,105.0,2.0469190292358403,0.8485514569282532
0.0001,106.0,2.0428985443115235,0.8439748001098634
0.0001,107.0,2.038954551696778,0.8394730868339537
0.0001,108.0,2.035085430145263,0.8350450220108031
0.0001,109.0,2.031289628982544,0.8306890215873719
0.0001,110.0,2.027565668106079,0.8264037752151489
0.0001,111.0,2.02391201210022,0.8221879377365112
0.0001,112.0,2.0203273372650146,0.8180402264595031
0.0001,113.0,2.016810144424438,0.8139592747688292
0.0001,114.0,2.0133591346740722,0.8099438252449036
0.0001,115.0,2.009972772598266,0.8059926881790161
0.0001,116.0,2.0066499347686766,0.8021045832633973
0.0001,117.0,2.0033892459869382,0.7982784051895143
0.0001,118.0,2.000189435958862,0.7945129289627074
0.0001,119.0,1.997049270629883,0.7908069987297058
0.0001,120.0,1.9939675102233891,0.7871595954895021
0.0001,121.0,1.9909430160522459,0.7835694971084595
0.0001,122.0,1.9879746265411382,0.7800357160568238
0.0001,123.0,1.9850611038208006,0.7765572595596313
0.0001,124.0,1.9822015056610107,0.7731329684257509
0.0001,125.0,1.9793945827484134,0.7697619757652283
0.0001,126.0,1.9766393175125117,0.7664432096481323
0.0001,127.0,1.973934720993042,0.7631757416725159
0.0001,128.0,1.9712796936035157,0.7599586019515993
0.0001,129.0,1.9686732940673821,0.7567908849716186
0.0001,130.0,1.9661144943237308,0.7536717557907106
0.0001,131.0,1.9636023864746084,0.7506002297401428
0.0001,132.0,1.9611359872817997,0.7475754442214967
0.0001,133.0,1.9587143974304202,0.7445966382026672
0.0001,134.0,1.9563366956710813,0.7416628980636597
0.0001,135.0,1.9540020236968991,0.7387734513282777
0.0001,136.0,1.9517095165252683,0.735927484035492
0.0001,137.0,1.9494583187103272,0.7331242103576661
0.0001,138.0,1.94724760055542,0.730362877368927
0.0001,139.0,1.9450765724182126,0.7276427283287049
0.0001,140.0,1.942944396018982,0.7249630446434022
0.0001,141.0,1.9408503999710083,0.722323006629944
0.0001,142.0,1.9387936725616448,0.7197221040725706
0.0001,143.0,1.9367735862731934,0.7171594395637513
0.0001,144.0,1.9347893619537357,0.7146344790458679
0.0001,145.0,1.9328402862548828,0.7121464715003967
0.0001,146.0,1.9309256973266602,0.7096948137283325
0.0001,147.0,1.9290448379516598,0.7072788019180298
0.0001,148.0,1.927197120666504,0.7048979048728943
0.0001,149.0,1.9253818349838256,0.7025514268875122
0.0001,150.0,1.9235983428955072,0.7002387971878052
0.0001,151.0,1.9218460273742684,0.6979594259262086
0.0001,152.0,1.9201242694854734,0.69571275806427
0.0001,153.0,1.9184324760437015,0.6934981660842896
0.0001,154.0,1.9167700548171995,0.6913151564598083
0.0001,155.0,1.9151364107131963,0.689163118839264
0.0001,156.0,1.9135309715271,0.6870415945053101
0.0001,157.0,1.9119531860351562,0.6849499878883362
0.0001,158.0,1.9104025430679321,0.6828878598213196
0.0001,159.0,1.9088784561157222,0.6808546195030212
0.0001,160.0,1.9073804235458371,0.67884983253479
0.0001,161.0,1.9059079866409305,0.6768729639053345
0.0001,162.0,1.9044605607986453,0.6749235968589784
0.0001,163.0,1.9030376806259155,0.6730012288093565
0.0001,164.0,1.9016389036178587,0.6711054372787475
0.0001,165.0,1.9002637443542485,0.6692356996536255
0.0001,166.0,1.8989117231369024,0.6673916325569154
0.0001,167.0,1.8975823802947995,0.6655728025436403
0.0001,168.0,1.8962753257751457,0.6637787628173829
0.0001,169.0,1.8949900875091552,0.6620091133117677
0.0001,170.0,1.8937262382507323,0.6602634663581848
0.0001,171.0,1.89248338508606,0.6585413661003112
0.0001,172.0,1.8912611122131346,0.6568424739837646
0.0001,173.0,1.8900590124130252,0.6551663599014282
0.0001,174.0,1.888876711845397,0.6535126609802246
0.0001,175.0,1.8877138233184811,0.6518810548782349
0.0001,176.0,1.8865699615478515,0.6502710847854615
0.0001,177.0,1.8854447803497318,0.6486824598312377
0.0001,178.0,1.8843379001617435,0.6471148447990419
0.0001,179.0,1.8832489824295042,0.6455678281784059
0.0001,180.0,1.8821776981353764,0.6440411186218262
0.0001,181.0,1.881123655319214,0.6425343713760375
0.0001,182.0,1.8800865993499756,0.6410472741127015
0.0001,183.0,1.8790661535263065,0.6395795092582702
0.0001,184.0,1.878062038421631,0.6381307449340821
0.0001,185.0,1.8770738897323607,0.6367006511688234
0.0001,186.0,1.8761014490127566,0.6352890167236329
0.0001,187.0,1.8751444168090818,0.6338954453468324
0.0001,188.0,1.8742024784088136,0.6325197248458861
0.0001,189.0,1.8732753810882572,0.6311615195274354
0.0001,190.0,1.872362808227539,0.6298205552101135
0.0001,191.0,1.871464501380921,0.6284965481758118
0.0001,192.0,1.8705802164077767,0.627189292907715
0.0001,193.0,1.8697096519470218,0.6258984322547912
0.0001,194.0,1.8688525838851926,0.6246237840652464
0.0001,195.0,1.8680087280273432,0.6233650536537171
0.0001,196.0,1.8671778507232661,0.6221219644546508
0.0001,197.0,1.866359726905823,0.6208943471908568
0.0001,198.0,1.8655541172027585,0.6196819109916687
0.0001,199.0,1.8647607650756834,0.6184844036102295
0.0001,200.0,1.863979469299317,0.617301649570465
0.0001,201.0,1.8632099571228022,0.6161333589553833
0.0001,202.0,1.8624520549774168,0.6149793004989624
0.0001,203.0,1.861705579757691,0.6138393907546996
0.0001,204.0,1.8609702777862547,0.6127132139205933
0.0001,205.0,1.8602459468841555,0.6116006741523743
0.0001,206.0,1.859532390594483,0.6105015587806701
0.0001,207.0,1.8588294124603273,0.6094156436920167
0.0001,208.0,1.858136815071106,0.608342716217041
0.0001,209.0,1.8574544515609743,0.6072826151847839
0.0001,210.0,1.8567820558547972,0.606235104560852
0.0001,211.0,1.856119513511658,0.6052000131607056
0.0001,212.0,1.8554665889739994,0.6041771574020385
0.0001,213.0,1.8548231935501094,0.6031663699150085
0.0001,214.0,1.8541890850067135,0.6021674222946167
0.0001,215.0,1.8535641174316408,0.6011801977157594
0.0001,216.0,1.8529481315612797,0.6002044429779052
0.0001,217.0,1.8523409709930418,0.5992400426864624
0.0001,218.0,1.851742443084717,0.5982868242263795
0.0001,219.0,1.851152450561523,0.5973446469306946
0.0001,220.0,1.8505708265304568,0.5964132714271546
0.0001,221.0,1.8499974021911616,0.5954926247596741
0.0001,222.0,1.8494320087432856,0.5945824728012085
0.0001,223.0,1.8488745708465582,0.5936827116012574
0.0001,224.0,1.848324906349182,0.5927931776046752
0.0001,225.0,1.8477828826904297,0.5919137086868286
0.0001,226.0,1.8472483825683594,0.5910442094802858
0.0001,227.0,1.8467212629318235,0.5901844606399537
0.0001,228.0,1.846201396942138,0.5893343491554259
0.0001,229.0,1.8456886405944826,0.588493803024292
0.0001,230.0,1.8451829204559318,0.5876625881195068
0.0001,231.0,1.8446840553283692,0.586840630054474
0.0001,232.0,1.844191989898682,0.5860277595520019
0.0001,233.0,1.8437065505981438,0.585223886013031
0.0001,234.0,1.8432276515960695,0.5844288568496705
0.0001,235.0,1.8427551784515388,0.5836424961090089
0.0001,236.0,1.8422890529632574,0.5828648042678832
0.0001,237.0,1.8418290805816655,0.582095588684082
0.0001,238.0,1.8413752307891855,0.5813347063064576
0.0001,239.0,1.8409273681640632,0.5805820651054382
0.0001,240.0,1.8404854412078853,0.5798375844955446
0.0001,241.0,1.8400492916107174,0.5791011214256286
0.0001,242.0,1.839618838310242,0.5783725495338439
0.0001,243.0,1.839194017410278,0.5776517515182495
0.0001,244.0,1.8387746944427492,0.576938708305359
0.0001,245.0,1.8383607788085936,0.5762331967353821
0.0001,246.0,1.8379522294998172,0.5755351762771606
0.0001,247.0,1.837548910140991,0.5748445324897765
0.0001,248.0,1.837150754928589,0.5741611819267273
0.0001,249.0,1.8367576522827147,0.5734849929809571
0.0001,250.0,1.8363695449829098,0.5728158602714537
0.0001,251.0,1.8359863767623905,0.5721537766456604
0.0001,252.0,1.835608024597168,0.5714985604286195
0.0001,253.0,1.835234395980835,0.5708501381874084
0.0001,254.0,1.8348654727935791,0.5702084417343141
0.0001,255.0,1.8345011329650884,0.569573317527771
0.0001,256.0,1.8341413440704346,0.5689447627067566
0.0001,257.0,1.8337859621047974,0.5683226690292358
0.0001,258.0,1.8334349737167366,0.5677069072723389
0.0001,259.0,1.833088324546814,0.5670974488258361
0.0001,260.0,1.8327459259033207,0.5664941625595092
0.0001,261.0,1.8324076747894291,0.5658969926834106
0.0001,262.0,1.832073547363282,0.5653058652877807
0.0001,263.0,1.8317434425354004,0.564720700263977
0.0001,264.0,1.8314173393249515,0.5641413869857789
0.0001,265.0,1.831095158576965,0.5635678772926331
0.0001,266.0,1.8307768259048467,0.5630001220703125
0.0001,267.0,1.830462287902832,0.562437988758087
0.0001,268.0,1.830151517868042,0.5618814630508423
0.0001,269.0,1.8298443994522093,0.5613304314613343
0.0001,270.0,1.8295408992767328,0.5607848520278931
0.0001,271.0,1.8292410001754758,0.5602445993423463
0.0001,272.0,1.8289445905685426,0.5597097158432006
0.0001,273.0,1.8286516475677492,0.5591800227165222
0.0001,274.0,1.8283621253967284,0.5586555280685425
0.0001,275.0,1.828075929641723,0.55813609457016
0.0001,276.0,1.827793079376221,0.5576217222213745
0.0001,277.0,1.8275134563446045,0.5571123247146608
0.0001,278.0,1.827237037658692,0.5566078586578369
0.0001,279.0,1.826963787078857,0.5561082196235656
0.0001,280.0,1.8266936531066893,0.5556134028434754
0.0001,281.0,1.826426582336426,0.5551233234405518
0.0001,282.0,1.826162523269654,0.5546378769874573
0.0001,283.0,1.8259014549255372,0.5541570806503296
0.0001,284.0,1.8256432991027838,0.5536808261871338
0.0001,285.0,1.825388046264649,0.5532091159820557
0.0001,286.0,1.825135628700257,0.552741826057434
0.0001,287.0,1.8248860263824462,0.5522789440155029
0.0001,288.0,1.8246391735076906,0.5518204164505005
0.0001,289.0,1.8243950347900393,0.5513661856651306
0.0001,290.0,1.8241536140441892,0.5509161639213562
0.0001,291.0,1.823914800643921,0.5504703450202942
0.0001,292.0,1.8236786346435545,0.5500286717414856
0.0001,293.0,1.823445011138916,0.549591097354889
0.0001,294.0,1.82321393108368,0.5491575622558594
0.0001,295.0,1.8229853372573857,0.5487279958724975
0.0001,296.0,1.8227592182159424,0.5483024063110351
0.0001,297.0,1.8225355024337766,0.5478806829452515
0.0001,298.0,1.8223142013549807,0.5474628419876099
0.0001,299.0,1.822095264434814,0.5470488014221191
0.0001,300.0,1.8218786182403564,0.5466385269165039
0.0001,301.0,1.821664314270019,0.5462319822311401
0.0001,302.0,1.821452228546143,0.5458291025161743
0.0001,303.0,1.8212423877716064,0.5454298667907715
0.0001,304.0,1.8210347509384153,0.5450341925621032
0.0001,305.0,1.8208292980194092,0.5446420912742614
0.0001,306.0,1.8206259832382201,0.5442535238265991
0.0001,307.0,1.8204247426986697,0.5438683915138244
0.0001,308.0,1.8202255907058718,0.543486699104309
0.0001,309.0,1.8200285072326663,0.5431083974838258
0.0001,310.0,1.8198334426879876,0.5427334322929384
0.0001,311.0,1.8196403665542602,0.5423618202209473
0.0001,312.0,1.8194492874145507,0.5419934344291687
0.0001,313.0,1.8192601270675657,0.541628315448761
0.0001,314.0,1.8190728855133054,0.5412663946151733
0.0001,315.0,1.8188875474929813,0.5409076552391052
0.0001,316.0,1.8187040767669675,0.5405520448684692
0.0001,317.0,1.8185224161148077,0.5401995153427124
0.0001,318.0,1.8183425903320307,0.5398500652313232
0.0001,319.0,1.8181645851135253,0.5395035810470581
0.0001,320.0,1.8179883346557615,0.5391601667404174
0.0001,321.0,1.8178138370513914,0.5388196935653687
0.0001,322.0,1.817641043663025,0.5384821634292604
0.0001,323.0,1.8174699726104737,0.5381474847793579
0.0001,324.0,1.817300570487976,0.5378157286643982
0.0001,325.0,1.8171328229904176,0.5374867672920226
0.0001,326.0,1.8169667148590096,0.5371606168746949
0.0001,327.0,1.8168022260665893,0.5368372421264649
0.0001,328.0,1.8166393470764157,0.5365166063308716
0.0001,329.0,1.8164780216217051,0.536198697090149
0.0001,330.0,1.81631828212738,0.5358834381103516
0.0001,331.0,1.8161600189208986,0.5355708465576173
0.0001,332.0,1.8160033216476446,0.5352609024047852
0.0001,333.0,1.8158480911254888,0.5349534997940062
0.0001,334.0,1.815694333076477,0.5346487274169922
0.0001,335.0,1.8155420417785648,0.5343464665412903
0.0001,336.0,1.8153912124633786,0.5340467267036437
0.0001,337.0,1.8152418117523192,0.5337494859695435
0.0001,338.0,1.8150937881469729,0.5334546914100647
0.0001,339.0,1.8149471616744988,0.533162350654602
0.0001,340.0,1.8148019123077388,0.5328723921775818
0.0001,341.0,1.8146579980850217,0.5325848460197448
0.0001,342.0,1.8145154371261598,0.5322996501922608
0.0001,343.0,1.8143742170333856,0.5320167717933656
0.0001,344.0,1.8142342576980588,0.5317362413406372
0.0001,345.0,1.8140956249237057,0.5314579648971558
0.0001,346.0,1.8139582500457767,0.531181960105896
0.0001,347.0,1.8138221254348754,0.5309081921577454
0.0001,348.0,1.8136872568130493,0.5306366653442384
0.0001,349.0,1.8135536041259763,0.5303672924041748
0.0001,350.0,1.8134211864471435,0.5301001205444336
0.0001,351.0,1.8132899322509766,0.5298350954055786
0.0001,352.0,1.8131599044799802,0.5295721516609192
0.0001,353.0,1.8130310249328614,0.5293113832473755
0.0001,354.0,1.8129032945632937,0.5290526776313782
0.0001,355.0,1.812776721954346,0.5287960276603698
0.0001,356.0,1.8126512813568119,0.5285414185523987
0.0001,357.0,1.8125269565582278,0.5282888345718385
0.0001,358.0,1.812403713226318,0.5280382490158081
0.0001,359.0,1.8122815971374513,0.5277896313667297
0.0001,360.0,1.8121605243682863,0.5275429677963257
0.0001,361.0,1.8120405397415162,0.5272982630729677
0.0001,362.0,1.8119215908050534,0.5270554842948912
0.0001,363.0,1.8118037033081056,0.5268146157264709
0.0001,364.0,1.811686861038208,0.5265756139755249
0.0001,365.0,1.8115709924697878,0.526338478088379
0.0001,366.0,1.8114561576843256,0.52610320186615
0.0001,367.0,1.811342304229736,0.5258697333335877
0.0001,368.0,1.8112294416427608,0.5256380925178527
0.0001,369.0,1.811117542266846,0.5254082312583923
0.0001,370.0,1.8110066289901736,0.525180178642273
0.0001,371.0,1.8108966426849364,0.524953835964203
0.0001,372.0,1.810787602424621,0.5247292637825012
0.0001,373.0,1.8106795034408572,0.5245063977241515
0.0001,374.0,1.8105723056793215,0.5242852315902711
0.0001,375.0,1.8104660549163814,0.5240658044815064
0.0001,376.0,1.810360651016235,0.5238479995727539
0.0001,377.0,1.8102561721801764,0.5236318788528442
0.0001,378.0,1.8101525497436517,0.5234173593521118
0.0001,379.0,1.8100498189926142,0.5232044978141783
0.0001,380.0,1.8099479579925535,0.5229932656288148
0.0001,381.0,1.809846921920776,0.522783616065979
0.0001,382.0,1.8097467327117918,0.5225755219459534
0.0001,383.0,1.8096473903656007,0.5223690319061279
0.0001,384.0,1.8095488538742062,0.5221640467643739
0.0001,385.0,1.809451127052307,0.5219606294631958
0.0001,386.0,1.8093542280197146,0.5217587118148804
0.0001,387.0,1.809258140563965,0.5215583148002625
0.0001,388.0,1.8091628131866455,0.5213594007492066
0.0001,389.0,1.8090682621002199,0.5211619472503662
0.0001,390.0,1.8089744911193848,0.5209660091400148
0.0001,391.0,1.8088814907073973,0.5207714681625367
0.0001,392.0,1.8087892580032345,0.5205783996582032
0.0001,393.0,1.8086977615356448,0.5203867673873902
0.0001,394.0,1.808607002258301,0.520196503162384
0.0001,395.0,1.808516971588135,0.5200076775550843
0.0001,396.0,1.808427690505981,0.5198201804161072
0.0001,397.0,1.8083391008377074,0.5196340861320495
0.0001,398.0,1.8082512569427487,0.5194493474960327
0.0001,399.0,1.8081640701293946,0.5192659554481506
0.0001,400.0,1.808077613830567,0.5190838842391968
0.0001,401.0,1.8079918241500854,0.5189031586647033
0.0001,402.0,1.807906736373902,0.5187237176895141
0.0001,403.0,1.807822299957276,0.5185456142425537
0.0001,404.0,1.80773854637146,0.518368766784668
0.0001,405.0,1.8076554651260375,0.5181931896209716
0.0001,406.0,1.8075730152130125,0.5180188765525817
0.0001,407.0,1.8074912281036377,0.517845857143402
0.0001,408.0,1.8074100761413578,0.5176739950180055
0.0001,409.0,1.8073295507431033,0.5175034141540528
0.0001,410.0,1.8072496614456184,0.5173340253829956
0.0001,411.0,1.807170421600342,0.5171658792495727
0.0001,412.0,1.8070917778015132,0.5169989142417908
0.0001,413.0,1.807013718605042,0.5168331227302552
0.0001,414.0,1.8069362840652465,0.5166685061454773
0.0001,415.0,1.8068594522476202,0.5165050539970398
0.0001,416.0,1.8067832164764406,0.5163427577018738
0.0001,417.0,1.806707551002503,0.5161816120147705
0.0001,418.0,1.806632451057434,0.5160215940475463
0.0001,419.0,1.8065579586029055,0.5158626985549927
0.0001,420.0,1.8064840478897093,0.5157048983573913
0.0001,421.0,1.8064106712341306,0.515548237323761
0.0001,422.0,1.8063378677368176,0.5153926229476928
0.0001,423.0,1.8062656011581417,0.515238130569458
0.0001,424.0,1.8061938934326176,0.5150847058296204
0.0001,425.0,1.80612272644043,0.5149323649406433
0.0001,426.0,1.8060520915985105,0.5147810516357422
0.0001,427.0,1.805981993675232,0.5146307697296143
0.0001,428.0,1.805912427902222,0.5144815645217895
0.0001,429.0,1.805843372344971,0.5143333654403687
0.0001,430.0,1.8057748537063598,0.5141861944198609
0.0001,431.0,1.805706829071045,0.5140400333404541
0.0001,432.0,1.8056393089294434,0.5138948493003845
0.0001,433.0,1.8055723009109497,0.5137506637573241
0.0001,434.0,1.8055057935714727,0.5136074795722961
0.0001,435.0,1.8054397544860834,0.5134652819633485
0.0001,436.0,1.8053742475509644,0.5133240323066711
0.0001,437.0,1.8053092002868654,0.5131837797164917
0.0001,438.0,1.8052446269989013,0.5130444149971007
0.0001,439.0,1.8051805219650265,0.5129060220718384
0.0001,440.0,1.8051169166564942,0.5127685985565185
0.0001,441.0,1.8050537605285641,0.512632061958313
0.0001,442.0,1.804991054534913,0.512496455192566
0.0001,443.0,1.8049288272857664,0.5123617563247681
0.0001,444.0,1.80486703491211,0.512227961063385
0.0001,445.0,1.8048057069778436,0.5120950694084168
0.0001,446.0,1.804744827270508,0.5119630646705627
0.0001,447.0,1.8046843805313109,0.5118319535255432
0.0001,448.0,1.8046243724822997,0.5117016983032228
0.0001,449.0,1.8045648097991938,0.5115723295211793
0.0001,450.0,1.8045056600570675,0.5114438199996949
0.0001,451.0,1.8044469347000118,0.5113161263465881
0.0001,452.0,1.8043886318206785,0.5111893167495727
0.0001,453.0,1.8043307571411138,0.5110633263587951
0.0001,454.0,1.8042732858657833,0.5109381580352784
0.0001,455.0,1.8042162218093876,0.5108138446807862
0.0001,456.0,1.8041595678329467,0.510690323829651
0.0001,457.0,1.8041033411025997,0.510567626953125
0.0001,458.0,1.8040474863052371,0.5104457430839539
0.0001,459.0,1.8039920368194577,0.510324643611908
0.0001,460.0,1.8039369745254517,0.5102043266296387
0.0001,461.0,1.8038823089599612,0.5100848121643067
0.0001,462.0,1.8038280220031737,0.5099660344123841
0.0001,463.0,1.8037741212844842,0.5098480863571168
0.0001,464.0,1.8037206220626838,0.509730881690979
0.0001,465.0,1.8036674613952637,0.5096144008636475
0.0001,466.0,1.8036146926879881,0.5094986886978149
0.0001,467.0,1.8035622835159302,0.5093837904930115
0.0001,468.0,1.8035102472305298,0.5092695689201355
0.0001,469.0,1.8034585886001588,0.5091560935974121
0.0001,470.0,1.8034072589874266,0.5090433449745179
0.0001,471.0,1.8033563022613526,0.508931339263916
0.0001,472.0,1.8033057146072387,0.508820020198822
0.0001,473.0,1.8032554550170896,0.5087094392776489
0.0001,474.0,1.8032055377960214,0.5085995388031006
0.0001,475.0,1.8031559877395624,0.50849036693573
0.0001,476.0,1.8031067686080933,0.5083818516731262
0.0001,477.0,1.8030578899383538,0.5082740797996521
0.0001,478.0,1.8030093431472776,0.5081669597625733
0.0001,479.0,1.8029611215591437,0.5080605063438416
0.0001,480.0,1.802913254737854,0.5079547572135925
0.0001,481.0,1.8028656730651855,0.5078496494293213
0.0001,482.0,1.8028184556961064,0.5077452192306519
0.0001,483.0,1.802771545410156,0.5076414480209351
0.0001,484.0,1.8027249736785889,0.507538314819336
0.0001,485.0,1.802678703308106,0.5074358325004579
0.0001,486.0,1.802632751464844,0.5073340005874634
0.0001,487.0,1.8025870990753172,0.5072327880859375
0.0001,488.0,1.8025417728424076,0.5071322255134583
0.0001,489.0,1.8024967393875118,0.5070322980880737
0.0001,490.0,1.8024520339965822,0.5069329771995544
0.0001,491.0,1.8024075927734373,0.5068342723846436
0.0001,492.0,1.8023634586334232,0.5067361783981323
0.0001,493.0,1.802319640159607,0.5066386966705323
0.0001,494.0,1.8022760963439937,0.5065418157577514
0.0001,495.0,1.8022328443527227,0.5064455265998841
0.0001,496.0,1.8021899108886712,0.5063498511314393
0.0001,497.0,1.802147239685059,0.5062547483444213
0.0001,498.0,1.802104853630066,0.5061602325439454
0.0001,499.0,1.8020627403259277,0.5060663208961488
0.0001,500.0,1.802020929336548,0.5059729681015015
0.0001,501.0,1.8019793777465818,0.5058801631927491
0.0001,502.0,1.801938108444214,0.5057879467010498
0.0001,503.0,1.8018971080780029,0.5056962747573852
0.0001,504.0,1.8018563776016236,0.5056051893234254
0.0001,505.0,1.8018159503936768,0.5055146636962891
0.0001,506.0,1.8017757339477543,0.5054246678352355
0.0001,507.0,1.8017358264923098,0.505335238456726
0.0001,508.0,1.801696157455444,0.5052463126182556
0.0001,509.0,1.8016567525863654,0.5051579279899597
0.0001,510.0,1.8016176071166994,0.5050701079368591
0.0001,511.0,1.8015787372589116,0.504982807636261
0.0001,512.0,1.8015400934219363,0.5048960032463073
0.0001,513.0,1.8015017280578614,0.5048097658157349
0.0001,514.0,1.801463592529297,0.5047240200042724
0.0001,515.0,1.801425711631775,0.5046387829780578
0.0001,516.0,1.8013880748748767,0.5045540747642516
0.0001,517.0,1.8013506736755367,0.5044698553085327
0.0001,518.0,1.801313548088074,0.5043861379623413
0.0001,519.0,1.801276630401611,0.5043029356002807
0.0001,520.0,1.8012399559020993,0.5042202310562134
0.0001,521.0,1.8012035236358641,0.5041380062103272
0.0001,522.0,1.8011673183441161,0.5040562705993652
0.0001,523.0,1.8011313667297368,0.503975019454956
0.0001,524.0,1.8010956077575677,0.5038942403793335
0.0001,525.0,1.8010601205825807,0.503813941001892
0.0001,526.0,1.8010248413085939,0.5037341265678406
0.0001,527.0,1.8009898099899289,0.5036547751426697
0.0001,528.0,1.8009549522399901,0.5035758790969849
0.0001,529.0,1.8009203815460204,0.5034974684715271
0.0001,530.0,1.8008859996795656,0.5034195051193238
0.0001,531.0,1.8008518304824837,0.5033420286178589
0.0001,532.0,1.8008178768157954,0.5032649583816529
0.0001,533.0,1.8007841501235957,0.5031883125305175
0.0001,534.0,1.8007506170272827,0.5031121940612794
0.0001,535.0,1.8007173290252692,0.5030364599227906
0.0001,536.0,1.8006842403411858,0.5029611840248108
0.0001,537.0,1.8006513557434085,0.5028863563537598
0.0001,538.0,1.8006186866760256,0.5028119807243348
0.0001,539.0,1.800586203575134,0.5027379846572876
0.0001,540.0,1.8005539531707766,0.5026644620895386
0.0001,541.0,1.8005218839645385,0.5025913300514221
0.0001,542.0,1.8004900159835813,0.5025186409950256
0.0001,543.0,1.8004583740234377,0.5024463396072387
0.0001,544.0,1.8004269084930413,0.5023744769096374
0.0001,545.0,1.8003956441879272,0.5023030390739441
0.0001,546.0,1.8003645820617673,0.5022319993972778
0.0001,547.0,1.8003336992263792,0.5021613478660584
0.0001,548.0,1.8003030281066896,0.5020911121368408
0.0001,549.0,1.8002725353240963,0.5020212831497193
0.0001,550.0,1.8002422294616698,0.5019518580436707
0.0001,551.0,1.8002121267318718,0.5018828020095825
0.0001,552.0,1.8001822052001955,0.501814151287079
0.0001,553.0,1.8001524696350106,0.5017459211349488
0.0001,554.0,1.8001229114532473,0.5016780505180359
0.0001,555.0,1.8000935306549073,0.501610538482666
0.0001,556.0,1.8000643634796143,0.5015434412956237
0.0001,557.0,1.8000353460311889,0.5014767260551451
0.0001,558.0,1.8000065288543698,0.5014103789329528
0.0001,559.0,1.7999778652191167,0.5013444170951844
0.0001,560.0,1.7999494142532346,0.5012788019180299
0.0001,561.0,1.7999210996627808,0.5012135591506958
0.0001,562.0,1.7998929796218879,0.5011486849784851
0.0001,563.0,1.7998650321960457,0.501084192276001
0.0001,564.0,1.7998372459411627,0.5010200428962708
0.0001,565.0,1.7998096389770506,0.5009562225341797
0.0001,566.0,1.799782185554504,0.5008927965164185
0.0001,567.0,1.7997548999786377,0.5008297462463379
0.0001,568.0,1.7997278022766117,0.5007670221328735
0.0001,569.0,1.7997008819580078,0.5007046422958374
0.0001,570.0,1.799674085617065,0.5006426067352295
0.0001,571.0,1.799647462844849,0.5005809001922608
0.0001,572.0,1.799621005058289,0.5005195817947388
0.0001,573.0,1.7995947246551516,0.5004585390090942
0.0001,574.0,1.7995685777664183,0.5003978824615479
0.0001,575.0,1.7995426111221309,0.5003375391960144
0.0001,576.0,1.7995167961120606,0.5002775297164918
0.0001,577.0,1.7994911279678338,0.5002178683280945
0.0001,578.0,1.799465612411499,0.5001585259437561
0.0001,579.0,1.7994402561187746,0.5000994997024536
0.0001,580.0,1.7994150695800784,0.5000408105850219
0.0001,581.0,1.79939001750946,0.49998241853714
0.0001,582.0,1.7993651227951049,0.49992437267303474
0.0001,583.0,1.7993403749465937,0.49986662435531615
0.0001,584.0,1.7993157749176028,0.4998091907501221
0.0001,585.0,1.7992913341522219,0.4997520756721496
0.0001,586.0,1.7992670116424565,0.49969528293609616
0.0001,587.0,1.7992428541183476,0.49963878345489493
0.0001,588.0,1.7992188358306884,0.4995825843811035
0.0001,589.0,1.7991949672698977,0.49952670001983657
0.0001,590.0,1.7991712417602537,0.4994711289405824
0.0001,591.0,1.7991476554870605,0.49941583299636844
0.0001,592.0,1.7991241855621338,0.49936084890365606
0.0001,593.0,1.7991008863449094,0.4993061609268188
0.0001,594.0,1.799077725410461,0.4992517504692078
0.0001,595.0,1.7990546665191656,0.49919766902923585
0.0001,596.0,1.7990317916870118,0.49914384698867803
0.0001,597.0,1.7990090370178227,0.499090334892273
0.0001,598.0,1.7989864177703856,0.4990370674133301
0.0001,599.0,1.798963920593262,0.4989841303825378
0.0001,600.0,1.798941558837891,0.4989314589500427
0.0001,601.0,1.7989193172454838,0.4988790578842163
0.0001,602.0,1.7988972434997563,0.4988269500732421
0.0001,603.0,1.7988752727508546,0.4987751064300537
0.0001,604.0,1.798853433609009,0.4987235536575317
0.0001,605.0,1.7988317241668703,0.4986722669601441
0.0001,606.0,1.7988101272583006,0.49862123870849623
0.0001,607.0,1.7987887029647827,0.49857052087783815
0.0001,608.0,1.7987673788070682,0.4985200519561768
0.0001,609.0,1.7987461729049692,0.4984698486328125
0.0001,610.0,1.7987250843048097,0.4984198884963989
0.0001,611.0,1.798704135894775,0.4983702216148378
0.0001,612.0,1.7986832885742186,0.49832080125808725
0.0001,613.0,1.7986625843048094,0.4982716250419617
0.0001,614.0,1.7986419954299928,0.4982227349281311
0.0001,615.0,1.7986215209960936,0.49817409563064574
0.0001,616.0,1.7986011829376225,0.49812570905685427
0.0001,617.0,1.7985809259414678,0.49807757091522215
0.0001,618.0,1.7985608024597164,0.4980296678543091
0.0001,619.0,1.798540802955627,0.49798205518722544
0.0001,620.0,1.7985209407806397,0.49793466329574576
0.0001,621.0,1.7985011672973632,0.4978875226974487
0.0001,622.0,1.7984815196990966,0.49784063529968264
0.0001,623.0,1.7984619674682623,0.49779397821426385
0.0001,624.0,1.7984425563812256,0.4977475776672363
0.0001,625.0,1.7984232254028318,0.4977013926506043
0.0001,626.0,1.7984040298461914,0.49765545892715457
0.0001,627.0,1.7983849182128908,0.49760976028442383
0.0001,628.0,1.7983659410476687,0.4975643119812011
0.0001,629.0,1.7983470916748046,0.49751909208297734
0.0001,630.0,1.7983283138275137,0.49747409057617187
0.0001,631.0,1.7983096599578863,0.4974293069839477
0.0001,632.0,1.7982911186218258,0.4973848013877869
0.0001,633.0,1.7982726716995234,0.49734049367904665
0.0001,634.0,1.7982543306350705,0.4972964301109315
0.0001,635.0,1.7982360954284664,0.4972525892257691
0.0001,636.0,1.798217964172363,0.49720896339416504
0.0001,637.0,1.7981999416351317,0.497165551185608
0.0001,638.0,1.7981820220947269,0.497122374534607
0.0001,639.0,1.7981641960144044,0.4970793895721435
0.0001,640.0,1.7981464691162112,0.4970366888046264
0.0001,641.0,1.7981288385391236,0.49699416589736933
0.0001,642.0,1.7981113300323486,0.4969518594741822
0.0001,643.0,1.7980939321517946,0.4969097847938538
0.0001,644.0,1.7980765953063969,0.4968678965568542
0.0001,645.0,1.7980593614578255,0.4968262114524841
0.0001,646.0,1.7980422592163083,0.49678476667404164
0.0001,647.0,1.7980252342224121,0.49674350452423105
0.0001,648.0,1.7980082979202274,0.4967024750709534
0.0001,649.0,1.7979914722442627,0.4966616468429565
0.0001,650.0,1.797974724769592,0.49662102413177484
0.0001,651.0,1.7979580707550051,0.4965805807113648
0.0001,652.0,1.797941528320313,0.4965403814315797
0.0001,653.0,1.7979250831604003,0.4965003633499146
0.0001,654.0,1.7979087114334105,0.4964605264663697
0.0001,655.0,1.7978924264907834,0.49642091178894043
0.0001,656.0,1.7978762512207036,0.49638147783279424
0.0001,657.0,1.797860169410706,0.4963422689437866
0.0001,658.0,1.797844171524048,0.4963032350540161
0.0001,659.0,1.7978282508850096,0.49626441049575815
0.0001,660.0,1.7978124475479127,0.4962257986068726
0.0001,661.0,1.7977967023849484,0.49618731880187983
0.0001,662.0,1.7977810478210445,0.4961490716934205
0.0001,663.0,1.7977655086517337,0.496111011505127
0.0001,664.0,1.7977500438690182,0.4960731477737427
0.0001,665.0,1.7977346496582032,0.4960354518890381
0.0001,666.0,1.7977193508148204,0.49599793291091926
0.0001,667.0,1.7977041435241699,0.495960638999939
0.0001,668.0,1.7976890211105347,0.49592348194122315
0.0001,669.0,1.797673977851868,0.49588653612136846
0.0001,670.0,1.7976589870452881,0.49584976100921624
0.0001,671.0,1.7976441307067874,0.495813196182251
0.0001,672.0,1.7976293430328376,0.4957767610549927
0.0001,673.0,1.797614622116089,0.49574053621292125
0.0001,674.0,1.7976000022888188,0.4957044920921326
0.0001,675.0,1.7975854454040525,0.4956686201095581
0.0001,676.0,1.7975709772109982,0.49563291645050056
0.0001,677.0,1.7975565872192387,0.49559740591049184
0.0001,678.0,1.797542295455933,0.4955620560646057
0.0001,679.0,1.7975280494689942,0.4955268678665162
0.0001,680.0,1.7975139141082759,0.4954918375015259
0.0001,681.0,1.7974998378753666,0.49545702171325684
0.0001,682.0,1.7974858283996575,0.4954223351478577
0.0001,683.0,1.7974719228744511,0.4953878145217896
0.0001,684.0,1.7974580774307254,0.4953535151481629
0.0001,685.0,1.797444314002991,0.4953193364143372
0.0001,686.0,1.7974306211471558,0.49528536033630366
0.0001,687.0,1.7974170150756839,0.49525150394439704
0.0001,688.0,1.797403460502625,0.4952178339958191
0.0001,689.0,1.7973899774551387,0.49518430376052863
0.0001,690.0,1.797376609802246,0.4951509938240051
0.0001,691.0,1.7973632955551153,0.49511778354644764
0.0001,692.0,1.7973500490188594,0.49508477497100833
0.0001,693.0,1.7973368492126462,0.4950519104003906
0.0001,694.0,1.7973237648010256,0.49501919507980346
0.0001,695.0,1.7973107471466065,0.49498664188385005
0.0001,696.0,1.7972977838516246,0.4949542570114136
0.0001,697.0,1.7972848882675176,0.4949219975471496
0.0001,698.0,1.7972720699310296,0.4948899192810058
0.0001,699.0,1.7972593326568607,0.4948579912185669
0.0001,700.0,1.797246639251709,0.4948261880874633
0.0001,701.0,1.7972340335845949,0.49479457044601444
0.0001,702.0,1.797221487998962,0.49476308345794684
0.0001,703.0,1.797209034919739,0.4947317571640015
0.0001,704.0,1.797196622848511,0.4947005758285522
0.0001,705.0,1.7971842641830447,0.49466953277587894
0.0001,706.0,1.7971720180511475,0.4946386651992798
0.0001,707.0,1.7971598052978517,0.49460792970657347
0.0001,708.0,1.7971476573944096,0.4945773410797119
0.0001,709.0,1.797135575294495,0.49454686450958263
0.0001,710.0,1.7971235942840584,0.4945165753364562
0.0001,711.0,1.7971116552352913,0.4944864039421082
0.0001,712.0,1.7970997667312625,0.4944564051628113
0.0001,713.0,1.7970879478454589,0.4944265127182007
0.0001,714.0,1.7970761833190927,0.4943968000411988
0.0001,715.0,1.7970645151138303,0.4943671770095826
0.0001,716.0,1.797052883148194,0.4943376970291138
0.0001,717.0,1.7970413284301758,0.494308409690857
0.0001,718.0,1.7970298395156863,0.494279200553894
0.0001,719.0,1.7970183820724488,0.4942501683235169
0.0001,720.0,1.797007016181946,0.4942212743759156
0.0001,721.0,1.796995693206787,0.49419248247146613
0.0001,722.0,1.796984428405762,0.49416381072998056
0.0001,723.0,1.7969732513427734,0.49413533544540406
0.0001,724.0,1.7969621057510377,0.494106951713562
0.0001,725.0,1.7969510412216192,0.49407872390747065
0.0001,726.0,1.7969400014877315,0.49405062198638916
0.0001,727.0,1.7969290752410894,0.49402261734008784
0.0001,728.0,1.7969181632995608,0.49399477481842047
0.0001,729.0,1.796907329559327,0.493967050075531
0.0001,730.0,1.7968965291976924,0.49393947267532345
0.0001,731.0,1.7968858251571656,0.4939120135307312
0.0001,732.0,1.7968751449584959,0.49388466739654546
0.0001,733.0,1.7968645267486572,0.49385747003555297
0.0001,734.0,1.7968539905548089,0.4938303756713867
0.0001,735.0,1.7968434925079348,0.4938034219741821
0.0001,736.0,1.796833040237427,0.49377658557891846
0.0001,737.0,1.796822651863098,0.4937498583793641
0.0001,738.0,1.7968123168945311,0.4937232837677001
0.0001,739.0,1.7968020439147954,0.49369681119918823
0.0001,740.0,1.7967918243408203,0.49367048215866094
0.0001,741.0,1.796781658172607,0.49364423656463624
0.0001,742.0,1.7967715301513671,0.4936181292533875
0.0001,743.0,1.7967614583969114,0.49359215164184567
0.0001,744.0,1.7967514686584474,0.4935662965774536
0.0001,745.0,1.7967414932250976,0.4935405435562134
0.0001,746.0,1.7967316150665282,0.4935149183273316
0.0001,747.0,1.796721753120422,0.4934893894195557
0.0001,748.0,1.796711961746216,0.49346401882171637
0.0001,749.0,1.796702216148376,0.4934387087821961
0.0001,750.0,1.7966925249099732,0.49341355323791497
0.0001,751.0,1.7966828765869143,0.4933884892463684
0.0001,752.0,1.7966732730865478,0.49336355686187744
0.0001,753.0,1.7966637315750125,0.4933387517929077
0.0001,754.0,1.7966542348861696,0.49331404304504395
0.0001,755.0,1.7966447906494143,0.4932894325256348
0.0001,756.0,1.7966354150772097,0.4932649469375611
0.0001,757.0,1.7966260738372795,0.4932405467033386
0.0001,758.0,1.7966167469024663,0.49321630525588994
0.0001,759.0,1.796607515335083,0.4931921491622925
0.0001,760.0,1.7965983095169067,0.49316811037063607
0.0001,761.0,1.7965891876220703,0.49314417934417737
0.0001,762.0,1.7965800590515137,0.49312033414840706
0.0001,763.0,1.796571004867554,0.49309663105010987
0.0001,764.0,1.796562003135681,0.49307300853729247
0.0001,765.0,1.7965530424118041,0.49304946804046634
0.0001,766.0,1.7965441284179688,0.4930260601043701
0.0001,767.0,1.7965352592468262,0.4930027790069581
0.0001,768.0,1.7965264301300046,0.4929795751571655
0.0001,769.0,1.7965176582336424,0.4929564723968505
0.0001,770.0,1.7965089378356942,0.49293348026275635
0.0001,771.0,1.7965002613067624,0.49291058874130256
0.0001,772.0,1.7964915924072264,0.4928877892494201
0.0001,773.0,1.7964830226898196,0.4928650941848755
0.0001,774.0,1.7964744539260862,0.49284250926971435
0.0001,775.0,1.796465945243835,0.49282005643844606
0.0001,776.0,1.7964574966430655,0.4927976636886597
0.0001,777.0,1.796449073791504,0.49277538776397706
0.0001,778.0,1.7964407081604,0.4927532052993774
0.0001,779.0,1.796432373046875,0.4927311253547669
0.0001,780.0,1.796424081802368,0.49270913076400763
0.0001,781.0,1.7964158372879027,0.49268724060058594
0.0001,782.0,1.796407650947571,0.49266547393798826
0.0001,783.0,1.7963994808197021,0.4926437520980835
0.0001,784.0,1.796391376495361,0.49262216091156
0.0001,785.0,1.7963832921981815,0.49260066366195676
0.0001,786.0,1.7963752479553228,0.4925792365074158
0.0001,787.0,1.796367269515991,0.49255792045593266
0.0001,788.0,1.796359314918518,0.49253671789169307
0.0001,789.0,1.7963513984680177,0.49251555347442616
0.0001,790.0,1.7963435220718387,0.49249454021453853
0.0001,791.0,1.7963357038497925,0.4924735836982727
0.0001,792.0,1.796327922821045,0.49245274019241336
0.0001,793.0,1.7963201723098752,0.49243196153640745
0.0001,794.0,1.7963124513626099,0.49241130447387693
0.0001,795.0,1.7963047733306887,0.49239072275161755
0.0001,796.0,1.7962971315383907,0.4923702182769776
0.0001,797.0,1.7962895784378055,0.49234982109069836
0.0001,798.0,1.7962820072174077,0.49232950544357296
0.0001,799.0,1.7962744922637939,0.492309293270111
0.0001,800.0,1.7962670211791991,0.49228915977478027
0.0001,801.0,1.7962595815658569,0.4922690968513488
0.0001,802.0,1.7962521762847898,0.4922491450309753
0.0001,803.0,1.7962448387145993,0.49222929763793943
0.0001,804.0,1.7962375068664551,0.4922095069885254
0.0001,805.0,1.7962302217483523,0.4921897950172425
0.0001,806.0,1.7962229804992673,0.4921702003479005
0.0001,807.0,1.7962157497406008,0.49215066671371466
0.0001,808.0,1.7962085809707637,0.49213120889663703
0.0001,809.0,1.7962014551162726,0.49211185741424557
0.0001,810.0,1.7961943445205693,0.4920925569534302
0.0001,811.0,1.7961872720718386,0.4920733580589295
0.0001,812.0,1.7961802549362182,0.4920542731285096
0.0001,813.0,1.7961732473373413,0.49203527069091796
0.0001,814.0,1.7961662883758547,0.4920162916183472
0.0001,815.0,1.7961593704223644,0.4919974331855774
0.0001,816.0,1.7961524848937986,0.4919786348342896
0.0001,817.0,1.7961456260681148,0.49195993900299073
0.0001,818.0,1.7961388139724723,0.49194132089614867
0.0001,819.0,1.7961320400238039,0.4919227952957153
0.0001,820.0,1.7961252727508543,0.4919043149948121
0.0001,821.0,1.7961185617446893,0.49188594055175777
0.0001,822.0,1.7961118793487552,0.49186762475967405
0.0001,823.0,1.796105230331421,0.4918494286537171
0.0001,824.0,1.7960985975265498,0.4918312487602233
0.0001,825.0,1.7960920448303226,0.49181317758560184
0.0001,826.0,1.7960854759216307,0.49179519081115713
0.0001,827.0,1.796078954696655,0.49177729892730715
0.0001,828.0,1.7960724792480465,0.4917594366073608
0.0001,829.0,1.7960660324096687,0.49174166154861454
0.0001,830.0,1.7960596370697015,0.49172401285171513
0.0001,831.0,1.7960532321929936,0.4917063889503479
0.0001,832.0,1.7960468845367432,0.49168887042999265
0.0001,833.0,1.7960405855178836,0.49167140102386475
0.0001,834.0,1.7960342664718623,0.4916540079116821
0.0001,835.0,1.7960280227661132,0.49163668012619016
0.0001,836.0,1.7960217914581293,0.4916194434165955
0.0001,837.0,1.7960155982971195,0.49160228824615476
0.0001,838.0,1.7960094337463377,0.49158517360687254
0.0001,839.0,1.7960033149719237,0.4915681500434875
0.0001,840.0,1.7959972162246711,0.4915512018203736
0.0001,841.0,1.7959911298751832,0.4915343255996704
0.0001,842.0,1.7959850940704345,0.49151749897003183
0.0001,843.0,1.7959790916442877,0.49150076198577874
0.0001,844.0,1.7959731264114382,0.49148410892486577
0.0001,845.0,1.7959671535491935,0.4914675254821777
0.0001,846.0,1.7959612464904786,0.49145095729827887
0.0001,847.0,1.7959553451538088,0.4914344940185547
0.0001,848.0,1.7959494781494143,0.49141809988021856
0.0001,849.0,1.7959436597824103,0.4914017786979676
0.0001,850.0,1.795937838554382,0.49138554573059084
0.0001,851.0,1.79593208026886,0.4913693513870241
0.0001,852.0,1.7959263191223147,0.4913532457351684
0.0001,853.0,1.7959206104278564,0.49133717155456547
0.0001,854.0,1.7959149036407474,0.4913212223052978
0.0001,855.0,1.795909254074097,0.49130528688430786
0.0001,856.0,1.7959036321640012,0.49128946542739865
0.0001,857.0,1.7958980350494387,0.49127368831634516
0.0001,858.0,1.795892459869385,0.49125797080993655
0.0001,859.0,1.7958869075775146,0.4912423191070557
0.0001,860.0,1.7958813781738283,0.4912267169952393
0.0001,861.0,1.7958758869171143,0.4912111978530884
0.0001,862.0,1.7958704195022583,0.4911957359313965
0.0001,863.0,1.795864976882935,0.49118033552169793
0.0001,864.0,1.7958595781326292,0.4911650223731996
0.0001,865.0,1.7958541755676274,0.491149754524231
0.0001,866.0,1.7958488368988041,0.4911345396041871
0.0001,867.0,1.7958434753417962,0.49111941671371473
0.0001,868.0,1.7958381671905517,0.49110431194305426
0.0001,869.0,1.7958328990936274,0.49108931922912596
0.0001,870.0,1.795827648162841,0.49107435083389295
0.0001,871.0,1.7958224363327027,0.4910594606399536
0.0001,872.0,1.7958172206878662,0.4910446157455445
0.0001,873.0,1.7958120498657222,0.4910298795700073
0.0001,874.0,1.795806904792786,0.49101514148712155
0.0001,875.0,1.7958017797470092,0.4910005016326904
0.0001,876.0,1.7957966833114625,0.490985918045044
0.0001,877.0,1.7957915868759153,0.49097139501571657
0.0001,878.0,1.795786555290222,0.49095691490173343
0.0001,879.0,1.7957815141677858,0.4909425067901611
0.0001,880.0,1.7957765350341797,0.490928159236908
0.0001,881.0,1.795771561622619,0.4909138536453248
0.0001,882.0,1.7957665996551517,0.49089963436126716
0.0001,883.0,1.795761669158935,0.49088545942306516
0.0001,884.0,1.7957567882537842,0.4908713402748108
0.0001,885.0,1.7957518920898439,0.49085731029510504
0.0001,886.0,1.795747042655945,0.49084330368041995
0.0001,887.0,1.795742208480835,0.49082933759689323
0.0001,888.0,1.7957374038696294,0.49081547689437866
0.0001,889.0,1.7957326202392578,0.490801652431488
0.0001,890.0,1.795727863311768,0.49078786802291874
0.0001,891.0,1.7957231330871588,0.4907741456031799
0.0001,892.0,1.7957184190750115,0.49076048946380624
0.0001,893.0,1.7957137174606326,0.4907468824386597
0.0001,894.0,1.795709064483643,0.49073333644866945
0.0001,895.0,1.795704407691956,0.49071985912322996
0.0001,896.0,1.7956998052597044,0.490706386089325
0.0001,897.0,1.7956951751708992,0.4906930174827576
0.0001,898.0,1.7956906051635741,0.49067966270446783
0.0001,899.0,1.7956860466003417,0.4906663990020752
0.0001,900.0,1.7956815242767334,0.490653178691864
0.0001,901.0,1.7956770191192628,0.4906400103569031
0.0001,902.0,1.795672521591187,0.4906268796920777
0.0001,903.0,1.7956680612564084,0.49061383819580084
0.0001,904.0,1.79566361618042,0.4906008038520814
0.0001,905.0,1.7956591863632199,0.49058786916732783
0.0001,906.0,1.795654804229736,0.4905749254226684
0.0001,907.0,1.7956504020690922,0.4905620679855347
0.0001,908.0,1.7956460552215578,0.49054927349090577
0.0001,909.0,1.7956417255401609,0.49053651905059814
0.0001,910.0,1.7956373987197878,0.4905238394737244
0.0001,911.0,1.7956330862045287,0.49051117610931405
0.0001,912.0,1.795628806114197,0.4904985685348511
0.0001,913.0,1.7956245594024658,0.49048605298995973
0.0001,914.0,1.7956203308105472,0.490473557472229
0.0001,915.0,1.7956161422729497,0.4904611139297486
0.0001,916.0,1.7956119251251217,0.4904486780166626
0.0001,917.0,1.7956077556610113,0.49043633604049686
0.0001,918.0,1.795603602409363,0.4904240732192994
0.0001,919.0,1.7955994739532468,0.4904118041992188
0.0001,920.0,1.7955953712463377,0.49039958906173714
0.0001,921.0,1.7955912647247314,0.49038745212554935
0.0001,922.0,1.795587200164796,0.4903753762245179
0.0001,923.0,1.7955831604003907,0.49036329317092897
0.0001,924.0,1.7955790948867791,0.49035131311416624
0.0001,925.0,1.795575102806092,0.4903393430709839
0.0001,926.0,1.795571112632752,0.4903274245262146
0.0001,927.0,1.7955671501159667,0.4903155336380005
0.0001,928.0,1.7955631513595587,0.4903037204742431
0.0001,929.0,1.7955592403411864,0.4902919549942017
0.0001,930.0,1.7955553226470944,0.4902802438735962
0.0001,931.0,1.7955514116287228,0.4902685546875
0.0001,932.0,1.7955475349426269,0.49025692987442004
0.0001,933.0,1.7955436792373656,0.49024536323547363
0.0001,934.0,1.7955398292541498,0.49023380899429314
0.0001,935.0,1.7955360279083248,0.49022233152389527
0.0001,936.0,1.7955322132110603,0.4902108697891236
0.0001,937.0,1.795528420448303,0.4901994791030885
0.0001,938.0,1.7955246543884285,0.49018810129165646
0.0001,939.0,1.7955208797454831,0.4901768183708191
0.0001,940.0,1.7955171556472782,0.49016556358337404
0.0001,941.0,1.7955134372711177,0.49015430545806876
0.0001,942.0,1.7955097513198854,0.49014312028884893
0.0001,943.0,1.7955060777664182,0.490131992340088
0.0001,944.0,1.7955024032592775,0.49012091350555415
0.0001,945.0,1.7954987506866456,0.490109881401062
0.0001,946.0,1.7954951305389408,0.49009887313842776
0.0001,947.0,1.7954915256500248,0.4900879068374635
0.0001,948.0,1.7954879379272455,0.49007697010040285
0.0001,949.0,1.7954843511581424,0.4900661301612854
0.0001,950.0,1.7954807920455935,0.490055272102356
0.0001,951.0,1.7954772539138797,0.4900444955825805
0.0001,952.0,1.7954737377166752,0.49003374576568604
0.0001,953.0,1.7954702272415162,0.49002302503585815
0.0001,954.0,1.7954667110443114,0.4900123615264893
0.0001,955.0,1.795463251113892,0.49000172853469853
0.0001,956.0,1.7954597978591926,0.489991144657135
0.0001,957.0,1.7954563598632818,0.4899805917739868
0.0001,958.0,1.7954529266357417,0.48997011518478395
0.0001,959.0,1.7954495277404783,0.48995965194702146
0.0001,960.0,1.7954461336135865,0.4899492292404175
0.0001,961.0,1.7954427452087398,0.4899388451576233
0.0001,962.0,1.79543939781189,0.4899285187721253
0.0001,963.0,1.7954360561370848,0.48991822624206544
0.0001,964.0,1.795432712554931,0.4899079670906067
0.0001,965.0,1.7954294176101688,0.489897750377655
0.0001,966.0,1.7954261074066167,0.4898875780105591
0.0001,967.0,1.795422829627991,0.4898774251937866
0.0001,968.0,1.7954195623397833,0.4898673524856567
0.0001,969.0,1.7954163322448726,0.4898572897911072
0.0001,970.0,1.7954130697250366,0.4898472623825073
0.0001,971.0,1.7954098625183108,0.4898372979164123
0.0001,972.0,1.7954066667556763,0.48982734632492064
0.0001,973.0,1.795403466224671,0.4898174571990967
0.0001,974.0,1.7954002838134768,0.48980756139755255
0.0001,975.0,1.795397124290466,0.48979775094985967
0.0001,976.0,1.7953939914703374,0.4897879433631897
0.0001,977.0,1.7953908767700202,0.4897782092094422
0.0001,978.0,1.7953877592086798,0.48976847457885747
0.0001,979.0,1.7953846426010132,0.48975879383087156
0.0001,980.0,1.7953815460205076,0.4897491693496704
0.0001,981.0,1.7953784894943237,0.48973955345153813
0.0001,982.0,1.7953754291534425,0.48972998237609855
0.0001,983.0,1.7953724021911608,0.48972045421600335
0.0001,984.0,1.7953693695068362,0.48971096992492685
0.0001,985.0,1.7953663415908816,0.4897014884948731
0.0001,986.0,1.795363334655762,0.48969208431243894
0.0001,987.0,1.795360363960266,0.4896827116012573
0.0001,988.0,1.7953574037551892,0.4896733350753784
0.0001,989.0,1.7953544425964356,0.4896640105247498
0.0001,990.0,1.7953514919281013,0.4896547379493713
0.0001,991.0,1.795348580360413,0.48964548778533945
0.0001,992.0,1.7953456678390507,0.4896362876892091
0.0001,993.0,1.7953427782058715,0.48962711524963376
0.0001,994.0,1.7953398733139034,0.4896179852485657
0.0001,995.0,1.7953369951248173,0.48960888528823854
0.0001,996.0,1.7953341398239135,0.48959982013702397
0.0001,997.0,1.7953312835693362,0.48959078550338747
0.0001,998.0,1.7953284492492674,0.4895817718505859
0.0001,999.0,1.795325614929199,0.4895728139877319
0.0001,1000.0,1.7953228178024294,0.4895638852119446
0.0001,1001.0,1.7953200283050537,0.4895549788475036
0.0001,1002.0,1.7953172340393062,0.48954614353179937
0.0001,1003.0,1.7953144721984864,0.48953731441497805
0.0001,1004.0,1.795311714172363,0.48952850151062005
0.0001,1005.0,1.795308988571167,0.48951975536346437
0.0001,1006.0,1.795306266784668,0.48951103162765497
0.0001,1007.0,1.795303533554077,0.4895023417472839
0.0001,1008.0,1.7953008289337165,0.48949365997314453
0.0001,1009.0,1.7952981472015381,0.48948502302169805
0.0001,1010.0,1.7952954711914062,0.48947644901275633
0.0001,1011.0,1.795292793273926,0.48946790981292726
0.0001,1012.0,1.7952901401519772,0.4894593381881714
0.0001,1013.0,1.7952874917984,0.4894508438110352
0.0001,1014.0,1.7952848453521726,0.48944239854812616
0.0001,1015.0,1.795282247543334,0.4894339461326599
0.0001,1016.0,1.7952796478271484,0.4894255332946778
0.0001,1017.0,1.7952770767211916,0.4894171543121338
0.0001,1018.0,1.795274480819702,0.48940882396698004
0.0001,1019.0,1.7952719192504887,0.4894005079269409
0.0001,1020.0,1.7952693367004395,0.4893922266960144
0.0001,1021.0,1.7952667903900152,0.4893839941024781
0.0001,1022.0,1.7952642784118653,0.4893757863044739
0.0001,1023.0,1.7952617816925052,0.4893676118850708
0.0001,1024.0,1.7952592525482178,0.48935945272445686
0.0001,1025.0,1.7952567434310915,0.48935132074356086
0.0001,1026.0,1.7952542476654056,0.4893432126045227
0.0001,1027.0,1.7952517681121825,0.48933515024185187
0.0001,1028.0,1.795249326705932,0.4893271136283874
0.0001,1029.0,1.795246892929077,0.48931912755966184
0.0001,1030.0,1.795244416236877,0.48931114578247065
0.0001,1031.0,1.7952419967651365,0.4893031907081604
0.0001,1032.0,1.7952396030426028,0.48929528188705446
0.0001,1033.0,1.7952371959686282,0.4892874102592468
0.0001,1034.0,1.7952347717285153,0.4892795424461365
0.0001,1035.0,1.7952323904037475,0.4892717137336731
0.0001,1036.0,1.7952300205230718,0.48926392078399655
0.0001,1037.0,1.7952276554107665,0.48925618028640755
0.0001,1038.0,1.795225303649902,0.4892484140396118
0.0001,1039.0,1.7952229843139649,0.4892407178878785
0.0001,1040.0,1.7952206707000729,0.48923302698135385
0.0001,1041.0,1.7952183170318603,0.48922538948059086
0.0001,1042.0,1.7952160034179683,0.4892177529335022
0.0001,1043.0,1.7952137451171875,0.48921017932891847
0.0001,1044.0,1.7952114133834838,0.48920260143280025
0.0001,1045.0,1.7952091703414919,0.4891950726509094
0.0001,1046.0,1.7952069063186642,0.4891875448226929
0.0001,1047.0,1.7952046232223515,0.48918007898330684
0.0001,1048.0,1.7952024078369144,0.48917262697219854
0.0001,1049.0,1.7952001609802246,0.48916520786285395
0.0001,1050.0,1.7951979408264156,0.4891577868461609
0.0001,1051.0,1.7951957244873045,0.48915040493011486
0.0001,1052.0,1.7951935186386103,0.48914307451248173
0.0001,1053.0,1.7951913185119628,0.4891357407569885
0.0001,1054.0,1.795189151763916,0.48912843942642203
0.0001,1055.0,1.7951869640350342,0.489121178150177
0.0001,1056.0,1.7951848182678218,0.4891139512062072
0.0001,1057.0,1.795182647705078,0.48910672712326037
0.0001,1058.0,1.7951805162429808,0.4890995345115662
0.0001,1059.0,1.7951783599853517,0.4890923938751221
0.0001,1060.0,1.7951762638092048,0.48908525323867796
0.0001,1061.0,1.7951741447448726,0.4890781555175781
0.0001,1062.0,1.795172033309937,0.4890710663795471
0.0001,1063.0,1.795169931411743,0.4890639934539795
0.0001,1064.0,1.7951678514480585,0.4890569901466369
0.0001,1065.0,1.795165789604187,0.4890499601364136
0.0001,1066.0,1.7951637001037597,0.4890430002212525
0.0001,1067.0,1.7951616659164429,0.48903604221344
0.0001,1068.0,1.795159605979919,0.4890290994644165
0.0001,1069.0,1.79515758228302,0.4890222058296204
0.0001,1070.0,1.7951555461883542,0.48901532459259034
0.0001,1071.0,1.7951535339355467,0.48900847721099866
0.0001,1072.0,1.795151514053345,0.48900164175033567
0.0001,1073.0,1.7951494941711423,0.4889948496818542
0.0001,1074.0,1.7951475238800048,0.48898807287216184
0.0001,1075.0,1.7951455249786377,0.48898132610321043
0.0001,1076.0,1.795143589019775,0.48897460031509393
0.0001,1077.0,1.7951416006088257,0.48896789121627815
0.0001,1078.0,1.7951396608352665,0.4889612364768981
0.0001,1079.0,1.7951377096176147,0.4889545741081238
0.0001,1080.0,1.7951357536315926,0.4889479341506958
0.0001,1081.0,1.7951338376998898,0.4889413390159607
0.0001,1082.0,1.7951319046020509,0.4889347710609436
0.0001,1083.0,1.7951300153732297,0.4889282007217407
0.0001,1084.0,1.7951280975341797,0.48892164659500126
0.0001,1085.0,1.795126203536988,0.48891513681411747
0.0001,1086.0,1.7951243362426754,0.4889086756706237
0.0001,1087.0,1.795122443199158,0.48890219497680665
0.0001,1088.0,1.7951205921173095,0.48889575767517096
0.0001,1089.0,1.7951187229156496,0.48888935661315924
0.0001,1090.0,1.7951168518066407,0.4888829545974731
0.0001,1091.0,1.795115018844605,0.48887658166885384
0.0001,1092.0,1.7951131963729863,0.4888702344894409
0.0001,1093.0,1.7951113452911374,0.48886392211914065
0.0001,1094.0,1.7951095495223997,0.48885763263702386
0.0001,1095.0,1.7951077499389647,0.48885134744644165
0.0001,1096.0,1.7951059112548826,0.4888450832366943
0.0001,1097.0,1.7951041545867918,0.4888388566970825
0.0001,1098.0,1.7951023597717293,0.48883265161514283
0.0001,1099.0,1.7951005945205691,0.48882644367218014
0.0001,1100.0,1.7950988178253173,0.4888202862739563
0.0001,1101.0,1.7950970592498778,0.4888141407966614
0.0001,1102.0,1.795095324516296,0.4888080320358276
0.0001,1103.0,1.7950935459136972,0.4888019275665283
0.0001,1104.0,1.7950918216705325,0.48879583835601803
0.0001,1105.0,1.795090095520019,0.4887897810935975
0.0001,1106.0,1.7950883769989017,0.48878374624252313
0.0001,1107.0,1.7950866537094115,0.48877774715423583
0.0001,1108.0,1.7950849628448489,0.48877175664901734
0.0001,1109.0,1.795083258628845,0.4887657918930054
0.0001,1110.0,1.7950815620422358,0.48875984811782835
0.0001,1111.0,1.7950798912048338,0.4887539491653443
0.0001,1112.0,1.7950782127380371,0.4887480278015137
0.0001,1113.0,1.7950765485763547,0.4887421412467957
0.0001,1114.0,1.7950748872756956,0.4887362947463989
0.0001,1115.0,1.7950732536315916,0.48873044967651363
0.0001,1116.0,1.7950715780258175,0.48872462797164923
0.0001,1117.0,1.795069933891296,0.4887188277244568
0.0001,1118.0,1.7950683040618898,0.48871305751800537
0.0001,1119.0,1.7950666999816893,0.4887072796821595
0.0001,1120.0,1.7950650959014895,0.4887015419006348
0.0001,1121.0,1.7950634813308715,0.488695825099945
0.0001,1122.0,1.7950618934631346,0.4886901321411133
0.0001,1123.0,1.7950602684020993,0.48868445491790774
0.0001,1124.0,1.7950587043762207,0.4886787676811219
0.0001,1125.0,1.7950571069717411,0.48867315196990974
0.0001,1126.0,1.795055546760559,0.48866754245758054
0.0001,1127.0,1.7950539855957035,0.4886619501113892
0.0001,1128.0,1.795052422523499,0.4886563892364503
0.0001,1129.0,1.7950508689880378,0.48865082263946535
0.0001,1130.0,1.795049336433411,0.48864529561996456
0.0001,1131.0,1.795047779083252,0.4886397767066956
0.0001,1132.0,1.795046270370484,0.4886342935562133
0.0001,1133.0,1.79504473400116,0.4886288251876831
0.0001,1134.0,1.7950432205200204,0.4886233444213867
0.0001,1135.0,1.7950417079925542,0.48861791896820067
0.0001,1136.0,1.795040203094482,0.4886124925613404
0.0001,1137.0,1.7950387172698976,0.4886070737838745
0.0001,1138.0,1.7950372304916382,0.4886017065048217
0.0001,1139.0,1.7950357456207278,0.48859633874893194
0.0001,1140.0,1.7950342597961422,0.48859099817276
0.0001,1141.0,1.7950327987670893,0.48858568906784056
0.0001,1142.0,1.7950313329696654,0.4885803771018982
0.0001,1143.0,1.7950298757553103,0.48857507324218746
0.0001,1144.0,1.7950284233093265,0.4885698223114014
0.0001,1145.0,1.7950269947052,0.48856458139419556
0.0001,1146.0,1.7950255441665646,0.48855933380126954
0.0001,1147.0,1.7950241203308095,0.4885541262626648
0.0001,1148.0,1.795022691726685,0.4885489497184754
0.0001,1149.0,1.795021284103394,0.48854377651214603
0.0001,1150.0,1.7950198450088506,0.48853859853744513
0.0001,1151.0,1.7950184612274172,0.48853347730636604
0.0001,1152.0,1.795017066955566,0.48852837085723877
0.0001,1153.0,1.7950156831741335,0.48852323341369625
0.0001,1154.0,1.7950142927169799,0.4885181384086608
0.0001,1155.0,1.7950129032135005,0.48851309871673587
0.0001,1156.0,1.7950115346908573,0.4885080213546753
0.0001,1157.0,1.7950101604461681,0.4885030183792114
0.0001,1158.0,1.7950087871551508,0.48849798536300665
0.0001,1159.0,1.7950074625015262,0.488492980480194
0.0001,1160.0,1.7950060968399044,0.4884880018234253
0.0001,1161.0,1.7950047416687014,0.4884830689430236
0.0001,1162.0,1.7950034189224242,0.4884780807495116
0.0001,1163.0,1.7950020885467528,0.48847315502166744
0.0001,1164.0,1.7950007600784301,0.48846824502944935
0.0001,1165.0,1.7949994306564327,0.488463366985321
0.0001,1166.0,1.7949981069564818,0.48845849227905275
0.0001,1167.0,1.794996799468994,0.48845362377166746
0.0001,1168.0,1.7949954986572265,0.48844877386093144
0.0001,1169.0,1.794994243621826,0.488443955898285
0.0001,1170.0,1.7949929265975952,0.4884391298294068
0.0001,1171.0,1.7949916572570799,0.48843435764312737
0.0001,1172.0,1.7949903669357299,0.48842957496643075
0.0001,1173.0,1.7949891014099124,0.48842480278015143
0.0001,1174.0,1.7949878149032596,0.48842005443573
0.0001,1175.0,1.7949865579605109,0.4884153280258179
0.0001,1176.0,1.7949853000640867,0.48841062211990366
0.0001,1177.0,1.794984053611756,0.48840592098236085
0.0001,1178.0,1.7949828128814695,0.48840125703811643
0.0001,1179.0,1.7949815902709962,0.4883965950012207
0.0001,1180.0,1.7949803457260136,0.48839195823669435
0.0001,1181.0,1.7949791049957275,0.4883873229026795
0.0001,1182.0,1.7949778814315804,0.48838269996643063
0.0001,1183.0,1.7949766464233399,0.4883781170845031
0.0001,1184.0,1.7949754590988163,0.4883735208511353
0.0001,1185.0,1.7949742612838744,0.4883689594268799
0.0001,1186.0,1.7949730453491217,0.48836443948745734
0.0001,1187.0,1.7949718542098994,0.48835991001129153
0.0001,1188.0,1.7949706249237056,0.4883553891181946
0.0001,1189.0,1.7949694576263417,0.488350878238678
0.0001,1190.0,1.794968289375305,0.48834639930725104
0.0001,1191.0,1.794967121124267,0.4883419308662414
0.0001,1192.0,1.794965945243835,0.48833745765686043
0.0001,1193.0,1.7949647560119626,0.4883330402374268
0.0001,1194.0,1.7949636087417602,0.48832861948013306
0.0001,1195.0,1.794962459564209,0.4883242106437683
0.0001,1196.0,1.794961315155029,0.4883198013305663
0.0001,1197.0,1.7949601726531983,0.488315438747406
0.0001,1198.0,1.7949590234756474,0.48831107902526866
0.0001,1199.0,1.794957921981812,0.48830673742294306
0.0001,1200.0,1.7949567871093743,0.4883024053573608
0.0001,1201.0,1.7949556245803835,0.48829807090759275
0.0001,1202.0,1.7949545078277584,0.4882937817573547
0.0001,1203.0,1.7949534206390374,0.48828947591781613
0.0001,1204.0,1.7949523086547856,0.4882852158546449
0.0001,1205.0,1.7949511966705332,0.48828095197677607
0.0001,1206.0,1.7949500827789298,0.48827672672271727
0.0001,1207.0,1.7949490089416509,0.48827250289916996
0.0001,1208.0,1.7949479045867918,0.4882682623863219
0.0001,1209.0,1.7949468040466303,0.4882640585899353
0.0001,1210.0,1.7949457502365116,0.48825987720489505
0.0001,1211.0,1.7949446811676022,0.48825571346282964
0.0001,1212.0,1.7949435930252076,0.4882515316009521
0.0001,1213.0,1.794942518234253,0.4882473955154419
0.0001,1214.0,1.7949414730072022,0.48824327230453496
0.0001,1215.0,1.7949404182434077,0.48823916387557975
0.0001,1216.0,1.794939329147339,0.4882350811958312
0.0001,1217.0,1.7949383049011225,0.48823099231719974
0.0001,1218.0,1.7949372701644897,0.48822692012786867
0.0001,1219.0,1.7949361972808835,0.48822285842895513
0.0001,1220.0,1.794935201644898,0.4882188119888306
0.0001,1221.0,1.7949341716766354,0.48821477460861207
0.0001,1222.0,1.794933115005493,0.48821075344085696
0.0001,1223.0,1.7949321193695074,0.48820674991607665
0.0001,1224.0,1.794931107521057,0.4882027621269226
0.0001,1225.0,1.7949300746917722,0.4881987810134888
0.0001,1226.0,1.7949290962219238,0.4881947956085205
0.0001,1227.0,1.7949280939102175,0.4881908593177795
0.0001,1228.0,1.7949270839691163,0.4881869196891785
0.0001,1229.0,1.7949261131286613,0.4881829895973206
0.0001,1230.0,1.794925086975097,0.4881790766716003
0.0001,1231.0,1.7949241065979002,0.4881751861572265
0.0001,1232.0,1.7949231529235843,0.48817128705978396
0.0001,1233.0,1.7949221391677856,0.48816743946075447
0.0001,1234.0,1.7949212017059322,0.48816357612609873
0.0001,1235.0,1.7949202022552488,0.4881597385406494
0.0001,1236.0,1.794919236183167,0.4881559267044068
0.0001,1237.0,1.794918303489685,0.488152081489563
0.0001,1238.0,1.7949173078536986,0.4881482596397399
0.0001,1239.0,1.7949164066314696,0.48814446544647216
0.0001,1240.0,1.7949154338836673,0.48814068698883056
0.0001,1241.0,1.794914487838745,0.48813692760467536
0.0001,1242.0,1.794913590431213,0.4881331744194031
0.0001,1243.0,1.794912588119506,0.4881294703483582
0.0001,1244.0,1.7949117097854617,0.4881257233619691
0.0001,1245.0,1.7949107398986817,0.48812199878692625
0.0001,1246.0,1.7949098434448243,0.4881182732582092
0.0001,1247.0,1.7949089126586915,0.4881146097183228
0.0001,1248.0,1.794907998085022,0.48811091995239264
0.0001,1249.0,1.7949071140289303,0.4881072635650634
0.0001,1250.0,1.7949061775207524,0.48810361862182616
0.0001,1251.0,1.794905287742615,0.4880999784469605
0.0001,1252.0,1.7949043645858769,0.48809634494781495
0.0001,1253.0,1.7949034986495969,0.4880927019119263
0.0001,1254.0,1.7949025831222531,0.48808911561965934
0.0001,1255.0,1.794901717185974,0.488085554599762
0.0001,1256.0,1.7949007978439337,0.4880819673538208
0.0001,1257.0,1.794899965286255,0.4880784025192261
0.0001,1258.0,1.7948990383148196,0.48807485532760614
0.0001,1259.0,1.7948982114791872,0.4880713109970093
0.0001,1260.0,1.7948973064422609,0.48806778335571294
0.0001,1261.0,1.794896494865417,0.48806425380706786
0.0001,1262.0,1.7948955812454224,0.48806075763702395
0.0001,1263.0,1.7948947582244876,0.48805726480484013
0.0001,1264.0,1.7948938694000245,0.48805376338958734
0.0001,1265.0,1.7948930702209476,0.4880502767562867
0.0001,1266.0,1.7948921766281127,0.48804683542251587
0.0001,1267.0,1.7948913764953616,0.48804338502883904
0.0001,1268.0,1.7948904867172244,0.48803994131088263
0.0001,1269.0,1.794889694213868,0.4880365381240845
0.0001,1270.0,1.7948888320922851,0.48803311920166015
0.0001,1271.0,1.7948880386352537,0.488029730796814
0.0001,1272.0,1.7948871870040894,0.48802632999420165
0.0001,1273.0,1.7948864049911493,0.48802295970916754
0.0001,1274.0,1.794885572433472,0.48801956176757816
0.0001,1275.0,1.7948847665786745,0.48801622056961064
0.0001,1276.0,1.794883956909179,0.48801287555694584
0.0001,1277.0,1.7948831300735477,0.4880095357894898
0.0001,1278.0,1.7948823528289797,0.4880062074661255
0.0001,1279.0,1.7948815002441407,0.48800291156768805
0.0001,1280.0,1.794880759239197,0.487999587059021
0.0001,1281.0,1.7948799390792842,0.4879962854385377
0.0001,1282.0,1.7948791818618772,0.48799299621582026
0.0001,1283.0,1.794878377914429,0.48798974847793575
0.0001,1284.0,1.7948775959014889,0.487986481666565
0.0001,1285.0,1.7948768291473387,0.4879832162857055
0.0001,1286.0,1.794876006126404,0.4879799966812135
0.0001,1287.0,1.7948752918243407,0.4879767618179321
0.0001,1288.0,1.7948744974136357,0.4879735307693482
0.0001,1289.0,1.7948737621307378,0.4879703469276429
0.0001,1290.0,1.7948729858398438,0.4879671387672425
0.0001,1291.0,1.7948721876144416,0.4879639449119568
0.0001,1292.0,1.7948714857101447,0.4879607753753662
0.0001,1293.0,1.7948707046508785,0.4879576101303101
0.0001,1294.0,1.7948699588775638,0.48795444011688244
0.0001,1295.0,1.7948692169189455,0.4879513034820557
0.0001,1296.0,1.7948684377670296,0.4879481658935547
0.0001,1297.0,1.794867756843567,0.48794505023956297
0.0001,1298.0,1.7948670015335082,0.4879419431686402
0.0001,1299.0,1.794866241455078,0.4879388432502747
0.0001,1300.0,1.7948655376434328,0.48793573856353756
0.0001,1301.0,1.7948647918701175,0.48793267488479614
0.0001,1302.0,1.7948640527725217,0.48792955923080444
0.0001,1303.0,1.7948633785247798,0.4879265418052673
0.0001,1304.0,1.7948626394271852,0.4879234766960145
0.0001,1305.0,1.794861937522888,0.48792042779922484
0.0001,1306.0,1.7948612194061273,0.48791740369796766
0.0001,1307.0,1.7948604850769034,0.48791438484191896
0.0001,1308.0,1.7948598489761352,0.48791134166717526
0.0001,1309.0,1.7948591079711915,0.4879083743095398
0.0001,1310.0,1.7948583889007563,0.487905369758606
0.0001,1311.0,1.794857730865478,0.4879023942947388
0.0001,1312.0,1.7948570194244386,0.4878994069099427
0.0001,1313.0,1.7948563117980956,0.4878964385986328
0.0001,1314.0,1.7948556375503535,0.48789348459243775
0.0001,1315.0,1.7948549690246582,0.4878905491828919
0.0001,1316.0,1.794854249954224,0.48788762569427485
0.0001,1317.0,1.7948535594940185,0.48788466548919673
0.0001,1318.0,1.7948529443740844,0.48788176441192627
0.0001,1319.0,1.794852243423462,0.4878788423538208
0.0001,1320.0,1.794851552009583,0.4878759660720825
0.0001,1321.0,1.7948509483337403,0.4878731083869934
0.0001,1322.0,1.7948502597808835,0.4878702077865601
0.0001,1323.0,1.7948495750427247,0.48786733675003063
0.0001,1324.0,1.7948489313125608,0.4878644914627075
0.0001,1325.0,1.7948482837677002,0.4878616509437562
0.0001,1326.0,1.7948476219177247,0.48785881090164185
0.0001,1327.0,1.794846950531006,0.48785596752166743
0.0001,1328.0,1.7948463459014896,0.48785316181182864
0.0001,1329.0,1.794845715522766,0.4878503475189209
0.0001,1330.0,1.7948450317382811,0.48784754991531376
0.0001,1331.0,1.7948443679809574,0.48784475278854367
0.0001,1332.0,1.7948437824249266,0.4878419451713562
0.0001,1333.0,1.7948431549072263,0.4878391876220703
0.0001,1334.0,1.794842498779297,0.48783642578125
0.0001,1335.0,1.7948418388366705,0.48783365106582643
0.0001,1336.0,1.7948412609100342,0.48783093833923347
0.0001,1337.0,1.7948406534194945,0.4878281922340393
0.0001,1338.0,1.794839989662171,0.4878254637718201
0.0001,1339.0,1.7948393440246584,0.48782275485992427
0.0001,1340.0,1.7948387851715086,0.48782003450393674
0.0001,1341.0,1.7948381795883181,0.48781734943389893
0.0001,1342.0,1.794837553024292,0.487814642906189
0.0001,1343.0,1.7948369235992432,0.48781196165084845
0.0001,1344.0,1.7948363380432124,0.4878092851638794
0.0001,1345.0,1.7948357486724853,0.48780663728713985
0.0001,1346.0,1.7948351373672489,0.4878039550781251
0.0001,1347.0,1.7948345203399663,0.4878013010025025
0.0001,1348.0,1.7948339033126832,0.4877986674308778
0.0001,1349.0,1.7948333587646488,0.48779602861404425
0.0001,1350.0,1.7948327636718753,0.4877934203147889
0.0001,1351.0,1.7948321933746336,0.4877907762527466
0.0001,1352.0,1.794831573486328,0.4877881841659546
0.0001,1353.0,1.794830995559692,0.4877855920791626
0.0001,1354.0,1.794830451011657,0.487783013343811
0.0001,1355.0,1.79482986831665,0.48778042221069345
0.0001,1356.0,1.7948292932510375,0.48777786588668826
0.0001,1357.0,1.7948287000656131,0.4877752847671508
0.0001,1358.0,1.7948281097412113,0.4877727365493774
0.0001,1359.0,1.794827556610107,0.4877701864242553
0.0001,1360.0,1.7948270282745369,0.4877676343917847
0.0001,1361.0,1.7948264627456665,0.48776510286331176
0.0001,1362.0,1.794825899124145,0.48776259231567387
0.0001,1363.0,1.7948253288269045,0.4877600803375244
0.0001,1364.0,1.7948247518539424,0.4877575573921203
0.0001,1365.0,1.7948242149353026,0.48775506067276
0.0001,1366.0,1.7948236980438232,0.48775255632400516
0.0001,1367.0,1.7948231353759765,0.4877500863075257
0.0001,1368.0,1.7948225917816163,0.4877476034164429
0.0001,1369.0,1.7948220367431638,0.4877451314926148
0.0001,1370.0,1.7948214826583864,0.4877426710128784
0.0001,1371.0,1.7948209447860715,0.4877402029037476
0.0001,1372.0,1.7948204317092897,0.487737774848938
0.0001,1373.0,1.7948199005126946,0.4877353262901306
0.0001,1374.0,1.7948193874359128,0.4877328948974609
0.0001,1375.0,1.7948188447952274,0.4877304577827454
0.0001,1376.0,1.7948183097839354,0.4877280621528625
0.0001,1377.0,1.794817766189575,0.4877256445884705
0.0001,1378.0,1.7948172340393074,0.48772323751449587
0.0001,1379.0,1.7948167076110844,0.4877208614349365
0.0001,1380.0,1.7948162345886232,0.48771848344802865
0.0001,1381.0,1.7948157234191895,0.48771608161926266
0.0001,1382.0,1.794815214157105,0.4877137050628663
0.0001,1383.0,1.794814684867859,0.48771136951446525
0.0001,1384.0,1.7948141708374026,0.48770899724960337
0.0001,1385.0,1.7948136425018306,0.4877066555023194
0.0001,1386.0,1.794813133239746,0.4877043123245239
0.0001,1387.0,1.7948126373291016,0.4877019910812378
0.0001,1388.0,1.794812145233155,0.48769966173172
0.0001,1389.0,1.794811658859253,0.48769734096527106
0.0001,1390.0,1.7948111572265626,0.4876950345039367
0.0001,1391.0,1.794810668945312,0.48769271230697636
0.0001,1392.0,1.7948101863861083,0.48769042062759405
0.0001,1393.0,1.7948096942901608,0.48768815183639536
0.0001,1394.0,1.7948091897964478,0.48768588352203374
0.0001,1395.0,1.7948086900711064,0.4876835856437683
0.0001,1396.0,1.7948082132339485,0.4876813402175904
0.0001,1397.0,1.7948077106475828,0.4876790766716004
0.0001,1398.0,1.7948072347640986,0.4876768255233765
0.0001,1399.0,1.7948067655563358,0.48767459964752197
0.0001,1400.0,1.79480628490448,0.4876723303794861
0.0001,1401.0,1.794805801391602,0.4876701097488403
0.0001,1402.0,1.794805331230164,0.4876678714752197
0.0001,1403.0,1.7948048887252808,0.4876656985282899
0.0001,1404.0,1.7948044223785409,0.4876634826660156
0.0001,1405.0,1.794803970336914,0.48766130161285404
0.0001,1406.0,1.7948034992218023,0.4876591114997864
0.0001,1407.0,1.7948030538558963,0.48765690517425536
0.0001,1408.0,1.7948025817871092,0.4876547265052796
0.0001,1409.0,1.7948021163940433,0.4876525688171387
0.0001,1410.0,1.794801666259766,0.48765039634704593
0.0001,1411.0,1.7948012037277228,0.4876482152938843
0.0001,1412.0,1.7948007564544681,0.487646092414856
0.0001,1413.0,1.794800293922424,0.4876439466476441
0.0001,1414.0,1.7947998352050782,0.4876417956352233
0.0001,1415.0,1.7947993917465206,0.4876396551132202
0.0001,1416.0,1.7947989406585694,0.4876375312805176
0.0001,1417.0,1.7947984943389885,0.48763541316986087
0.0001,1418.0,1.7947980413436895,0.4876333055496216
0.0001,1419.0,1.794797609329223,0.4876311936378479
0.0001,1420.0,1.7947971763610844,0.4876291017532348
0.0001,1421.0,1.7947967376708982,0.48762701654434204
0.0001,1422.0,1.7947963171005252,0.4876249303817749
0.0001,1423.0,1.7947958803176884,0.487622829914093
0.0001,1424.0,1.7947954406738282,0.4876207714080811
0.0001,1425.0,1.794795003890991,0.4876186971664429
0.0001,1426.0,1.7947945785522463,0.48761664962768553
0.0001,1427.0,1.7947941846847528,0.4876145844459534
0.0001,1428.0,1.7947937393188478,0.4876125402450562
0.0001,1429.0,1.7947933101654059,0.4876105051040649
0.0001,1430.0,1.794792909622192,0.48760847568511956
0.0001,1431.0,1.7947924804687498,0.48760642147064204
0.0001,1432.0,1.794792060852051,0.48760440158844
0.0001,1433.0,1.7947916593551636,0.48760239696502683
0.0001,1434.0,1.7947912445068366,0.4876003980636597
0.0001,1435.0,1.794790845870972,0.48759837484359736
0.0001,1436.0,1.7947904243469235,0.4875963878631592
0.0001,1437.0,1.7947900161743164,0.48759440422058103
0.0001,1438.0,1.7947896108627321,0.4875924043655395
0.0001,1439.0,1.794789220809937,0.4875904307365418
0.0001,1440.0,1.794788805007934,0.4875884709358216
0.0001,1441.0,1.7947884225845336,0.4875865077972413
0.0001,1442.0,1.7947880201339723,0.4875845470428467
0.0001,1443.0,1.7947876386642463,0.4875825834274292
0.0001,1444.0,1.7947872238159186,0.4875806398391724
0.0001,1445.0,1.794786842346192,0.4875787076950073
0.0001,1446.0,1.794786461830139,0.48757679557800293
0.0001,1447.0,1.7947860336303711,0.4875748362541199
0.0001,1448.0,1.7947856426239013,0.4875729112625122
0.0001,1449.0,1.7947852478027344,0.48757099676132204
0.0001,1450.0,1.7947848453521729,0.48756911516189577
0.0001,1451.0,1.79478447151184,0.4875671834945679
0.0001,1452.0,1.794784112930298,0.48756529092788703
0.0001,1453.0,1.7947836866378786,0.4875634088516235
0.0001,1454.0,1.7947833375930788,0.48756149482727057
0.0001,1455.0,1.7947829561233521,0.48755964565277093
0.0001,1456.0,1.7947825946807863,0.4875577516555786
0.0001,1457.0,1.7947822399139404,0.4875558967590332
0.0001,1458.0,1.794781856536865,0.48755403614044185
0.0001,1459.0,1.7947814941406253,0.48755219125747684
0.0001,1460.0,1.794781111717224,0.48755033779144286
0.0001,1461.0,1.7947807550430295,0.48754847049713124
0.0001,1462.0,1.7947803850173951,0.48754665136337283
0.0001,1463.0,1.7947799835205078,0.4875448131561279
0.0001,1464.0,1.794779615402222,0.48754297542572034
0.0001,1465.0,1.7947792711257935,0.48754118442535405
0.0001,1466.0,1.7947788763046266,0.48753935146331795
0.0001,1467.0,1.7947785482406617,0.4875375428199769
0.0001,1468.0,1.7947781963348388,0.4875357398986817
0.0001,1469.0,1.7947778358459474,0.4875339512825012
0.0001,1470.0,1.7947775154113772,0.48753215169906616
0.0001,1471.0,1.7947771415710452,0.4875303688049316
0.0001,1472.0,1.794776781082154,0.4875285959243774
0.0001,1473.0,1.7947764034271247,0.48752680921554564
0.0001,1474.0,1.7947760562896726,0.4875250501632691
0.0001,1475.0,1.794775718688965,0.48752328777313236
0.0001,1476.0,1.794775362014771,0.48752151966094975
0.0001,1477.0,1.7947750329971315,0.4875197587013244
0.0001,1478.0,1.7947747182846072,0.48751801347732543
0.0001,1479.0,1.7947743787765509,0.4875162782669067
0.0001,1480.0,1.7947740163803103,0.4875145335197449
0.0001,1481.0,1.7947736740112306,0.4875128192901611
0.0001,1482.0,1.7947733097076413,0.4875110654830933
0.0001,1483.0,1.794772989273072,0.48750935649871835
0.0001,1484.0,1.7947726564407342,0.4875076465606689
0.0001,1485.0,1.7947723302841188,0.48750593185424806
0.0001,1486.0,1.7947720203399655,0.4875042142868042
0.0001,1487.0,1.7947716884613039,0.48750254535675047
0.0001,1488.0,1.7947713384628297,0.4875008449554443
0.0001,1489.0,1.794770991325378,0.48749914503097536
0.0001,1490.0,1.7947706804275518,0.4874974508285523
0.0001,1491.0,1.7947703323364257,0.4874957628250122
0.0001,1492.0,1.7947700185775755,0.48749410676956184
0.0001,1493.0,1.7947697200775146,0.4874924426078796
0.0001,1494.0,1.7947694272994996,0.4874907474517822
0.0001,1495.0,1.7947690858840948,0.4874890933036804
0.0001,1496.0,1.7947687206268303,0.4874874792098999
0.0001,1497.0,1.7947684135437014,0.4874858045578004
0.0001,1498.0,1.794768102645874,0.48748416805267325
0.0001,1499.0,1.7947678031921392,0.48748253726959234
0.0001,1500.0,1.7947675113677983,0.4874808931350707
0.0001,1501.0,1.7947671890258796,0.48747927570343025
0.0001,1502.0,1.794766843795776,0.4874776544570923
0.0001,1503.0,1.7947665481567385,0.48747603511810306
0.0001,1504.0,1.7947662220001226,0.48747440576553347
0.0001,1505.0,1.7947659502029418,0.48747279787063597
0.0001,1506.0,1.7947656602859492,0.48747118902206427
0.0001,1507.0,1.7947653379440307,0.4874695906639099
0.0001,1508.0,1.7947650165557858,0.487468008518219
0.0001,1509.0,1.7947647237777713,0.48746637582778923
0.0001,1510.0,1.7947644176483155,0.4874647841453552
0.0001,1511.0,1.7947641372680665,0.4874632205963135
0.0001,1512.0,1.794763831138611,0.48746164560317995
0.0001,1513.0,1.7947635002136229,0.48746008920669553
0.0001,1514.0,1.7947632341384887,0.48745851039886473
0.0001,1515.0,1.7947629117965695,0.48745694065094003
0.0001,1516.0,1.7947626342773444,0.4874553914070129
0.0001,1517.0,1.7947623958587646,0.4874538698196411
0.0001,1518.0,1.7947620487213127,0.4874523019790649
0.0001,1519.0,1.7947617588043208,0.4874507474899293
0.0001,1520.0,1.7947614793777467,0.48744921588897705
0.0001,1521.0,1.7947612075805661,0.4874476838111877
0.0001,1522.0,1.7947609291076665,0.48744615745544434
0.0001,1523.0,1.7947606010437018,0.48744462060928345
0.0001,1524.0,1.7947603359222417,0.4874431138038635
0.0001,1525.0,1.7947600431442263,0.4874415869712829
0.0001,1526.0,1.7947598075866702,0.4874400877952576
0.0001,1527.0,1.7947595043182374,0.48743858766555787
0.0001,1528.0,1.7947591915130612,0.48743707609176645
0.0001,1529.0,1.794758947372436,0.48743558073043824
0.0001,1530.0,1.7947586650848393,0.4874340958595277
0.0001,1531.0,1.794758408546448,0.4874326372146606
0.0001,1532.0,1.7947581071853638,0.487431118965149
0.0001,1533.0,1.7947578334808358,0.48742965221405027
0.0001,1534.0,1.7947575569152832,0.4874281768798829
0.0001,1535.0,1.7947573127746588,0.4874267091751098
0.0001,1536.0,1.7947570438385008,0.487425253868103
0.0001,1537.0,1.794756732940673,0.4874237818717957
0.0001,1538.0,1.7947564811706542,0.48742232179641726
0.0001,1539.0,1.7947562265396118,0.4874208688735962
0.0001,1540.0,1.794755968093872,0.48741942691802986
0.0001,1541.0,1.7947556648254392,0.4874179821014405
0.0001,1542.0,1.7947554225921636,0.4874165387153626
0.0001,1543.0,1.7947551679611204,0.48741510486602785
0.0001,1544.0,1.7947549104690554,0.48741367530822755
0.0001,1545.0,1.79475461101532,0.48741223287582397
0.0001,1546.0,1.794754382133484,0.48741083812713626
0.0001,1547.0,1.7947541265487668,0.48740940046310427
0.0001,1548.0,1.7947538871765136,0.4874080018997192
0.0001,1549.0,1.7947535963058467,0.4874066019058227
0.0001,1550.0,1.794753353118896,0.4874051990509034
0.0001,1551.0,1.7947531108856205,0.4874037942886353
0.0001,1552.0,1.794752868652343,0.4874024095535278
0.0001,1553.0,1.7947525787353515,0.48740100145339954
0.0001,1554.0,1.7947523403167722,0.48739964246749884
0.0001,1555.0,1.7947521038055418,0.4873982496261597
0.0001,1556.0,1.7947518482208245,0.487396861076355
0.0001,1557.0,1.7947515907287594,0.4873954997062682
0.0001,1558.0,1.7947513446807861,0.4873941168785096
0.0001,1559.0,1.794751126289368,0.4873927607536316
0.0001,1560.0,1.7947508430480958,0.4873914003372192
0.0001,1561.0,1.7947506313323967,0.4873900337219238
0.0001,1562.0,1.7947503824234008,0.48738869094848625
0.0001,1563.0,1.7947501468658449,0.48738735389709475
0.0001,1564.0,1.7947498645782478,0.48738599920272835
0.0001,1565.0,1.7947496423721316,0.4873846688270568
0.0001,1566.0,1.7947494335174559,0.4873833208084106
0.0001,1567.0,1.7947491693496704,0.4873820004463196
0.0001,1568.0,1.794748935699463,0.48738065624237065
0.0001,1569.0,1.7947487058639524,0.48737933206558226
0.0001,1570.0,1.7947484817504882,0.48737800979614265
0.0001,1571.0,1.79474820804596,0.48737669086456303
0.0001,1572.0,1.7947479839324953,0.48737537622451776
0.0001,1573.0,1.794747784614563,0.48737406778335574
0.0001,1574.0,1.7947475090026859,0.4873727693557739
0.0001,1575.0,1.794747314453125,0.4873714528083802
0.0001,1576.0,1.7947470846176141,0.4873701667785645
0.0001,1577.0,1.7947468509674074,0.4873688530921936
0.0001,1578.0,1.7947466259002691,0.48736757230758665
0.0001,1579.0,1.7947464027404787,0.4873662929534913
0.0001,1580.0,1.7947461652755738,0.48736499929428106
0.0001,1581.0,1.794745922088623,0.487363745212555
0.0001,1582.0,1.7947457170486445,0.48736246681213385
0.0001,1583.0,1.7947455177307132,0.487361180305481
0.0001,1584.0,1.7947452545166016,0.4873599224090576
0.0001,1585.0,1.7947450504302982,0.4873586621284485
0.0001,1586.0,1.79474485206604,0.48735740041732795
0.0001,1587.0,1.7947445936203001,0.48735616970062257
0.0001,1588.0,1.7947443943023678,0.487354911327362
0.0001,1589.0,1.7947441978454588,0.4873536577224732
0.0001,1590.0,1.794743932723999,0.4873524084091186
0.0001,1591.0,1.7947437419891359,0.4873511719703674
0.0001,1592.0,1.7947435379028323,0.48734991979598996
0.0001,1593.0,1.7947433052062989,0.48734870243072514
0.0001,1594.0,1.7947431087493897,0.4873474545478821
0.0001,1595.0,1.7947428979873659,0.4873462448120117
0.0001,1596.0,1.7947426509857176,0.4873450155258179
0.0001,1597.0,1.7947424669265744,0.48734381389617915
0.0001,1598.0,1.7947422742843624,0.4873425760269165
0.0001,1599.0,1.7947420473098754,0.4873413543701172
0.0001,1600.0,1.7947418451309203,0.4873401622772217
0.0001,1601.0,1.7947416477203364,0.4873389463424683
0.0001,1602.0,1.7947414045333856,0.4873377470970154
0.0001,1603.0,1.7947412300109866,0.4873365364074707
0.0001,1604.0,1.794741037368774,0.4873353581428528
0.0001,1605.0,1.7947407855987552,0.48733415365219124
0.0001,1606.0,1.7947405977249145,0.487332980632782
0.0001,1607.0,1.7947404422760018,0.4873317723274231
0.0001,1608.0,1.7947401866912835,0.4873306403160095
0.0001,1609.0,1.7947400150299075,0.4873294453620911
0.0001,1610.0,1.7947398204803473,0.4873282647132873
0.0001,1611.0,1.794739587783814,0.4873270969390869
0.0001,1612.0,1.79473941230774,0.48732592773437505
0.0001,1613.0,1.7947392387390142,0.4873247814178467
0.0001,1614.0,1.794739006996155,0.4873236308097839
0.0001,1615.0,1.7947388334274295,0.48732246112823485
0.0001,1616.0,1.7947386054992673,0.48732130479812624
0.0001,1617.0,1.7947384376525881,0.4873201642036438
0.0001,1618.0,1.7947382717132567,0.48731901311874387
0.0001,1619.0,1.7947380256652834,0.48731788921356206
0.0001,1620.0,1.7947378530502318,0.4873167419433594
0.0001,1621.0,1.7947376785278317,0.4873156085014343
0.0001,1622.0,1.79473747253418,0.487314476966858
0.0001,1623.0,1.7947372875213623,0.48731334781646723
0.0001,1624.0,1.7947370977401733,0.4873122282028198
0.0001,1625.0,1.79473691368103,0.4873110990524292
0.0001,1626.0,1.794736740112304,0.4873099846839905
0.0001,1627.0,1.794736518859863,0.48730887174606324
0.0001,1628.0,1.7947363586425782,0.48730776786804203
0.0001,1629.0,1.7947361783981317,0.4873066458702087
0.0001,1630.0,1.7947359867095947,0.48730554676055915
0.0001,1631.0,1.7947358036041254,0.4873044466972351
0.0001,1632.0,1.794735597610474,0.4873033576011658
0.0001,1633.0,1.7947354507446294,0.48730226612091065
0.0001,1634.0,1.7947352790832518,0.48730116128921513
0.0001,1635.0,1.7947350740432735,0.48730009412765496
0.0001,1636.0,1.7947348976135253,0.48729898166656493
0.0001,1637.0,1.794734706878662,0.48729792547225953
0.0001,1638.0,1.794734558105469,0.4872968544960022
0.0001,1639.0,1.7947343750000007,0.48729576730728147
0.0001,1640.0,1.7947341718673708,0.4872947192192077
0.0001,1641.0,1.794734011650086,0.4872936344146728
0.0001,1642.0,1.7947338199615477,0.4872925457954407
0.0001,1643.0,1.7947336730957033,0.4872915029525757
0.0001,1644.0,1.7947335109710696,0.4872904448509216
0.0001,1645.0,1.7947332935333247,0.4872894148826598
0.0001,1646.0,1.7947331523895254,0.4872883329391479
0.0001,1647.0,1.794732949256897,0.48728730773925777
0.0001,1648.0,1.7947328062057497,0.4872862458229064
0.0001,1649.0,1.7947326412200924,0.48728521203994757
0.0001,1650.0,1.7947324275970462,0.4872841672897339
0.0001,1651.0,1.794732301712036,0.4872831254005432
0.0001,1652.0,1.7947320919036867,0.4872820963859558
0.0001,1653.0,1.7947319631576542,0.4872810735702515
0.0001,1654.0,1.7947317771911617,0.4872800455093383
0.0001,1655.0,1.794731625556946,0.4872790288925171
0.0001,1656.0,1.7947314701080317,0.4872780027389526
0.0001,1657.0,1.7947312593460087,0.4872769622802734
0.0001,1658.0,1.7947311210632322,0.487275978088379
0.0001,1659.0,1.7947309265136715,0.48727495479583743
0.0001,1660.0,1.7947307920455935,0.48727395725250244
0.0001,1661.0,1.7947306337356568,0.487272940158844
0.0001,1662.0,1.794730464935303,0.4872719283103943
0.0001,1663.0,1.794730330467224,0.48727094936370846
0.0001,1664.0,1.7947301273345948,0.4872699356079102
0.0001,1665.0,1.7947300014495846,0.4872689633369445
0.0001,1666.0,1.7947298049926759,0.48726797342300404
0.0001,1667.0,1.7947296752929685,0.48726695632934575
0.0001,1668.0,1.794729524612427,0.487266001701355
0.0001,1669.0,1.7947293443679813,0.4872650237083435
0.0001,1670.0,1.79472922706604,0.4872640008926391
0.0001,1671.0,1.7947290248870849,0.48726307487487797
0.0001,1672.0,1.794728882789612,0.48726207399368293
0.0001,1673.0,1.7947287073135372,0.48726110744476325
0.0001,1674.0,1.7947285842895504,0.4872601385116577
0.0001,1675.0,1.7947283992767336,0.48725918292999265
0.0001,1676.0,1.794728280067444,0.48725822162628174
0.0001,1677.0,1.7947281179428096,0.4872572674751282
0.0001,1678.0,1.7947279672622678,0.48725629568099976
0.0001,1679.0,1.7947278366088868,0.4872553415298462
0.0001,1680.0,1.794727655410766,0.48725440311431895
0.0001,1681.0,1.7947275390625004,0.487253454208374
0.0001,1682.0,1.7947273521423341,0.4872525148391723
0.0001,1683.0,1.7947272233963008,0.4872515535354615
0.0001,1684.0,1.794727049827576,0.487250627040863
0.0001,1685.0,1.794726931571961,0.48724966621398924
0.0001,1686.0,1.7947267684936525,0.4872487640380859
0.0001,1687.0,1.7947266387939453,0.48724782276153566
0.0001,1688.0,1.7947264928817748,0.4872468700408936
0.0001,1689.0,1.7947263460159302,0.4872459616661073
0.0001,1690.0,1.7947261905670167,0.4872450170516967
0.0001,1691.0,1.7947260494232182,0.4872441082000732
0.0001,1692.0,1.7947259244918823,0.48724318885803225
0.0001,1693.0,1.7947257461547854,0.4872422671318054
0.0001,1694.0,1.7947256326675411,0.4872413582801819
0.0001,1695.0,1.7947254600524902,0.48724045467376703
0.0001,1696.0,1.7947253379821775,0.4872395482063293
0.0001,1697.0,1.7947251682281489,0.48723862123489386
0.0001,1698.0,1.7947250595092765,0.4872377138137818
0.0001,1699.0,1.794724892616272,0.48723682928085327
0.0001,1700.0,1.7947247743606571,0.48723591470718386
0.0001,1701.0,1.794724627494812,0.48723502826690673
0.0001,1702.0,1.7947244958877564,0.4872341413497925
0.0001,1703.0,1.7947243652343752,0.4872332401275635
0.0001,1704.0,1.7947242298126216,0.4872323579788207
0.0001,1705.0,1.7947240934371953,0.48723144865036017
0.0001,1706.0,1.7947239589691166,0.48723056077957166
0.0001,1707.0,1.7947238063812256,0.4872297053337098
0.0001,1708.0,1.7947236957550048,0.48722880649566647
0.0001,1709.0,1.7947235546112061,0.48722793483734134
0.0001,1710.0,1.7947234239578245,0.48722706317901615
0.0001,1711.0,1.7947232904434207,0.48722617578506466
0.0001,1712.0,1.7947231483459467,0.4872253155708313
0.0001,1713.0,1.7947230396270752,0.48722444248199465
0.0001,1714.0,1.7947228965759274,0.48722357654571524
0.0001,1715.0,1.7947227783203124,0.4872227220535278
0.0001,1716.0,1.7947226209640503,0.4872218818664551
0.0001,1717.0,1.7947225189208975,0.4872210278511048
0.0001,1718.0,1.7947223644256596,0.48722017002105716
0.0001,1719.0,1.7947222652435297,0.48721933317184446
0.0001,1720.0,1.7947221097946169,0.4872184915542603
0.0001,1721.0,1.7947220010757445,0.4872176218032837
0.0001,1722.0,1.7947218608856201,0.48721677303314204
0.0001,1723.0,1.7947217483520506,0.48721594047546385
0.0001,1724.0,1.7947216081619268,0.48721512079238893
0.0001,1725.0,1.7947214860916136,0.4872142829895019
0.0001,1726.0,1.7947213611602788,0.487213448047638
0.0001,1727.0,1.7947212429046628,0.48721261882781985
0.0001,1728.0,1.794721101760864,0.4872117938995361
0.0001,1729.0,1.7947209987640373,0.4872109799385071
0.0001,1730.0,1.7947208652496343,0.48721014976501464
0.0001,1731.0,1.7947207431793217,0.4872093343734742
0.0001,1732.0,1.7947206144332886,0.48720851087570194
0.0001,1733.0,1.7947204761505124,0.4872076864242554
0.0001,1734.0,1.7947203884124752,0.4872068796157837
0.0001,1735.0,1.7947202529907227,0.48720605659484867
0.0001,1736.0,1.7947201442718503,0.4872052426338196
0.0001,1737.0,1.7947199926376345,0.4872044758796692
0.0001,1738.0,1.7947198915481566,0.4872036428451539
0.0001,1739.0,1.7947197341918943,0.4872028307914735
0.0001,1740.0,1.7947196674346921,0.4872020483016968
0.0001,1741.0,1.7947194995880131,0.48720123815536504
0.0001,1742.0,1.794719421386719,0.4872004437446593
0.0001,1743.0,1.7947192878723146,0.4871996784210206
0.0001,1744.0,1.7947191886901852,0.487198878288269
0.0001,1745.0,1.7947190380096443,0.4871980986595154
0.0001,1746.0,1.7947189788818356,0.4871973075866699
0.0001,1747.0,1.7947188291549678,0.4871964969635009
0.0001,1748.0,1.7947187376022338,0.48719571924209587
0.0001,1749.0,1.794718599319458,0.4871949505805968
0.0001,1750.0,1.794718499183656,0.4871941900253296
0.0001,1751.0,1.7947183990478521,0.48719339704513553
0.0001,1752.0,1.7947182760238647,0.4871926312446594
0.0001,1753.0,1.7947181568145756,0.48719186305999757
0.0001,1754.0,1.7947180213928224,0.4871910848617554
0.0001,1755.0,1.7947179317474367,0.48719034433364866
0.0001,1756.0,1.7947177867889406,0.4871895728111267
0.0001,1757.0,1.794717729568481,0.4871887912750244
0.0001,1758.0,1.7947175693511963,0.4871880474090576
0.0001,1759.0,1.7947174997329707,0.4871872920989991
0.0001,1760.0,1.7947173681259154,0.48718652343749996
0.0001,1761.0,1.7947172851562503,0.48718577146530145
0.0001,1762.0,1.7947171716690065,0.48718502902984623
0.0001,1763.0,1.7947170791625968,0.4871842489242554
0.0001,1764.0,1.7947169609069822,0.48718351268768323
0.0001,1765.0,1.7947168254852297,0.4871828045845032
0.0001,1766.0,1.7947167434692388,0.4871820211410523
0.0001,1767.0,1.7947166032791135,0.48718130683898925
0.0001,1768.0,1.7947165279388433,0.4871805610656739
0.0001,1769.0,1.7947164001464846,0.4871798310279846
0.0001,1770.0,1.7947163219451903,0.4871790919303894
0.0001,1771.0,1.7947161970138554,0.4871783590316772
0.0001,1772.0,1.7947161245346066,0.48717764854431145
0.0001,1773.0,1.7947159900665286,0.4871769022941589
0.0001,1774.0,1.7947158927917477,0.4871761746406555
0.0001,1775.0,1.7947158012390134,0.48717543983459477
0.0001,1776.0,1.7947156620025633,0.4871747179031372
0.0001,1777.0,1.7947156047821045,0.48717401170730584
0.0001,1778.0,1.7947154684066768,0.48717328548431393
0.0001,1779.0,1.7947154102325436,0.48717259025573734
0.0001,1780.0,1.794715269088745,0.4871718645095825
0.0001,1781.0,1.7947151851654055,0.48717115306854253
0.0001,1782.0,1.7947150926589965,0.4871704406738282
0.0001,1783.0,1.7947149658203116,0.4871697363853455
0.0001,1784.0,1.7947148876190189,0.4871690354347229
0.0001,1785.0,1.7947147617340082,0.48716833257675174
0.0001,1786.0,1.7947146968841554,0.48716765499115
0.0001,1787.0,1.7947145786285403,0.4871669569015503
0.0001,1788.0,1.7947144927978518,0.48716626024246223
0.0001,1789.0,1.7947144107818598,0.487165551185608
0.0001,1790.0,1.7947142915725711,0.4871648674011231
0.0001,1791.0,1.7947142066955561,0.48716415977478034
0.0001,1792.0,1.7947140731811526,0.48716348743438714
0.0001,1793.0,1.7947140293121338,0.4871627907752991
0.0001,1794.0,1.7947139015197748,0.4871621322631836
0.0001,1795.0,1.7947138261795048,0.48716143512725835
0.0001,1796.0,1.794713746070862,0.4871607599258423
0.0001,1797.0,1.7947135972976687,0.4871600923538208
0.0001,1798.0,1.7947135467529294,0.48715941143035885
0.0001,1799.0,1.794713418006897,0.4871587486267091
0.0001,1800.0,1.7947133550643923,0.4871580810546875
0.0001,1801.0,1.79471325302124,0.48715739917755124
0.0001,1802.0,1.7947131423950193,0.48715671348571776
0.0001,1803.0,1.7947130756378176,0.48715606594085703
0.0001,1804.0,1.7947129526138306,0.48715538644790657
0.0001,1805.0,1.7947129039764405,0.4871547241210937
0.0001,1806.0,1.794712795257568,0.48715405416488644
0.0001,1807.0,1.7947126903533932,0.48715341091156006
0.0001,1808.0,1.7947126150131225,0.4871527700424194
0.0001,1809.0,1.7947124872207643,0.4871521024703979
0.0001,1810.0,1.7947124338150022,0.4871514420509339
0.0001,1811.0,1.7947123346328737,0.48715080499649055
0.0001,1812.0,1.794712258338928,0.4871501426696776
0.0001,1813.0,1.7947121868133542,0.4871494836807251
0.0001,1814.0,1.7947120475769038,0.48714884471893305
0.0001,1815.0,1.7947119941711422,0.487148193359375
0.0001,1816.0,1.7947118864059448,0.48714755964279177
0.0001,1817.0,1.794711828231812,0.4871469106674194
0.0001,1818.0,1.7947117385864257,0.4871462583541871
0.0001,1819.0,1.794711601257324,0.48714562320709226
0.0001,1820.0,1.7947115726470944,0.4871450157165527
0.0001,1821.0,1.7947114639282233,0.48714434909820553
0.0001,1822.0,1.7947113895416253,0.48714372825622565
0.0001,1823.0,1.7947113103866579,0.48714308500289916
0.0001,1824.0,1.7947111749649054,0.4871424703598022
0.0001,1825.0,1.7947111473083506,0.4871418552398682
0.0001,1826.0,1.7947110309600836,0.4871412081718445
0.0001,1827.0,1.7947109661102296,0.487140594959259
0.0001,1828.0,1.7947108821868898,0.4871399660110474
0.0001,1829.0,1.7947107734680172,0.48713933801651005
0.0001,1830.0,1.7947107191085818,0.4871387329101562
0.0001,1831.0,1.794710631370544,0.48713809299468985
0.0001,1832.0,1.794710541725159,0.4871374878883363
0.0001,1833.0,1.794710453033447,0.487136875629425
0.0001,1834.0,1.7947103624343872,0.4871362652778625
0.0001,1835.0,1.7947103004455571,0.48713564252853386
0.0001,1836.0,1.794710222244263,0.487135033607483
0.0001,1837.0,1.7947101097106934,0.48713442897796627
0.0001,1838.0,1.794710046768188,0.4871338291168213
0.0001,1839.0,1.7947099542617797,0.48713319969177243
0.0001,1840.0,1.7947098951339717,0.4871325998306274
0.0001,1841.0,1.7947098369598387,0.4871320118904114
0.0001,1842.0,1.794709723472595,0.4871313924789429
0.0001,1843.0,1.7947096595764156,0.48713082933425905
0.0001,1844.0,1.794709561347962,0.4871302108764649
0.0001,1845.0,1.794709494590759,0.48712960910797115
0.0001,1846.0,1.79470943069458,0.48712903356552134
0.0001,1847.0,1.794709316253663,0.4871284317970276
0.0001,1848.0,1.7947092819213866,0.4871278362274171
0.0001,1849.0,1.7947092008590702,0.48712724208831787
0.0001,1850.0,1.7947090854644774,0.4871266794204713
0.0001,1851.0,1.79470902633667,0.4871260871887207
0.0001,1852.0,1.7947089939117433,0.4871254982948303
0.0001,1853.0,1.7947088623046876,0.48712491512298584
0.0001,1854.0,1.7947088308334354,0.48712434101104746
0.0001,1855.0,1.7947087278366087,0.4871237726211548
0.0001,1856.0,1.794708654403686,0.48712319469451903
0.0001,1857.0,1.7947086114883424,0.48712262535095213
0.0001,1858.0,1.7947085046768194,0.487122031211853
0.0001,1859.0,1.7947084608078008,0.48712147140502926
0.0001,1860.0,1.7947083740234375,0.4871208949089051
0.0001,1861.0,1.7947082643508911,0.48712031602859496
0.0001,1862.0,1.7947082233428957,0.4871197409629822
0.0001,1863.0,1.794708152770996,0.48711920642852774
0.0001,1864.0,1.794708036422729,0.4871186456680298
0.0001,1865.0,1.7947079973220823,0.4871180710792542
0.0001,1866.0,1.7947079124450687,0.4871175065040589
0.0001,1867.0,1.7947078495025628,0.48711695909500113
0.0001,1868.0,1.7947077903747564,0.48711639928817746
0.0001,1869.0,1.7947076911926272,0.4871158571243286
0.0001,1870.0,1.794707642555237,0.4871153111457823
0.0001,1871.0,1.7947075948715212,0.48711475467681886
0.0001,1872.0,1.7947074832916263,0.48711419868469247
0.0001,1873.0,1.7947074394226075,0.4871136608123779
0.0001,1874.0,1.794707373619079,0.487113091468811
0.0001,1875.0,1.7947072591781614,0.48711254978179935
0.0001,1876.0,1.7947072334289556,0.487112018108368
0.0001,1877.0,1.7947071428298949,0.4871114873886108
0.0001,1878.0,1.7947070617675782,0.48711092662811284
0.0001,1879.0,1.7947070159912113,0.4871104130744935
0.0001,1880.0,1.7947069597244265,0.4871098823547363
0.0001,1881.0,1.7947068567276,0.4871093034744262
0.0001,1882.0,1.794706817626953,0.48710878515243533
0.0001,1883.0,1.794706744194031,0.4871082658767701
0.0001,1884.0,1.7947066555023197,0.4871077451705933
0.0001,1885.0,1.7947066459655763,0.4871072130203247
0.0001,1886.0,1.7947065391540529,0.48710669422149655
0.0001,1887.0,1.7947064800262453,0.4871061716079712
0.0001,1888.0,1.794706436157226,0.48710563278198243
0.0001,1889.0,1.794706331253052,0.4871051154136658
0.0001,1890.0,1.794706280708313,0.48710457706451415
0.0001,1891.0,1.7947062320709233,0.48710406589508054
0.0001,1892.0,1.7947061195373544,0.487103533744812
0.0001,1893.0,1.7947060775756831,0.4871030430793762
0.0001,1894.0,1.7947060308456426,0.48710252046585084
0.0001,1895.0,1.7947059383392334,0.4871020174026489
0.0001,1896.0,1.794705900192261,0.4871014752388
0.0001,1897.0,1.794705840110779,0.4871009764671326
0.0001,1898.0,1.7947057571411125,0.48710044479370124
0.0001,1899.0,1.7947057037353518,0.4870999732017517
0.0001,1900.0,1.7947056388854983,0.48709945058822635
0.0001,1901.0,1.7947055635452276,0.48709896373748784
0.0001,1902.0,1.7947055120468134,0.4870984563827515
0.0001,1903.0,1.7947054576873775,0.48709796380996706
0.0001,1904.0,1.7947053689956676,0.48709745836257934
0.0001,1905.0,1.7947053241729733,0.4870969638824463
0.0001,1906.0,1.7947052698135382,0.4870964479446411
0.0001,1907.0,1.7947051906585691,0.48709595155715935
0.0001,1908.0,1.7947051353454586,0.48709546279907223
0.0001,1909.0,1.794705093383789,0.48709498214721675
0.0001,1910.0,1.7947050161361693,0.4870944619178772
0.0001,1911.0,1.794704954147339,0.487093982219696
0.0001,1912.0,1.7947049112319942,0.4870934782028198
0.0001,1913.0,1.7947048330307005,0.4870930080413818
0.0001,1914.0,1.7947047519683845,0.4870925192832947
0.0001,1915.0,1.7947047271728518,0.48709203052520755
0.0001,1916.0,1.7947046623229974,0.48709155893325806
0.0001,1917.0,1.7947045803070067,0.48709107017517095
0.0001,1918.0,1.7947045345306403,0.4870906019210816
0.0001,1919.0,1.7947044897079467,0.4870900964736939
0.0001,1920.0,1.79470440864563,0.4870896120071411
0.0001,1921.0,1.7947043781280523,0.4870891561508178
0.0001,1922.0,1.7947043104171754,0.48708866167068476
0.0001,1923.0,1.7947042112350462,0.48708816909790037
0.0001,1924.0,1.7947042045593262,0.48708771371841425
0.0001,1925.0,1.7947041511535642,0.48708725738525394
0.0001,1926.0,1.7947040557861325,0.4870867600440979
0.0001,1927.0,1.7947040205001832,0.4870863027572632
0.0001,1928.0,1.7947039747238156,0.4870858488082886
0.0001,1929.0,1.7947038917541505,0.487085388660431
0.0001,1930.0,1.7947038726806646,0.48708490705490115
0.0001,1931.0,1.794703817367554,0.48708444070816037
0.0001,1932.0,1.7947037391662597,0.48708397626876826
0.0001,1933.0,1.794703672409057,0.48708350086212154
0.0001,1934.0,1.794703639984131,0.4870830302238464
0.0001,1935.0,1.7947035713195802,0.48708258056640613
0.0001,1936.0,1.794703498840332,0.4870821285247803
0.0001,1937.0,1.7947034807205202,0.4870816493034363
0.0001,1938.0,1.7947034406661986,0.48708122014999383
0.0001,1939.0,1.7947033443450926,0.4870807485580444
0.0001,1940.0,1.7947033157348635,0.48708030986785883
0.0001,1941.0,1.7947032718658447,0.48707985973358153
0.0001,1942.0,1.7947031784057617,0.4870793766975403
0.0001,1943.0,1.7947031431198117,0.4870789418220519
0.0001,1944.0,1.7947031097412112,0.4870784878730774
0.0001,1945.0,1.7947030477523802,0.4870780177116394
0.0001,1946.0,1.7947029581069953,0.48707757139205937
0.0001,1947.0,1.7947029314041143,0.48707714653015133
0.0001,1948.0,1.794702876091003,0.48707669639587403
0.0001,1949.0,1.794702793121337,0.48707624626159673
0.0001,1950.0,1.794702765464783,0.4870757951736451
0.0001,1951.0,1.7947027482986446,0.4870753650665284
0.0001,1952.0,1.794702667236329,0.48707492589950563
0.0001,1953.0,1.7947026062011722,0.48707447147369387
0.0001,1954.0,1.794702582359314,0.4870740385055542
0.0001,1955.0,1.7947025184631356,0.48707359600067135
0.0001,1956.0,1.7947024326324463,0.48707315015792846
0.0001,1957.0,1.794702427864075,0.48707272672653207
0.0001,1958.0,1.7947023859024043,0.48707229328155527
0.0001,1959.0,1.7947022876739498,0.4870718755722047
0.0001,1960.0,1.7947022590637207,0.4870714430809021
0.0001,1961.0,1.7947022314071652,0.48707102537155156
0.0001,1962.0,1.7947021675109862,0.48707056331634524
0.0001,1963.0,1.794702091217041,0.48707014179229735
0.0001,1964.0,1.7947020750045775,0.48706971263885507
0.0001,1965.0,1.7947020282745367,0.4870692911148072
0.0001,1966.0,1.794701940536499,0.4870688753128053
0.0001,1967.0,1.7947019309997554,0.4870684576034546
0.0001,1968.0,1.7947018880844117,0.4870680255889893
0.0001,1969.0,1.7947018079757697,0.4870676126480103
0.0001,1970.0,1.7947017545700066,0.4870672006607055
0.0001,1971.0,1.7947017326354986,0.4870667657852173
0.0001,1972.0,1.7947017011642454,0.48706634473800664
0.0001,1973.0,1.7947016315460211,0.48706592702865603
0.0001,1974.0,1.7947015924453735,0.48706550693511963
0.0001,1975.0,1.794701548576355,0.4870651121139526
0.0001,1976.0,1.7947014923095705,0.4870647029876709
0.0001,1977.0,1.7947014198303224,0.4870642862319947
0.0001,1978.0,1.7947013998031611,0.48706385660171514
0.0001,1979.0,1.7947013607025146,0.4870634717941285
0.0001,1980.0,1.7947012739181516,0.48706304168701164
0.0001,1981.0,1.7947012567520135,0.48706263875961303
0.0001,1982.0,1.79470121383667,0.4870622467994691
0.0001,1983.0,1.7947011680603018,0.48706186771392823
0.0001,1984.0,1.7947010917663573,0.4870614423751832
0.0001,1985.0,1.7947010717391971,0.48706105232238783
0.0001,1986.0,1.7947010679244997,0.48706064701080337
0.0001,1987.0,1.7947009639739984,0.4870602312088014
0.0001,1988.0,1.7947009210586553,0.4870598435401916
0.0001,1989.0,1.794700910568237,0.48705944967269904
0.0001,1990.0,1.7947008514404301,0.4870590515136719
0.0001,1991.0,1.7947007999420173,0.4870586528778076
0.0001,1992.0,1.7947007732391362,0.48705825328826907
0.0001,1993.0,1.794700721740723,0.4870578451156616
0.0001,1994.0,1.7947006654739377,0.4870574760437011
0.0001,1995.0,1.7947006053924561,0.48705708599090575
0.0001,1996.0,1.7947006053924561,0.48705669641494753
0.0001,1997.0,1.7947005681991584,0.4870563111305237
0.0001,1998.0,1.7947004852294928,0.48705591726303116
0.0001,1999.0,1.7947004270553593,0.48705554485321045
0.0001,2000.0,1.794700413703918,0.48705514812469475
0.0001,2001.0,1.794700387954712,0.4870547342300416
0.0001,2002.0,1.7947003297805781,0.48705436134338387
0.0001,2003.0,1.7947002830505367,0.4870539979934692
0.0001,2004.0,1.794700255393982,0.4870536036491394
0.0001,2005.0,1.794700218200683,0.48705322217941277
0.0001,2006.0,1.7947001466751098,0.48705283069610594
0.0001,2007.0,1.7947001218795777,0.4870524554252625
0.0001,2008.0,1.7947000932693489,0.48705208539962774
0.0001,2009.0,1.7947000350952143,0.48705168294906614
0.0001,2010.0,1.794699953079224,0.4870513162612915
0.0001,2011.0,1.794699946403503,0.4870509424209595
0.0001,2012.0,1.7946999158859256,0.48705057954788206
0.0001,2013.0,1.7946998682022088,0.4870502209663392
0.0001,2014.0,1.7946998233795173,0.4870498232841492
0.0001,2015.0,1.794699787139892,0.4870494470596313
0.0001,2016.0,1.794699778556824,0.48704906177520746
0.0001,2017.0,1.794699710845947,0.48704872226715085
0.0001,2018.0,1.794699641227722,0.4870483508110046
0.0001,2019.0,1.7946996326446536,0.4870479798316955
0.0001,2020.0,1.7946996288299557,0.487047613620758
0.0001,2021.0,1.7946995382308952,0.4870472540855408
0.0001,2022.0,1.7946994924545292,0.4870468831062317
0.0001,2023.0,1.794699478149414,0.48704653072357174
0.0001,2024.0,1.7946994438171384,0.487046148777008
0.0001,2025.0,1.7946993923187249,0.4870458016395569
0.0001,2026.0,1.7946993217468263,0.487045428276062
0.0001,2027.0,1.7946993179321291,0.48704508304595956
0.0001,2028.0,1.794699291229248,0.4870447278022766
0.0001,2029.0,1.794699238777161,0.4870443596839905
0.0001,2030.0,1.7946991872787474,0.48704400920867924
0.0001,2031.0,1.7946991615295411,0.48704365301132196
0.0001,2032.0,1.7946991567611694,0.48704330396652223
0.0001,2033.0,1.7946990699768068,0.4870429506301879
0.0001,2034.0,1.7946990127563471,0.48704259157180785
0.0001,2035.0,1.7946990308761595,0.48704224300384524
0.0001,2036.0,1.7946990051269534,0.4870418930053711
0.0001,2037.0,1.7946989212036129,0.48704152441024784
0.0001,2038.0,1.7946988744735717,0.48704121637344366
0.0001,2039.0,1.7946988506317139,0.4870408449172973
0.0001,2040.0,1.7946988525390628,0.48704048204421996
0.0001,2041.0,1.7946987895965572,0.4870401530265808
0.0001,2042.0,1.7946987361907953,0.487039792060852
0.0001,2043.0,1.7946987285614013,0.4870394544601441
0.0001,2044.0,1.7946987152099605,0.48703910303115844
0.0001,2045.0,1.7946986446380615,0.48703876018524167
0.0001,2046.0,1.7946985740661627,0.4870384340286255
0.0001,2047.0,1.7946985778808593,0.48703811264038094
0.0001,2048.0,1.794698552131653,0.4870377492904662
0.0001,2049.0,1.79469850730896,0.48703740215301505
0.0001,2050.0,1.7946984310150147,0.48703707170486454
0.0001,2051.0,1.7946984329223632,0.487036729812622
0.0001,2052.0,1.7946984205245977,0.48703640031814566
0.0001,2053.0,1.794698369979859,0.4870360646247864
0.0001,2054.0,1.7946983051300052,0.487035722732544
0.0001,2055.0,1.7946982917785645,0.4870353837013245
0.0001,2056.0,1.7946982612609863,0.4870350542068482
0.0001,2057.0,1.794698230743408,0.48703471088409417
0.0001,2058.0,1.7946981706619265,0.4870343828201294
0.0001,2059.0,1.794698137283325,0.48703405284881585
0.0001,2060.0,1.7946981029510503,0.48703373432159425
0.0001,2061.0,1.7946981134414675,0.48703339815139773
0.0001,2062.0,1.7946980495452876,0.4870330786705017
0.0001,2063.0,1.7946979961395264,0.48703273963928223
0.0001,2064.0,1.7946979808807373,0.4870324182510376
0.0001,2065.0,1.7946979627609254,0.48703210115432743
0.0001,2066.0,1.7946979179382325,0.48703177928924557
0.0001,2067.0,1.7946978540420533,0.4870314340591431
0.0001,2068.0,1.7946978569030767,0.48703111553192147
0.0001,2069.0,1.7946978330612184,0.487030800819397
0.0001,2070.0,1.794697801589966,0.48703049373626717
0.0001,2071.0,1.79469774055481,0.4870301671028137
0.0001,2072.0,1.7946976928710936,0.4870298409461975
0.0001,2073.0,1.794697685241699,0.4870295228958131
0.0001,2074.0,1.7946976938247678,0.48702920007705686
0.0001,2075.0,1.7946976079940793,0.4870289087295533
0.0001,2076.0,1.7946975755691523,0.48702856731414806
0.0001,2077.0,1.7946975517272947,0.48702824544906614
0.0001,2078.0,1.7946975507736203,0.4870279307365417
0.0001,2079.0,1.7946974992752076,0.48702764272689814
0.0001,2080.0,1.7946974430084228,0.4870273237228393
0.0001,2081.0,1.7946974201202397,0.48702702760696415
0.0001,2082.0,1.794697405815125,0.4870267248153687
0.0001,2083.0,1.7946973934173587,0.4870264101028441
0.0001,2084.0,1.7946973419189456,0.4870261011123658
0.0001,2085.0,1.7946972885131836,0.48702578496932986
0.0001,2086.0,1.794697283744812,0.4870254678726196
0.0001,2087.0,1.7946972589492793,0.4870251889228821
0.0001,2088.0,1.7946972045898435,0.48702486419677726
0.0001,2089.0,1.7946971702575691,0.4870245518684387
0.0001,2090.0,1.7946971473693851,0.4870242433547974
0.0001,2091.0,1.7946971340179445,0.48702394390106196
0.0001,2092.0,1.7946971216201777,0.4870236620903015
0.0001,2093.0,1.7946970691680915,0.4870233497619629
0.0001,2094.0,1.7946970062255863,0.4870230445861817
0.0001,2095.0,1.7946969957351682,0.48702276325225824
0.0001,2096.0,1.7946969804763795,0.48702245235443115
0.0001,2097.0,1.7946969470977785,0.4870221643447875
0.0001,2098.0,1.794696890830993,0.48702185535430903
0.0001,2099.0,1.7946968564987182,0.48702156543731684
0.0001,2100.0,1.7946968574523925,0.4870212712287903
0.0001,2101.0,1.7946968669891357,0.48702097845077513
0.0001,2102.0,1.7946968021392826,0.4870206756591797
0.0001,2103.0,1.7946967611312874,0.4870203847885132
0.0001,2104.0,1.7946967315673832,0.4870200748443603
0.0001,2105.0,1.7946967067718507,0.4870198030471802
0.0001,2106.0,1.794696699142456,0.48701951122283926
0.0001,2107.0,1.7946966390609747,0.487019229888916
0.0001,2108.0,1.7946966037750243,0.48701893234252924
0.0001,2109.0,1.7946966094970704,0.48701862144470215
0.0001,2110.0,1.7946965866088862,0.48701836967468265
0.0001,2111.0,1.7946965360641483,0.48701806688308713
0.0001,2112.0,1.7946965141296392,0.48701776599884034
0.0001,2113.0,1.7946964683532711,0.4870174932479859
0.0001,2114.0,1.794696455955506,0.4870171847343445
0.0001,2115.0,1.7946964454650876,0.4870169324874879
0.0001,2116.0,1.7946964159011838,0.4870166559219361
0.0001,2117.0,1.794696357727051,0.4870163674354554
0.0001,2118.0,1.7946963176727289,0.48701607942581177
0.0001,2119.0,1.7946963157653808,0.48701581048965453
0.0001,2120.0,1.7946963205337525,0.4870155186653138
0.0001,2121.0,1.7946962738037116,0.48701524209976205
0.0001,2122.0,1.7946962194442753,0.48701495647430426
0.0001,2123.0,1.794696213722229,0.4870146942138672
0.0001,2124.0,1.7946961898803715,0.48701441001892093
0.0001,2125.0,1.7946961784362792,0.4870141296386719
0.0001,2126.0,1.7946961364746095,0.48701385259628294
0.0001,2127.0,1.7946960821151736,0.48701359081268314
0.0001,2128.0,1.794696073532105,0.4870133070945739
0.0001,2129.0,1.7946960411071777,0.4870130276679993
0.0001,2130.0,1.7946960582733147,0.48701276874542243
0.0001,2131.0,1.7946959877014161,0.4870124731063843
0.0001,2132.0,1.7946959590911862,0.4870121960639954
0.0001,2133.0,1.7946959400176996,0.48701195240020745
0.0001,2134.0,1.7946959304809569,0.4870116548538208
0.0001,2135.0,1.7946959257125852,0.4870114126205444
0.0001,2136.0,1.794695877075196,0.4870111207962035
0.0001,2137.0,1.794695840835571,0.48701087570190427
0.0001,2138.0,1.7946958026885984,0.4870106048583984
0.0001,2139.0,1.7946957941055297,0.4870103340148925
0.0001,2140.0,1.7946958093643186,0.487010082244873
0.0001,2141.0,1.794695756912232,0.48700977611541746
0.0001,2142.0,1.7946956996917725,0.48700951719284064
0.0001,2143.0,1.794695680618286,0.4870092821121216
0.0001,2144.0,1.7946956748962402,0.48700902080535885
0.0001,2145.0,1.7946956596374515,0.48700874757766727
0.0001,2146.0,1.7946956214904781,0.48700847101211553
0.0001,2147.0,1.7946955575942996,0.48700819492340086
0.0001,2148.0,1.7946955461502072,0.4870079541206361
0.0001,2149.0,1.794695541381836,0.4870077104568481
0.0001,2150.0,1.7946955509185787,0.48700744533538826
0.0001,2151.0,1.7946955146789552,0.48700718879699706
0.0001,2152.0,1.7946954746246344,0.48700692796707157
0.0001,2153.0,1.794695430755615,0.4870066709518433
0.0001,2154.0,1.7946954221725464,0.48700641107559206
0.0001,2155.0,1.7946954126358028,0.48700614833831785
0.0001,2156.0,1.7946953945159914,0.48700589275360107
0.0001,2157.0,1.794695336341858,0.4870056328773499
0.0001,2158.0,1.7946952877044682,0.48700539159774775
0.0001,2159.0,1.794695312500001,0.4870051312446594
0.0001,2160.0,1.794695303916931,0.4870048618316651
0.0001,2161.0,1.7946952943801884,0.4870046243667603
0.0001,2162.0,1.7946952457427983,0.48700436878204345
0.0001,2163.0,1.7946951808929443,0.48700412559509276
0.0001,2164.0,1.7946951732635494,0.4870038509368897
0.0001,2165.0,1.7946951665878295,0.4870036239624023
0.0001,2166.0,1.7946951856613156,0.4870033640861512
0.0001,2167.0,1.7946951265335083,0.48700312471389773
0.0001,2168.0,1.7946950883865356,0.48700286483764654
0.0001,2169.0,1.7946950502395629,0.487002631187439
0.0001,2170.0,1.7946950693130488,0.4870023641586304
0.0001,2171.0,1.7946950349807735,0.4870021028518677
0.0001,2172.0,1.794695031166076,0.48700185108184824
0.0001,2173.0,1.7946950035095213,0.48700164079666136
0.0001,2174.0,1.7946949272155766,0.4870013656616211
0.0001,2175.0,1.7946949348449714,0.48700114154815677
0.0001,2176.0,1.7946949234008793,0.48700089979171757
0.0001,2177.0,1.794694935798645,0.4870006532669067
0.0001,2178.0,1.7946948814392094,0.4870004115104676
0.0001,2179.0,1.7946948318481444,0.4870001811981201
0.0001,2180.0,1.7946948308944695,0.4869999074935913
0.0001,2181.0,1.7946948070526128,0.4869996337890625
0.0001,2182.0,1.7946948146820072,0.4869994187355042
0.0001,2183.0,1.794694777488708,0.4869991888999939
0.0001,2184.0,1.7946947450637818,0.48699895763397216
0.0001,2185.0,1.7946946973800666,0.4869987354278563
0.0001,2186.0,1.7946947135925295,0.4869984779357909
0.0001,2187.0,1.7946946945190432,0.48699824190139773
0.0001,2188.0,1.7946946964263926,0.48699799966812124
0.0001,2189.0,1.7946946582794179,0.4869977941513061
0.0001,2190.0,1.79469460773468,0.4869975333213806
0.0001,2191.0,1.7946945838928219,0.486997287273407
0.0001,2192.0,1.7946945943832402,0.4869970602989196
0.0001,2193.0,1.7946945638656613,0.4869968400001526
0.0001,2194.0,1.7946945800781244,0.48699661350250245
0.0001,2195.0,1.7946945285797122,0.4869963731765747
0.0001,2196.0,1.7946944742202753,0.48699614048004153
0.0001,2197.0,1.7946944522857664,0.4869959120750427
0.0001,2198.0,1.7946944561004639,0.4869956841468811
0.0001,2199.0,1.794694435119629,0.4869954566955566
0.0001,2200.0,1.7946944322586056,0.4869952020645142
0.0001,2201.0,1.794694382667541,0.48699499988555917
0.0001,2202.0,1.7946943597793579,0.48699478054046635
0.0001,2203.0,1.7946943531036377,0.48699452304840096
0.0001,2204.0,1.7946943473815924,0.48699430799484245
0.0001,2205.0,1.7946943550109857,0.48699409341812133
0.0001,2206.0,1.7946943111419678,0.4869938735961914
0.0001,2207.0,1.794694276809692,0.48699364042282106
0.0001,2208.0,1.7946942300796511,0.4869933843612671
0.0001,2209.0,1.7946942319869998,0.48699319076538083
0.0001,2210.0,1.7946942214965822,0.4869929575920106
0.0001,2211.0,1.7946942338943486,0.4869927482604981
0.0001,2212.0,1.7946941947937014,0.4869925084114075
0.0001,2213.0,1.794694164276123,0.4869922733306884
0.0001,2214.0,1.7946941137313839,0.486992094039917
0.0001,2215.0,1.794694124221802,0.48699186325073235
0.0001,2216.0,1.7946941146850584,0.48699163007736207
0.0001,2217.0,1.794694117546082,0.4869914107322693
0.0001,2218.0,1.7946940660476682,0.48699120140075675
0.0001,2219.0,1.7946940422058104,0.48699098777770994
0.0001,2220.0,1.7946940069198614,0.4869907755851745
0.0001,2221.0,1.7946940011978147,0.4869905433654785
0.0001,2222.0,1.7946940021514888,0.4869903316497803
0.0001,2223.0,1.7946940040588382,0.4869901247024537
0.0001,2224.0,1.7946939792633059,0.48698988246917724
0.0001,2225.0,1.7946939220428462,0.4869896783828735
0.0001,2226.0,1.7946939010620115,0.48698947477340704
0.0001,2227.0,1.7946938858032226,0.4869892597198487
0.0001,2228.0,1.7946938810348512,0.48698905563354494
0.0001,2229.0,1.7946938896179199,0.48698882198333737
0.0001,2230.0,1.7946938591003418,0.48698863458633423
0.0001,2231.0,1.7946938228607179,0.48698840951919553
0.0001,2232.0,1.794693778038025,0.48698820400238046
0.0001,2233.0,1.794693777084351,0.4869879813194275
0.0001,2234.0,1.7946937818527224,0.48698779296875006
0.0001,2235.0,1.794693771362305,0.4869875931739806
0.0001,2236.0,1.7946937532424925,0.4869873919487
0.0001,2237.0,1.7946937284469608,0.4869871830940247
0.0001,2238.0,1.7946936826705933,0.48698695898056027
0.0001,2239.0,1.7946936645507816,0.48698676633834836
0.0001,2240.0,1.7946936893463132,0.4869865517616272
0.0001,2241.0,1.7946936712265016,0.4869863443374634
0.0001,2242.0,1.7946936559677122,0.4869861574172974
0.0001,2243.0,1.7946936111450196,0.48698593950271607
0.0001,2244.0,1.794693597793579,0.4869857487678527
0.0001,2245.0,1.7946935691833497,0.486985523223877
0.0001,2246.0,1.7946935634613044,0.486985321521759
0.0001,2247.0,1.7946935691833497,0.48698512792587284
0.0001,2248.0,1.794693561553955,0.48698492717742925
0.0001,2249.0,1.794693525314331,0.48698472690582273
0.0001,2250.0,1.7946934881210326,0.48698452949523924
0.0001,2251.0,1.794693462371826,0.4869843454360962
0.0001,2252.0,1.7946934614181513,0.486984127998352
0.0001,2253.0,1.7946934852600096,0.4869839277267456
0.0001,2254.0,1.7946934413909919,0.48698374176025394
0.0001,2255.0,1.7946934452056884,0.486983555316925
0.0001,2256.0,1.7946934146881108,0.4869833402633667
0.0001,2257.0,1.7946933765411377,0.4869831418991089
0.0001,2258.0,1.7946933383941646,0.48698294782638546
0.0001,2259.0,1.7946933574676514,0.48698275518417355
0.0001,2260.0,1.7946933488845827,0.48698255014419556
0.0001,2261.0,1.7946933536529543,0.48698237752914436
0.0001,2262.0,1.7946933174133297,0.48698217678070077
0.0001,2263.0,1.794693285942078,0.4869819898605346
0.0001,2264.0,1.7946932582855226,0.48698178386688223
0.0001,2265.0,1.79469324874878,0.48698159408569336
0.0001,2266.0,1.7946932439804077,0.48698140430450443
0.0001,2267.0,1.7946932468414312,0.48698121118545534
0.0001,2268.0,1.794693250656128,0.4869810285568237
0.0001,2269.0,1.7946931934356691,0.4869808406829834
0.0001,2270.0,1.7946931724548343,0.48698063039779665
0.0001,2271.0,1.794693139076233,0.48698045444488536
0.0001,2272.0,1.7946931428909298,0.48698025417327884
0.0001,2273.0,1.794693135261536,0.4869800734519959
0.0001,2274.0,1.7946931362152092,0.4869799013137817
0.0001,2275.0,1.794693117141724,0.4869796919822693
0.0001,2276.0,1.7946930904388425,0.48697951459884653
0.0001,2277.0,1.7946930446624751,0.48697934961318967
0.0001,2278.0,1.794693036079406,0.48697915554046634
0.0001,2279.0,1.7946930503845215,0.4869789652824402
0.0001,2280.0,1.794693037986755,0.4869787650108337
0.0001,2281.0,1.7946930484771726,0.4869785976409912
0.0001,2282.0,1.7946930179595948,0.4869784135818481
0.0001,2283.0,1.7946929712295536,0.4869782247543335
0.0001,2284.0,1.7946929616928102,0.48697804975509645
0.0001,2285.0,1.7946929359436037,0.48697784566879276
0.0001,2286.0,1.7946929492950443,0.4869776840209961
0.0001,2287.0,1.7946929283142088,0.48697749948501584
0.0001,2288.0,1.794692941665649,0.4869773135185242
0.0001,2289.0,1.7946929111480716,0.4869771203994751
0.0001,2290.0,1.7946928806304943,0.4869769678115845
0.0001,2291.0,1.7946928453445432,0.486976797580719
0.0001,2292.0,1.7946928453445432,0.48697660827636724
0.0001,2293.0,1.794692843437195,0.4869764318466187
0.0001,2294.0,1.7946928310394288,0.4869762415885925
0.0001,2295.0,1.7946928348541258,0.48697605609893796
0.0001,2296.0,1.7946928100585942,0.4869758949279786
0.0001,2297.0,1.7946927652359006,0.48697572088241586
0.0001,2298.0,1.7946927576065057,0.48697554683685307
0.0001,2299.0,1.794692741394043,0.48697535324096675
0.0001,2300.0,1.7946927480697634,0.486975209236145
0.0001,2301.0,1.794692720413208,0.48697500324249265
0.0001,2302.0,1.794692739486694,0.48697484970092775
0.0001,2303.0,1.794692717552185,0.48697467279434203
0.0001,2304.0,1.7946926965713503,0.4869744777679444
0.0001,2305.0,1.794692656517029,0.4869743299484253
0.0001,2306.0,1.7946926393508906,0.4869741544723511
0.0001,2307.0,1.7946926412582396,0.48697395610809335
0.0001,2308.0,1.7946926403045653,0.48697381114959704
0.0001,2309.0,1.7946926517486579,0.4869736328125
0.0001,2310.0,1.7946926317214964,0.48697345542907716
0.0001,2311.0,1.7946925926208492,0.48697329998016364
0.0001,2312.0,1.7946925659179689,0.486973126411438
0.0001,2313.0,1.7946925411224361,0.48697296810150154
0.0001,2314.0,1.7946925487518313,0.4869727902412415
0.0001,2315.0,1.7946925477981577,0.48697261142730713
0.0001,2316.0,1.794692541122437,0.48697245502471914
0.0001,2317.0,1.7946925354003906,0.4869722876548767
0.0001,2318.0,1.7946925039291375,0.4869721236228943
0.0001,2319.0,1.7946924705505372,0.486971960067749
0.0001,2320.0,1.7946924428939817,0.4869718017578125
0.0001,2321.0,1.794692441940308,0.48697162294387814
0.0001,2322.0,1.794692462921143,0.4869714708328246
0.0001,2323.0,1.794692437171936,0.4869712843894959
0.0001,2324.0,1.7946924409866332,0.4869711108207702
0.0001,2325.0,1.7946924409866334,0.4869709453582764
0.0001,2326.0,1.7946923980712897,0.48697078561782836
0.0001,2327.0,1.7946923637390133,0.486970648765564
0.0001,2328.0,1.7946923456192019,0.48697048473358157
0.0001,2329.0,1.794692356109619,0.4869702997207641
0.0001,2330.0,1.7946923503875731,0.48697015619277956
0.0001,2331.0,1.7946923398971562,0.4869699754714966
0.0001,2332.0,1.7946923542022704,0.48696980762481695
0.0001,2333.0,1.7946923284530638,0.486969660282135
0.0001,2334.0,1.7946922979354856,0.4869694995880127
0.0001,2335.0,1.7946922588348388,0.4869693565368652
0.0001,2336.0,1.7946922597885135,0.48696918153762825
0.0001,2337.0,1.7946922731399542,0.48696902084350585
0.0001,2338.0,1.7946922531127936,0.4869688653945922
0.0001,2339.0,1.7946922502517704,0.4869686980247498
0.0001,2340.0,1.794692248344421,0.4869685263633729
0.0001,2341.0,1.794692214012146,0.4869683718681336
0.0001,2342.0,1.7946922111511228,0.48696821451187133
0.0001,2343.0,1.7946921615600586,0.48696807384490975
0.0001,2344.0,1.7946921644210807,0.4869679231643677
0.0001,2345.0,1.7946921749114988,0.4869677438735962
0.0001,2346.0,1.7946921577453607,0.48696761131286626
0.0001,2347.0,1.794692157745361,0.48696745300292965
0.0001,2348.0,1.7946921529769895,0.4869672994613647
0.0001,2349.0,1.7946921339035034,0.48696713161468497
0.0001,2350.0,1.7946921062469487,0.48696698856353765
0.0001,2351.0,1.794692090988159,0.4869668288230895
0.0001,2352.0,1.794692058563232,0.4869666795730591
0.0001,2353.0,1.7946920833587636,0.4869665193557739
0.0001,2354.0,1.7946920614242554,0.4869663953781128
0.0001,2355.0,1.794692070007324,0.4869662179946899
0.0001,2356.0,1.7946920623779297,0.4869660658836365
0.0001,2357.0,1.794692029953002,0.4869659118652343
0.0001,2358.0,1.794692012786865,0.4869657711982727
0.0001,2359.0,1.7946919794082645,0.4869656457901002
0.0001,2360.0,1.7946919832229613,0.48696546602249147
0.0001,2361.0,1.7946919898986826,0.48696531438827517
0.0001,2362.0,1.7946919889450081,0.4869651770591736
0.0001,2363.0,1.7946919898986815,0.4869650177955627
0.0001,2364.0,1.7946919717788699,0.4869648723602295
0.0001,2365.0,1.7946919670104977,0.48696473407745355
0.0001,2366.0,1.7946919212341308,0.4869646005630493
0.0001,2367.0,1.7946918964385985,0.48696444272994993
0.0001,2368.0,1.7946918859481809,0.48696430730819706
0.0001,2369.0,1.7946918888092038,0.4869641637802124
0.0001,2370.0,1.7946918954849242,0.48696399545669555
0.0001,2371.0,1.7946918869018555,0.4869638628959656
0.0001,2372.0,1.7946918840408324,0.4869637341499329
0.0001,2373.0,1.7946918640136713,0.48696356630325316
0.0001,2374.0,1.79469183921814,0.4869634294509888
0.0001,2375.0,1.7946918201446538,0.48696328020095825
0.0001,2376.0,1.7946918048858649,0.4869631280899048
0.0001,2377.0,1.7946917915344236,0.4869629964828492
0.0001,2378.0,1.7946918144226074,0.4869628601074219
0.0001,2379.0,1.7946918010711668,0.48696271514892575
0.0001,2380.0,1.7946917991638187,0.48696255540847777
0.0001,2381.0,1.7946917915344238,0.48696240663528445
0.0001,2382.0,1.7946917533874522,0.48696227788925167
0.0001,2383.0,1.7946917495727541,0.4869621391296387
0.0001,2384.0,1.7946917037963868,0.4869619827270507
0.0001,2385.0,1.794691717147827,0.48696184968948353
0.0001,2386.0,1.7946917352676393,0.4869617080688477
0.0001,2387.0,1.7946917133331297,0.48696155309677125
0.0001,2388.0,1.7946917076110844,0.4869614214897156
0.0001,2389.0,1.794691714286804,0.48696129465103144
0.0001,2390.0,1.7946916980743406,0.4869611697196961
0.0001,2391.0,1.7946916837692264,0.4869610414505005
0.0001,2392.0,1.7946916532516477,0.48696090269088754
0.0001,2393.0,1.794691623687744,0.48696074962615965
0.0001,2394.0,1.7946916170120235,0.4869606013298034
0.0001,2395.0,1.7946916599273677,0.4869604706764221
0.0001,2396.0,1.7946916294097894,0.4869603471755981
0.0001,2397.0,1.7946916351318363,0.4869602117538453
0.0001,2398.0,1.7946916313171386,0.48696006870269765
0.0001,2399.0,1.794691593170166,0.48695993185043335
0.0001,2400.0,1.7946915845870968,0.486959798336029
0.0001,2401.0,1.7946915588378904,0.48695966005325314
0.0001,2402.0,1.794691537857056,0.48695953035354617
0.0001,2403.0,1.7946915512084964,0.48695938777923575
0.0001,2404.0,1.7946915464401252,0.4869592604637146
0.0001,2405.0,1.7946915435791009,0.48695913028717047
0.0001,2406.0,1.7946915512084962,0.4869589772224427
0.0001,2407.0,1.7946915330886837,0.4869588527679443
0.0001,2408.0,1.794691512107849,0.4869586987495423
0.0001,2409.0,1.7946914882659903,0.48695859479904186
0.0001,2410.0,1.7946914758682253,0.4869584603309632
0.0001,2411.0,1.7946914463043215,0.4869583234786987
0.0001,2412.0,1.7946914806365968,0.486958176612854
0.0001,2413.0,1.7946914596557622,0.48695804548263544
0.0001,2414.0,1.7946914501190183,0.48695791864395144
0.0001,2415.0,1.794691466331482,0.486957790851593
0.0001,2416.0,1.7946914634704594,0.4869576439857483
0.0001,2417.0,1.7946914405822754,0.4869575242996216
0.0001,2418.0,1.7946914062499997,0.486957371711731
0.0001,2419.0,1.794691392898559,0.48695725154876707
0.0001,2420.0,1.794691370010376,0.4869571342468262
0.0001,2421.0,1.794691374778747,0.4869569916725158
0.0001,2422.0,1.794691393852234,0.4869568848609924
0.0001,2423.0,1.7946913719177249,0.4869567465782165
0.0001,2424.0,1.7946913757324217,0.48695663070678713
0.0001,2425.0,1.7946913738250727,0.4869565014839172
0.0001,2426.0,1.794691352844238,0.48695637798309327
0.0001,2427.0,1.7946913385391239,0.48695623826980583
0.0001,2428.0,1.7946913032531742,0.4869561166763305
0.0001,2429.0,1.7946912879943846,0.4869559798240661
0.0001,2430.0,1.7946912784576414,0.4869558606147766
0.0001,2431.0,1.7946913137435918,0.48695570516586306
0.0001,2432.0,1.794691291809082,0.4869555978775024
0.0001,2433.0,1.7946912975311284,0.486955487728119
0.0001,2434.0,1.7946912918090823,0.48695537376403814
0.0001,2435.0,1.7946912708282468,0.4869552521705626
0.0001,2436.0,1.7946912698745732,0.48695511293411264
0.0001,2437.0,1.7946912441253666,0.48695498514175417
0.0001,2438.0,1.7946912145614622,0.4869548773765564
0.0001,2439.0,1.7946912078857422,0.4869547438621521
0.0001,2440.0,1.794691220283508,0.4869546184539796
0.0001,2441.0,1.7946912250518796,0.486954505443573
0.0001,2442.0,1.7946912240982051,0.48695439052581785
0.0001,2443.0,1.7946912145614617,0.48695425891876226
0.0001,2444.0,1.794691215515137,0.4869541463851929
0.0001,2445.0,1.794691190719605,0.48695401000976557
0.0001,2446.0,1.7946911621093753,0.48695388412475593
0.0001,2447.0,1.794691145896911,0.48695376682281494
0.0001,2448.0,1.7946911315917964,0.48695365047454836
0.0001,2449.0,1.7946911382675168,0.48695352506637574
0.0001,2450.0,1.7946911439895634,0.4869534263610839
0.0001,2451.0,1.7946911354064936,0.4869533004760742
0.0001,2452.0,1.7946911354064938,0.486953179359436
0.0001,2453.0,1.7946911544799804,0.48695306110382075
0.0001,2454.0,1.7946911087036135,0.48695294284820556
0.0001,2455.0,1.794691110610962,0.48695282936096196
0.0001,2456.0,1.7946910848617552,0.48695272350311275
0.0001,2457.0,1.79469108581543,0.48695260858535766
0.0001,2458.0,1.7946910438537602,0.48695248508453365
0.0001,2459.0,1.7946910629272468,0.486952374458313
0.0001,2460.0,1.7946910533905032,0.4869522352218628
0.0001,2461.0,1.7946910572051997,0.48695213890075684
0.0001,2462.0,1.79469106388092,0.4869520101547241
0.0001,2463.0,1.7946910743713376,0.4869519052505493
0.0001,2464.0,1.7946910581588749,0.4869517841339111
0.0001,2465.0,1.7946910448074345,0.4869516630172731
0.0001,2466.0,1.7946910066604618,0.4869515762329102
0.0001,2467.0,1.7946909999847411,0.48695145893096925
0.0001,2468.0,1.794690976142883,0.48695132493972776
0.0001,2469.0,1.794690958023071,0.48695121002197267
0.0001,2470.0,1.7946909894943233,0.48695109462738034
0.0001,2471.0,1.7946909809112557,0.4869509906768799
0.0001,2472.0,1.7946909980773929,0.4869508795738221
0.0001,2473.0,1.7946909961700437,0.4869507761001588
0.0001,2474.0,1.7946909790039065,0.4869506583213806
0.0001,2475.0,1.7946909580230717,0.4869505496025086
0.0001,2476.0,1.7946909608840944,0.4869504446983337
0.0001,2477.0,1.7946909408569334,0.4869503364562989
0.0001,2478.0,1.7946909084320068,0.486950231552124
0.0001,2479.0,1.7946908931732184,0.48695011997222903
0.0001,2480.0,1.7946909170150758,0.4869500207901001
0.0001,2481.0,1.7946909208297732,0.48694989013671874
0.0001,2482.0,1.7946909151077266,0.48694978570938113
0.0001,2483.0,1.7946909246444707,0.4869496979713439
0.0001,2484.0,1.7946909294128432,0.48694958019256585
0.0001,2485.0,1.7946908950805676,0.4869494724273682
0.0001,2486.0,1.7946908845901497,0.48694935798645017
0.0001,2487.0,1.7946908607482914,0.4869492492675781
0.0001,2488.0,1.794690846443177,0.4869491486549377
0.0001,2489.0,1.7946908245086666,0.4869490308761597
0.0001,2490.0,1.7946908235549919,0.48694892024993897
0.0001,2491.0,1.7946908359527591,0.48694880867004403
0.0001,2492.0,1.794690839767456,0.48694870567321774
0.0001,2493.0,1.794690830230713,0.4869485950469971
0.0001,2494.0,1.7946908416748044,0.48694850444793697
0.0001,2495.0,1.794690832138062,0.4869484033584595
0.0001,2496.0,1.7946908149719238,0.4869482793807983
0.0001,2497.0,1.7946908092498777,0.48694820022583013
0.0001,2498.0,1.7946907739639277,0.4869480628967285
0.0001,2499.0,1.7946907634735103,0.48694799232482916
0.0001,2500.0,1.7946907472610474,0.4869478731155396
0.0001,2501.0,1.794690761566162,0.48694777822494506
0.0001,2502.0,1.7946907739639284,0.48694767189025884
0.0001,2503.0,1.7946907606124878,0.48694757556915286
0.0001,2504.0,1.7946907529830929,0.48694746875762945
0.0001,2505.0,1.7946907787322997,0.4869473791122437
0.0001,2506.0,1.7946907577514637,0.48694726514816283
0.0001,2507.0,1.794690744400024,0.4869471855163574
0.0001,2508.0,1.7946907300949098,0.48694707918167124
0.0001,2509.0,1.7946907005310062,0.48694695949554445
0.0001,2510.0,1.7946906948089607,0.48694685602188115
0.0001,2511.0,1.794690691947937,0.4869467644691467
0.0001,2512.0,1.794690685272217,0.4869466571807861
0.0001,2513.0,1.7946906995773317,0.4869465517997742
0.0001,2514.0,1.7946906852722169,0.4869464516639709
0.0001,2515.0,1.794690695762634,0.4869463672637939
0.0001,2516.0,1.7946906986236577,0.4869462599754333
0.0001,2517.0,1.7946906852722166,0.486946180820465
0.0001,2518.0,1.7946906795501703,0.4869460802078247
0.0001,2519.0,1.7946906642913816,0.486945951461792
0.0001,2520.0,1.7946906375885003,0.48694587230682373
0.0001,2521.0,1.7946906204223625,0.4869457750320435
0.0001,2522.0,1.7946906042099002,0.48694565343856805
0.0001,2523.0,1.7946906070709232,0.48694557332992555
0.0001,2524.0,1.794690609931946,0.48694548320770265
0.0001,2525.0,1.7946906156539917,0.4869453859329223
0.0001,2526.0,1.7946906232833864,0.48694529056549074
0.0001,2527.0,1.7946906414031985,0.48694517278671273
0.0001,2528.0,1.7946906175613402,0.48694508028030387
0.0001,2529.0,1.794690614700318,0.4869449977874757
0.0001,2530.0,1.7946905956268315,0.48694490718841554
0.0001,2531.0,1.7946905765533447,0.48694477605819697
0.0001,2532.0,1.7946905727386475,0.48694469070434576
0.0001,2533.0,1.7946905403137203,0.48694460105895987
0.0001,2534.0,1.794690547943115,0.48694450283050533
0.0001,2535.0,1.7946905479431148,0.486944396018982
0.0001,2536.0,1.7946905641555784,0.48694431877136235
0.0001,2537.0,1.7946905612945556,0.4869442200660706
0.0001,2538.0,1.794690556526184,0.4869441366195679
0.0001,2539.0,1.794690549850464,0.48694403314590456
0.0001,2540.0,1.7946905536651614,0.4869439358711243
0.0001,2541.0,1.794690544128418,0.4869438543319703
0.0001,2542.0,1.7946905288696284,0.48694377040863046
0.0001,2543.0,1.7946905040740961,0.4869436669349671
0.0001,2544.0,1.7946905031204226,0.4869435696601868
0.0001,2545.0,1.7946904802322385,0.4869434766769409
0.0001,2546.0,1.7946904830932617,0.48694338369369516
0.0001,2547.0,1.7946904773712158,0.48694330692291266
0.0001,2548.0,1.794690481185913,0.4869432277679443
0.0001,2549.0,1.7946904850006105,0.48694311761856074
0.0001,2550.0,1.794690496444702,0.486943027973175
0.0001,2551.0,1.7946904850006102,0.48694292402267453
0.0001,2552.0,1.7946904878616334,0.4869428296089172
0.0001,2553.0,1.7946904621124276,0.48694276237487794
0.0001,2554.0,1.794690465927124,0.48694265985488894
0.0001,2555.0,1.7946904315948486,0.4869425458908081
0.0001,2556.0,1.794690440177917,0.48694247150421144
0.0001,2557.0,1.794690400123596,0.4869423990249633
0.0001,2558.0,1.7946904096603393,0.48694231605529786
0.0001,2559.0,1.7946904201507563,0.48694221496582024
0.0001,2560.0,1.794690423011779,0.48694214296340943
0.0001,2561.0,1.7946904115676883,0.48694202709198003
0.0001,2562.0,1.7946904220581055,0.48694195127487194
0.0001,2563.0,1.7946904335021967,0.4869418773651124
0.0001,2564.0,1.7946904335021974,0.48694178867340093
0.0001,2565.0,1.7946904077529913,0.4869416780471802
0.0001,2566.0,1.7946904010772706,0.4869415965080261
0.0001,2567.0,1.7946903772354124,0.4869415187835694
0.0001,2568.0,1.7946903581619271,0.4869414076805114
0.0001,2569.0,1.7946903533935554,0.48694131278991704
0.0001,2570.0,1.7946903572082522,0.48694122695922853
0.0001,2571.0,1.7946903333663948,0.48694115877151495
0.0001,2572.0,1.7946903648376464,0.4869410800933838
0.0001,2573.0,1.7946903553009033,0.4869409956932068
0.0001,2574.0,1.7946903486251828,0.48694089031219484
0.0001,2575.0,1.7946903648376462,0.48694081306457515
0.0001,2576.0,1.794690357208252,0.4869407238960266
0.0001,2577.0,1.7946903591156003,0.4869406213760375
0.0001,2578.0,1.794690322875976,0.48694053936004644
0.0001,2579.0,1.7946903209686276,0.4869404706954956
0.0001,2580.0,1.794690316200256,0.4869403710365296
0.0001,2581.0,1.7946902837753294,0.4869402990341186
0.0001,2582.0,1.794690273284912,0.4869402036666871
0.0001,2583.0,1.7946902828216549,0.48694011640548707
0.0001,2584.0,1.7946902952194217,0.4869400548934935
0.0001,2585.0,1.79469030380249,0.48693997144699097
0.0001,2586.0,1.7946902933120723,0.4869398770332336
0.0001,2587.0,1.7946902914047238,0.4869397764205933
0.0001,2588.0,1.7946903018951414,0.48693969583511354
0.0001,2589.0,1.7946903085708614,0.486939600944519
0.0001,2590.0,1.794690282821655,0.48693954420089725
0.0001,2591.0,1.794690267562866,0.4869394497871399
0.0001,2592.0,1.7946902570724486,0.4869393620491028
0.0001,2593.0,1.794690249443054,0.4869392900466919
0.0001,2594.0,1.7946902370452884,0.48693918561935434
0.0001,2595.0,1.7946902103424067,0.486939118385315
0.0001,2596.0,1.7946902141571046,0.48693903493881224
0.0001,2597.0,1.7946902112960814,0.48693896102905276
0.0001,2598.0,1.7946902370452884,0.48693887042999273
0.0001,2599.0,1.7946902198791503,0.48693877315521233
0.0001,2600.0,1.794690228462219,0.4869387183189392
0.0001,2601.0,1.7946902370452884,0.4869386186599732
0.0001,2602.0,1.794690249443054,0.4869385619163514
0.0001,2603.0,1.7946902160644533,0.4869384593963623
0.0001,2604.0,1.7946901988983153,0.4869383835792542
0.0001,2605.0,1.7946901941299434,0.4869383034706115
0.0001,2606.0,1.7946901779174809,0.48693823337554926
0.0001,2607.0,1.7946901626586913,0.4869381465911865
0.0001,2608.0,1.7946901454925535,0.48693807268142697
0.0001,2609.0,1.7946901493072511,0.48693797206878664
0.0001,2610.0,1.7946901512145998,0.48693792629241944
0.0001,2611.0,1.79469016456604,0.48693785285949703
0.0001,2612.0,1.7946901655197145,0.4869377751350403
0.0001,2613.0,1.7946901550292969,0.48693769168853757
0.0001,2614.0,1.7946901674270626,0.4869375958442689
0.0001,2615.0,1.7946901836395268,0.48693753147125246
0.0001,2616.0,1.7946901845932015,0.4869374632835388
0.0001,2617.0,1.794690163612366,0.48693738269805903
0.0001,2618.0,1.7946901521682737,0.48693728780746465
0.0001,2619.0,1.79469014263153,0.486937225818634
0.0001,2620.0,1.794690119743347,0.4869371342658997
0.0001,2621.0,1.7946901168823246,0.48693704891204836
0.0001,2622.0,1.7946900901794436,0.4869369807243348
0.0001,2623.0,1.7946901111602784,0.48693690967559816
0.0001,2624.0,1.7946900987625125,0.4869368371963501
0.0001,2625.0,1.7946901054382327,0.4869367637634278
0.0001,2626.0,1.7946901035308835,0.48693668270111085
0.0001,2627.0,1.7946901178359989,0.48693663120269776
0.0001,2628.0,1.794690094947815,0.48693654489517213
0.0001,2629.0,1.7946901187896727,0.4869364557266236
0.0001,2630.0,1.7946901006698601,0.48693639230728153
0.0001,2631.0,1.7946900815963749,0.4869363012313843
0.0001,2632.0,1.794690079689026,0.48693623495101934
0.0001,2633.0,1.7946900653839115,0.48693615913391114
0.0001,2634.0,1.7946900358200073,0.4869360871315003
0.0001,2635.0,1.7946900281906135,0.4869360151290894
0.0001,2636.0,1.7946900234222416,0.4869359569549562
0.0001,2637.0,1.7946900243759158,0.48693586635589603
0.0001,2638.0,1.794690040588379,0.48693577337265015
0.0001,2639.0,1.7946900396347047,0.48693570280075077
0.0001,2640.0,1.7946900424957273,0.4869356374740601
0.0001,2641.0,1.794690043449402,0.4869355840682983
0.0001,2642.0,1.7946900472640992,0.4869354934692383
0.0001,2643.0,1.7946900310516358,0.48693543386459354
0.0001,2644.0,1.7946900463104243,0.4869353408813476
0.0001,2645.0,1.7946900568008421,0.48693526411056515
0.0001,2646.0,1.7946900320053105,0.48693520069122315
0.0001,2647.0,1.7946900300979622,0.486935136795044
0.0001,2648.0,1.7946900043487548,0.4869350490570068
0.0001,2649.0,1.7946899881362912,0.48693498802185065
0.0001,2650.0,1.794689973831176,0.48693490314483645
0.0001,2651.0,1.7946899719238274,0.48693485355377203
0.0001,2652.0,1.7946899852752678,0.48693478536605833
0.0001,2653.0,1.794689977645874,0.48693471527099613
0.0001,2654.0,1.7946899986267089,0.4869346370697022
0.0001,2655.0,1.7946899833679197,0.48693455362319943
0.0001,2656.0,1.7946899967193606,0.4869344816207886
0.0001,2657.0,1.7946899995803833,0.48693440341949457
0.0001,2658.0,1.794690000534058,0.48693435573577876
0.0001,2659.0,1.7946899986267089,0.4869342570304871
0.0001,2660.0,1.7946899852752687,0.4869342041015625
0.0001,2661.0,1.7946899738311775,0.4869341311454773
0.0001,2662.0,1.7946899709701536,0.48693405294418346
0.0001,2663.0,1.794689950942993,0.4869339890480043
0.0001,2664.0,1.7946899490356447,0.48693391036987316
0.0001,2665.0,1.7946899318695069,0.4869338326454163
0.0001,2666.0,1.7946899108886714,0.4869337615966797
0.0001,2667.0,1.7946899185180667,0.4869337091445923
0.0001,2668.0,1.7946899261474607,0.4869336342811585
0.0001,2669.0,1.7946899166107178,0.4869335565567016
0.0001,2670.0,1.7946899251937865,0.4869334721565246
0.0001,2671.0,1.7946899223327637,0.4869334192276001
0.0001,2672.0,1.794689931869507,0.4869333481788635
0.0001,2673.0,1.7946899290084846,0.4869332814216614
0.0001,2674.0,1.7946899375915526,0.486933201789856
0.0001,2675.0,1.7946899309158326,0.48693315410614
0.0001,2676.0,1.7946899175643922,0.48693307971954347
0.0001,2677.0,1.7946898956298822,0.4869330053329468
0.0001,2678.0,1.7946899032592771,0.48693295431137085
0.0001,2679.0,1.7946899013519286,0.486932876586914
0.0001,2680.0,1.7946898632049566,0.4869328141212464
0.0001,2681.0,1.7946898603439332,0.4869327592849731
0.0001,2682.0,1.7946898689270019,0.48693267393112183
0.0001,2683.0,1.7946898574829109,0.486932596206665
0.0001,2684.0,1.7946898698806764,0.4869325447082519
0.0001,2685.0,1.7946898803710936,0.48693247413635254
0.0001,2686.0,1.7946898689270017,0.48693240022659295
0.0001,2687.0,1.7946898746490476,0.48693236827850345
0.0001,2688.0,1.7946898632049568,0.48693228149414064
0.0001,2689.0,1.7946898765563966,0.4869322171211243
0.0001,2690.0,1.7946898965835574,0.4869321465492248
0.0001,2691.0,1.7946898670196532,0.48693209886550903
0.0001,2692.0,1.7946898660659794,0.48693201112747186
0.0001,2693.0,1.7946898603439327,0.4869319353103638
0.0001,2694.0,1.7946898412704464,0.4869318914413452
0.0001,2695.0,1.7946898288726811,0.4869318275451661
0.0001,2696.0,1.7946898021698001,0.4869317460060119
0.0001,2697.0,1.7946898136138916,0.48693168878555304
0.0001,2698.0,1.7946898031234741,0.4869316368103027
0.0001,2699.0,1.7946898279190064,0.48693154525756827
0.0001,2700.0,1.794689834594727,0.48693150043487554
0.0001,2701.0,1.7946898403167724,0.48693140316009526
0.0001,2702.0,1.7946898279190069,0.48693136548995974
0.0001,2703.0,1.7946898298263556,0.4869313101768494
0.0001,2704.0,1.7946898260116577,0.4869312300682067
0.0001,2705.0,1.7946898336410528,0.4869311585426331
0.0001,2706.0,1.7946898422241209,0.48693110466003414
0.0001,2707.0,1.7946898269653322,0.48693104839324947
0.0001,2708.0,1.7946898231506347,0.48693098020553593
0.0001,2709.0,1.7946898088455199,0.48693089771270753
0.0001,2710.0,1.794689799308777,0.48693084144592275
0.0001,2711.0,1.7946897754669193,0.4869307584762573
0.0001,2712.0,1.7946897678375247,0.48693070602416993
0.0001,2713.0,1.7946897621154785,0.48693066215515135
0.0001,2714.0,1.7946897544860847,0.48693059444427494
0.0001,2715.0,1.794689744949341,0.486930537700653
0.0001,2716.0,1.794689755439759,0.4869304900169372
0.0001,2717.0,1.7946897659301764,0.48693042659759517
0.0001,2718.0,1.7946897792816159,0.48693035268783574
0.0001,2719.0,1.794689758300781,0.4869302954673767
0.0001,2720.0,1.7946897830963136,0.486930233001709
0.0001,2721.0,1.7946897735595706,0.48693017578125
0.0001,2722.0,1.7946897935867314,0.4869301133155823
0.0001,2723.0,1.7946897735595706,0.48693005800247185
0.0001,2724.0,1.7946897630691534,0.4869299840927125
0.0001,2725.0,1.794689755439759,0.4869299249649048
0.0001,2726.0,1.794689754486084,0.48692988109588625
0.0001,2727.0,1.794689752578735,0.4869298162460327
0.0001,2728.0,1.7946897315979002,0.4869297404289246
0.0001,2729.0,1.7946897249221803,0.4869296875
0.0001,2730.0,1.7946896982192995,0.486929630279541
0.0001,2731.0,1.7946897087097167,0.48692956209182736
0.0001,2732.0,1.794689708709717,0.4869295091629028
0.0001,2733.0,1.7946896934509278,0.4869294466972352
0.0001,2734.0,1.7946897058486944,0.48692940092086795
0.0001,2735.0,1.7946897220611582,0.4869293179512024
0.0001,2736.0,1.7946897325515752,0.4869292836189271
0.0001,2737.0,1.7946897144317628,0.48692921495437624
0.0001,2738.0,1.7946897163391118,0.48692915630340583
0.0001,2739.0,1.794689732551575,0.48692908573150634
0.0001,2740.0,1.7946897249221796,0.486929030418396
0.0001,2741.0,1.7946897201538086,0.4869289546012879
0.0001,2742.0,1.7946897296905513,0.48692892122268683
0.0001,2743.0,1.7946897087097164,0.4869289026260376
0.0001,2744.0,1.7946897039413452,0.4869288053512574
0.0001,2745.0,1.7946896762847901,0.486928740978241
0.0001,2746.0,1.7946896781921386,0.4869287028312683
0.0001,2747.0,1.794689663887024,0.4869286465644837
0.0001,2748.0,1.7946896543502813,0.4869285850524902
0.0001,2749.0,1.7946896553039549,0.48692852020263677
0.0001,2750.0,1.7946896467208862,0.4869284782409668
0.0001,2751.0,1.7946896581649778,0.4869284219741822
0.0001,2752.0,1.794689663887024,0.4869283556938172
0.0001,2753.0,1.7946896724700927,0.4869282965660096
0.0001,2754.0,1.7946896677017212,0.4869282293319702
0.0001,2755.0,1.7946896686553957,0.48692818450927733
0.0001,2756.0,1.7946896877288825,0.48692813396453855
0.0001,2757.0,1.7946896905899048,0.48692806720733633
0.0001,2758.0,1.7946896896362299,0.48692801380157463
0.0001,2759.0,1.7946896591186525,0.4869279723167419
0.0001,2760.0,1.7946896572113034,0.4869278922080993
0.0001,2761.0,1.794689649581909,0.4869278650283814
0.0001,2762.0,1.794689632415771,0.4869277982711792
0.0001,2763.0,1.7946896495819087,0.4869277367591858
0.0001,2764.0,1.7946896295547483,0.4869276838302612
0.0001,2765.0,1.794689617156982,0.4869276165962219
0.0001,2766.0,1.7946896066665652,0.48692757129669184
0.0001,2767.0,1.7946896057128914,0.486927523612976
0.0001,2768.0,1.7946896104812626,0.4869274644851684
0.0001,2769.0,1.7946896114349367,0.48692741966247555
0.0001,2770.0,1.7946896114349373,0.48692736721038815
0.0001,2771.0,1.794689623832703,0.4869273252487183
0.0001,2772.0,1.7946896238327028,0.4869272656440735
0.0001,2773.0,1.7946896247863768,0.4869271984100342
0.0001,2774.0,1.7946896276474,0.486927134513855
0.0001,2775.0,1.794689632415772,0.4869270696640015
0.0001,2776.0,1.7946896371841436,0.486927034854889
0.0001,2777.0,1.7946896286010743,0.48692697191238404
0.0001,2778.0,1.7946896305084232,0.4869269194602967
0.0001,2779.0,1.7946896276474,0.4869268846511841
0.0001,2780.0,1.794689613342285,0.48692683601379394
0.0001,2781.0,1.7946896076202392,0.4869267950057984
0.0001,2782.0,1.7946895856857303,0.4869267163276672
0.0001,2783.0,1.794689567565918,0.48692667150497443
0.0001,2784.0,1.7946895637512208,0.4869266295433045
0.0001,2785.0,1.794689560890198,0.48692658185958865
0.0001,2786.0,1.7946895656585693,0.48692654085159304
0.0001,2787.0,1.7946895618438723,0.4869264745712281
0.0001,2788.0,1.794689554214477,0.48692642927169805
0.0001,2789.0,1.7946895484924312,0.4869263839721681
0.0001,2790.0,1.794689558982849,0.4869263224601746
0.0001,2791.0,1.7946895627975463,0.48692625999450684
0.0001,2792.0,1.794689563751221,0.48692622423171994
0.0001,2793.0,1.7946895885467533,0.48692616748809814
0.0001,2794.0,1.7946895809173586,0.4869261102676392
0.0001,2795.0,1.794689569473267,0.48692606115341197
0.0001,2796.0,1.7946895866394041,0.48692600584030155
0.0001,2797.0,1.7946895866394046,0.48692594909667963
0.0001,2798.0,1.794689573287964,0.48692592620849606
0.0001,2799.0,1.794689555168152,0.48692584705352787
0.0001,2800.0,1.7946895456314091,0.486925814628601
0.0001,2801.0,1.7946895446777351,0.48692576694488526
0.0001,2802.0,1.7946895513534546,0.4869257121086121
0.0001,2803.0,1.7946895370483404,0.48692567348480226
0.0001,2804.0,1.7946895160675052,0.486925633907318
0.0001,2805.0,1.7946895179748537,0.4869255800247192
0.0001,2806.0,1.7946895132064824,0.48692550849914557
0.0001,2807.0,1.7946895170211796,0.4869254612922669
0.0001,2808.0,1.7946895112991337,0.48692541217803953
0.0001,2809.0,1.7946895198822028,0.48692535686492927
0.0001,2810.0,1.7946895217895502,0.48692532682418815
0.0001,2811.0,1.79468952178955,0.4869252829551696
0.0001,2812.0,1.7946895217895502,0.4869252238273621
0.0001,2813.0,1.794689522743225,0.48692517375946043
0.0001,2814.0,1.794689534187317,0.4869251284599304
0.0001,2815.0,1.7946895322799692,0.48692507743835445
0.0001,2816.0,1.7946895399093634,0.48692504310607915
0.0001,2817.0,1.794689536094666,0.48692499399185174
0.0001,2818.0,1.7946895065307618,0.48692494153976434
0.0001,2819.0,1.7946895141601564,0.48692488622665414
0.0001,2820.0,1.7946895112991337,0.4869248223304749
0.0001,2821.0,1.7946895065307622,0.48692478084564217
0.0001,2822.0,1.7946894931793214,0.48692473745346065
0.0001,2823.0,1.794689489364624,0.4869246935844422
0.0001,2824.0,1.7946894845962518,0.48692464208602904
0.0001,2825.0,1.7946894645690914,0.4869245929718018
0.0001,2826.0,1.7946894702911376,0.4869245557785034
0.0001,2827.0,1.7946894626617431,0.4869245252609254
0.0001,2828.0,1.7946894721984865,0.4869244680404664
0.0001,2829.0,1.794689454078674,0.48692443466186525
0.0001,2830.0,1.7946894731521605,0.4869243927001954
0.0001,2831.0,1.7946894845962529,0.48692433738708496
0.0001,2832.0,1.7946894750595095,0.4869242858886718
0.0001,2833.0,1.7946894798278805,0.48692423534393314
0.0001,2834.0,1.7946894893646237,0.4869241895675659
0.0001,2835.0,1.794689491271973,0.48692415428161623
0.0001,2836.0,1.7946895074844367,0.4869241042137147
0.0001,2837.0,1.7946894979476928,0.4869240679740906
0.0001,2838.0,1.7946895017623905,0.4869240407943726
0.0001,2839.0,1.79468948173523,0.486923978805542
0.0001,2840.0,1.7946894721984865,0.4869239468574524
0.0001,2841.0,1.7946894636154176,0.48692389297485356
0.0001,2842.0,1.7946894645690923,0.48692385530471805
0.0001,2843.0,1.7946894512176512,0.4869238157272338
0.0001,2844.0,1.7946894588470454,0.4869237489700317
0.0001,2845.0,1.794689435958862,0.4869237322807312
0.0001,2846.0,1.7946894302368164,0.4869236884117126
0.0001,2847.0,1.7946894321441653,0.4869236397743224
0.0001,2848.0,1.7946894340515143,0.4869235744476319
0.0001,2849.0,1.7946894207000734,0.486923523902893
0.0001,2850.0,1.7946894302368168,0.48692348575592037
0.0001,2851.0,1.794689420700073,0.48692347049713136
0.0001,2852.0,1.7946894283294683,0.4869234113693237
0.0001,2853.0,1.7946894426345827,0.4869233765602111
0.0001,2854.0,1.7946894321441644,0.48692331027984614
0.0001,2855.0,1.7946894321441649,0.4869232892990112
0.0001,2856.0,1.7946894474029538,0.48692322635650637
0.0001,2857.0,1.7946894416809083,0.48692317581176764
0.0001,2858.0,1.7946894311904906,0.4869231605529785
0.0001,2859.0,1.7946894416809083,0.486923122882843
0.0001,2860.0,1.7946894531250002,0.48692306375503547
0.0001,2861.0,1.7946894493103027,0.4869230308532715
0.0001,2862.0,1.7946894359588619,0.48692296695709236
0.0001,2863.0,1.7946894264221185,0.4869229402542115
0.0001,2864.0,1.7946894245147702,0.4869228849411011
0.0001,2865.0,1.7946894054412843,0.48692284679412845
0.0001,2866.0,1.7946894063949583,0.48692281150817873
0.0001,2867.0,1.7946893844604495,0.4869227685928345
0.0001,2868.0,1.794689388275147,0.4869227266311646
0.0001,2869.0,1.794689382553101,0.4869226908683777
0.0001,2870.0,1.7946893892288207,0.48692264270782476
0.0001,2871.0,1.7946893739700318,0.48692261314392093
0.0001,2872.0,1.7946893835067754,0.4869225559234619
0.0001,2873.0,1.7946893968582154,0.4869225139617921
0.0001,2874.0,1.7946893930435184,0.48692246818542473
0.0001,2875.0,1.7946893968582152,0.48692245006561274
0.0001,2876.0,1.7946893978118896,0.48692240428924555
0.0001,2877.0,1.794689390182495,0.4869223623275757
0.0001,2878.0,1.7946894006729128,0.48692231321334833
0.0001,2879.0,1.7946893959045411,0.4869222831726074
0.0001,2880.0,1.7946893815994263,0.4869222412109375
0.0001,2881.0,1.7946894016265866,0.48692219018936156
0.0001,2882.0,1.7946894073486328,0.48692215061187744
0.0001,2883.0,1.7946894168853758,0.48692210912704464
0.0001,2884.0,1.7946893920898432,0.4869220657348633
0.0001,2885.0,1.7946893968582154,0.4869220223426819
0.0001,2886.0,1.7946893787384024,0.4869219765663147
0.0001,2887.0,1.7946893768310537,0.4869219346046449
0.0001,2888.0,1.794689378738403,0.4869219121932983
0.0001,2889.0,1.7946893434524533,0.48692184019088747
0.0001,2890.0,1.7946893672943114,0.4869218034744263
0.0001,2891.0,1.7946893596649167,0.48692176151275635
0.0001,2892.0,1.7946893415451048,0.4869217143058777
0.0001,2893.0,1.7946893215179445,0.48692168712615963
0.0001,2894.0,1.794689331054688,0.4869216623306275
0.0001,2895.0,1.7946893367767338,0.4869216051101685
0.0001,2896.0,1.7946893148422247,0.4869215712547303
0.0001,2897.0,1.794689337730408,0.48692153930664067
0.0001,2898.0,1.7946893472671515,0.48692148542404173
0.0001,2899.0,1.7946893625259404,0.48692145204544063
0.0001,2900.0,1.7946893615722657,0.486921404838562
0.0001,2901.0,1.7946893424987795,0.4869213476181031
0.0001,2902.0,1.7946893692016601,0.4869213151931763
0.0001,2903.0,1.7946893520355227,0.4869212865829468
0.0001,2904.0,1.794689361572265,0.4869212489128113
0.0001,2905.0,1.794689355850219,0.486921220779419
0.0001,2906.0,1.7946893682479859,0.4869211874008179
0.0001,2907.0,1.794689357757568,0.48692113399505627
0.0001,2908.0,1.7946893634796144,0.4869211168289185
0.0001,2909.0,1.7946893634796137,0.4869210577011109
0.0001,2910.0,1.7946893501281735,0.48692104053497315
0.0001,2911.0,1.7946893539428705,0.48692098140716555
0.0001,2912.0,1.79468933391571,0.4869209451675414
0.0001,2913.0,1.7946893310546872,0.4869209051132202
0.0001,2914.0,1.7946893339157108,0.48692086553573605
0.0001,2915.0,1.7946893205642698,0.486920825958252
0.0001,2916.0,1.7946892948150637,0.48692077732086186
0.0001,2917.0,1.7946893119812013,0.4869207453727722
0.0001,2918.0,1.7946893062591553,0.48692071533203124
0.0001,2919.0,1.7946892948150635,0.4869206719398498
0.0001,2920.0,1.7946893043518062,0.4869206123352051
0.0001,2921.0,1.7946893005371085,0.48692060995101927
0.0001,2922.0,1.7946892938613888,0.4869205551147461
0.0001,2923.0,1.7946893100738524,0.4869205150604248
0.0001,2924.0,1.7946893005371092,0.48692045545578
0.0001,2925.0,1.7946892919540403,0.4869204325675965
0.0001,2926.0,1.794689298629761,0.48692039108276364
0.0001,2927.0,1.7946893024444588,0.48692036104202274
0.0001,2928.0,1.7946893119812013,0.48692032480239866
0.0001,2929.0,1.7946893215179454,0.48692029666900627
0.0001,2930.0,1.7946893215179445,0.48692024374008175
0.0001,2931.0,1.7946893243789679,0.4869202189445496
0.0001,2932.0,1.7946893329620364,0.48692018699646
0.0001,2933.0,1.7946893272399904,0.4869201374053956
0.0001,2934.0,1.7946893196105957,0.48692007875442506
0.0001,2935.0,1.7946892986297613,0.4869200701713562
0.0001,2936.0,1.7946893043518068,0.4869200124740601
0.0001,2937.0,1.7946893033981326,0.4869199895858764
0.0001,2938.0,1.7946892948150635,0.4869199576377869
0.0001,2939.0,1.7946893014907837,0.48691992378234866
0.0001,2940.0,1.7946892805099495,0.4869198718070984
0.0001,2941.0,1.7946892900466922,0.48691981506347654
0.0001,2942.0,1.7946892776489256,0.4869197969436646
0.0001,2943.0,1.7946892738342288,0.48691976070404064
0.0001,2944.0,1.7946892509460448,0.48691973400115973
0.0001,2945.0,1.7946892585754393,0.4869197053909302
0.0001,2946.0,1.7946892585754397,0.4869196472167969
0.0001,2947.0,1.7946892518997197,0.4869196319580079
0.0001,2948.0,1.7946892662048342,0.48691959142684943
0.0001,2949.0,1.7946892709732059,0.486919559955597
0.0001,2950.0,1.7946892862319954,0.48691950654983523
0.0001,2951.0,1.794689291000367,0.4869194746017456
0.0001,2952.0,1.7946892938613899,0.48691942119598386
0.0001,2953.0,1.7946892719268797,0.4869194049835206
0.0001,2954.0,1.7946892700195316,0.486919382095337
0.0001,2955.0,1.7946892852783198,0.48691933822631844
0.0001,2956.0,1.794689275741577,0.4869193058013916
0.0001,2957.0,1.7946892890930177,0.48691927480697633
0.0001,2958.0,1.7946892862319948,0.48691923952102656
0.0001,2959.0,1.7946892843246458,0.4869191884994507
0.0001,2960.0,1.7946892719268799,0.4869191522598266
0.0001,2961.0,1.7946892805099486,0.4869191179275514
0.0001,2962.0,1.794689270019531,0.48691908025741576
0.0001,2963.0,1.794689268112183,0.48691905784606937
0.0001,2964.0,1.7946892490386959,0.48691901111602787
0.0001,2965.0,1.794689258575439,0.4869189991950989
0.0001,2966.0,1.7946892461776736,0.4869189476966857
0.0001,2967.0,1.7946892395019534,0.4869189138412476
0.0001,2968.0,1.7946892366409302,0.4869188604354858
0.0001,2969.0,1.794689232826233,0.48691883373260497
0.0001,2970.0,1.7946892261505127,0.486918797492981
0.0001,2971.0,1.7946892290115357,0.4869187560081482
0.0001,2972.0,1.7946892147064208,0.4869187355041505
0.0001,2973.0,1.7946892299652102,0.4869186887741088
0.0001,2974.0,1.7946892204284668,0.4869186534881591
0.0001,2975.0,1.7946892395019527,0.48691865062713624
0.0001,2976.0,1.7946892213821413,0.48691859149932865
0.0001,2977.0,1.7946892318725585,0.48691855764389036
0.0001,2978.0,1.7946892414093012,0.48691852092742915
0.0001,2979.0,1.7946892318725585,0.4869184851646423
0.0001,2980.0,1.7946892242431645,0.4869184470176697
0.0001,2981.0,1.794689239501953,0.48691841697692867
0.0001,2982.0,1.7946892366409302,0.48691836643219
0.0001,2983.0,1.7946892452239984,0.4869183554649353
0.0001,2984.0,1.7946892595291133,0.48691832733154294
0.0001,2985.0,1.7946892480850216,0.48691829919815066
0.0001,2986.0,1.794689245223999,0.486918251991272
0.0001,2987.0,1.7946892499923708,0.48691823911666865
0.0001,2988.0,1.794689237594604,0.48691819334030156
0.0001,2989.0,1.794689233779906,0.4869181623458862
0.0001,2990.0,1.7946892328262325,0.4869181261062622
0.0001,2991.0,1.7946892213821406,0.48691808938980113
0.0001,2992.0,1.7946892213821408,0.48691805124282844
0.0001,2993.0,1.794689217567443,0.4869180212020874
0.0001,2994.0,1.794689210891723,0.4869180021286011
0.0001,2995.0,1.7946892156600953,0.4869179587364197
0.0001,2996.0,1.79468920135498,0.4869179148674011
0.0001,2997.0,1.7946891965866085,0.4869178967475892
0.0001,2998.0,1.794689186096191,0.4869178667068481
0.0001,2999.0,1.7946891899108885,0.48691781711578375
0.0001,3000.0,1.7946891784667969,0.4869177885055542
0.0001,3001.0,1.794689177513122,0.4869177618026734
0.0001,3002.0,1.7946891822814943,0.486917733669281
0.0001,3003.0,1.794689171791077,0.4869176983833314
0.0001,3004.0,1.7946891975402832,0.48691768884658815
0.0001,3005.0,1.7946892023086547,0.4869176549911499
0.0001,3006.0,1.7946891937255862,0.4869176182746888
0.0001,3007.0,1.7946892061233524,0.4869175863265992
0.0001,3008.0,1.7946892099380491,0.48691756725311275
0.0001,3009.0,1.7946891927719117,0.48691753053665154
0.0001,3010.0,1.7946892089843751,0.48691750907897935
0.0001,3011.0,1.794689194679261,0.4869174709320069
0.0001,3012.0,1.7946892070770264,0.4869174423217773
0.0001,3013.0,1.7946891994476326,0.4869174118041992
0.0001,3014.0,1.7946892051696783,0.4869173741340638
0.0001,3015.0,1.7946892118453985,0.48691733074188226
0.0001,3016.0,1.794689205169678,0.4869173059463501
0.0001,3017.0,1.794689210891724,0.4869172658920288
0.0001,3018.0,1.7946892127990726,0.4869172439575195
0.0001,3019.0,1.7946891965866092,0.486917203426361
0.0001,3020.0,1.7946892023086543,0.4869171767234802
0.0001,3021.0,1.794689195632934,0.48691713476181026
0.0001,3022.0,1.7946891756057735,0.48691712093353273
0.0001,3023.0,1.7946891736984247,0.48691708087921143
0.0001,3024.0,1.7946891803741452,0.48691705799102775
0.0001,3025.0,1.7946891746520994,0.48691700649261466
0.0001,3026.0,1.7946891689300533,0.48691698741912853
0.0001,3027.0,1.7946891603469852,0.48691696691513064
0.0001,3028.0,1.7946891422271731,0.48691693115234375
0.0001,3029.0,1.7946891422271722,0.48691690492630013
0.0001,3030.0,1.7946891441345212,0.48691686773300163
0.0001,3031.0,1.7946891498565671,0.48691683721542356
0.0001,3032.0,1.794689147949219,0.48691681480407717
0.0001,3033.0,1.7946891460418697,0.4869167985916138
0.0001,3034.0,1.794689144134521,0.48691674327850337
0.0001,3035.0,1.7946891593933108,0.4869167127609253
0.0001,3036.0,1.7946891555786135,0.4869166884422303
0.0001,3037.0,1.794689143180847,0.4869166464805603
0.0001,3038.0,1.7946891736984252,0.486916624546051
0.0001,3039.0,1.7946891651153567,0.4869166073799134
0.0001,3040.0,1.794689164161682,0.4869165706634521
0.0001,3041.0,1.7946891641616831,0.48691652297973637
0.0001,3042.0,1.7946891670227052,0.4869165005683899
0.0001,3043.0,1.794689164161683,0.48691646623611456
0.0001,3044.0,1.7946891717910773,0.4869164609909058
0.0001,3045.0,1.7946891717910767,0.4869164171218872
0.0001,3046.0,1.7946891880035403,0.486916410446167
0.0001,3047.0,1.7946891756057741,0.4869163632392884
0.0001,3048.0,1.7946891794204713,0.48691633415222174
0.0001,3049.0,1.7946891574859625,0.4869163174629212
0.0001,3050.0,1.7946891679763801,0.4869162907600402
0.0001,3051.0,1.7946891517639163,0.4869162588119507
0.0001,3052.0,1.7946891727447514,0.4869162263870239
0.0001,3053.0,1.7946891603469852,0.48691621017456055
0.0001,3054.0,1.7946891613006597,0.4869161858558655
0.0001,3055.0,1.7946891422271727,0.48691615152359013
0.0001,3056.0,1.7946891403198242,0.4869161243438721
0.0001,3057.0,1.7946891460418708,0.4869160947799684
0.0001,3058.0,1.794689138412476,0.4869160623550415
0.0001,3059.0,1.7946891298294068,0.4869160451889039
0.0001,3060.0,1.7946891260147098,0.48691600894927983
0.0001,3061.0,1.794689136505127,0.48691597652435303
0.0001,3062.0,1.7946891212463383,0.48691596174240115
0.0001,3063.0,1.7946891031265253,0.48691593170166014
0.0001,3064.0,1.7946891326904297,0.4869159016609192
0.0001,3065.0,1.7946891288757316,0.4869158811569213
0.0001,3066.0,1.794689106941223,0.4869158582687378
0.0001,3067.0,1.7946891193389887,0.4869158372879028
0.0001,3068.0,1.7946891231536863,0.4869157972335816
0.0001,3069.0,1.7946891250610348,0.4869157762527466
0.0001,3070.0,1.794689134597778,0.48691574239730834
0.0001,3071.0,1.7946891365051263,0.4869157199859619
0.0001,3072.0,1.794689137458801,0.48691566658020025
0.0001,3073.0,1.7946891412734982,0.4869156575202942
0.0001,3074.0,1.794689130783082,0.48691564178466795
0.0001,3075.0,1.7946891345977787,0.48691561412811274
0.0001,3076.0,1.794689140319825,0.48691558742523194
0.0001,3077.0,1.7946891489028935,0.4869155511856079
0.0001,3078.0,1.7946891384124755,0.48691552639007574
0.0001,3079.0,1.7946891326904295,0.4869155054092407
0.0001,3080.0,1.7946891403198242,0.48691547727584833
0.0001,3081.0,1.794689144134521,0.4869154582023621
0.0001,3082.0,1.7946891708374022,0.4869154181480407
0.0001,3083.0,1.7946891565322873,0.4869153842926025
0.0001,3084.0,1.7946891460418695,0.4869153637886047
0.0001,3085.0,1.7946891441345212,0.48691533136367804
0.0001,3086.0,1.7946891412734984,0.486915310382843
0.0001,3087.0,1.7946891326904297,0.4869152765274048
0.0001,3088.0,1.79468911743164,0.48691528892517094
0.0001,3089.0,1.7946891307830808,0.48691526222229
0.0001,3090.0,1.7946891078948972,0.4869152307510376
0.0001,3091.0,1.7946891126632691,0.48691520786285397
0.0001,3092.0,1.7946891174316402,0.48691518306732173
0.0001,3093.0,1.794689102172852,0.4869151411056518
0.0001,3094.0,1.7946890964508055,0.48691513013839727
0.0001,3095.0,1.7946890850067139,0.4869151020050049
0.0001,3096.0,1.7946891021728515,0.48691507339477547
0.0001,3097.0,1.7946890926361083,0.48691504764556887
0.0001,3098.0,1.7946890716552732,0.486915023803711
0.0001,3099.0,1.79468909072876,0.4869149875640869
0.0001,3100.0,1.7946890888214106,0.48691496801376344
0.0001,3101.0,1.7946890869140624,0.4869149479866028
0.0001,3102.0,1.7946890964508053,0.486914927482605
0.0001,3103.0,1.7946890878677362,0.48691490077972416
0.0001,3104.0,1.7946891069412225,0.48691486454010013
0.0001,3105.0,1.7946890993118287,0.48691485786437994
0.0001,3106.0,1.7946891021728522,0.4869148397445679
0.0001,3107.0,1.7946891231536868,0.48691483545303355
0.0001,3108.0,1.7946891117095942,0.48691478538513183
0.0001,3109.0,1.7946891040801998,0.486914749622345
0.0001,3110.0,1.7946891069412223,0.48691473293304455
0.0001,3111.0,1.7946891155242921,0.48691472339630126
0.0001,3112.0,1.7946890983581543,0.48691468906402596
0.0001,3113.0,1.7946891040802004,0.4869146800041199
0.0001,3114.0,1.7946891098022462,0.4869146490097047
0.0001,3115.0,1.7946891040802002,0.4869146094322205
0.0001,3116.0,1.7946891136169432,0.48691459226608286
0.0001,3117.0,1.7946891164779664,0.48691456556320206
0.0001,3118.0,1.7946891202926634,0.4869145488739015
0.0001,3119.0,1.7946891136169432,0.4869145283699037
0.0001,3120.0,1.7946891174316408,0.4869145059585571
0.0001,3121.0,1.7946891040801995,0.48691447544097904
0.0001,3122.0,1.7946891040802,0.48691445636749264
0.0001,3123.0,1.7946891040801998,0.4869144372940063
0.0001,3124.0,1.7946890926361079,0.486914430141449
0.0001,3125.0,1.7946890916824334,0.48691438961029043
0.0001,3126.0,1.7946891002655025,0.48691435956954954
0.0001,3127.0,1.794689076423645,0.48691432285308833
0.0001,3128.0,1.7946890850067143,0.4869143061637878
0.0001,3129.0,1.7946890745162962,0.4869142932891845
0.0001,3130.0,1.7946890830993651,0.4869142627716065
0.0001,3131.0,1.794689072608948,0.4869142322540283
0.0001,3132.0,1.7946890707015997,0.48691422748565666
0.0001,3133.0,1.7946890621185305,0.4869142122268676
0.0001,3134.0,1.7946890602111818,0.486914189338684
0.0001,3135.0,1.7946890659332273,0.48691417121887204
0.0001,3136.0,1.7946890602111818,0.4869141507148743
0.0001,3137.0,1.7946890621185303,0.48691411733627316
0.0001,3138.0,1.7946890583038326,0.48691409111022943
0.0001,3139.0,1.794689064025879,0.4869140777587891
0.0001,3140.0,1.794689057350159,0.48691406059265135
0.0001,3141.0,1.7946890716552735,0.4869140553474426
0.0001,3142.0,1.794689064025879,0.48691402482986446
0.0001,3143.0,1.794689085006714,0.48691400814056396
0.0001,3144.0,1.794689072608948,0.4869139819145203
0.0001,3145.0,1.794689078330994,0.4869139566421509
0.0001,3146.0,1.7946890859603883,0.4869139533042908
0.0001,3147.0,1.7946890764236452,0.4869139151573182
0.0001,3148.0,1.794689064025879,0.4869138731956482
0.0001,3149.0,1.7946890773773194,0.4869138503074646
0.0001,3150.0,1.7946890850067143,0.4869138522148132
0.0001,3151.0,1.7946890754699707,0.4869138221740723
0.0001,3152.0,1.794689075469971,0.48691380357742314
0.0001,3153.0,1.7946890869140626,0.4869137806892395
0.0001,3154.0,1.7946890926361088,0.48691376972198486
0.0001,3155.0,1.7946890964508055,0.48691375064849857
0.0001,3156.0,1.7946890850067145,0.48691372394561766
0.0001,3157.0,1.794689092636108,0.48691370296478276
0.0001,3158.0,1.7946890964508058,0.486913670539856
0.0001,3159.0,1.7946890869140624,0.4869136533737182
0.0001,3160.0,1.794689088821411,0.4869136500358581
0.0001,3161.0,1.794689071655274,0.48691360425949104
0.0001,3162.0,1.7946890773773196,0.4869135909080506
0.0001,3163.0,1.7946890773773194,0.4869135818481446
0.0001,3164.0,1.7946890754699705,0.48691354417800914
0.0001,3165.0,1.7946890668869022,0.4869135398864746
0.0001,3166.0,1.7946890687942505,0.48691353702545176
0.0001,3167.0,1.7946890649795528,0.4869135065078736
0.0001,3168.0,1.7946890583038335,0.486913486480713
0.0001,3169.0,1.794689060211182,0.4869134540557861
0.0001,3170.0,1.7946890640258792,0.48691343307495116
0.0001,3171.0,1.7946890487670901,0.4869134230613708
0.0001,3172.0,1.7946890316009523,0.4869134001731873
0.0001,3173.0,1.7946890277862553,0.4869133834838868
0.0001,3174.0,1.7946890220642087,0.48691337251663214
0.0001,3175.0,1.7946890316009525,0.4869133458137513
0.0001,3176.0,1.7946890306472776,0.4869133176803589
0.0001,3177.0,1.7946890316009525,0.48691330957412715
0.0001,3178.0,1.7946890325546265,0.48691328144073487
0.0001,3179.0,1.794689019203186,0.48691326427459725
0.0001,3180.0,1.7946890306472774,0.486913251399994
0.0001,3181.0,1.7946890277862544,0.4869132080078125
0.0001,3182.0,1.7946890478134156,0.4869132041931153
0.0001,3183.0,1.794689041137695,0.48691319847106934
0.0001,3184.0,1.7946890449523925,0.48691316270828255
0.0001,3185.0,1.7946890535354618,0.4869131398200989
0.0001,3186.0,1.7946890563964841,0.48691312122344976
0.0001,3187.0,1.7946890506744386,0.4869131045341491
0.0001,3188.0,1.7946890583038333,0.48691306591033934
0.0001,3189.0,1.7946890449523925,0.4869130663871765
0.0001,3190.0,1.7946890430450444,0.4869130239486694
0.0001,3191.0,1.7946890621185303,0.4869130125045775
0.0001,3192.0,1.7946890573501584,0.48691299772262564
0.0001,3193.0,1.7946890468597414,0.4869129886627197
0.0001,3194.0,1.7946890544891356,0.4869129796028137
0.0001,3195.0,1.7946890563964846,0.48691296291351327
0.0001,3196.0,1.7946890678405774,0.4869129476547242
0.0001,3197.0,1.794689072608948,0.48691291046142576
0.0001,3198.0,1.7946890583038337,0.48691289329528814
0.0001,3199.0,1.7946890707015992,0.48691288423538215
0.0001,3200.0,1.7946890754699714,0.4869128770828247
0.0001,3201.0,1.7946890563964848,0.48691285800933837
0.0001,3202.0,1.7946890563964848,0.4869128313064575
0.0001,3203.0,1.7946890506744384,0.4869127950668336
0.0001,3204.0,1.7946890420913693,0.4869127955436707
0.0001,3205.0,1.7946890554428094,0.4869127731323243
0.0001,3206.0,1.7946890516281127,0.4869127502441407
0.0001,3207.0,1.7946890478134156,0.4869127526283265
0.0001,3208.0,1.7946890401840208,0.48691271829605104
0.0001,3209.0,1.7946890401840203,0.48691271686553955
0.0001,3210.0,1.7946890354156493,0.48691269207000737
0.0001,3211.0,1.794689043998718,0.48691266727447513
0.0001,3212.0,1.7946890306472776,0.48691265439987186
0.0001,3213.0,1.794689022064209,0.486912636756897
0.0001,3214.0,1.7946889991760255,0.4869126024246216
0.0001,3215.0,1.7946890172958374,0.4869125890731812
0.0001,3216.0,1.7946890029907228,0.48691256284713746
0.0001,3217.0,1.7946890087127687,0.4869125366210938
0.0001,3218.0,1.7946890068054202,0.48691254425048824
0.0001,3219.0,1.7946890029907228,0.4869125308990479
0.0001,3220.0,1.794689012527466,0.486912519454956
0.0001,3221.0,1.7946889991760249,0.48691248893737793
0.0001,3222.0,1.7946890087127683,0.4869124670028686
0.0001,3223.0,1.794688999176025,0.48691243410110474
0.0001,3224.0,1.7946890182495114,0.48691243982315063
0.0001,3225.0,1.7946889991760258,0.48691241836547844
0.0001,3226.0,1.794689019203186,0.4869124283790588
0.0001,3227.0,1.7946890182495114,0.48691241502761845
0.0001,3228.0,1.7946890249252312,0.48691237449645997
0.0001,3229.0,1.794689017295837,0.4869123458862305
0.0001,3230.0,1.7946890192031866,0.48691233253479005
0.0001,3231.0,1.7946890277862544,0.4869123277664184
0.0001,3232.0,1.794689012527466,0.4869123029708862
0.0001,3233.0,1.794689018249512,0.48691229391098023
0.0001,3234.0,1.7946890153884891,0.4869122672080994
0.0001,3235.0,1.7946890220642093,0.48691225337982175
0.0001,3236.0,1.7946890277862546,0.4869122347831726
0.0001,3237.0,1.7946890316009525,0.48691221952438357
0.0001,3238.0,1.7946890239715576,0.4869122180938721
0.0001,3239.0,1.7946890316009527,0.48691218996047975
0.0001,3240.0,1.79468902873993,0.4869121942520141
0.0001,3241.0,1.7946890335083014,0.4869121766090393
0.0001,3242.0,1.7946890306472782,0.4869121556282043
0.0001,3243.0,1.7946890420913693,0.48691213274002076
0.0001,3244.0,1.7946890525817873,0.4869120945930482
0.0001,3245.0,1.7946890354156493,0.4869120874404908
0.0001,3246.0,1.7946890335083008,0.48691207981109624
0.0001,3247.0,1.7946890449523927,0.48691204929351817
0.0001,3248.0,1.7946890373229984,0.4869120602607727
0.0001,3249.0,1.7946890344619757,0.48691202735900874
0.0001,3250.0,1.7946890401840214,0.48691201114654536
0.0001,3251.0,1.7946890401840214,0.48691201114654536
0.0001,3252.0,1.7946890382766725,0.4869119858741761
0.0001,3253.0,1.7946890268325806,0.4869119729995727
0.0001,3254.0,1.7946890373229978,0.4869119548797608
0.0001,3255.0,1.79468902015686,0.48691193389892584
0.0001,3256.0,1.7946890268325806,0.48691191768646236
0.0001,3257.0,1.7946890211105349,0.48691191148757934
0.0001,3258.0,1.7946890287399293,0.48691190433502207
0.0001,3259.0,1.7946890039443966,0.48691187572479244
0.0001,3260.0,1.794688997268676,0.48691184902191165
0.0001,3261.0,1.7946890020370476,0.48691184949874877
0.0001,3262.0,1.7946889953613285,0.48691183090209966
0.0001,3263.0,1.7946889972686764,0.4869118161201477
0.0001,3264.0,1.7946889982223508,0.48691181945800777
0.0001,3265.0,1.7946889896392821,0.48691178798675533
0.0001,3266.0,1.7946890010833738,0.48691177558898924
0.0001,3267.0,1.7946889858245845,0.486911750793457
0.0001,3268.0,1.7946889839172369,0.48691173744201655
0.0001,3269.0,1.7946889915466313,0.4869117250442505
0.0001,3270.0,1.7946889877319336,0.48691172313690184
0.0001,3271.0,1.7946889991760255,0.48691168880462643
0.0001,3272.0,1.794688982009888,0.48691168308258054
0.0001,3273.0,1.7946889820098877,0.4869116630554199
0.0001,3274.0,1.794688992500305,0.4869116592407227
0.0001,3275.0,1.794688996315002,0.4869116339683534
0.0001,3276.0,1.7946889905929564,0.4869116311073303
0.0001,3277.0,1.7946890001297002,0.48691161775588987
0.0001,3278.0,1.7946889972686766,0.48691157531738277
0.0001,3279.0,1.7946890077590942,0.48691156864166263
0.0001,3280.0,1.79468901348114,0.48691154861450203
0.0001,3281.0,1.7946890039443968,0.48691154766082767
0.0001,3282.0,1.7946889905929562,0.4869115271568299
0.0001,3283.0,1.7946890029907228,0.48691151714324954
0.0001,3284.0,1.794689012527466,0.4869115157127381
0.0001,3285.0,1.7946890029907228,0.4869115061759948
0.0001,3286.0,1.7946890220642093,0.48691147565841675
0.0001,3287.0,1.7946890048980713,0.48691146230697624
0.0001,3288.0,1.7946890029907228,0.48691147089004516
0.0001,3289.0,1.7946890153884887,0.4869114537239075
0.0001,3290.0,1.7946890125274653,0.48691141176223757
0.0001,3291.0,1.7946890258789059,0.4869113936424255
0.0001,3292.0,1.7946890211105344,0.4869113993644714
0.0001,3293.0,1.7946890048980708,0.486911370754242
0.0001,3294.0,1.794689028739929,0.48691137075424196
0.0001,3295.0,1.7946890125274657,0.48691134738922115
0.0001,3296.0,1.7946890153884887,0.48691134548187254
0.0001,3297.0,1.7946890068054195,0.4869113187789917
0.0001,3298.0,1.7946890106201172,0.486911316871643
0.0001,3299.0,1.7946890172958374,0.48691131210327154
0.0001,3300.0,1.7946890163421627,0.48691129112243653
0.0001,3301.0,1.7946890001296996,0.4869112930297851
0.0001,3302.0,1.7946890096664436,0.4869112606048584
0.0001,3303.0,1.7946890163421632,0.4869112567901612
0.0001,3304.0,1.7946890087127685,0.4869112367630005
0.0001,3305.0,1.7946889953613283,0.48691120910644536
0.0001,3306.0,1.794688988685608,0.4869111890792847
0.0001,3307.0,1.7946889801025396,0.48691118717193604
0.0001,3308.0,1.794688985824585,0.48691117954254154
0.0001,3309.0,1.7946889905929566,0.48691117000579837
0.0001,3310.0,1.7946889886856079,0.4869111590385437
0.0001,3311.0,1.7946889905929562,0.48691111850738533
0.0001,3312.0,1.7946889953613279,0.486911114692688
0.0001,3313.0,1.7946889724731447,0.4869111037254334
0.0001,3314.0,1.7946889591217043,0.48691108274459843
0.0001,3315.0,1.7946889772415164,0.486911078453064
0.0001,3316.0,1.794688971519471,0.48691106319427485
0.0001,3317.0,1.7946889743804937,0.48691105222702025
0.0001,3318.0,1.7946889553070071,0.48691103935241703
0.0001,3319.0,1.79468895816803,0.4869110245704651
0.0001,3320.0,1.7946889791488652,0.4869110178947449
0.0001,3321.0,1.7946889505386354,0.4869109973907471
0.0001,3322.0,1.7946889495849612,0.4869109816551209
0.0001,3323.0,1.794688961029053,0.4869109754562378
0.0001,3324.0,1.7946889553070067,0.48691096782684334
0.0001,3325.0,1.7946889591217041,0.4869109621047974
0.0001,3326.0,1.7946889629364018,0.48691094350814823
0.0001,3327.0,1.7946889610290528,0.4869109306335449
0.0001,3328.0,1.7946889762878417,0.48691090774536133
0.0001,3329.0,1.7946889572143558,0.4869108977317811
0.0001,3330.0,1.7946889667510992,0.48691088151931766
0.0001,3331.0,1.7946889781951907,0.4869108672142029
0.0001,3332.0,1.794688981056214,0.4869108529090882
0.0001,3333.0,1.794688966751099,0.4869108476638795
0.0001,3334.0,1.794688976287842,0.4869108247756958
0.0001,3335.0,1.7946889696121218,0.4869108247756958
0.0001,3336.0,1.794688979148865,0.48691080188751223
0.0001,3337.0,1.7946889772415162,0.4869107785224914
0.0001,3338.0,1.7946889781951905,0.48691076707839964
0.0001,3339.0,1.7946889772415162,0.4869107618331909
0.0001,3340.0,1.794688979148865,0.48691074275970453
0.0001,3341.0,1.7946889925003056,0.48691073369979865
0.0001,3342.0,1.7946890048980713,0.48691071605682373
0.0001,3343.0,1.794688982009887,0.4869107007980348
0.0001,3344.0,1.794688979148865,0.48691068744659427
0.0001,3345.0,1.7946889905929564,0.48691067886352546
0.0001,3346.0,1.7946889896392824,0.4869106712341309
0.0001,3347.0,1.794688982963562,0.48691065740585326
0.0001,3348.0,1.7946890039443968,0.4869106249809265
0.0001,3349.0,1.7946889915466309,0.486910629272461
0.0001,3350.0,1.794688990592957,0.4869106111526489
0.0001,3351.0,1.794688995361328,0.486910611152649
0.0001,3352.0,1.794688997268677,0.48691057682037353
0.0001,3353.0,1.7946890001297,0.48691058063507076
0.0001,3354.0,1.7946889982223517,0.48691057014465333
0.0001,3355.0,1.794688999176026,0.486910566329956
0.0001,3356.0,1.7946889944076543,0.48691054821014396
0.0001,3357.0,1.7946889896392821,0.4869105305671691
0.0001,3358.0,1.794688991546631,0.4869105248451233
0.0001,3359.0,1.7946889820098881,0.4869105081558228
0.0001,3360.0,1.7946889791488647,0.4869104967117309
0.0001,3361.0,1.7946889953613279,0.4869104781150818
0.0001,3362.0,1.7946889877319334,0.48691046857833864
0.0001,3363.0,1.794688973426819,0.48691046285629275
0.0001,3364.0,1.794688975334167,0.48691046333312993
0.0001,3365.0,1.7946889772415164,0.48691043281555185
0.0001,3366.0,1.7946889591217043,0.48691042327880857
0.0001,3367.0,1.7946889696121215,0.4869103984832764
0.0001,3368.0,1.7946889886856079,0.4869103941917419
0.0001,3369.0,1.7946889610290524,0.4869103960990906
0.0001,3370.0,1.7946889572143554,0.48691038370132445
0.0001,3371.0,1.7946889677047728,0.4869103741645813
0.0001,3372.0,1.794688946723938,0.48691035318374637
0.0001,3373.0,1.7946889448165892,0.48691033792495725
0.0001,3374.0,1.7946889581680296,0.48691032361984254
0.0001,3375.0,1.7946889505386348,0.48691032171249393
0.0001,3376.0,1.794688936233521,0.4869103136062622
0.0001,3377.0,1.7946889486312871,0.48691029453277584
0.0001,3378.0,1.7946889486312867,0.4869102830886842
0.0001,3379.0,1.7946889362335208,0.48691026782989505
0.0001,3380.0,1.7946889381408697,0.4869102468490601
0.0001,3381.0,1.7946889429092405,0.4869102663993835
0.0001,3382.0,1.7946889228820806,0.48691025829315193
0.0001,3383.0,1.7946889381408695,0.48691024112701425
0.0001,3384.0,1.794688933372498,0.4869102301597595
0.0001,3385.0,1.7946889200210567,0.48691022682189944
0.0001,3386.0,1.7946889476776118,0.4869102120399476
0.0001,3387.0,1.7946889429092407,0.4869101967811585
0.0001,3388.0,1.7946889514923094,0.48691018772125244
0.0001,3389.0,1.794688968658448,0.48691016864776615
0.0001,3390.0,1.7946889295578003,0.48691014957427975
0.0001,3391.0,1.7946889600753784,0.4869101457595826
0.0001,3392.0,1.794688940048218,0.4869101343154908
0.0001,3393.0,1.7946889410018925,0.4869101214408875
0.0001,3394.0,1.7946889486312863,0.486910101890564
0.0001,3395.0,1.794688950538636,0.4869100971221924
0.0001,3396.0,1.7946889486312876,0.4869100971221923
0.0001,3397.0,1.79468896484375,0.4869100723266601
0.0001,3398.0,1.7946889657974248,0.4869100613594055
0.0001,3399.0,1.794688968658447,0.4869100399017334
0.0001,3400.0,1.7946889734268185,0.48691001939773565
0.0001,3401.0,1.7946889667510988,0.4869100179672242
0.0001,3402.0,1.794688960075379,0.48690999507904054
0.0001,3403.0,1.794688949584961,0.48690999698638926
0.0001,3404.0,1.7946889629364013,0.4869100008010865
0.0001,3405.0,1.7946889810562134,0.4869099817276002
0.0001,3406.0,1.7946889524459844,0.4869099822044373
0.0001,3407.0,1.7946889543533324,0.48690996837615963
0.0001,3408.0,1.7946889696121218,0.4869099578857422
0.0001,3409.0,1.7946889753341682,0.4869099321365356
0.0001,3410.0,1.794688961029053,0.4869099168777466
0.0001,3411.0,1.7946889648437498,0.4869099154472351
0.0001,3412.0,1.7946889629364011,0.4869098906517029
0.0001,3413.0,1.7946889667510988,0.4869098677635193
0.0001,3414.0,1.7946889839172369,0.48690986633300787
0.0001,3415.0,1.7946889734268194,0.4869098620414734
0.0001,3416.0,1.7946889791488647,0.48690985536575315
0.0001,3417.0,1.7946889801025394,0.48690983629226686
0.0001,3418.0,1.7946889886856083,0.48690983343124394
0.0001,3419.0,1.794688968658447,0.4869098181724548
0.0001,3420.0,1.7946889753341675,0.4869098062515259
0.0001,3421.0,1.7946889696121209,0.4869097843170166
0.0001,3422.0,1.7946889667510981,0.4869097852706909
0.0001,3423.0,1.7946889610290526,0.4869097681045532
0.0001,3424.0,1.7946889677047728,0.48690976238250727
0.0001,3425.0,1.7946889572143547,0.4869097423553467
0.0001,3426.0,1.794688957214355,0.48690975046157836
0.0001,3427.0,1.7946889543533324,0.48690972805023186
0.0001,3428.0,1.7946889553070065,0.4869097185134887
0.0001,3429.0,1.7946889677047728,0.4869097070693969
0.0001,3430.0,1.7946889591217041,0.4869097046852111
0.0001,3431.0,1.7946889514923097,0.4869096918106079
0.0001,3432.0,1.7946889495849607,0.48690967464447016
0.0001,3433.0,1.7946889266967772,0.4869096536636352
0.0001,3434.0,1.7946889553070067,0.4869096465110779
0.0001,3435.0,1.7946889390945437,0.486909644126892
0.0001,3436.0,1.794688932418824,0.48690962743759153
0.0001,3437.0,1.7946889553070073,0.48690962982177743
0.0001,3438.0,1.7946889247894287,0.48690959310531606
0.0001,3439.0,1.794688938140869,0.4869095826148987
0.0001,3440.0,1.794688939094543,0.48690957784652716
0.0001,3441.0,1.7946889343261716,0.48690958070755
0.0001,3442.0,1.794688928604126,0.4869095439910889
0.0001,3443.0,1.794688915252685,0.48690953826904304
0.0001,3444.0,1.7946889286041252,0.4869095373153687
0.0001,3445.0,1.794688918113708,0.4869095396995544
0.0001,3446.0,1.794688926696777,0.4869095239639282
0.0001,3447.0,1.7946889305114742,0.4869094972610473
0.0001,3448.0,1.7946889171600342,0.48690949010848994
0.0001,3449.0,1.794688915252685,0.48690947437286375
0.0001,3450.0,1.7946889295578001,0.48690947484970093
0.0001,3451.0,1.7946889209747312,0.48690945577621453
0.0001,3452.0,1.7946889247894284,0.48690945005416875
0.0001,3453.0,1.7946889123916623,0.486909436225891
0.0001,3454.0,1.7946889152526853,0.4869094138145447
0.0001,3455.0,1.794688911437988,0.4869094271659851
0.0001,3456.0,1.7946889171600338,0.48690940618515016
0.0001,3457.0,1.7946889104843142,0.48690938568115244
0.0001,3458.0,1.7946889219284052,0.48690937852859495
0.0001,3459.0,1.794688915252685,0.48690937662124634
0.0001,3460.0,1.7946889009475706,0.4869093618392944
0.0001,3461.0,1.7946889495849607,0.4869093503952026
0.0001,3462.0,1.7946889238357537,0.4869093389511108
0.0001,3463.0,1.7946889419555663,0.48690932750701904
0.0001,3464.0,1.794688939094543,0.48690931653976444
0.0001,3465.0,1.7946889371871946,0.4869093141555787
0.0001,3466.0,1.7946889419555658,0.48690930461883547
0.0001,3467.0,1.7946889314651495,0.4869092836380005
0.0001,3468.0,1.794688943862915,0.4869092741012574
0.0001,3469.0,1.7946889371871955,0.486909255027771
0.0001,3470.0,1.7946889324188238,0.48690925550460823
0.0001,3471.0,1.7946889352798465,0.4869092497825623
0.0001,3472.0,1.7946889438629152,0.48690923118591306
0.0001,3473.0,1.7946889324188233,0.48690922784805296
0.0001,3474.0,1.7946889371871952,0.4869092149734497
0.0001,3475.0,1.7946889476776127,0.4869092054367065
0.0001,3476.0,1.7946889295578003,0.48690920352935785
0.0001,3477.0,1.794688945770264,0.4869091939926148
0.0001,3478.0,1.7946889410018922,0.4869091844558716
0.0001,3479.0,1.7946889572143556,0.48690916728973394
0.0001,3480.0,1.7946889572143554,0.4869091482162476
0.0001,3481.0,1.7946889467239384,0.486909152507782
0.0001,3482.0,1.7946889533996588,0.4869091157913208
0.0001,3483.0,1.7946889591217048,0.4869091148376465
0.0001,3484.0,1.7946889495849612,0.48690911436080936
0.0001,3485.0,1.7946889591217041,0.48690911102294926
0.0001,3486.0,1.7946889705657965,0.48690908241271974
0.0001,3487.0,1.7946889457702637,0.4869090790748596
0.0001,3488.0,1.7946889572143556,0.48690907573699954
0.0001,3489.0,1.7946889629364016,0.48690907001495365
0.0001,3490.0,1.7946889610290528,0.4869090776443482
0.0001,3491.0,1.7946889476776124,0.48690905094146736
0.0001,3492.0,1.7946889457702637,0.4869090375900268
0.0001,3493.0,1.7946889553070067,0.486909026145935
0.0001,3494.0,1.7946889400482176,0.48690901088714605
0.0001,3495.0,1.7946889610290528,0.4869089965820313
0.0001,3496.0,1.79468893623352,0.48690898895263673
0.0001,3497.0,1.794688955307007,0.4869089627265931
0.0001,3498.0,1.7946889438629146,0.4869089617729187
0.0001,3499.0,1.794688954353332,0.48690896081924445
0.0001,3500.0,1.7946889343261716,0.48690895891189584
0.0001,3501.0,1.794688941001892,0.4869089455604554
0.0001,3502.0,1.7946889381408688,0.486908926486969
0.0001,3503.0,1.794688951492309,0.4869089336395265
0.0001,3504.0,1.794688940048217,0.4869089183807373
0.0001,3505.0,1.7946889429092403,0.4869089055061341
0.0001,3506.0,1.7946889362335199,0.48690889835357676
0.0001,3507.0,1.7946889400482176,0.4869088773727418
0.0001,3508.0,1.7946889362335203,0.48690887165069596
0.0001,3509.0,1.7946889305114748,0.4869088735580445
0.0001,3510.0,1.794688921928406,0.4869088525772096
0.0001,3511.0,1.7946889038085936,0.48690884685516367
0.0001,3512.0,1.7946889209747319,0.4869088354110719
0.0001,3513.0,1.7946888980865479,0.486908826828003
0.0001,3514.0,1.794688914299012,0.4869088277816773
0.0001,3515.0,1.7946888923645024,0.48690881824493415
0.0001,3516.0,1.7946889209747314,0.48690880727767955
0.0001,3517.0,1.7946889047622678,0.4869088029861451
0.0001,3518.0,1.7946889019012449,0.48690877819061285
0.0001,3519.0,1.7946889019012453,0.4869087920188905
0.0001,3520.0,1.7946889095306398,0.48690877199172977
0.0001,3521.0,1.7946888866424562,0.48690877008438105
0.0001,3522.0,1.7946888961791991,0.4869087624549866
0.0001,3523.0,1.7946888961791991,0.48690875530242916
0.0001,3524.0,1.7946889114379885,0.486908730506897
0.0001,3525.0,1.7946888809204096,0.4869087252616882
0.0001,3526.0,1.7946889114379883,0.4869087138175964
0.0001,3527.0,1.7946888904571527,0.4869087100028991
0.0001,3528.0,1.7946889038085936,0.48690868949890137
0.0001,3529.0,1.7946888895034792,0.48690867424011236
0.0001,3530.0,1.7946889095306395,0.48690866994857784
0.0001,3531.0,1.7946888980865476,0.48690866327285776
0.0001,3532.0,1.7946889038085934,0.4869086632728577
0.0001,3533.0,1.7946888923645021,0.48690866088867185
0.0001,3534.0,1.7946889038085938,0.4869086489677429
0.0001,3535.0,1.7946888980865479,0.4869086303710938
0.0001,3536.0,1.7946889038085936,0.48690863895416264
0.0001,3537.0,1.7946889038085936,0.4869086389541626
0.0001,3538.0,1.79468890953064,0.4869086141586303
0.0001,3539.0,1.7946889076232913,0.48690860843658446
0.0001,3540.0,1.79468892288208,0.48690861606597907
0.0001,3541.0,1.7946889114379887,0.48690859365463257
0.0001,3542.0,1.7946889305114746,0.486908586025238
0.0001,3543.0,1.7946889228820806,0.4869085745811462
0.0001,3544.0,1.7946889400482178,0.48690855741500855
0.0001,3545.0,1.7946889095306402,0.48690855169296265
0.0001,3546.0,1.794688919067383,0.48690855216979984
0.0001,3547.0,1.7946889057159428,0.4869085516929626
0.0001,3548.0,1.794688930511475,0.4869085369110106
0.0001,3549.0,1.794688911437989,0.48690852737426754
0.0001,3550.0,1.794688920974732,0.4869085235595703
0.0001,3551.0,1.794688905715943,0.4869085164070129
0.0001,3552.0,1.7946889238357548,0.486908492565155
0.0001,3553.0,1.7946889076232915,0.4869084916114807
0.0001,3554.0,1.7946889171600349,0.4869084873199463
0.0001,3555.0,1.7946889095306395,0.48690849733352665
0.0001,3556.0,1.7946889266967778,0.48690847444534296
0.0001,3557.0,1.7946889171600338,0.48690846538543703
0.0001,3558.0,1.7946889209747312,0.48690844631195074
0.0001,3559.0,1.7946889247894293,0.4869084558486939
0.0001,3560.0,1.7946889266967774,0.48690845012664785
0.0001,3561.0,1.7946889305114744,0.4869084310531616
0.0001,3562.0,1.7946889286041257,0.4869084124565125
0.0001,3563.0,1.79468893623352,0.48690841579437255
0.0001,3564.0,1.7946889219284061,0.4869083986282349
0.0001,3565.0,1.794688942909241,0.4869083952903747
0.0001,3566.0,1.7946889209747312,0.4869083843231201
0.0001,3567.0,1.7946889333724974,0.4869083685874939
0.0001,3568.0,1.7946889257431036,0.48690835523605347
0.0001,3569.0,1.7946889448165897,0.48690835094451906
0.0001,3570.0,1.7946889257431036,0.4869083404541016
0.0001,3571.0,1.7946889371871952,0.48690833759307867
0.0001,3572.0,1.7946889295578006,0.48690833139419565
0.0001,3573.0,1.7946889362335208,0.48690831375122073
0.0001,3574.0,1.794688939094544,0.48690829896926885
0.0001,3575.0,1.7946889381408688,0.48690829563140875
0.0001,3576.0,1.7946889276504516,0.48690828609466563
0.0001,3577.0,1.7946889381408688,0.48690828800201424
0.0001,3578.0,1.7946889448165897,0.48690828418731696
0.0001,3579.0,1.7946889123916623,0.4869082612991333
0.0001,3580.0,1.7946889238357542,0.48690826129913334
0.0001,3581.0,1.794688920021057,0.48690824651718145
0.0001,3582.0,1.7946889457702635,0.4869082336425782
0.0001,3583.0,1.7946889181137087,0.48690823173522957
0.0001,3584.0,1.7946889123916623,0.4869082393646241
0.0001,3585.0,1.7946889066696168,0.4869082283973694
0.0001,3586.0,1.7946889152526855,0.4869082245826721
0.0001,3587.0,1.7946889104843138,0.4869082112312317
0.0001,3588.0,1.794688914299011,0.486908221244812
