lr,epoch,train_loss,val_loss
0.0001,0.0,2.4655104991912826,2.15549414138794
0.0001,1.0,2.3217599380493175,2.0172523258209223
0.0001,2.0,2.189178466796875,1.8898936805725102
0.0001,3.0,2.0672736982345574,1.7729342748641967
0.0001,4.0,1.955533086395263,1.665838451957703
0.0001,5.0,1.8533921855926512,1.5680239761352535
0.0001,6.0,1.7602461744308469,1.478873487281799
0.0001,7.0,1.6754624776840203,1.3977485874176019
0.0001,8.0,1.598395578956604,1.3240051040649414
0.0001,9.0,1.5284023944854732,1.257008550071716
0.0001,10.0,1.464856529426575,1.1961470424652099
0.0001,11.0,1.4071599090576177,1.140841384506226
0.0001,12.0,1.354751173019409,1.0905519432067867
0.0001,13.0,1.307110783576966,1.044781903457641
0.0001,14.0,1.263763233757019,1.0030785507202151
0.0001,15.0,1.2242770992279046,0.9650322605133058
0.0001,16.0,1.1882633882522582,0.9302746299743653
0.0001,17.0,1.155373013687134,0.8984753936767577
0.0001,18.0,1.125293593215943,0.869339186859131
0.0001,19.0,1.0977461322784423,0.8426024093627933
0.0001,20.0,1.0724817083358762,0.818029902267456
0.0001,21.0,1.049278156375885,0.7954117721557619
0.0001,22.0,1.027937240791321,0.7745606931686401
0.0001,23.0,1.0082818649291991,0.7553093528747559
0.0001,24.0,0.990153643608093,0.7375080436706541
0.0001,25.0,0.9734107810020444,0.7210228021621703
0.0001,26.0,0.957926153373718,0.70573351726532
0.0001,27.0,0.9435856931686405,0.6915323756217956
0.0001,28.0,0.9302867703437806,0.6783225101470951
0.0001,29.0,0.9179371427536009,0.6660167239189146
0.0001,30.0,0.9064536026954646,0.6545365256309507
0.0001,31.0,0.895761149597168,0.6438110792160037
0.0001,32.0,0.8857920215606692,0.6337764661788939
0.0001,33.0,0.8764849990844723,0.6243749147415161
0.0001,34.0,0.867784683418274,0.6155541815757752
0.0001,35.0,0.8596409112930287,0.607266938495636
0.0001,36.0,0.8520082242012016,0.5994703375816346
0.0001,37.0,0.8448453992843638,0.5921254817008973
0.0001,38.0,0.8381150081634516,0.5851970871925354
0.0001,39.0,0.83178307390213,0.5786530413627624
0.0001,40.0,0.8258186637878421,0.5724641883850098
0.0001,41.0,0.8201936740875254,0.5666040070533752
0.0001,42.0,0.8148825022697447,0.5610482705116271
0.0001,43.0,0.8098618022918703,0.5557749236106873
0.0001,44.0,0.8051102828979495,0.5507638012886048
0.0001,45.0,0.8006085171699524,0.5459965106010435
0.0001,46.0,0.7963387409210209,0.541456229972839
0.0001,47.0,0.7922846887588499,0.5371275145530701
0.0001,48.0,0.7884314979553227,0.532996238994598
0.0001,49.0,0.7847655285835267,0.5290494443893434
0.0001,50.0,0.7812742607116702,0.5252752116203308
0.0001,51.0,0.7779462142944331,0.5216625747680665
0.0001,52.0,0.7747708044052126,0.5182014659881592
0.0001,53.0,0.7717383230209349,0.5148825596809388
0.0001,54.0,0.7688398044586189,0.5116972957611083
0.0001,55.0,0.7660669855117798,0.5086377536773682
0.0001,56.0,0.7634122308731079,0.5056965820312499
0.0001,57.0,0.7608684917449952,0.5028670093536377
0.0001,58.0,0.7584292266845709,0.5001427574157714
0.0001,59.0,0.7560884016036987,0.4975179671287537
0.0001,60.0,0.7538404043197633,0.49498724031448366
0.0001,61.0,0.7516800268173217,0.4925455292701721
0.0001,62.0,0.7496024293899529,0.49018814105987557
0.0001,63.0,0.74760311794281,0.4879107003211974
0.0001,64.0,0.7456779005050657,0.4857091365814209
0.0001,65.0,0.7438228725433351,0.4835796521186828
0.0001,66.0,0.7420343923568729,0.4815186758995056
0.0001,67.0,0.740309048938751,0.47952287683486955
0.0001,68.0,0.7386436681747439,0.4775891524314881
0.0001,69.0,0.7370352635383602,0.475714574623108
0.0001,70.0,0.7354810585975647,0.4738963947296145
0.0001,71.0,0.733978446674346,0.4721320496559144
0.0001,72.0,0.7325249634742738,0.47041911630630506
0.0001,73.0,0.7311183095932007,0.4687553117752075
0.0001,74.0,0.7297563166618349,0.46713849449157724
0.0001,75.0,0.7284369636535641,0.46556667127609247
0.0001,76.0,0.7271583263397219,0.46403791770935054
0.0001,77.0,0.7259185991287236,0.46255042400360097
0.0001,78.0,0.7247160915374761,0.4611025206565858
0.0001,79.0,0.7235491851806634,0.45969257469177255
0.0001,80.0,0.7224163716316225,0.45831908702850344
0.0001,81.0,0.7213162156105043,0.45698062458038335
0.0001,82.0,0.7202473693847652,0.45567581443786626
0.0001,83.0,0.7192085454940792,0.4544033650398254
0.0001,84.0,0.7181985261917117,0.4531620529174804
0.0001,85.0,0.7172161725997925,0.45195072917938234
0.0001,86.0,0.7162603838920596,0.4507682688713074
0.0001,87.0,0.7153301281929025,0.4496136394500732
0.0001,88.0,0.7144244319915775,0.44848583793640134
0.0001,89.0,0.7135423583984378,0.44738391065597544
0.0001,90.0,0.7126830210685725,0.44630694856643666
0.0001,91.0,0.7118455686569212,0.44525410032272345
0.0001,92.0,0.7110292009353646,0.44422454500198366
0.0001,93.0,0.7102331603050229,0.44321747131347666
0.0001,94.0,0.7094567149162292,0.442232169342041
0.0001,95.0,0.7086991689682007,0.44126788806915285
0.0001,96.0,0.7079598554611205,0.44032397861480715
0.0001,97.0,0.7072381587982173,0.4393997515678405
0.0001,98.0,0.7065334644317629,0.43849460430145254
0.0001,99.0,0.7058451984405518,0.4376079240798952
0.0001,100.0,0.7051727975845339,0.4367391741752624
0.0001,101.0,0.7045157609939576,0.4358877610206605
0.0001,102.0,0.7038735625267033,0.43505317926406856
0.0001,103.0,0.7032457332611093,0.43423492431640615
0.0001,104.0,0.7026318006515498,0.4334325073242186
0.0001,105.0,0.7020313402175907,0.43264546585083
0.0001,106.0,0.7014439107894901,0.4318733619689941
0.0001,107.0,0.700869108390808,0.431115755367279
0.0001,108.0,0.7003065521240236,0.4303722346305849
0.0001,109.0,0.6997558615684509,0.4296424122810364
0.0001,110.0,0.6992166833877556,0.42892589507102963
0.0001,111.0,0.6986886632919306,0.4282223327636721
0.0001,112.0,0.6981714799880979,0.42753136587142937
0.0001,113.0,0.6976648233413701,0.4268526510715485
0.0001,114.0,0.6971683544158941,0.42618586573600753
0.0001,115.0,0.6966818095207213,0.4255306793689726
0.0001,116.0,0.6962048921585081,0.4248868201255799
0.0001,117.0,0.6957373388290403,0.4242539672374726
0.0001,118.0,0.695278881072998,0.4236318542957305
0.0001,119.0,0.6948292678833016,0.42302019243240363
0.0001,120.0,0.6943882522583006,0.42241872296333327
0.0001,121.0,0.6939556028366093,0.4218271951198579
0.0001,122.0,0.6935310939788816,0.4212453705787659
0.0001,123.0,0.6931145061492912,0.42067299880981457
0.0001,124.0,0.6927056249618525,0.42010985965728753
0.0001,125.0,0.6923042639732366,0.41955571899414057
0.0001,126.0,0.6919102073669439,0.41901037311553957
0.0001,127.0,0.6915232730865479,0.4184736116409304
0.0001,128.0,0.6911432735443117,0.4179452394008637
0.0001,129.0,0.6907700443267824,0.41742504816055287
0.0001,130.0,0.6904034042358401,0.41691287231445306
0.0001,131.0,0.6900431894302368,0.41640848813056947
0.0001,132.0,0.6896892412185666,0.41591175885200504
0.0001,133.0,0.6893414092063904,0.4154224947929382
0.0001,134.0,0.6889995396614076,0.4149405369758606
0.0001,135.0,0.6886634910583489,0.4144657124996186
0.0001,136.0,0.6883331165313715,0.4139978770732879
0.0001,137.0,0.6880082836151125,0.4135368643760682
0.0001,138.0,0.6876888702392578,0.4130825549125672
0.0001,139.0,0.6873747286796572,0.4126347855567932
0.0001,140.0,0.6870657647132874,0.41219342031478867
0.0001,141.0,0.6867618335723881,0.41175831799507145
0.0001,142.0,0.6864628287315369,0.4113293491840362
0.0001,143.0,0.6861686367034909,0.410906408548355
0.0001,144.0,0.6858791513442993,0.4104893421173097
0.0001,145.0,0.6855942706108098,0.41007806148529047
0.0001,146.0,0.685313882732392,0.40967242183685304
0.0001,147.0,0.6850378871917724,0.40927230629920963
0.0001,148.0,0.6847661931991584,0.4088776221752167
0.0001,149.0,0.6844987073898314,0.4084882719516754
0.0001,150.0,0.6842353336334233,0.4081041246414186
0.0001,151.0,0.683975996208191,0.407725086402893
0.0001,152.0,0.6837205817222598,0.4073510646343232
0.0001,153.0,0.6834690413475034,0.40698196830749506
0.0001,154.0,0.683221264839172,0.4066176863193512
0.0001,155.0,0.6829771923065187,0.40625813312530523
0.0001,156.0,0.6827367406845095,0.4059032307624817
0.0001,157.0,0.6824998334884641,0.40555286808013924
0.0001,158.0,0.6822663928985591,0.4052069889545441
0.0001,159.0,0.6820363599777225,0.40486550664901727
0.0001,160.0,0.6818096560478207,0.4045283150672913
0.0001,161.0,0.6815862194061278,0.40419535284042357
0.0001,162.0,0.6813659888267517,0.40386655306816094
0.0001,163.0,0.6811488839149479,0.40354181489944463
0.0001,164.0,0.6809348586082463,0.40322109179496773
0.0001,165.0,0.6807238521575933,0.4029043022155762
0.0001,166.0,0.6805157983779907,0.4025913800239563
0.0001,167.0,0.6803106438636778,0.402282238149643
0.0001,168.0,0.6801083297729494,0.4019768480777741
0.0001,169.0,0.6799088062286373,0.4016751023769379
0.0001,170.0,0.6797120239257811,0.40137697281837476
0.0001,171.0,0.6795179208755495,0.401082374238968
0.0001,172.0,0.6793264503479004,0.4007912630081178
0.0001,173.0,0.6791375711441043,0.40050357270240805
0.0001,174.0,0.678951220226288,0.4002192330360413
0.0001,175.0,0.6787673590660097,0.3999382162094118
0.0001,176.0,0.678585946941376,0.3996604420661925
0.0001,177.0,0.6784069347381588,0.39938587269783027
0.0001,178.0,0.6782302732467648,0.39911445002555856
0.0001,179.0,0.6780559364318848,0.3988461156845093
0.0001,180.0,0.6778838662147523,0.3985808331012725
0.0001,181.0,0.6777140295028685,0.3983185364723206
0.0001,182.0,0.6775463827133175,0.3980591952800751
0.0001,183.0,0.6773808881759638,0.39780274605751015
0.0001,184.0,0.6772175109863283,0.397549149131775
0.0001,185.0,0.6770562177658079,0.39729838862419115
0.0001,186.0,0.6768969653129576,0.3970503758430481
0.0001,187.0,0.6767397176742553,0.3968050881385803
0.0001,188.0,0.6765844516754148,0.39656246895790087
0.0001,189.0,0.6764311229705815,0.3963224975585937
0.0001,190.0,0.676279694747925,0.3960851257801056
0.0001,191.0,0.6761301458358759,0.39585030703544616
0.0001,192.0,0.6759824420928957,0.3956180105686187
0.0001,193.0,0.6758365538597109,0.3953881924152374
0.0001,194.0,0.6756924420356751,0.3951608257293702
0.0001,195.0,0.6755500903129573,0.3949358556747436
0.0001,196.0,0.6754094654083251,0.39471326241493215
0.0001,197.0,0.6752705279350283,0.39449299945831295
0.0001,198.0,0.6751332617759706,0.39427504172325123
0.0001,199.0,0.6749976392745969,0.3940593520641327
0.0001,200.0,0.6748636303901671,0.39384589700698847
0.0001,201.0,0.6747312128067016,0.39363464179039015
0.0001,202.0,0.6746003646850588,0.3934255660533904
0.0001,203.0,0.6744710537910458,0.3932186215877533
0.0001,204.0,0.6743432525634767,0.39301378240585316
0.0001,205.0,0.6742169548034666,0.3928110349178316
0.0001,206.0,0.6740921199798585,0.39261032519340516
0.0001,207.0,0.6739687287330622,0.39241164817810065
0.0001,208.0,0.6738467600822455,0.3922149513721463
0.0001,209.0,0.6737261911392207,0.39202023138999953
0.0001,210.0,0.6736070041656497,0.3918274192810059
0.0001,211.0,0.6734891755104064,0.39163653907775864
0.0001,212.0,0.6733726940155026,0.3914475438594819
0.0001,213.0,0.6732575188636775,0.3912604068279267
0.0001,214.0,0.673143645477295,0.39107509512901306
0.0001,215.0,0.6730310531616213,0.3908915890693666
0.0001,216.0,0.6729197170257565,0.39070987277030955
0.0001,217.0,0.6728096292495725,0.39052990975379953
0.0001,218.0,0.672700749492645,0.3903516838550568
0.0001,219.0,0.6725930881500247,0.39017517127990725
0.0001,220.0,0.6724866056442259,0.3900003438472749
0.0001,221.0,0.6723813000679019,0.38982719573974606
0.0001,222.0,0.6722771430969237,0.389655673313141
0.0001,223.0,0.6721741210937499,0.38948579893112184
0.0001,224.0,0.6720722210884097,0.38931750817298905
0.0001,225.0,0.6719714241027833,0.38915080332756025
0.0001,226.0,0.6718717164993291,0.38898566722869876
0.0001,227.0,0.6717730832099913,0.38882206158638005
0.0001,228.0,0.6716755069732672,0.388659980583191
0.0001,229.0,0.6715789731025698,0.3884993901252746
0.0001,230.0,0.6714834611892702,0.3883402938365936
0.0001,231.0,0.6713889719009399,0.3881826676845551
0.0001,232.0,0.671295478057861,0.38802647066116325
0.0001,233.0,0.6712029694557191,0.3878717160224914
0.0001,234.0,0.6711114312171933,0.387718360042572
0.0001,235.0,0.6710208514213558,0.38756639328002934
0.0001,236.0,0.6709312276840214,0.38741581120491037
0.0001,237.0,0.6708425242424016,0.38726657428741446
0.0001,238.0,0.670754747104645,0.38711868076324457
0.0001,239.0,0.6706678758621214,0.3869721090793609
0.0001,240.0,0.6705819057464596,0.38682685031890873
0.0001,241.0,0.6704968116760252,0.38668289141654966
0.0001,242.0,0.6704125919342042,0.3865401996135712
0.0001,243.0,0.6703292366981508,0.38639875435829163
0.0001,244.0,0.6702467259407049,0.38625856051445023
0.0001,245.0,0.67016505393982,0.38611961517333987
0.0001,246.0,0.670084206199646,0.3859818774223327
0.0001,247.0,0.6700041764259341,0.3858453307151794
0.0001,248.0,0.669924943447113,0.38570997681617736
0.0001,249.0,0.6698465200424198,0.3855757942676544
0.0001,250.0,0.6697688725471496,0.38544276671409605
0.0001,251.0,0.6696919979095457,0.3853108979225158
0.0001,252.0,0.6696158983230589,0.38518014769554115
0.0001,253.0,0.6695405420303345,0.3850505241394042
0.0001,254.0,0.6694659334182739,0.38492200169563295
0.0001,255.0,0.6693920585632325,0.3847945772171022
0.0001,256.0,0.6693189120292664,0.38466823415756224
0.0001,257.0,0.6692464828491219,0.38454295358657836
0.0001,258.0,0.6691747595787051,0.3844187424659729
0.0001,259.0,0.6691037384033208,0.38429555211067207
0.0001,260.0,0.6690334073066713,0.3841734065532685
0.0001,261.0,0.6689637539863587,0.3840522849082947
0.0001,262.0,0.6688947783470147,0.38393216638565075
0.0001,263.0,0.6688264657020565,0.383813036632538
0.0001,264.0,0.6687588087081907,0.38369489903450027
0.0001,265.0,0.66869180316925,0.3835777541637423
0.0001,266.0,0.668625437927246,0.3834615581989289
0.0001,267.0,0.6685597013473513,0.38334631814956655
0.0001,268.0,0.668494598674774,0.38323202500343323
0.0001,269.0,0.6684301111221314,0.38311865329742417
0.0001,270.0,0.6683662290573124,0.3830062005996705
0.0001,271.0,0.6683029489517218,0.3828946815013885
0.0001,272.0,0.66824026889801,0.38278404626846324
0.0001,273.0,0.6681781781196595,0.3826743133068085
0.0001,274.0,0.6681166703224185,0.3825654660701753
0.0001,275.0,0.6680557306289671,0.3824574779510497
0.0001,276.0,0.667995363616943,0.38235035824775687
0.0001,277.0,0.6679355556488039,0.3822441109180451
0.0001,278.0,0.667876301956177,0.3821386927604677
0.0001,279.0,0.6678176015853886,0.3820341067790986
0.0001,280.0,0.6677594397544862,0.3819303574562072
0.0001,281.0,0.6677018108367923,0.381827427816391
0.0001,282.0,0.6676447147369385,0.38172530031204227
0.0001,283.0,0.6675881428718571,0.3816239901065826
0.0001,284.0,0.667532081222534,0.3815234541893006
0.0001,285.0,0.6674765344619751,0.38142372474670416
0.0001,286.0,0.6674214925765991,0.38132474751472467
0.0001,287.0,0.6673669488906863,0.3812265604019166
0.0001,288.0,0.6673129072189331,0.38112912154197703
0.0001,289.0,0.6672593445777887,0.3810324418544768
0.0001,290.0,0.6672062713623054,0.3809365137577056
0.0001,291.0,0.6671536715507508,0.3808413116931916
0.0001,292.0,0.6671015383720396,0.3807468386650086
0.0001,293.0,0.6670498800277714,0.380653093624115
0.0001,294.0,0.6669986776351933,0.3805600675106049
0.0001,295.0,0.6669479336738586,0.38046774768829333
0.0001,296.0,0.6668976382255555,0.38037611751556394
0.0001,297.0,0.6668478008270262,0.3802851865768431
0.0001,298.0,0.6667983941078183,0.3801949443817138
0.0001,299.0,0.666749419784546,0.3801053839683532
0.0001,300.0,0.6667008803367613,0.38001649436950685
0.0001,301.0,0.6666527721405026,0.3799282701015473
0.0001,302.0,0.6666050795555116,0.3798407100677492
0.0001,303.0,0.6665578140258795,0.3797538016319276
0.0001,304.0,0.6665109518051152,0.3796675367832184
0.0001,305.0,0.666464507865906,0.3795819150924684
0.0001,306.0,0.6664184609413143,0.3794969218730927
0.0001,307.0,0.6663728121757508,0.379412564945221
0.0001,308.0,0.6663275606155395,0.3793288280487061
0.0001,309.0,0.6662827026367184,0.37924570221900955
0.0001,310.0,0.6662382246017455,0.3791631964683534
0.0001,311.0,0.6661941370964047,0.37908129057884227
0.0001,312.0,0.6661504278182984,0.37899997014999376
0.0001,313.0,0.6661070922851559,0.3789192552089692
0.0001,314.0,0.6660641271591189,0.37883912105560313
0.0001,315.0,0.6660215248107914,0.37875957274436955
0.0001,316.0,0.6659792932510377,0.37868060016632077
0.0001,317.0,0.6659374145507809,0.37860219173431386
0.0001,318.0,0.6658958951950075,0.3785243557929993
0.0001,319.0,0.6658547240257265,0.37844707789421084
0.0001,320.0,0.6658139024734502,0.3783703452587129
0.0001,321.0,0.6657734319686895,0.37829417138099675
0.0001,322.0,0.6657332916259766,0.37821853313446047
0.0001,323.0,0.6656934971809386,0.37814344048500065
0.0001,324.0,0.6656540282249447,0.37806888737678535
0.0001,325.0,0.6656148998260496,0.3779948526859285
0.0001,326.0,0.6655760901451113,0.377921343755722
0.0001,327.0,0.6655376166343687,0.3778483568668365
0.0001,328.0,0.6654994494438176,0.377775876903534
0.0001,329.0,0.6654616007804877,0.377703906917572
0.0001,330.0,0.6654240763664252,0.37763244533538814
0.0001,331.0,0.665386848640442,0.37756147494316084
0.0001,332.0,0.6653499386787416,0.37749101233482363
0.0001,333.0,0.6653133310317995,0.3774210364341736
0.0001,334.0,0.6652770241737372,0.3773515562534331
0.0001,335.0,0.6652410193443298,0.37728254556655905
0.0001,336.0,0.6652053078651426,0.3772140077590943
0.0001,337.0,0.6651698850631711,0.3771459573745728
0.0001,338.0,0.6651347539901731,0.377078370666504
0.0001,339.0,0.6650999126434324,0.37701124954223647
0.0001,340.0,0.6650653491973869,0.3769445887565613
0.0001,341.0,0.6650310708999638,0.3768783767223358
0.0001,342.0,0.6649970698356625,0.37681263141632076
0.0001,343.0,0.6649633417129518,0.3767473282337188
0.0001,344.0,0.6649298917770382,0.3766824678421021
0.0001,345.0,0.6648967166900638,0.3766180522918702
0.0001,346.0,0.6648638031005862,0.37655406990051277
0.0001,347.0,0.664831151866913,0.37649052152633655
0.0001,348.0,0.6647987668991089,0.37642739505767814
0.0001,349.0,0.6647666351318361,0.3763647018909455
0.0001,350.0,0.6647347666740413,0.3763024201393127
0.0001,351.0,0.6647031528472903,0.3762405750751495
0.0001,352.0,0.6646717836380011,0.37617913517951956
0.0001,353.0,0.6646406689643852,0.37611810350418085
0.0001,354.0,0.6646098140716553,0.37605748281478873
0.0001,355.0,0.6645791908264159,0.3759972706317901
0.0001,356.0,0.6645488099098202,0.37593744282722474
0.0001,357.0,0.6645186761856076,0.3758780296802522
0.0001,358.0,0.6644887775421146,0.3758189909934998
0.0001,359.0,0.6644591150283806,0.37576035404205316
0.0001,360.0,0.6644296894073488,0.37570210742950455
0.0001,361.0,0.6644004899024962,0.375644224357605
0.0001,362.0,0.664371523094177,0.3755867426872254
0.0001,363.0,0.6643427849769591,0.37552963891029373
0.0001,364.0,0.6643142694473269,0.3754729083061219
0.0001,365.0,0.6642859763145456,0.3754165376663209
0.0001,366.0,0.6642579023361214,0.3753605372428895
0.0001,367.0,0.6642300493240354,0.3753048985958099
0.0001,368.0,0.6642024112701418,0.37524963335990896
0.0001,369.0,0.6641749874114989,0.3751947083473206
0.0001,370.0,0.6641477838516235,0.3751401597499846
0.0001,371.0,0.6641207824707037,0.3750859555721282
0.0001,372.0,0.6640939953804017,0.3750321057319642
0.0001,373.0,0.6640674175262455,0.37497859544754036
0.0001,374.0,0.6640410320281976,0.37492543148994445
0.0001,375.0,0.6640148618698125,0.37487260823249824
0.0001,376.0,0.6639888928413391,0.37482011427879347
0.0001,377.0,0.6639631135940556,0.3747679575443268
0.0001,378.0,0.6639375398635868,0.3747161381244661
0.0001,379.0,0.6639121584892269,0.37466464748382566
0.0001,380.0,0.6638869697570802,0.3746134926795961
0.0001,381.0,0.6638619805335998,0.37456265621185303
0.0001,382.0,0.663837171173096,0.3745121375083924
0.0001,383.0,0.6638125603675843,0.37446195006370536
0.0001,384.0,0.6637881333351132,0.37441207852363584
0.0001,385.0,0.6637638916015618,0.37436251606941207
0.0001,386.0,0.6637398329734805,0.3743132638931275
0.0001,387.0,0.663715955257416,0.37426433491706845
0.0001,388.0,0.6636922555923462,0.37421568455696125
0.0001,389.0,0.6636687397003169,0.3741673541069031
0.0001,390.0,0.6636454023361208,0.37411931309700014
0.0001,391.0,0.6636222365379328,0.37407158870697027
0.0001,392.0,0.6635992447853083,0.3740241608142854
0.0001,393.0,0.663576428699493,0.3739770245552063
0.0001,394.0,0.6635537810325619,0.3739301764965056
0.0001,395.0,0.663531301116944,0.37388362302780154
0.0001,396.0,0.66350899772644,0.3738373568058015
0.0001,397.0,0.663486852264404,0.3737913678646089
0.0001,398.0,0.6634648720741273,0.3737456632614137
0.0001,399.0,0.6634430639266972,0.3737002473831176
0.0001,400.0,0.6634214091300962,0.37365511007308977
0.0001,401.0,0.6633999170303347,0.37361024832725515
0.0001,402.0,0.6633785882949824,0.37356566262245194
0.0001,403.0,0.6633574131011963,0.3735213519573213
0.0001,404.0,0.6633363976478577,0.37347730765342707
0.0001,405.0,0.663315533065796,0.3734335268497466
0.0001,406.0,0.6632948256492613,0.37339002876281735
0.0001,407.0,0.6632742689132695,0.3733467835903168
0.0001,408.0,0.6632538646698001,0.3733037984371185
0.0001,409.0,0.6632336114883421,0.37326107649803153
0.0001,410.0,0.663213507080078,0.37321860718727123
0.0001,411.0,0.6631935456275942,0.3731763955593111
0.0001,412.0,0.6631737335205076,0.3731344459533691
0.0001,413.0,0.6631540689468387,0.37309274263381964
0.0001,414.0,0.6631345482826236,0.3730512775421143
0.0001,415.0,0.6631151629447932,0.37301007938385017
0.0001,416.0,0.6630959244728091,0.37296911735534677
0.0001,417.0,0.6630768264770511,0.37292840943336475
0.0001,418.0,0.6630578607559205,0.37288793940544135
0.0001,419.0,0.6630390399932858,0.37284771413803103
0.0001,420.0,0.6630203550338741,0.37280773110389726
0.0001,421.0,0.6630018032073974,0.37276797647476195
0.0001,422.0,0.6629833855628972,0.37272846884727484
0.0001,423.0,0.6629651031494137,0.3726891863822937
0.0001,424.0,0.6629469444274899,0.3726501410007476
0.0001,425.0,0.6629289271354676,0.3726113246917724
0.0001,426.0,0.6629110398292543,0.37257272982597334
0.0001,427.0,0.6628932692527774,0.37253435740470886
0.0001,428.0,0.6628756332397462,0.37249621281623846
0.0001,429.0,0.6628581257820136,0.3724583023548125
0.0001,430.0,0.6628407385826109,0.37242062096595774
0.0001,431.0,0.6628234863281254,0.37238314266204825
0.0001,432.0,0.6628063431739808,0.3723459012985229
0.0001,433.0,0.662789332962036,0.37230886206626895
0.0001,434.0,0.6627724378585818,0.3722720385074616
0.0001,435.0,0.6627556682586674,0.3722354373455048
0.0001,436.0,0.6627390100479121,0.37219904170036316
0.0001,437.0,0.6627224810600278,0.37216286406517024
0.0001,438.0,0.662706064414978,0.3721268888950347
0.0001,439.0,0.6626897590637203,0.3720911233425142
0.0001,440.0,0.6626735760688786,0.372055554533005
0.0001,441.0,0.6626575050354003,0.37202020654678336
0.0001,442.0,0.6626415454864498,0.3719850557327269
0.0001,443.0,0.6626257028579713,0.37195011286735546
0.0001,444.0,0.6626099655151366,0.37191536850929274
0.0001,445.0,0.6625943464279173,0.37188081970214837
0.0001,446.0,0.6625788409233094,0.371846465730667
0.0001,447.0,0.6625634361267092,0.37181231594085706
0.0001,448.0,0.662548137283326,0.37177835264205933
0.0001,449.0,0.6625329521179198,0.37174459671974186
0.0001,450.0,0.6625178686141967,0.37171101498603837
0.0001,451.0,0.6625028972625735,0.3716776302337649
0.0001,452.0,0.6624880210876469,0.37164443354606636
0.0001,453.0,0.662473254299164,0.3716114395141602
0.0001,454.0,0.6624585899353036,0.3715786079883575
0.0001,455.0,0.6624440277099611,0.37154597835540765
0.0001,456.0,0.6624295701980589,0.37151354646682755
0.0001,457.0,0.6624152091026305,0.37148128867149344
0.0001,458.0,0.6624009508132934,0.371449211215973
0.0001,459.0,0.6623867934226993,0.371417306137085
0.0001,460.0,0.6623727245330814,0.3713855906009674
0.0001,461.0,0.6623587578773499,0.37135405535697946
0.0001,462.0,0.6623448908805848,0.3713226930618286
0.0001,463.0,0.6623311160087588,0.3712914823055267
0.0001,464.0,0.6623174379348755,0.37126047754287717
0.0001,465.0,0.662303859138489,0.37122962307929985
0.0001,466.0,0.6622903676033016,0.37119894237518314
0.0001,467.0,0.6622769736289975,0.37116844406127925
0.0001,468.0,0.6622636672973636,0.37113811054229734
0.0001,469.0,0.6622504505157475,0.37110794425010674
0.0001,470.0,0.6622373279571534,0.37107794280052186
0.0001,471.0,0.662224296188354,0.37104812049865715
0.0001,472.0,0.6622113548278805,0.3710184507846831
0.0001,473.0,0.6621984954833986,0.3709889522075654
0.0001,474.0,0.6621857319831855,0.3709596063137055
0.0001,475.0,0.6621730484008795,0.3709304192066192
0.0001,476.0,0.6621604592323298,0.3709014092445373
0.0001,477.0,0.66214795255661,0.37087254171371475
0.0001,478.0,0.6621355274200437,0.37084384708404533
0.0001,479.0,0.6621231916427615,0.3708153020381928
0.0001,480.0,0.6621109413146972,0.37078691272735587
0.0001,481.0,0.6620987693786615,0.3707586850166323
0.0001,482.0,0.6620866756439209,0.37073059668540964
0.0001,483.0,0.662074678516388,0.3707026785373689
0.0001,484.0,0.6620627442359928,0.3706749011039734
0.0001,485.0,0.6620509076118472,0.37064727406501785
0.0001,486.0,0.6620391410827637,0.37061980209350576
0.0001,487.0,0.662027455806732,0.3705924753665925
0.0001,488.0,0.6620158499717715,0.37056530480384836
0.0001,489.0,0.6620043206214902,0.3705382791519165
0.0001,490.0,0.6619928716659541,0.3705113919734956
0.0001,491.0,0.6619814972877506,0.37048465437889094
0.0001,492.0,0.6619702018737793,0.37045805711746227
0.0001,493.0,0.6619589838981624,0.3704316098690035
0.0001,494.0,0.6619478370666507,0.370405304145813
0.0001,495.0,0.6619367660522466,0.37037913756370555
0.0001,496.0,0.661925772857666,0.3703531170845032
0.0001,497.0,0.6619148490905763,0.3703272312164307
0.0001,498.0,0.6619039978981024,0.37030148377418515
0.0001,499.0,0.661893222141266,0.37027586302757254
0.0001,500.0,0.6618825215339662,0.37025039968490603
0.0001,501.0,0.6618718864440923,0.3702250614643098
0.0001,502.0,0.6618613211631779,0.37019985690116874
0.0001,503.0,0.6618508286476135,0.37017478890419014
0.0001,504.0,0.6618404049873353,0.3701498591423036
0.0001,505.0,0.6618300508499148,0.3701250553131103
0.0001,506.0,0.6618197669029235,0.3701003745079041
0.0001,507.0,0.6618095495223997,0.3700758336544037
0.0001,508.0,0.6617993991851803,0.3700514185905457
0.0001,509.0,0.6617893188476562,0.37002713241577145
0.0001,510.0,0.6617793043136596,0.37000297284126277
0.0001,511.0,0.6617693570137028,0.3699789524555206
0.0001,512.0,0.6617594735145574,0.3699550482273101
0.0001,513.0,0.6617496564865113,0.36993126816749566
0.0001,514.0,0.6617399013519292,0.36990761723518367
0.0001,515.0,0.6617302124977108,0.36988409285545365
0.0001,516.0,0.6617205883979805,0.36986068744659417
0.0001,517.0,0.661711028385162,0.3698373970985413
0.0001,518.0,0.6617015324592589,0.369814241361618
0.0001,519.0,0.661692095947265,0.36979120922088643
0.0001,520.0,0.6616827154159541,0.3697682857036591
0.0001,521.0,0.6616734066009524,0.36974549174308774
0.0001,522.0,0.6616641565322875,0.3697228178977965
0.0001,523.0,0.6616549605369578,0.36970025610923773
0.0001,524.0,0.6616458312034611,0.3696778140068054
0.0001,525.0,0.6616367633819579,0.3696554914951324
0.0001,526.0,0.6616277483940123,0.36963328919410693
0.0001,527.0,0.6616187980651856,0.3696111893177033
0.0001,528.0,0.6616099014282225,0.36958921313285825
0.0001,529.0,0.6616010666847233,0.3695673380374907
0.0001,530.0,0.6615922842025758,0.36954558167457585
0.0001,531.0,0.6615835614204405,0.36952393355369595
0.0001,532.0,0.6615748947143555,0.36950240325927736
0.0001,533.0,0.6615662880897529,0.3694809834480285
0.0001,534.0,0.6615577342987069,0.3694596681118011
0.0001,535.0,0.6615492347717292,0.36943846173286465
0.0001,536.0,0.6615407945632936,0.36941735424995437
0.0001,537.0,0.6615324059486392,0.3693963715076447
0.0001,538.0,0.6615240720748898,0.3693754838466645
0.0001,539.0,0.6615157915115359,0.3693547073364257
0.0001,540.0,0.6615075668334954,0.3693340430259704
0.0001,541.0,0.6614993896484376,0.36931348686218257
0.0001,542.0,0.6614912713050843,0.36929301958084104
0.0001,543.0,0.6614832033157346,0.36927265615463256
0.0001,544.0,0.6614751883506778,0.36925240755081185
0.0001,545.0,0.6614672197341922,0.3692322595596313
0.0001,546.0,0.6614593041419986,0.36921221685409533
0.0001,547.0,0.6614514472007754,0.3691922723293306
0.0001,548.0,0.6614436290740964,0.3691724227428437
0.0001,549.0,0.661435872173309,0.3691526765823364
0.0001,550.0,0.6614281535148621,0.36913303356170646
0.0001,551.0,0.6614204925537115,0.36911348657608034
0.0001,552.0,0.6614128774642946,0.36909403614997865
0.0001,553.0,0.6614053126335145,0.3690746924877166
0.0001,554.0,0.6613977960586548,0.3690554453849793
0.0001,555.0,0.6613903259277346,0.36903629369735724
0.0001,556.0,0.6613829090118408,0.3690172310352326
0.0001,557.0,0.6613755325317384,0.36899827280044567
0.0001,558.0,0.6613682066917426,0.3689794062614442
0.0001,559.0,0.6613609242439267,0.3689606257915496
0.0001,560.0,0.6613536974906923,0.3689419520378112
0.0001,561.0,0.6613465045928955,0.3689233638763428
0.0001,562.0,0.6613393651008607,0.36890486483573903
0.0001,563.0,0.6613322664260867,0.3688864602565764
0.0001,564.0,0.6613252199172978,0.3688681627750398
0.0001,565.0,0.6613182091712954,0.3688499299049378
0.0001,566.0,0.6613112449645993,0.3688318083286288
0.0001,567.0,0.6613043234825138,0.36881376791000375
0.0001,568.0,0.6612974485397336,0.36879581737518313
0.0001,569.0,0.6612906194686885,0.3687779517650605
0.0001,570.0,0.6612838361740112,0.3687601753234865
0.0001,571.0,0.6612770939826969,0.3687424945831298
0.0001,572.0,0.6612703884124752,0.3687248921871185
0.0001,573.0,0.6612637289047243,0.36870738272666953
0.0001,574.0,0.6612571060180663,0.36868996138572707
0.0001,575.0,0.6612505285263066,0.3686726181030273
0.0001,576.0,0.6612439958572389,0.3686553777217865
0.0001,577.0,0.6612375047683718,0.3686382062435151
0.0001,578.0,0.6612310471534725,0.36862113656997675
0.0001,579.0,0.661224636650085,0.3686041379451751
0.0001,580.0,0.6612182625770572,0.368587218141556
0.0001,581.0,0.6612119340896608,0.3685703876972198
0.0001,582.0,0.661205637454986,0.3685536373138429
0.0001,583.0,0.661199386882782,0.36853697600364693
0.0001,584.0,0.6611931732177735,0.36852039012908944
0.0001,585.0,0.6611869997978209,0.3685038895606995
0.0001,586.0,0.6611808567047116,0.36848746175765984
0.0001,587.0,0.6611747595787048,0.36847112731933584
0.0001,588.0,0.6611686985015877,0.3684548660755156
0.0001,589.0,0.6611626806259155,0.36843867335319513
0.0001,590.0,0.6611566920280455,0.36842256317138683
0.0001,591.0,0.6611507478713993,0.3684065383911132
0.0001,592.0,0.6611448343276976,0.3683905872344972
0.0001,593.0,0.6611389633178711,0.36837470512390147
0.0001,594.0,0.6611331285476688,0.36835890412330646
0.0001,595.0,0.6611273201942446,0.3683431803226471
0.0001,596.0,0.661121558475495,0.3683275404453278
0.0001,597.0,0.6611158325195313,0.3683119671821593
0.0001,598.0,0.661110138320923,0.36829646492004403
0.0001,599.0,0.6611044816017155,0.36828104586601257
0.0001,600.0,0.661098856163025,0.3682657030105592
0.0001,601.0,0.6610932702064508,0.36825042171478267
0.0001,602.0,0.6610877192497254,0.3682352139472963
0.0001,603.0,0.6610821973800652,0.3682200900077819
0.0001,604.0,0.6610767117500301,0.3682050377368928
0.0001,605.0,0.6610712610244756,0.36819005308151265
0.0001,606.0,0.6610658396720883,0.36817513484954834
0.0001,607.0,0.6610604551315311,0.36816029572486875
0.0001,608.0,0.6610551084518432,0.3681455204486846
0.0001,609.0,0.6610497920989995,0.3681308228492736
0.0001,610.0,0.6610445018768308,0.36811619753837577
0.0001,611.0,0.6610392525672911,0.36810163340568547
0.0001,612.0,0.6610340357780455,0.3680871392726899
0.0001,613.0,0.6610288421630856,0.3680727185249328
0.0001,614.0,0.661023679542541,0.36805836277008075
0.0001,615.0,0.6610185601234443,0.36804407982826237
0.0001,616.0,0.66101346912384,0.36802985796928417
0.0001,617.0,0.6610084062576294,0.36801570534706113
0.0001,618.0,0.6610033761024475,0.36800162091255184
0.0001,619.0,0.6609983769416813,0.3679876088619232
0.0001,620.0,0.6609934064865116,0.36797365512847885
0.0001,621.0,0.660988467216492,0.3679597608089448
0.0001,622.0,0.6609835590362548,0.36794594807624825
0.0001,623.0,0.6609786815643317,0.36793218832016
0.0001,624.0,0.660973832702637,0.3679185011863709
0.0001,625.0,0.6609690109252931,0.3679048763275146
0.0001,626.0,0.6609642237663267,0.36789131097793576
0.0001,627.0,0.6609594633102421,0.36787781639099126
0.0001,628.0,0.6609547291755679,0.36786438241004943
0.0001,629.0,0.6609500278472901,0.36785100340843196
0.0001,630.0,0.6609453485488889,0.36783769817352285
0.0001,631.0,0.6609407074928283,0.36782445969581595
0.0001,632.0,0.6609360903739929,0.36781128058433527
0.0001,633.0,0.6609314964294433,0.3677981515407563
0.0001,634.0,0.6609269393920897,0.3677850849151612
0.0001,635.0,0.660922400760651,0.3677720852375031
0.0001,636.0,0.6609179008483888,0.3677591440200807
0.0001,637.0,0.66091341791153,0.3677462699890136
0.0001,638.0,0.6609089649200446,0.36773345413208
0.0001,639.0,0.6609045365333557,0.36772069153785714
0.0001,640.0,0.6609001391410827,0.36770798850059505
0.0001,641.0,0.6608957685470586,0.36769534983634933
0.0001,642.0,0.6608914235115048,0.3676827627658845
0.0001,643.0,0.660887105941772,0.3676702464580537
0.0001,644.0,0.6608828125953673,0.36765777354240403
0.0001,645.0,0.6608785439491272,0.3676453657150268
0.0001,646.0,0.6608743026733398,0.3676330217361449
0.0001,647.0,0.6608700883865352,0.3676207261562347
0.0001,648.0,0.6608658966064459,0.36760849385261524
0.0001,649.0,0.6608617321014404,0.3675963101387024
0.0001,650.0,0.6608575855255124,0.3675841831684112
0.0001,651.0,0.6608534788131712,0.3675721146583557
0.0001,652.0,0.6608493833541876,0.36756010828018176
0.0001,653.0,0.6608453187942507,0.36754815058708185
0.0001,654.0,0.6608412789344782,0.36753625664711015
0.0001,655.0,0.6608372632980346,0.367524406337738
0.0001,656.0,0.6608332678794857,0.36751261439323424
0.0001,657.0,0.6608292959213258,0.3675008728027345
0.0001,658.0,0.6608253564834595,0.3674891825675965
0.0001,659.0,0.6608214343070983,0.3674775524139403
0.0001,660.0,0.6608175366401666,0.3674659723758697
0.0001,661.0,0.660813655281067,0.3674544459342958
0.0001,662.0,0.6608098112106321,0.36744297404289245
0.0001,663.0,0.6608059823036196,0.3674315499782562
0.0001,664.0,0.6608021739959716,0.36742017774581903
0.0001,665.0,0.660798391342163,0.3674088600158691
0.0001,666.0,0.6607946308135981,0.36739759135246264
0.0001,667.0,0.6607908918380736,0.3673863721847535
0.0001,668.0,0.6607871769905093,0.3673752058029175
0.0001,669.0,0.6607834799766545,0.3673640843868256
0.0001,670.0,0.6607798086166381,0.36735302081108084
0.0001,671.0,0.6607761619567869,0.3673420029640197
0.0001,672.0,0.6607725299835203,0.3673310286998749
0.0001,673.0,0.6607689239501953,0.3673201234817503
0.0001,674.0,0.6607653392791748,0.3673092567443849
0.0001,675.0,0.6607617724418641,0.3672984325408935
0.0001,676.0,0.6607582370758059,0.36728766503334065
0.0001,677.0,0.6607547111511224,0.36727693996429456
0.0001,678.0,0.660751212787628,0.3672662826061249
0.0001,679.0,0.6607477354049682,0.3672556531906128
0.0001,680.0,0.6607442700386046,0.36724507918357846
0.0001,681.0,0.6607408347129823,0.3672345479488371
0.0001,682.0,0.6607374130249024,0.3672240699768066
0.0001,683.0,0.6607340182304384,0.36721363863945017
0.0001,684.0,0.6607306383132936,0.3672032398700714
0.0001,685.0,0.6607272787094113,0.36719289574623104
0.0001,686.0,0.6607239440917966,0.36718259987831137
0.0001,687.0,0.6607206270217897,0.36717235078811633
0.0001,688.0,0.6607173242568968,0.36716215472221375
0.0001,689.0,0.6607140438079838,0.3671519855499268
0.0001,690.0,0.6607107836723329,0.36714187555313105
0.0001,691.0,0.6607075429916378,0.3671318063259124
0.0001,692.0,0.6607043214797973,0.3671217876911164
0.0001,693.0,0.6607011146545413,0.3671118049144746
0.0001,694.0,0.6606979335784913,0.3671018756389618
0.0001,695.0,0.660694769191742,0.36709198708534246
0.0001,696.0,0.660691618061066,0.367082134628296
0.0001,697.0,0.660688494873047,0.36707233119010924
0.0001,698.0,0.6606853827476503,0.3670625781059268
0.0001,699.0,0.6606822902679444,0.36705286064147963
0.0001,700.0,0.66067922077179,0.36704318900108346
0.0001,701.0,0.660676161003113,0.3670335564136506
0.0001,702.0,0.660673123455047,0.36702398028373723
0.0001,703.0,0.6606701001167299,0.3670144322395323
0.0001,704.0,0.6606670998573299,0.367004921245575
0.0001,705.0,0.6606641132354741,0.3669954669475555
0.0001,706.0,0.6606611482620244,0.3669860507965088
0.0001,707.0,0.6606581982612608,0.36697667827606206
0.0001,708.0,0.6606552631378174,0.36696734437942496
0.0001,709.0,0.6606523480415337,0.36695804672241217
0.0001,710.0,0.6606494524002076,0.36694879508018496
0.0001,711.0,0.660646570968628,0.3669395872116091
0.0001,712.0,0.6606437037467964,0.3669304077625274
0.0001,713.0,0.6606408571243284,0.36692127304077143
0.0001,714.0,0.6606380252838131,0.3669121867656708
0.0001,715.0,0.6606352118492126,0.3669031334877014
0.0001,716.0,0.6606324136734006,0.366894119977951
0.0001,717.0,0.6606296334266666,0.3668851546764371
0.0001,718.0,0.6606268635749818,0.36687621645927415
0.0001,719.0,0.6606241140365601,0.36686731595993055
0.0001,720.0,0.6606213788986205,0.36685846033096325
0.0001,721.0,0.660618665981293,0.3668496442794801
0.0001,722.0,0.6606159600257869,0.3668408652305604
0.0001,723.0,0.6606132720947268,0.3668321136951447
0.0001,724.0,0.660610603904724,0.3668234058380127
0.0001,725.0,0.6606079465866087,0.3668147404670715
0.0001,726.0,0.6606053067207333,0.3668061069965363
0.0001,727.0,0.6606026825904844,0.3667975209712982
0.0001,728.0,0.6606000712394707,0.36678897042274483
0.0001,729.0,0.6605974824905395,0.36678045825958244
0.0001,730.0,0.6605948980331419,0.36677196636199955
0.0001,731.0,0.6605923317909247,0.36676352796554557
0.0001,732.0,0.6605897837638852,0.36675512137413024
0.0001,733.0,0.6605872479438786,0.366746747636795
0.0001,734.0,0.6605847258567809,0.36673841400146473
0.0001,735.0,0.6605822199821476,0.36673011231422437
0.0001,736.0,0.6605797338485715,0.3667218534469603
0.0001,737.0,0.6605772493362433,0.36671362156867987
0.0001,738.0,0.6605747916221621,0.3667054323673249
0.0001,739.0,0.660572342777252,0.3666972703456879
0.0001,740.0,0.6605699062347414,0.3666891498565673
0.0001,741.0,0.6605674820899965,0.3666810752868651
0.0001,742.0,0.6605650798797605,0.3666730232715606
0.0001,743.0,0.6605626874923706,0.3666650127887726
0.0001,744.0,0.660560305976867,0.36665703091621415
0.0001,745.0,0.6605579437255862,0.3666490843296051
0.0001,746.0,0.6605555865287787,0.3666411744117738
0.0001,747.0,0.6605532487869266,0.36663329687118545
0.0001,748.0,0.6605509283065802,0.366625454568863
0.0001,749.0,0.660548618221283,0.36661763858795177
0.0001,750.0,0.6605463203430177,0.36660986843109145
0.0001,751.0,0.6605440320014954,0.36660212130546566
0.0001,752.0,0.6605417638778691,0.3665944141387939
0.0001,753.0,0.6605395024299622,0.3665867357254028
0.0001,754.0,0.6605372551918032,0.3665790900707245
0.0001,755.0,0.6605350273132321,0.36657147698402415
0.0001,756.0,0.6605327990531923,0.36656389837265013
0.0001,757.0,0.6605305953025817,0.3665563510894775
0.0001,758.0,0.660528402709961,0.36654883122444165
0.0001,759.0,0.6605262172698974,0.3665413587093353
0.0001,760.0,0.6605240496635443,0.36653389248847973
0.0001,761.0,0.6605218902587894,0.3665264826297761
0.0001,762.0,0.6605197434425356,0.36651909399032595
0.0001,763.0,0.6605176140785213,0.3665117306232453
0.0001,764.0,0.6605154932022089,0.3665044062614441
0.0001,765.0,0.6605133864402777,0.36649711365699766
0.0001,766.0,0.6605112870216368,0.36648984208106994
0.0001,767.0,0.6605092026710505,0.3664826100826264
0.0001,768.0,0.6605071315765381,0.3664754102706908
0.0001,769.0,0.6605050657272334,0.3664682299613954
0.0001,770.0,0.6605030210494998,0.3664610901832581
0.0001,771.0,0.6605009773254396,0.36645397329330465
0.0001,772.0,0.6604989531517033,0.3664469004631042
0.0001,773.0,0.6604969398498531,0.3664398444652558
0.0001,774.0,0.6604949366569525,0.36643282241821284
0.0001,775.0,0.660492941284179,0.3664258332252501
0.0001,776.0,0.6604909633636474,0.3664188719272614
0.0001,777.0,0.6604889874458316,0.3664119352817537
0.0001,778.0,0.6604870356559753,0.3664050367832184
0.0001,779.0,0.6604850809097287,0.3663981530666351
0.0001,780.0,0.660483149623871,0.3663913098335267
0.0001,781.0,0.6604812233924866,0.36638448796272277
0.0001,782.0,0.6604793058395387,0.3663776958942414
0.0001,783.0,0.6604774015426643,0.36637094373703
0.0001,784.0,0.6604755140304563,0.3663642024993898
0.0001,785.0,0.6604736323356626,0.36635750389099125
0.0001,786.0,0.6604717561721806,0.3663508240222931
0.0001,787.0,0.6604698964118955,0.36634417181015
0.0001,788.0,0.6604680478096008,0.36633754529953017
0.0001,789.0,0.6604662107467653,0.3663309542655945
0.0001,790.0,0.6604643795013433,0.36632438745498663
0.0001,791.0,0.6604625574111935,0.36631784415245067
0.0001,792.0,0.6604607512474059,0.36631132483482365
0.0001,793.0,0.6604589537620539,0.36630484085083004
0.0001,794.0,0.6604571615219117,0.3662983788013458
0.0001,795.0,0.6604553862571715,0.36629195213317867
0.0001,796.0,0.6604536172866818,0.3662855485439301
0.0001,797.0,0.6604518580436711,0.36627916607856753
0.0001,798.0,0.6604501119613648,0.36627281627655045
0.0001,799.0,0.6604483690261842,0.36626649308204656
0.0001,800.0,0.6604466382980342,0.3662601903438568
0.0001,801.0,0.6604449205398563,0.36625391545295716
0.0001,802.0,0.6604432111740114,0.36624766654968266
0.0001,803.0,0.6604415090560913,0.36624144353866583
0.0001,804.0,0.6604398223876955,0.366235246706009
0.0001,805.0,0.6604381406784053,0.3662290828704834
0.0001,806.0,0.6604364688873291,0.3662229342460632
0.0001,807.0,0.6604348049163815,0.3662168106555938
0.0001,808.0,0.6604331520080565,0.3662107172966004
0.0001,809.0,0.6604315071105958,0.36620464882850634
0.0001,810.0,0.6604298748016358,0.36619860897064216
0.0001,811.0,0.6604282449722287,0.3661925795555114
0.0001,812.0,0.6604266338348388,0.3661865865230559
0.0001,813.0,0.6604250215530395,0.366180612897873
0.0001,814.0,0.6604234281539921,0.3661746675014496
0.0001,815.0,0.6604218419075013,0.3661687393188475
0.0001,816.0,0.6604202555656429,0.3661628431320192
0.0001,817.0,0.660418684005737,0.3661569776535033
0.0001,818.0,0.6604171232223507,0.36615112137794503
0.0001,819.0,0.6604155679702759,0.3661452984333039
0.0001,820.0,0.6604140201568603,0.36613948955535885
0.0001,821.0,0.6604124841690061,0.3661337111473084
0.0001,822.0,0.6604109577178957,0.36612795023918154
0.0001,823.0,0.6604094414710993,0.36612221622467034
0.0001,824.0,0.6604079265594482,0.36611651067733764
0.0001,825.0,0.6604064237594607,0.3661108267307283
0.0001,826.0,0.6604049279212947,0.3661051738262175
0.0001,827.0,0.6604034423828127,0.3660995346069336
0.0001,828.0,0.6604019647598266,0.36609392480850217
0.0001,829.0,0.6604004970550538,0.36608832416534415
0.0001,830.0,0.660399036312103,0.3660827455520631
0.0001,831.0,0.6603975786209114,0.366077199268341
0.0001,832.0,0.6603961340904236,0.36607167558670034
0.0001,833.0,0.6603946964263925,0.36606617169380185
0.0001,834.0,0.6603932665824892,0.3660606890201569
0.0001,835.0,0.6603918467521672,0.3660552331447602
0.0001,836.0,0.6603904345512386,0.36604979090690615
0.0001,837.0,0.6603890270233153,0.36604438252449045
0.0001,838.0,0.6603876275062562,0.3660389880657197
0.0001,839.0,0.6603862385749816,0.36603362002372747
0.0001,840.0,0.6603848545074461,0.36602827329635607
0.0001,841.0,0.6603834784507754,0.36602294802665714
0.0001,842.0,0.6603821119308477,0.36601764230728157
0.0001,843.0,0.6603807548522954,0.36601235804557813
0.0001,844.0,0.6603794016838075,0.3660070944786071
0.0001,845.0,0.6603780555725103,0.3660018565654754
0.0001,846.0,0.6603767152786256,0.36599663362503054
0.0001,847.0,0.6603753901481628,0.3659914377689364
0.0001,848.0,0.6603740712165835,0.36598626189231886
0.0001,849.0,0.6603727507591248,0.36598111109733555
0.0001,850.0,0.6603714412689219,0.3659759721755983
0.0001,851.0,0.6603701467514038,0.3659708617687226
0.0001,852.0,0.6603688543319701,0.36596576857566854
0.0001,853.0,0.6603675631523135,0.36596068582534796
0.0001,854.0,0.660366284275055,0.3659556338310242
0.0001,855.0,0.6603650114059447,0.36595060830116277
0.0001,856.0,0.6603637475967414,0.3659455844402313
0.0001,857.0,0.660362486171723,0.36594059672355655
0.0001,858.0,0.6603612356185913,0.36593561887741083
0.0001,859.0,0.6603599955558775,0.36593066911697386
0.0001,860.0,0.6603587558746336,0.3659257313251496
0.0001,861.0,0.6603575237274173,0.36592082762718214
0.0001,862.0,0.6603562980651858,0.36591593308448794
0.0001,863.0,0.6603550816535951,0.3659110591888428
0.0001,864.0,0.6603538676261904,0.36590620360374443
0.0001,865.0,0.6603526645660399,0.36590137500762926
0.0001,866.0,0.6603514670372012,0.3658965539455414
0.0001,867.0,0.6603502750396731,0.3658917561054232
0.0001,868.0,0.6603490907669067,0.36588698167800904
0.0001,869.0,0.6603479169845582,0.3658822205066682
0.0001,870.0,0.6603467391967773,0.3658774851799011
0.0001,871.0,0.6603455771446232,0.3658727545261384
0.0001,872.0,0.6603444216728207,0.36586805486679075
0.0001,873.0,0.6603432679176328,0.36586336979866035
0.0001,874.0,0.66034211807251,0.36585870189666747
0.0001,875.0,0.6603409775733949,0.3658540505886076
0.0001,876.0,0.6603398471832274,0.3658494248390198
0.0001,877.0,0.6603387217521665,0.36584481816291825
0.0001,878.0,0.6603375982284546,0.36584022264480603
0.0001,879.0,0.6603364824295046,0.3658356483936308
0.0001,880.0,0.6603353738784788,0.36583109307289136
0.0001,881.0,0.6603342693328854,0.36582654976844786
0.0001,882.0,0.6603331719398504,0.36582202868461605
0.0001,883.0,0.6603320831298835,0.3658175218105315
0.0001,884.0,0.6603309970855713,0.36581304121017466
0.0001,885.0,0.6603299195289609,0.36580856823921226
0.0001,886.0,0.6603288438796996,0.3658041213512422
0.0001,887.0,0.6603277737617494,0.36579968152046216
0.0001,888.0,0.6603267189025885,0.3657952741146088
0.0001,889.0,0.6603256563186645,0.3657908758163452
0.0001,890.0,0.6603246076583862,0.365786493873596
0.0001,891.0,0.6603235636711118,0.36578213133811954
0.0001,892.0,0.6603225244522093,0.36577779054641707
0.0001,893.0,0.6603214888572692,0.3657734518527984
0.0001,894.0,0.6603204608917239,0.36576913962364194
0.0001,895.0,0.660319438171387,0.3657648477077485
0.0001,896.0,0.6603184305191044,0.36576057596206674
0.0001,897.0,0.6603174201011657,0.3657563044548035
0.0001,898.0,0.660316409969329,0.36575206990242
0.0001,899.0,0.6603154121398925,0.3657478470802309
0.0001,900.0,0.6603144169807434,0.36574363574981683
0.0001,901.0,0.6603134313583378,0.3657394342422485
0.0001,902.0,0.6603124444007872,0.36573526091575637
0.0001,903.0,0.6603114670753482,0.3657310988426207
0.0001,904.0,0.6603104949951168,0.3657269576549531
0.0001,905.0,0.6603095238685609,0.3657228331565856
0.0001,906.0,0.6603085632324214,0.3657187139987947
0.0001,907.0,0.6603076068878169,0.36571461520195014
0.0001,908.0,0.6603066505432131,0.365710537290573
0.0001,909.0,0.6603057064056396,0.36570647287368785
0.0001,910.0,0.6603047633171079,0.36570243191719076
0.0001,911.0,0.660303824806213,0.3656983934402465
0.0001,912.0,0.6603028978347779,0.365694377422333
0.0001,913.0,0.6603019664764401,0.36569037041664115
0.0001,914.0,0.6603010498046873,0.3656863914012911
0.0001,915.0,0.6603001250267034,0.3656824173450468
0.0001,916.0,0.6602992167472848,0.3656784579753876
0.0001,917.0,0.6602983104705814,0.36567452683448787
0.0001,918.0,0.6602974096298215,0.3656706026554109
0.0001,919.0,0.6602965111732483,0.3656666882514957
0.0001,920.0,0.6602956192970276,0.36566278829574583
0.0001,921.0,0.6602947330474851,0.36565891771316533
0.0001,922.0,0.6602938493728636,0.36565505862236025
0.0001,923.0,0.6602929767608643,0.3656512072086334
0.0001,924.0,0.6602921015739444,0.3656473737239838
0.0001,925.0,0.66029123210907,0.36564355235099794
0.0001,926.0,0.660290366649628,0.36563975200653087
0.0001,927.0,0.6602895070075991,0.365635961151123
0.0001,928.0,0.6602886591911316,0.3656321762561797
0.0001,929.0,0.6602878002166751,0.36562842078208935
0.0001,930.0,0.6602869592666625,0.36562468047142027
0.0001,931.0,0.6602861186981199,0.36562094182968147
0.0001,932.0,0.6602852827072146,0.3656172237873077
0.0001,933.0,0.6602844462394712,0.3656135269641876
0.0001,934.0,0.660283618545532,0.3656098377704621
0.0001,935.0,0.6602828013420105,0.3656061655521393
0.0001,936.0,0.6602819821357728,0.36560250453948995
0.0001,937.0,0.6602811614990233,0.36559885907173156
0.0001,938.0,0.6602803550720217,0.3655952295780184
0.0001,939.0,0.6602795551300045,0.36559160623550413
0.0001,940.0,0.6602787493705751,0.36558800883293163
0.0001,941.0,0.6602779502868654,0.3655844128608704
0.0001,942.0,0.6602771591186529,0.3655808314323425
0.0001,943.0,0.660276376056671,0.3655772705078125
0.0001,944.0,0.6602755904197694,0.3655737266063691
0.0001,945.0,0.6602748058319092,0.3655701768875123
0.0001,946.0,0.6602740312576295,0.36556666188240067
0.0001,947.0,0.6602732603073123,0.36556315093040465
0.0001,948.0,0.6602724922180173,0.36555965700149534
0.0001,949.0,0.6602717288970941,0.3655561728477477
0.0001,950.0,0.6602709702491765,0.36555269880294805
0.0001,951.0,0.6602702118873597,0.3655492474079132
0.0001,952.0,0.6602694627761838,0.36554580440521245
0.0001,953.0,0.6602687148094176,0.3655423697471618
0.0001,954.0,0.6602679727554324,0.36553895621299753
0.0001,955.0,0.6602672328948976,0.3655355464458464
0.0001,956.0,0.6602664962768557,0.36553216223716734
0.0001,957.0,0.6602657617568966,0.3655287802696229
0.0001,958.0,0.660265036392212,0.36552541532516486
0.0001,959.0,0.6602643143653869,0.3655220633983612
0.0001,960.0,0.660263596820831,0.36551872773170474
0.0001,961.0,0.6602628818511964,0.36551539664268495
0.0001,962.0,0.6602621685981747,0.3655120738506317
0.0001,963.0,0.6602614580154418,0.3655087777137756
0.0001,964.0,0.6602607528686524,0.3655054841518401
0.0001,965.0,0.6602600524902345,0.3655022127628325
0.0001,966.0,0.6602593515396116,0.36549894075393674
0.0001,967.0,0.6602586629867554,0.36549569582939156
0.0001,968.0,0.6602579762458801,0.365492455625534
0.0001,969.0,0.6602572853088376,0.3654892252922059
0.0001,970.0,0.6602566059112548,0.36548601193428026
0.0001,971.0,0.6602559247970577,0.36548281049728387
0.0001,972.0,0.6602552482604981,0.3654796203613282
0.0001,973.0,0.6602545803070066,0.36547643866539
0.0001,974.0,0.6602539098739624,0.36547327542305
0.0001,975.0,0.6602532424926764,0.36547011480331415
0.0001,976.0,0.6602525815963746,0.36546697311401366
0.0001,977.0,0.6602519193649294,0.3654638396263122
0.0001,978.0,0.6602512707710264,0.36546071777343747
0.0001,979.0,0.6602506182670588,0.3654576183319092
0.0001,980.0,0.6602499738693234,0.3654545269012453
0.0001,981.0,0.6602493309020994,0.36545144534111024
0.0001,982.0,0.6602486868858338,0.3654483676910401
0.0001,983.0,0.6602480471611022,0.3654453023433685
0.0001,984.0,0.6602474164962772,0.3654422518730162
0.0001,985.0,0.6602467874526977,0.3654392277240752
0.0001,986.0,0.6602461623191829,0.36543620405197125
0.0001,987.0,0.6602455376625059,0.3654331873416901
0.0001,988.0,0.6602449146270754,0.3654301792621613
0.0001,989.0,0.6602443000793454,0.3654271862506866
0.0001,990.0,0.6602436866760257,0.3654242017745971
0.0001,991.0,0.6602430780410768,0.36542124161720274
0.0001,992.0,0.6602424715042119,0.36541827688217166
0.0001,993.0,0.6602418615341188,0.36541533751487726
0.0001,994.0,0.6602412631034847,0.3654124028682708
0.0001,995.0,0.6602406646728513,0.3654094717502594
0.0001,996.0,0.6602400672912595,0.3654065624237061
0.0001,997.0,0.6602394762039184,0.3654036570072174
0.0001,998.0,0.6602388888359072,0.36540076398849486
0.0001,999.0,0.6602383042335509,0.365397878074646
0.0001,1000.0,0.6602377216339113,0.3653950032234192
0.0001,1001.0,0.660237144947052,0.365392140674591
0.0001,1002.0,0.6602365701675411,0.36538929214477545
0.0001,1003.0,0.6602359919548032,0.36538644838333145
0.0001,1004.0,0.6602354271888736,0.3653836190223692
0.0001,1005.0,0.6602348590850831,0.3653808040142059
0.0001,1006.0,0.6602342926025382,0.36537799034118656
0.0001,1007.0,0.6602337345123293,0.3653751924037933
0.0001,1008.0,0.6602331737518311,0.3653724062442779
0.0001,1009.0,0.6602326150894168,0.365369627380371
0.0001,1010.0,0.6602320676803591,0.3653668649673462
0.0001,1011.0,0.6602315168380742,0.36536410679817205
0.0001,1012.0,0.6602309687614444,0.36536136622428894
0.0001,1013.0,0.6602304254531861,0.3653586250305176
0.0001,1014.0,0.6602298871994017,0.3653559048175813
0.0001,1015.0,0.6602293462753303,0.36535318965911867
0.0001,1016.0,0.6602288108825687,0.3653504788875579
0.0001,1017.0,0.6602282813072202,0.3653477822303772
0.0001,1018.0,0.6602277500152589,0.3653450957775116
0.0001,1019.0,0.6602272285461432,0.365342423582077
0.0001,1020.0,0.6602266979217529,0.36533975601196284
0.0001,1021.0,0.6602261787414552,0.3653370919227599
0.0001,1022.0,0.6602256619453426,0.36533445529937747
0.0001,1023.0,0.6602251409530643,0.3653318161010742
0.0001,1024.0,0.6602246282577513,0.3653291910171509
0.0001,1025.0,0.660224122619629,0.36532656989097595
0.0001,1026.0,0.6602236134529116,0.36532396750450136
0.0001,1027.0,0.6602231088638302,0.3653213704586029
0.0001,1028.0,0.6602225996017457,0.3653187819480895
0.0001,1029.0,0.6602221035957339,0.36531620416641253
0.0001,1030.0,0.6602216047286985,0.36531364402771005
0.0001,1031.0,0.6602211088180541,0.36531108179092425
0.0001,1032.0,0.6602206197738648,0.36530853648185735
0.0001,1033.0,0.6602201304435735,0.3653059936523436
0.0001,1034.0,0.6602196434020997,0.3653034591674805
0.0001,1035.0,0.6602191595077515,0.36530094199180607
0.0001,1036.0,0.6602186751365668,0.3652984249114991
0.0001,1037.0,0.6602181970596315,0.3652959251403809
0.0001,1038.0,0.6602177227973939,0.3652934314250946
0.0001,1039.0,0.6602172435760498,0.36529095063209543
0.0001,1040.0,0.6602167724609378,0.36528846950530997
0.0001,1041.0,0.6602163005828854,0.36528600988388055
0.0001,1042.0,0.6602158353805543,0.36528354244232164
0.0001,1043.0,0.6602153706550599,0.3652810913085939
0.0001,1044.0,0.6602149093627931,0.3652786574363708
0.0001,1045.0,0.6602144489288331,0.365276223897934
0.0001,1046.0,0.6602139928817752,0.3652738022327425
0.0001,1047.0,0.6602135377883914,0.36527138037681584
0.0001,1048.0,0.6602130815505982,0.3652689753055573
0.0001,1049.0,0.6602126286506659,0.3652665802955628
0.0001,1050.0,0.6602121823310844,0.36526418447494513
0.0001,1051.0,0.6602117405891418,0.3652618062019347
0.0001,1052.0,0.6602112965583802,0.3652594413280488
0.0001,1053.0,0.660210856246949,0.36525707340240465
0.0001,1054.0,0.6602104180336,0.3652547308444978
0.0001,1055.0,0.660209976863861,0.36525237951278694
0.0001,1056.0,0.6602095480918888,0.3652500427246094
0.0001,1057.0,0.6602091124534607,0.36524771485328683
0.0001,1058.0,0.6602086853981023,0.3652453887462618
0.0001,1059.0,0.6602082557678223,0.365243076658249
0.0001,1060.0,0.6602078314781186,0.36524076957702634
0.0001,1061.0,0.660207405662537,0.36523846645355235
0.0001,1062.0,0.6602069848060609,0.36523618636131283
0.0001,1063.0,0.6602065661430366,0.36523390750884993
0.0001,1064.0,0.6602061521530157,0.36523164639472944
0.0001,1065.0,0.6602057364463808,0.3652293777942657
0.0001,1066.0,0.6602053232192994,0.36522712078094477
0.0001,1067.0,0.6602049102783204,0.3652248766899108
0.0001,1068.0,0.6602045071601865,0.3652226425647736
0.0001,1069.0,0.6602040995597835,0.3652204036235809
0.0001,1070.0,0.6602036916732787,0.3652181930065156
0.0001,1071.0,0.6602032913208008,0.36521596965789793
0.0001,1072.0,0.6602028961181644,0.3652137610435487
0.0001,1073.0,0.6602024955749513,0.36521156539917
0.0001,1074.0,0.6602021001815793,0.36520938014984133
0.0001,1075.0,0.6602017028808589,0.3652071959495545
0.0001,1076.0,0.6602013116836546,0.36520502409934985
0.0001,1077.0,0.6602009269714348,0.36520285406112657
0.0001,1078.0,0.6602005369186403,0.36520070486068734
0.0001,1079.0,0.660200148868561,0.36519854674339297
0.0001,1080.0,0.6601997689247133,0.36519640264511116
0.0001,1081.0,0.660199385643005,0.36519427032470697
0.0001,1082.0,0.6601990064620973,0.36519213418960567
0.0001,1083.0,0.6601986268043519,0.36519001855850225
0.0001,1084.0,0.6601982538223267,0.36518791360855096
0.0001,1085.0,0.660197878074646,0.36518580284118657
0.0001,1086.0,0.6601975071907042,0.36518370313644405
0.0001,1087.0,0.6601971385002132,0.3651816123485565
0.0001,1088.0,0.6601967746734619,0.3651795296669006
0.0001,1089.0,0.6601964034080505,0.3651774530410766
0.0001,1090.0,0.6601960412025447,0.3651753831386567
0.0001,1091.0,0.6601956766128535,0.36517332444190964
0.0001,1092.0,0.6601953183174131,0.3651712769985198
0.0001,1093.0,0.6601949565887452,0.36516921949386605
0.0001,1094.0,0.6601946003913874,0.3651671840190887
0.0001,1095.0,0.6601942456245418,0.36516515750885015
0.0001,1096.0,0.6601938937187193,0.36516313004493717
0.0001,1097.0,0.6601935409545898,0.3651611123561858
0.0001,1098.0,0.6601931909561163,0.36515910606384283
0.0001,1099.0,0.6601928421974187,0.3651571033000947
0.0001,1100.0,0.660192496013641,0.36515510368347165
0.0001,1101.0,0.660192155742645,0.3651531217098236
0.0001,1102.0,0.660191812801361,0.3651511432647705
0.0001,1103.0,0.660191471767426,0.36514915957450866
0.0001,1104.0,0.6601911273956296,0.36514720020294206
0.0001,1105.0,0.6601907944679257,0.365145242881775
0.0001,1106.0,0.6601904594421385,0.36514329028129566
0.0001,1107.0,0.6601901243209841,0.36514133529663095
0.0001,1108.0,0.6601897895812989,0.36513940343856816
0.0001,1109.0,0.6601894592285157,0.36513747148513803
0.0001,1110.0,0.6601891283035277,0.3651355427742004
0.0001,1111.0,0.6601888082504273,0.36513362565040597
0.0001,1112.0,0.6601884778022761,0.36513171005249023
0.0001,1113.0,0.6601881526947019,0.365129802942276
0.0001,1114.0,0.660187831115723,0.3651279013156891
0.0001,1115.0,0.6601875141143803,0.36512602105140696
0.0001,1116.0,0.6601871939659113,0.36512412943840017
0.0001,1117.0,0.6601868771553043,0.36512224745750405
0.0001,1118.0,0.6601865608215333,0.3651203649044035
0.0001,1119.0,0.6601862490653994,0.365118508386612
0.0001,1120.0,0.6601859373092652,0.3651166450977326
0.0001,1121.0,0.6601856237411494,0.36511479506492633
0.0001,1122.0,0.660185313606262,0.3651129476070405
0.0001,1123.0,0.6601850045204162,0.36511110725402823
0.0001,1124.0,0.6601846981048585,0.36510926694869983
0.0001,1125.0,0.6601843967437742,0.3651074395179748
0.0001,1126.0,0.6601840916633602,0.36510561656951906
0.0001,1127.0,0.6601837924957279,0.36510380616188054
0.0001,1128.0,0.6601834907531736,0.3651020043849945
0.0001,1129.0,0.6601831932067873,0.3651001892566681
0.0001,1130.0,0.6601829008102422,0.36509840145111083
0.0001,1131.0,0.660182599258423,0.3650966054439545
0.0001,1132.0,0.6601823072433475,0.3650948283195496
0.0001,1133.0,0.6601820180892944,0.36509304437637324
0.0001,1134.0,0.6601817254066469,0.36509128360748283
0.0001,1135.0,0.6601814352035525,0.36508951048851
0.0001,1136.0,0.6601811447143551,0.36508773555755625
0.0001,1137.0,0.6601808641433713,0.36508599991798407
0.0001,1138.0,0.6601805749893187,0.3650842509746551
0.0001,1139.0,0.6601802916526793,0.36508250141143805
0.0001,1140.0,0.6601800088882447,0.36508077201843264
0.0001,1141.0,0.6601797303199763,0.36507903652191165
0.0001,1142.0,0.6601794508934021,0.36507732887268085
0.0001,1143.0,0.6601791696548465,0.3650756022930145
0.0001,1144.0,0.6601788909912111,0.36507389163970955
0.0001,1145.0,0.660178621101379,0.3650721881389618
0.0001,1146.0,0.6601783452033998,0.36507049455642704
0.0001,1147.0,0.6601780740737916,0.36506880159378063
0.0001,1148.0,0.6601778019905087,0.3650671182632446
0.0001,1149.0,0.6601775337219241,0.36506542940139775
0.0001,1150.0,0.6601772652626032,0.3650637540817261
0.0001,1151.0,0.6601769965171806,0.3650620857238769
0.0001,1152.0,0.6601767316818233,0.3650604238033296
0.0001,1153.0,0.6601764709472656,0.36505877466201797
0.0001,1154.0,0.6601762061119081,0.3650571132659912
0.0001,1155.0,0.6601759462356563,0.3650554659366609
0.0001,1156.0,0.660175684928894,0.36505383372306816
0.0001,1157.0,0.660175430011749,0.3650521945476532
0.0001,1158.0,0.6601751695632935,0.36505057191848755
0.0001,1159.0,0.6601749105453496,0.3650489450454713
0.0001,1160.0,0.6601746610641482,0.3650473320484162
0.0001,1161.0,0.6601744031906135,0.36504571943283076
0.0001,1162.0,0.6601741528511053,0.36504411497116096
0.0001,1163.0,0.6601739035606391,0.3650425166130066
0.0001,1164.0,0.6601736465454104,0.36504091634750374
0.0001,1165.0,0.6601733986854557,0.36503933067321803
0.0001,1166.0,0.660173153781891,0.36503775696754437
0.0001,1167.0,0.660172907447815,0.3650361754417417
0.0001,1168.0,0.6601726646423343,0.36503460421562195
0.0001,1169.0,0.6601724212646483,0.36503304238319423
0.0001,1170.0,0.6601721799850465,0.36503147792816154
0.0001,1171.0,0.6601719412803647,0.36502991943359375
0.0001,1172.0,0.6601717016220098,0.3650283745765688
0.0001,1173.0,0.6601714633941648,0.36502682399749764
0.0001,1174.0,0.6601712190628058,0.36502528643608084
0.0001,1175.0,0.6601709848403933,0.36502376079559345
0.0001,1176.0,0.6601707490921017,0.36502222590446476
0.0001,1177.0,0.6601705190658572,0.36502071275711073
0.0001,1178.0,0.6601702851295473,0.365019188451767
0.0001,1179.0,0.660170054149628,0.36501767625808723
0.0001,1180.0,0.6601698202133177,0.36501617088317884
0.0001,1181.0,0.6601695938110352,0.36501467475891114
0.0001,1182.0,0.6601693639755245,0.36501317129135147
0.0001,1183.0,0.6601691364288329,0.36501167716979976
0.0001,1184.0,0.6601689134597776,0.36501020359992975
0.0001,1185.0,0.6601686885833735,0.3650087171077727
0.0001,1186.0,0.660168466281891,0.3650072469711305
0.0001,1187.0,0.6601682413101196,0.365005774641037
0.0001,1188.0,0.6601680215835571,0.36500431060791017
0.0001,1189.0,0.660167802524567,0.36500284543037426
0.0001,1190.0,0.6601675823211671,0.36500138463973997
0.0001,1191.0,0.6601673608779909,0.3649999333381652
0.0001,1192.0,0.6601671491622921,0.36499848694801335
0.0001,1193.0,0.6601669303894049,0.3649970424652099
0.0001,1194.0,0.6601667187690736,0.364995610666275
0.0001,1195.0,0.6601665027618399,0.3649941685199735
0.0001,1196.0,0.6601662861824038,0.3649927451133729
0.0001,1197.0,0.6601660806655886,0.3649913222312926
0.0001,1198.0,0.660165867519378,0.36498990049362173
0.0001,1199.0,0.6601656568527225,0.3649884842395782
0.0001,1200.0,0.6601654502868658,0.36498708205223085
0.0001,1201.0,0.6601652416229248,0.36498567681312544
0.0001,1202.0,0.6601650347709657,0.3649842928409577
0.0001,1203.0,0.6601648303031926,0.3649828916072845
0.0001,1204.0,0.6601646241188056,0.36498150606155394
0.0001,1205.0,0.6601644242286686,0.36498011555671683
0.0001,1206.0,0.6601642227172853,0.3649787364006043
0.0001,1207.0,0.6601640182495118,0.3649773691177368
0.0001,1208.0,0.6601638216972348,0.36497599439620976
0.0001,1209.0,0.6601636183738703,0.3649746321678164
0.0001,1210.0,0.6601634210586551,0.3649732741355897
0.0001,1211.0,0.6601632289886483,0.3649719140052795
0.0001,1212.0,0.6601630297660827,0.3649705639839173
0.0001,1213.0,0.6601628339767454,0.3649692160129546
0.0001,1214.0,0.6601626409530635,0.36496787433624256
0.0001,1215.0,0.6601624481201169,0.3649665436267853
0.0001,1216.0,0.6601622554779053,0.36496520428657553
0.0001,1217.0,0.660162063312531,0.3649638715744019
0.0001,1218.0,0.6601618741035458,0.36496255903244035
0.0001,1219.0,0.6601616826057437,0.36496123361587507
0.0001,1220.0,0.6601614942550663,0.3649599148750307
0.0001,1221.0,0.6601613074302671,0.36495861263275164
0.0001,1222.0,0.6601611222267154,0.3649573047161104
0.0001,1223.0,0.6601609366416924,0.36495601243972786
0.0001,1224.0,0.6601607534408567,0.36495470666885377
0.0001,1225.0,0.6601605634689328,0.3649534153938294
0.0001,1226.0,0.6601603817939761,0.36495212311744696
0.0001,1227.0,0.6601601993560791,0.36495084862709054
0.0001,1228.0,0.6601600187301634,0.3649495687007904
0.0001,1229.0,0.6601598403930664,0.36494828939437873
0.0001,1230.0,0.6601596605300902,0.36494703383445726
0.0001,1231.0,0.6601594860076904,0.36494575920104994
0.0001,1232.0,0.6601593029022217,0.36494450287818914
0.0001,1233.0,0.6601591251373298,0.3649432484626771
0.0001,1234.0,0.6601589506149294,0.364941994524002
0.0001,1235.0,0.6601587782859797,0.3649407415390015
0.0001,1236.0,0.6601586033821102,0.36493949666023245
0.0001,1237.0,0.6601584300994875,0.3649382574558258
0.0001,1238.0,0.6601582557678224,0.3649370171546935
0.0001,1239.0,0.6601580824851987,0.36493578963279744
0.0001,1240.0,0.6601579077720645,0.3649345634937287
0.0001,1241.0,0.660157742023468,0.3649333335876464
0.0001,1242.0,0.6601575745582582,0.36493211078643806
0.0001,1243.0,0.6601574117660522,0.3649308935165406
0.0001,1244.0,0.6601572417259223,0.3649296830654145
0.0001,1245.0,0.660157069015503,0.3649284723758697
0.0001,1246.0,0.6601569067001346,0.3649272777080535
0.0001,1247.0,0.6601567447662351,0.364926073408127
0.0001,1248.0,0.6601565789222721,0.3649248859405518
0.0001,1249.0,0.6601564163208007,0.3649237024307252
0.0001,1250.0,0.6601562538146971,0.3649225095748902
0.0001,1251.0,0.6601560921669007,0.3649213308334349
0.0001,1252.0,0.6601559286117555,0.3649201554298402
0.0001,1253.0,0.6601557704925536,0.36491897115707395
0.0001,1254.0,0.6601556112289426,0.3649178022861481
0.0001,1255.0,0.6601554567337039,0.364916635131836
0.0001,1256.0,0.6601552977561953,0.36491547799110413
0.0001,1257.0,0.6601551381111143,0.3649143080711364
0.0001,1258.0,0.6601549820899961,0.3649131627082825
0.0001,1259.0,0.6601548240661622,0.36491201257705685
0.0001,1260.0,0.6601546690940854,0.3649108703136445
0.0001,1261.0,0.6601545218467713,0.3649097236633301
0.0001,1262.0,0.6601543656349179,0.3649085907936097
0.0001,1263.0,0.6601542129516598,0.3649074513912202
0.0001,1264.0,0.6601540606498721,0.36490632271766665
0.0001,1265.0,0.6601539136886598,0.3649051932811738
0.0001,1266.0,0.6601537618637087,0.3649040662288665
0.0001,1267.0,0.6601536130905143,0.3649029464244844
0.0001,1268.0,0.660153464221954,0.3649018337726596
0.0001,1269.0,0.6601533145904542,0.3649007224559784
0.0001,1270.0,0.6601531671524047,0.3648996182918549
0.0001,1271.0,0.6601530168533323,0.3648985025882721
0.0001,1272.0,0.6601528738975523,0.3648974118709564
0.0001,1273.0,0.6601527274131773,0.3648963167190551
0.0001,1274.0,0.6601525842666625,0.3648952219486237
0.0001,1275.0,0.6601524423599242,0.36489412865638726
0.0001,1276.0,0.6601522998809815,0.36489304161071784
0.0001,1277.0,0.6601521600723265,0.36489196658134465
0.0001,1278.0,0.6601520154953004,0.3648908818721773
0.0001,1279.0,0.6601518720626838,0.3648898049831391
0.0001,1280.0,0.6601517422676094,0.36488873567581187
0.0001,1281.0,0.6601515943527215,0.36488766927719113
0.0001,1282.0,0.6601514602661139,0.3648866150856016
0.0001,1283.0,0.6601513221740717,0.3648855555057528
0.0001,1284.0,0.6601511843681339,0.3648844857692718
0.0001,1285.0,0.6601510496139525,0.36488343467712403
0.0001,1286.0,0.6601509111404419,0.3648823842048646
0.0001,1287.0,0.6601507761001594,0.36488133697509756
0.0001,1288.0,0.6601506414413449,0.3648802934646606
0.0001,1289.0,0.6601505055427551,0.3648792453289033
0.0001,1290.0,0.6601503752708437,0.36487821893692
0.0001,1291.0,0.660150243473053,0.36487718791961654
0.0001,1292.0,0.660150111579895,0.3648761536598205
0.0001,1293.0,0.6601499814033506,0.3648751236915589
0.0001,1294.0,0.6601498443603523,0.36487410182952895
0.0001,1295.0,0.6601497186660772,0.3648730862617493
0.0001,1296.0,0.6601495851516728,0.36487207040786734
0.0001,1297.0,0.6601494550704956,0.3648710572719573
0.0001,1298.0,0.6601493318557741,0.36487004175186155
0.0001,1299.0,0.6601492031097413,0.3648690314292909
0.0001,1300.0,0.6601490756988518,0.3648680417537688
0.0001,1301.0,0.6601489475250242,0.3648670308589936
0.0001,1302.0,0.6601488245010377,0.3648660455703736
0.0001,1303.0,0.6601486985206604,0.36486505641937245
0.0001,1304.0,0.6601485729217529,0.3648640613555908
0.0001,1305.0,0.660148455238342,0.3648630784988403
0.0001,1306.0,0.6601483274459846,0.36486210155487075
0.0001,1307.0,0.6601482078552243,0.3648611233234407
0.0001,1308.0,0.6601480844497679,0.36486014666557337
0.0001,1309.0,0.6601479595184323,0.36485916862487794
0.0001,1310.0,0.6601478450775153,0.36485820145607
0.0001,1311.0,0.6601477204322819,0.3648572378635406
0.0001,1312.0,0.6601476037979128,0.3648562734127045
0.0001,1313.0,0.6601474819183344,0.3648553176879882
0.0001,1314.0,0.6601473649024965,0.3648543610572816
0.0001,1315.0,0.6601472442626949,0.36485340733528154
0.0001,1316.0,0.6601471303939823,0.36485245213508605
0.0001,1317.0,0.6601470148086548,0.36485151119232184
0.0001,1318.0,0.6601468954086301,0.3648505712985993
0.0001,1319.0,0.6601467831611629,0.3648496239185334
0.0001,1320.0,0.6601466650009155,0.3648486903667449
0.0001,1321.0,0.6601465531349185,0.3648477628231048
0.0001,1322.0,0.6601464416503906,0.36484684185981764
0.0001,1323.0,0.660146324634552,0.3648459058761597
0.0001,1324.0,0.6601462127685546,0.3648449802398682
0.0001,1325.0,0.6601460970878601,0.3648440638065339
0.0001,1326.0,0.6601459901809692,0.36484314789772043
0.0001,1327.0,0.6601458776473993,0.36484223308563235
0.0001,1328.0,0.6601457648277282,0.36484131569862366
0.0001,1329.0,0.6601456585884093,0.36484041318893434
0.0001,1330.0,0.6601455463409419,0.36483950242996227
0.0001,1331.0,0.660145434856415,0.3648385972499847
0.0001,1332.0,0.6601453308105469,0.3648377017974855
0.0001,1333.0,0.6601452201843262,0.3648368061065673
0.0001,1334.0,0.6601451128959659,0.3648359067440035
0.0001,1335.0,0.6601450057029722,0.3648350130558013
0.0001,1336.0,0.6601448973655704,0.3648341212749483
0.0001,1337.0,0.660144791603089,0.3648332395553591
0.0001,1338.0,0.6601446880340577,0.3648323635578155
0.0001,1339.0,0.6601445824623113,0.3648314758300782
0.0001,1340.0,0.6601444778442382,0.36483058223724363
0.0001,1341.0,0.6601443793296813,0.3648297231197359
0.0001,1342.0,0.6601442719459533,0.36482884831428514
0.0001,1343.0,0.6601441649436944,0.364827973508835
0.0001,1344.0,0.6601440664291378,0.3648271075725555
0.0001,1345.0,0.6601439627647397,0.3648262485027312
0.0001,1346.0,0.6601438630104067,0.36482539343833914
0.0001,1347.0,0.6601437663078308,0.3648245256423951
0.0001,1348.0,0.6601436587333678,0.36482367167472834
0.0001,1349.0,0.6601435616493223,0.3648228108882904
0.0001,1350.0,0.6601434638977054,0.364821967458725
0.0001,1351.0,0.660143364238739,0.3648211159229278
0.0001,1352.0,0.6601432631492621,0.3648202790737152
0.0001,1353.0,0.6601431661605829,0.36481943602561967
0.0001,1354.0,0.6601430677413942,0.3648185939311982
0.0001,1355.0,0.6601429780006408,0.3648177556514741
0.0001,1356.0,0.6601428757667541,0.3648169273853303
0.0001,1357.0,0.6601427808761591,0.364816096687317
0.0001,1358.0,0.6601426883697507,0.36481526370048517
0.0001,1359.0,0.6601425852775573,0.3648144409656525
0.0001,1360.0,0.6601424919128425,0.36481361498832704
0.0001,1361.0,0.6601423980712889,0.3648127998352051
0.0001,1362.0,0.6601423027038575,0.3648119843959808
0.0001,1363.0,0.6601422131538393,0.3648111769199371
0.0001,1364.0,0.6601421199798589,0.3648103637695313
0.0001,1365.0,0.6601420284271236,0.36480954909324637
0.0001,1366.0,0.6601419370651248,0.3648087507247926
0.0001,1367.0,0.660141843986512,0.3648079436779022
0.0001,1368.0,0.660141753101349,0.36480714068412784
0.0001,1369.0,0.6601416656494137,0.36480635080337526
0.0001,1370.0,0.6601415733337405,0.3648055480003358
0.0001,1371.0,0.6601414840698243,0.3648047614574433
0.0001,1372.0,0.6601413941383365,0.3648039712429047
0.0001,1373.0,0.6601413017272948,0.3648031793117522
0.0001,1374.0,0.6601412131309508,0.36480240116119395
0.0001,1375.0,0.6601411298751833,0.36480161023139934
0.0001,1376.0,0.6601410434722901,0.3648008385181427
0.0001,1377.0,0.6601409532546996,0.36480005311965935
0.0001,1378.0,0.6601408661842348,0.364799284362793
0.0001,1379.0,0.6601407812118534,0.3647985102653503
0.0001,1380.0,0.6601406920433046,0.36479773769378676
0.0001,1381.0,0.6601406064987185,0.3647969691753387
0.0001,1382.0,0.6601405228614804,0.36479620294570914
0.0001,1383.0,0.6601404413223261,0.36479544057846075
0.0001,1384.0,0.6601403573036194,0.3647946811199188
0.0001,1385.0,0.660140266418457,0.36479391698837277
0.0001,1386.0,0.6601401893615726,0.36479317426681535
0.0001,1387.0,0.6601401044845581,0.3647924056529999
0.0001,1388.0,0.6601400196075434,0.3647916572570801
0.0001,1389.0,0.6601399413108829,0.36479091849327094
0.0001,1390.0,0.6601398540496825,0.3647901718139648
0.0001,1391.0,0.6601397753715514,0.3647894196987153
0.0001,1392.0,0.6601396932601932,0.3647886792659761
0.0001,1393.0,0.6601396127700804,0.36478793902397155
0.0001,1394.0,0.6601395330429081,0.36478720541000365
0.0001,1395.0,0.6601394535064701,0.3647864643573761
0.0001,1396.0,0.6601393729209903,0.3647857400894166
0.0001,1397.0,0.660139293384552,0.3647850104808809
0.0001,1398.0,0.6601392193794254,0.3647842792034149
0.0001,1399.0,0.6601391353607179,0.36478355593681333
0.0001,1400.0,0.6601390623092647,0.364782833147049
0.0001,1401.0,0.6601389840126044,0.3647821182727814
0.0001,1402.0,0.6601389053344724,0.3647813945770264
0.0001,1403.0,0.6601388290405276,0.3647806775569917
0.0001,1404.0,0.66013874874115,0.36477996916770933
0.0001,1405.0,0.6601386731147766,0.36477926268577565
0.0001,1406.0,0.6601386039733891,0.3647785459518431
0.0001,1407.0,0.6601385177612307,0.3647778495788574
0.0001,1408.0,0.6601384492874143,0.36477713580131527
0.0001,1409.0,0.6601383741378786,0.36477644495964046
0.0001,1410.0,0.6601383003234869,0.36477573671340935
0.0001,1411.0,0.660138227939606,0.3647750390529634
0.0001,1412.0,0.660138149356842,0.3647743473052979
0.0001,1413.0,0.6601380828857424,0.3647736602783203
0.0001,1414.0,0.6601380062103273,0.3647729695320129
0.0001,1415.0,0.6601379308700562,0.36477228350639346
0.0001,1416.0,0.6601378610610961,0.3647715934276582
0.0001,1417.0,0.6601377881050108,0.3647709139347076
0.0001,1418.0,0.660137719154358,0.36477023267745984
0.0001,1419.0,0.6601376425743105,0.3647695520401
0.0001,1420.0,0.6601375782012936,0.36476887125968926
0.0001,1421.0,0.6601375065803526,0.3647682043075562
0.0001,1422.0,0.6601374321937559,0.36476753425598146
0.0001,1423.0,0.6601373653411866,0.36476686458587654
0.0001,1424.0,0.6601372947692871,0.36476619415283207
0.0001,1425.0,0.660137226104736,0.36476553115844734
0.0001,1426.0,0.6601371569633483,0.3647648641109466
0.0001,1427.0,0.6601370889663695,0.36476420841217055
0.0001,1428.0,0.6601370170593266,0.36476355972290037
0.0001,1429.0,0.6601369529724121,0.3647628986358642
0.0001,1430.0,0.6601368875503544,0.3647622387886047
0.0001,1431.0,0.660136815452576,0.364761590385437
0.0001,1432.0,0.6601367510795594,0.36476094059944153
0.0001,1433.0,0.6601366804122926,0.3647602853775025
0.0001,1434.0,0.6601366155624387,0.3647596441745757
0.0001,1435.0,0.6601365471839898,0.3647590055942535
0.0001,1436.0,0.660136484909058,0.3647583562374115
0.0001,1437.0,0.6601364160537712,0.36475772695541386
0.0001,1438.0,0.6601363559722903,0.36475707302093513
0.0001,1439.0,0.6601362854003914,0.3647564591407776
0.0001,1440.0,0.6601362257957464,0.3647558196544648
0.0001,1441.0,0.6601361588478095,0.364755191707611
0.0001,1442.0,0.6601361008644101,0.3647545547962188
0.0001,1443.0,0.6601360341072082,0.3647539277076722
0.0001,1444.0,0.6601359706878659,0.36475331187248256
0.0001,1445.0,0.6601359101295464,0.36475268692970275
0.0001,1446.0,0.6601358487129213,0.3647520683765411
0.0001,1447.0,0.6601357791900637,0.3647514335155486
0.0001,1448.0,0.6601357169151311,0.3647508234977724
0.0001,1449.0,0.6601356599807742,0.3647502079963685
0.0001,1450.0,0.6601355976104736,0.3647495938301087
0.0001,1451.0,0.660135533428192,0.3647489849090578
0.0001,1452.0,0.6601354763984683,0.36474837903976437
0.0001,1453.0,0.6601354122161862,0.3647477731227875
0.0001,1454.0,0.6601353553771976,0.3647471635341646
0.0001,1455.0,0.6601352941513065,0.36474655442237863
0.0001,1456.0,0.6601352380752568,0.36474595236778246
0.0001,1457.0,0.6601351752281187,0.36474534926414504
0.0001,1458.0,0.660135115146637,0.36474475626945496
0.0001,1459.0,0.660135057163238,0.3647441567420958
0.0001,1460.0,0.6601350005149842,0.364743558549881
0.0001,1461.0,0.6601349410057071,0.36474297113418586
0.0001,1462.0,0.6601348834991451,0.3647423758506774
0.0001,1463.0,0.6601348272323609,0.3647417840480804
0.0001,1464.0,0.6601347723007199,0.364741200733185
0.0001,1465.0,0.6601347112655639,0.36474061264991764
0.0001,1466.0,0.6601346560478206,0.36474002752304074
0.0001,1467.0,0.6601345960617064,0.3647394419670106
0.0001,1468.0,0.660134541511536,0.3647388648033144
0.0001,1469.0,0.6601344821929931,0.36473828778266937
0.0001,1470.0,0.6601344309806825,0.36473770608901973
0.0001,1471.0,0.6601343733787537,0.36473712348938
0.0001,1472.0,0.6601343196868895,0.36473655014038087
0.0001,1473.0,0.6601342617988588,0.36473598418235764
0.0001,1474.0,0.6601342127799991,0.3647354099750519
0.0001,1475.0,0.6601341569900508,0.36473484377861026
0.0001,1476.0,0.6601341032028197,0.3647342799663544
0.0001,1477.0,0.6601340483665463,0.36473371381759645
0.0001,1478.0,0.6601339910507205,0.3647331458568572
0.0001,1479.0,0.6601339428901674,0.3647325846195223
0.0001,1480.0,0.660133887577057,0.36473202848434455
0.0001,1481.0,0.6601338352203369,0.36473147034645076
0.0001,1482.0,0.6601337793350218,0.3647309155941011
0.0001,1483.0,0.6601337282180788,0.36473035674095144
0.0001,1484.0,0.6601336771011354,0.3647298066616058
0.0001,1485.0,0.660133622550964,0.36472925348281865
0.0001,1486.0,0.6601335723876949,0.3647287043571472
0.0001,1487.0,0.6601335205078127,0.36472816247940054
0.0001,1488.0,0.6601334708213812,0.3647276136398315
0.0001,1489.0,0.6601334207534797,0.3647270689964293
0.0001,1490.0,0.660133369064331,0.36472652544975287
0.0001,1491.0,0.6601333181381224,0.3647259820461274
0.0001,1492.0,0.6601332668304447,0.364725441122055
0.0001,1493.0,0.6601332180976864,0.364724902677536
0.0001,1494.0,0.6601331678390503,0.36472437148094183
0.0001,1495.0,0.660133116531372,0.36472383370399486
0.0001,1496.0,0.6601330688476557,0.3647233052253723
0.0001,1497.0,0.660133023452759,0.36472277026176464
0.0001,1498.0,0.6601329692840577,0.36472224087715144
0.0001,1499.0,0.6601329185485848,0.36472171778678897
0.0001,1500.0,0.6601328699111939,0.3647211857318877
0.0001,1501.0,0.6601328216552735,0.36472066221237187
0.0001,1502.0,0.6601327777862551,0.36472013621330257
0.0001,1503.0,0.6601327293395993,0.3647196182727816
0.0001,1504.0,0.6601326806068416,0.36471909847259515
0.0001,1505.0,0.6601326361656195,0.3647185782432556
0.0001,1506.0,0.6601325881004332,0.3647180624961853
0.0001,1507.0,0.6601325387001034,0.36471755285263074
0.0001,1508.0,0.6601324949264532,0.36471704077720646
0.0001,1509.0,0.6601324476242068,0.36471653347015376
0.0001,1510.0,0.660132398414612,0.36471602625846855
0.0001,1511.0,0.6601323561668395,0.3647155169963837
0.0001,1512.0,0.6601323097229005,0.364715010213852
0.0001,1513.0,0.6601322647094724,0.3647145070552825
0.0001,1514.0,0.6601322130203244,0.36471401376724255
0.0001,1515.0,0.6601321729660036,0.36471350998878505
0.0001,1516.0,0.6601321277618412,0.3647130051136017
0.0001,1517.0,0.6601320819854738,0.364712504053116
0.0001,1518.0,0.6601320375442504,0.36471201348304755
0.0001,1519.0,0.6601319959640506,0.36471151866912827
0.0001,1520.0,0.6601319503784179,0.36471101789474475
0.0001,1521.0,0.6601319052696225,0.36471052384376534
0.0001,1522.0,0.6601318639755254,0.364710037469864
0.0001,1523.0,0.6601318218231204,0.3647095501422882
0.0001,1524.0,0.6601317757606503,0.3647090722560885
0.0001,1525.0,0.6601317313194278,0.36470857567787174
0.0001,1526.0,0.6601316897392279,0.36470809273719784
0.0001,1527.0,0.6601316533088689,0.3647076114654541
0.0001,1528.0,0.6601316060066227,0.36470712423324586
0.0001,1529.0,0.6601315639495846,0.3647066416740418
0.0001,1530.0,0.6601315195083619,0.36470616326332084
0.0001,1531.0,0.6601314767837524,0.3647056834220887
0.0001,1532.0,0.6601314365386967,0.36470520753860475
0.0001,1533.0,0.6601313967704774,0.36470473575592033
0.0001,1534.0,0.660131356811524,0.3647042616844178
0.0001,1535.0,0.660131311225891,0.3647037910461426
0.0001,1536.0,0.6601312745094297,0.3647033261299133
0.0001,1537.0,0.6601312274932863,0.3647028467655182
0.0001,1538.0,0.6601311919212338,0.3647023868083954
0.0001,1539.0,0.6601311493873592,0.3647019211292268
0.0001,1540.0,0.6601311100006105,0.36470145597457865
0.0001,1541.0,0.6601310735702512,0.3647009915828704
0.0001,1542.0,0.660131035709381,0.36470053305625916
0.0001,1543.0,0.6601309941291805,0.36470006108284003
0.0001,1544.0,0.6601309554100038,0.36469960966110226
0.0001,1545.0,0.6601309169769293,0.3646991493225098
0.0001,1546.0,0.6601308712959287,0.3646986911773682
0.0001,1547.0,0.6601308355331427,0.3646982346057892
0.0001,1548.0,0.6601307916641238,0.364697784614563
0.0001,1549.0,0.660130756855011,0.36469732871055593
0.0001,1550.0,0.6601307184219357,0.3646968862533569
0.0001,1551.0,0.6601306821823123,0.36469643712043764
0.0001,1552.0,0.660130640411377,0.3646959894180297
0.0001,1553.0,0.6601306076049809,0.3646955410003663
0.0001,1554.0,0.6601305693626408,0.3646950951576232
0.0001,1555.0,0.6601305263519287,0.36469464707374577
0.0001,1556.0,0.6601304914474486,0.3646942038059236
0.0001,1557.0,0.6601304557800295,0.36469376835823053
0.0001,1558.0,0.6601304194450377,0.36469333329200754
0.0001,1559.0,0.6601303812026978,0.3646928895473482
0.0001,1560.0,0.6601303460121154,0.3646924530506136
0.0001,1561.0,0.6601303066253659,0.36469201350212094
0.0001,1562.0,0.6601302743911744,0.3646915824890139
0.0001,1563.0,0.660130235004425,0.36469114332199104
0.0001,1564.0,0.6601302034378049,0.364690713787079
0.0001,1565.0,0.6601301664352422,0.36469028444290164
0.0001,1566.0,0.6601301355361939,0.3646898601055146
0.0001,1567.0,0.6601300970077514,0.36468943004608156
0.0001,1568.0,0.6601300572395319,0.36468899884223943
0.0001,1569.0,0.6601300246238702,0.36468858232498186
0.0001,1570.0,0.6601299888610842,0.36468815503120416
0.0001,1571.0,0.66012995634079,0.3646877346038817
0.0001,1572.0,0.6601299208641056,0.36468731398582466
0.0001,1573.0,0.6601298850059505,0.36468689079284683
0.0001,1574.0,0.6601298509597778,0.3646864686489108
0.0001,1575.0,0.6601298154830929,0.3646860594272614
0.0001,1576.0,0.6601297833442685,0.3646856322288512
0.0001,1577.0,0.6601297529220588,0.36468522181510915
0.0001,1578.0,0.6601297158241276,0.3646848103523255
0.0001,1579.0,0.6601296808242795,0.36468439874649045
0.0001,1580.0,0.6601296487808229,0.36468398637771615
0.0001,1581.0,0.660129618167877,0.3646835834980012
0.0001,1582.0,0.6601295814514162,0.3646831664085387
0.0001,1583.0,0.6601295523643496,0.3646827611446382
0.0001,1584.0,0.6601295197486869,0.36468235621452333
0.0001,1585.0,0.6601294866561889,0.36468195505142215
0.0001,1586.0,0.6601294553756709,0.3646815457820892
0.0001,1587.0,0.6601294231414799,0.36468115057945266
0.0001,1588.0,0.6601293918609616,0.36468075127601624
0.0001,1589.0,0.66012936077118,0.36468034276962275
0.0001,1590.0,0.6601293211936956,0.3646799469947815
0.0001,1591.0,0.6601292928695681,0.36467954463958757
0.0001,1592.0,0.66012926235199,0.36467915487289426
0.0001,1593.0,0.6601292321205137,0.36467876458168014
0.0001,1594.0,0.6601292023658751,0.3646783706665038
0.0001,1595.0,0.6601291700363155,0.36467797622680664
0.0001,1596.0,0.6601291415214537,0.36467758526802074
0.0001,1597.0,0.6601291104316713,0.36467719302177437
0.0001,1598.0,0.6601290812492369,0.36467680344581604
0.0001,1599.0,0.6601290473937989,0.3646764216899872
0.0001,1600.0,0.6601290145874027,0.3646760322570803
0.0001,1601.0,0.6601289873123176,0.36467565908432
0.0001,1602.0,0.6601289603233339,0.3646752678871154
0.0001,1603.0,0.660128923892975,0.36467488775253304
0.0001,1604.0,0.6601288999557492,0.3646744984626769
0.0001,1605.0,0.6601288642883303,0.3646741249561311
0.0001,1606.0,0.6601288382530209,0.3646737405776978
0.0001,1607.0,0.6601288107872008,0.36467336621284474
0.0001,1608.0,0.6601287764549263,0.3646729868888854
0.0001,1609.0,0.6601287477493285,0.3646726128101349
0.0001,1610.0,0.6601287221908568,0.3646722430229188
0.0001,1611.0,0.6601286922454841,0.3646718770027162
0.0001,1612.0,0.660128665351868,0.364671500682831
0.0001,1613.0,0.6601286336898804,0.36467112531662005
0.0001,1614.0,0.6601286068916317,0.3646707517623901
0.0001,1615.0,0.660128577804565,0.364670389175415
0.0001,1616.0,0.6601285533905026,0.36467002387046815
0.0001,1617.0,0.6601285238265994,0.36466965489387515
0.0001,1618.0,0.6601284975051879,0.36466928606033333
0.0001,1619.0,0.6601284668922426,0.36466892895698544
0.0001,1620.0,0.6601284409523009,0.3646685669898985
0.0001,1621.0,0.6601284146308901,0.3646682075500487
0.0001,1622.0,0.6601283826828004,0.36466783962249755
0.0001,1623.0,0.6601283567428592,0.36466748175621033
0.0001,1624.0,0.660128331851959,0.364667133808136
0.0001,1625.0,0.6601283038139341,0.3646667734146119
0.0001,1626.0,0.6601282762527466,0.36466640858650223
0.0001,1627.0,0.660128247356415,0.3646660604953765
0.0001,1628.0,0.6601282246589656,0.36466571016311655
0.0001,1629.0,0.6601281966209412,0.36466535496711733
0.0001,1630.0,0.6601281714439389,0.3646650058269502
0.0001,1631.0,0.6601281443595889,0.3646646533012391
0.0001,1632.0,0.6601281180381776,0.36466431350708
0.0001,1633.0,0.6601280919075003,0.3646639569759369
0.0001,1634.0,0.6601280674934384,0.3646636160373688
0.0001,1635.0,0.6601280405044551,0.3646632627487183
0.0001,1636.0,0.6601280150413508,0.36466292181015014
0.0001,1637.0,0.6601279901504516,0.3646625774383546
0.0001,1638.0,0.6601279618263244,0.3646622312068937
0.0001,1639.0,0.6601279425621029,0.36466189088821416
0.0001,1640.0,0.6601279114723204,0.3646615457057953
0.0001,1641.0,0.6601278870582578,0.36466120715141304
0.0001,1642.0,0.6601278655052187,0.3646608671188356
0.0001,1643.0,0.6601278358459475,0.36466052217483524
0.0001,1644.0,0.6601278165817259,0.36466019158363344
0.0001,1645.0,0.6601277905464171,0.3646598571777344
0.0001,1646.0,0.6601277625083922,0.3646595147609711
0.0001,1647.0,0.6601277389526369,0.36465918250083923
0.0001,1648.0,0.6601277164459227,0.3646588500022889
0.0001,1649.0,0.6601276941299439,0.36465851478576666
0.0001,1650.0,0.6601276651382447,0.3646581846237184
0.0001,1651.0,0.6601276432037347,0.3646578447341919
0.0001,1652.0,0.6601276247024537,0.36465751543045044
0.0001,1653.0,0.6601275965690605,0.3646571821689605
0.0001,1654.0,0.6601275765419008,0.36465686101913447
0.0001,1655.0,0.6601275503158568,0.3646565371513366
0.0001,1656.0,0.6601275241851811,0.3646562044620514
0.0001,1657.0,0.6601274976730344,0.36465588002204896
0.0001,1658.0,0.6601274796485899,0.364655551481247
0.0001,1659.0,0.660127456474304,0.36465522956848156
0.0001,1660.0,0.6601274330139166,0.36465490965843195
0.0001,1661.0,0.6601274101257327,0.36465459079742435
0.0001,1662.0,0.660127391815186,0.36465427141189577
0.0001,1663.0,0.6601273661613468,0.36465394949913027
0.0001,1664.0,0.6601273389816285,0.3646536257266998
0.0001,1665.0,0.6601273228645321,0.364653312253952
0.0001,1666.0,0.6601272985458374,0.36465300250053423
0.0001,1667.0,0.6601272764205933,0.3646526843070986
0.0001,1668.0,0.6601272557258608,0.3646523747444153
0.0001,1669.0,0.6601272327423096,0.3646520575046539
0.0001,1670.0,0.6601272137641909,0.36465174651145926
0.0001,1671.0,0.6601271889686589,0.36465143728256216
0.0001,1672.0,0.6601271675109862,0.36465112495422347
0.0001,1673.0,0.6601271455764768,0.36465081062316895
0.0001,1674.0,0.6601271224975589,0.364650501871109
0.0001,1675.0,0.6601270993232731,0.36465019960403444
0.0001,1676.0,0.6601270799636836,0.3646498915195466
0.0001,1677.0,0.6601270572662357,0.3646495946884153
0.0001,1678.0,0.6601270362854013,0.3646492852211001
0.0001,1679.0,0.6601270163536076,0.3646489876747131
0.0001,1680.0,0.6601269938468934,0.364648679637909
0.0001,1681.0,0.6601269783020021,0.36464836974143994
0.0001,1682.0,0.6601269495010376,0.3646480699539185
0.0001,1683.0,0.6601269342422486,0.3646477713584901
0.0001,1684.0,0.6601269139289857,0.3646474716663361
0.0001,1685.0,0.6601268917083739,0.36464717383384704
0.0001,1686.0,0.6601268730163574,0.3646468806743622
0.0001,1687.0,0.6601268527984617,0.364646584224701
0.0001,1688.0,0.66012683286667,0.36464628887176515
0.0001,1689.0,0.660126811981201,0.36464599342346204
0.0001,1690.0,0.660126795291901,0.3646456943511964
0.0001,1691.0,0.6601267716407779,0.3646454038143159
0.0001,1692.0,0.6601267526626595,0.364645115184784
0.0001,1693.0,0.660126736068726,0.36464482212066657
0.0001,1694.0,0.6601267123222354,0.3646445345878601
0.0001,1695.0,0.6601266965866089,0.3646442471504213
0.0001,1696.0,0.6601266733169552,0.3646439584255218
0.0001,1697.0,0.6601266557693476,0.36464366645813
0.0001,1698.0,0.6601266340255736,0.3646433792114258
0.0001,1699.0,0.6601266155242919,0.3646430974483491
0.0001,1700.0,0.6601265968322756,0.3646428161144258
0.0001,1701.0,0.660126576328278,0.36464251961708055
0.0001,1702.0,0.6601265552520745,0.36464223694801323
0.0001,1703.0,0.6601265415191645,0.3646419543266297
0.0001,1704.0,0.660126522541046,0.36464168219566345
0.0001,1705.0,0.6601265007019037,0.3646413926601413
0.0001,1706.0,0.660126481437683,0.36464111580848685
0.0001,1707.0,0.6601264654159547,0.3646408408164977
0.0001,1708.0,0.6601264473915107,0.3646405619144441
0.0001,1709.0,0.6601264245986941,0.36464029116630564
0.0001,1710.0,0.6601264137268066,0.36464000830650334
0.0001,1711.0,0.660126390266419,0.364639736890793
0.0001,1712.0,0.6601263762474057,0.36463946251869217
0.0001,1713.0,0.6601263549804689,0.3646391862869262
0.0001,1714.0,0.6601263381958008,0.36463890733718873
0.0001,1715.0,0.6601263211250308,0.3646386394977572
0.0001,1716.0,0.6601263004302982,0.36463836159706114
0.0001,1717.0,0.6601262831687924,0.3646381023406982
0.0001,1718.0,0.6601262705802919,0.36463783493042
0.0001,1719.0,0.6601262465476987,0.36463756556510935
0.0001,1720.0,0.6601262310028069,0.3646372992038727
0.0001,1721.0,0.6601262131690986,0.36463702945709214
0.0001,1722.0,0.6601261987686161,0.3646367640495302
0.0001,1723.0,0.6601261798858643,0.3646364881992341
0.0001,1724.0,0.6601261636734016,0.3646362339496613
0.0001,1725.0,0.6601261486053468,0.3646359595298768
0.0001,1726.0,0.6601261343955991,0.3646357046604157
0.0001,1727.0,0.6601261144638066,0.3646354463577271
0.0001,1728.0,0.6601260990142822,0.36463518619537366
0.0001,1729.0,0.660126080322265,0.3646349128246307
0.0001,1730.0,0.6601260604858398,0.36463465547561635
0.0001,1731.0,0.6601260477066038,0.3646343948841096
0.0001,1732.0,0.6601260288238527,0.3646341394901277
0.0001,1733.0,0.6601260127067565,0.3646338819980621
0.0001,1734.0,0.6601259973525998,0.3646336211681367
0.0001,1735.0,0.6601259816169737,0.3646333704471588
0.0001,1736.0,0.6601259645462036,0.36463311882019045
0.0001,1737.0,0.6601259485244755,0.3646328565597534
0.0001,1738.0,0.6601259286880499,0.36463260416984544
0.0001,1739.0,0.660125914478302,0.36463234972953795
0.0001,1740.0,0.6601259006500245,0.3646320908069612
0.0001,1741.0,0.6601258844375609,0.36463184194564824
0.0001,1742.0,0.6601258679389952,0.36463159222602853
0.0001,1743.0,0.6601258558273316,0.3646313395977019
0.0001,1744.0,0.6601258370399475,0.36463109107017516
0.0001,1745.0,0.6601258212089537,0.3646308450698853
0.0001,1746.0,0.6601258018493651,0.36463059053421015
0.0001,1747.0,0.6601257893562316,0.3646303515434265
0.0001,1748.0,0.6601257779121396,0.36463009600639346
0.0001,1749.0,0.6601257598876955,0.3646298516273497
0.0001,1750.0,0.660125748825073,0.36462960195541383
0.0001,1751.0,0.6601257300376894,0.3646293622970583
0.0001,1752.0,0.6601257137298581,0.36462911739349385
0.0001,1753.0,0.660125700759888,0.3646288799285889
0.0001,1754.0,0.6601256851196293,0.364628630065918
0.0001,1755.0,0.6601256744384767,0.36462838706970224
0.0001,1756.0,0.6601256546974177,0.3646281450748444
0.0001,1757.0,0.6601256391525265,0.36462790379524224
0.0001,1758.0,0.6601256278991694,0.3646276731491091
0.0001,1759.0,0.6601256097793574,0.36462743697166455
0.0001,1760.0,0.6601255996704106,0.3646271934986115
0.0001,1761.0,0.6601255825042726,0.3646269542694091
0.0001,1762.0,0.6601255696296692,0.3646267174720765
0.0001,1763.0,0.6601255573272702,0.3646264841079713
0.0001,1764.0,0.6601255416870121,0.36462624335289007
0.0001,1765.0,0.6601255252838133,0.3646260125160217
0.0001,1766.0,0.6601255101203919,0.36462577590942385
0.0001,1767.0,0.660125495147705,0.3646255490779875
0.0001,1768.0,0.6601254804611207,0.3646253072261809
0.0001,1769.0,0.6601254651069638,0.3646250808715821
0.0001,1770.0,0.6601254557609558,0.3646248518943786
0.0001,1771.0,0.6601254405975348,0.3646246178150178
0.0001,1772.0,0.6601254301071166,0.3646243898391724
0.0001,1773.0,0.6601254128456114,0.3646241632461547
0.0001,1774.0,0.6601254013061525,0.36462392916679387
0.0001,1775.0,0.6601253864288326,0.3646237018585205
0.0001,1776.0,0.6601253746986395,0.3646234758853913
0.0001,1777.0,0.6601253594398496,0.3646232491016388
0.0001,1778.0,0.6601253453254696,0.364623028564453
0.0001,1779.0,0.6601253297805791,0.3646227970600129
0.0001,1780.0,0.6601253211975102,0.3646225808620453
0.0001,1781.0,0.6601253064155578,0.36462235865592957
0.0001,1782.0,0.660125296592713,0.3646221360206605
0.0001,1783.0,0.660125279426575,0.3646219121932984
0.0001,1784.0,0.6601252660751343,0.3646216863632203
0.0001,1785.0,0.6601252554893491,0.36462146553993224
0.0001,1786.0,0.6601252423286439,0.3646212469100951
0.0001,1787.0,0.6601252269744877,0.36462102637290955
0.0001,1788.0,0.660125217342377,0.3646208134174347
0.0001,1789.0,0.6601252027511597,0.36462059688568116
0.0001,1790.0,0.6601251911163334,0.36462037901878364
0.0001,1791.0,0.66012517490387,0.3646201481819154
0.0001,1792.0,0.6601251651763923,0.3646199444770814
0.0001,1793.0,0.6601251563072202,0.3646197388648987
0.0001,1794.0,0.6601251434326171,0.3646195158958436
0.0001,1795.0,0.6601251255035397,0.3646193054676057
0.0001,1796.0,0.6601251178741455,0.3646190940380096
0.0001,1797.0,0.6601251031875617,0.36461888422966
0.0001,1798.0,0.6601250900268557,0.3646186778545377
0.0001,1799.0,0.6601250800132752,0.36461845726966857
0.0001,1800.0,0.6601250692367547,0.36461825141906734
0.0001,1801.0,0.6601250549316402,0.3646180470466613
0.0001,1802.0,0.6601250411987309,0.36461783347129806
0.0001,1803.0,0.6601250318527223,0.3646176212310792
0.0001,1804.0,0.6601250216484074,0.3646174164772034
0.0001,1805.0,0.6601250055313111,0.36461721401214603
0.0001,1806.0,0.6601249950408941,0.3646170083045959
0.0001,1807.0,0.6601249864578244,0.3646168012619019
0.0001,1808.0,0.6601249710083008,0.3646165965557098
0.0001,1809.0,0.6601249606132504,0.3646163935661316
0.0001,1810.0,0.6601249508857729,0.3646161851406097
0.0001,1811.0,0.6601249388694767,0.3646159896373749
0.0001,1812.0,0.6601249269485477,0.36461578397750866
0.0001,1813.0,0.6601249124526974,0.3646155788898469
0.0001,1814.0,0.660124903297424,0.36461537947654715
0.0001,1815.0,0.6601248914718623,0.36461517577171326
0.0001,1816.0,0.660124880123138,0.364614978981018
0.0001,1817.0,0.6601248680114743,0.3646147802829743
0.0001,1818.0,0.6601248605728155,0.36461458339691166
0.0001,1819.0,0.6601248477935788,0.3646143850326539
0.0001,1820.0,0.6601248379707331,0.36461418776512156
0.0001,1821.0,0.660124822807312,0.36461399579048154
0.0001,1822.0,0.6601248109817502,0.36461379828453083
0.0001,1823.0,0.6601248058319087,0.36461360354423505
0.0001,1824.0,0.6601247940063477,0.3646134074211121
0.0001,1825.0,0.6601247817993171,0.3646132107257845
0.0001,1826.0,0.6601247743606566,0.36461301922798145
0.0001,1827.0,0.6601247583389286,0.36461282472610457
0.0001,1828.0,0.6601247507095335,0.36461263499259955
0.0001,1829.0,0.6601247371673588,0.36461243777275093
0.0001,1830.0,0.660124723625183,0.3646122544288638
0.0001,1831.0,0.6601247165679931,0.3646120537281037
0.0001,1832.0,0.6601247056007385,0.36461185922622674
0.0001,1833.0,0.6601246990203854,0.36461166639328
0.0001,1834.0,0.6601246867179866,0.3646114792346954
0.0001,1835.0,0.6601246738433842,0.36461129155159017
0.0001,1836.0,0.6601246655464174,0.3646110973358153
0.0001,1837.0,0.6601246568679806,0.36461091313362104
0.0001,1838.0,0.6601246429443358,0.3646107258319855
0.0001,1839.0,0.6601246337890623,0.3646105393886566
0.0001,1840.0,0.6601246242523197,0.36461034326553343
0.0001,1841.0,0.6601246132850646,0.3646101691722869
0.0001,1842.0,0.6601246064186096,0.3646099836826325
0.0001,1843.0,0.6601245937347412,0.3646097975254058
0.0001,1844.0,0.660124582004547,0.3646096095561981
0.0001,1845.0,0.6601245743751528,0.3646094316005707
0.0001,1846.0,0.6601245661735534,0.36460924344062806
0.0001,1847.0,0.6601245551109314,0.36460906276702865
0.0001,1848.0,0.660124545192718,0.3646088768005372
0.0001,1849.0,0.6601245323181159,0.3646086843013763
0.0001,1850.0,0.6601245245933531,0.3646085075855254
0.0001,1851.0,0.6601245148658752,0.36460833382606495
0.0001,1852.0,0.6601245065689086,0.3646081487178803
0.0001,1853.0,0.6601244954109201,0.3646079673290252
0.0001,1854.0,0.6601244840621953,0.3646077908992768
0.0001,1855.0,0.6601244803428644,0.36460761117935175
0.0001,1856.0,0.6601244680404663,0.36460742559432985
0.0001,1857.0,0.6601244585037228,0.36460725469589234
0.0001,1858.0,0.660124450874329,0.3646070728302002
0.0001,1859.0,0.6601244389533991,0.36460690526962275
0.0001,1860.0,0.6601244322776795,0.364606723022461
0.0001,1861.0,0.6601244185447691,0.3646065389633179
0.0001,1862.0,0.6601244120597844,0.3646063655853272
0.0001,1863.0,0.6601244011878968,0.3646061946868898
0.0001,1864.0,0.6601243944168096,0.36460602226257327
0.0001,1865.0,0.6601243888854982,0.3646058407783509
0.0001,1866.0,0.6601243757247929,0.36460567531585714
0.0001,1867.0,0.6601243690490721,0.3646054917335511
0.0001,1868.0,0.6601243600845335,0.36460532093048087
0.0001,1869.0,0.6601243511199948,0.3646051506519318
0.0001,1870.0,0.6601243412017819,0.3646049741268158
0.0001,1871.0,0.6601243291854864,0.36460480399131767
0.0001,1872.0,0.6601243272781375,0.36460462965965296
0.0001,1873.0,0.6601243127822877,0.36460446376800537
0.0001,1874.0,0.6601243035316472,0.3646042963981628
0.0001,1875.0,0.6601242946624757,0.3646041227340698
0.0001,1876.0,0.6601242906570433,0.364603957939148
0.0001,1877.0,0.660124281978607,0.3646037861824036
0.0001,1878.0,0.6601242678642274,0.3646036197185516
0.0001,1879.0,0.6601242686271666,0.3646034554481508
0.0001,1880.0,0.6601242484092712,0.36460328245162976
0.0001,1881.0,0.6601242460250856,0.3646031161308289
0.0001,1882.0,0.6601242378234865,0.36460295147895805
0.0001,1883.0,0.6601242301940918,0.36460278830528253
0.0001,1884.0,0.6601242191314697,0.3646026124477386
0.0001,1885.0,0.660124212646484,0.3646024462699891
0.0001,1886.0,0.660124201011658,0.36460228505134584
0.0001,1887.0,0.6601241965293887,0.3646021248340608
0.0001,1888.0,0.6601241865158084,0.36460195341110235
0.0001,1889.0,0.6601241782188415,0.3646017952919007
0.0001,1890.0,0.660124177455902,0.36460163264274587
0.0001,1891.0,0.6601241632461547,0.3646014650821687
0.0001,1892.0,0.6601241584777832,0.36460130281448355
0.0001,1893.0,0.6601241498947147,0.3646011396408081
0.0001,1894.0,0.6601241395950319,0.3646009809494018
0.0001,1895.0,0.66012413225174,0.3646008266448975
0.0001,1896.0,0.6601241260528563,0.3646006621837616
0.0001,1897.0,0.6601241142272951,0.36460050048828124
0.0001,1898.0,0.6601241096496578,0.36460034384727485
0.0001,1899.0,0.6601240985870361,0.3646001831531525
0.0001,1900.0,0.660124093914032,0.36460002551078785
0.0001,1901.0,0.6601240869522095,0.36459986739158634
0.0001,1902.0,0.6601240801811222,0.36459971733093255
0.0001,1903.0,0.6601240706443792,0.3645995570659638
0.0001,1904.0,0.6601240615844728,0.36459939794540425
0.0001,1905.0,0.6601240533828736,0.3645992450237276
0.0001,1906.0,0.6601240430831916,0.36459909405708324
0.0001,1907.0,0.6601240409851082,0.3645989377975462
0.0001,1908.0,0.6601240303039547,0.3645987822055816
0.0001,1909.0,0.6601240268707278,0.36459862971305856
0.0001,1910.0,0.6601240192413335,0.3645984769821167
0.0001,1911.0,0.6601240101814274,0.3645983265399932
0.0001,1912.0,0.6601240041732785,0.3645981740951539
0.0001,1913.0,0.6601239977836608,0.3645980229377745
0.0001,1914.0,0.660123984813691,0.3645978676795959
0.0001,1915.0,0.6601239843368535,0.36459771885871894
0.0001,1916.0,0.6601239776611328,0.3645975740909575
0.0001,1917.0,0.6601239654541017,0.36459742259979244
0.0001,1918.0,0.6601239630699158,0.36459726777076745
0.0001,1919.0,0.6601239514350898,0.36459711480140694
0.0001,1920.0,0.660123947238922,0.364596973323822
0.0001,1921.0,0.6601239371299743,0.36459682049751296
0.0001,1922.0,0.6601239315032956,0.3645966778755189
0.0001,1923.0,0.6601239249229438,0.3645965334415436
0.0001,1924.0,0.6601239161491398,0.3645963811874391
0.0001,1925.0,0.6601239125251765,0.3645962386131286
0.0001,1926.0,0.6601239068984983,0.36459608540534966
0.0001,1927.0,0.6601238988876347,0.3645959446430206
0.0001,1928.0,0.6601238907814029,0.3645957939624787
0.0001,1929.0,0.6601238843917844,0.3645956555366517
0.0001,1930.0,0.6601238793373111,0.36459550857543943
0.0001,1931.0,0.6601238713264465,0.3645953730106355
0.0001,1932.0,0.6601238619804382,0.3645952242374422
0.0001,1933.0,0.6601238576889042,0.3645950755119324
0.0001,1934.0,0.6601238498687745,0.3645949383735656
0.0001,1935.0,0.6601238438606266,0.36459479017257684
0.0001,1936.0,0.6601238364219658,0.36459465169906613
0.0001,1937.0,0.660123833179474,0.36459451169967644
0.0001,1938.0,0.6601238244056709,0.36459436950683605
0.0001,1939.0,0.6601238161087039,0.3645942337512971
0.0001,1940.0,0.6601238050460819,0.36459408431053164
0.0001,1941.0,0.6601237998008729,0.3645939533710478
0.0001,1942.0,0.6601237960815426,0.36459381337165825
0.0001,1943.0,0.6601237928390503,0.3645936728477478
0.0001,1944.0,0.6601237840652469,0.3645935344696044
0.0001,1945.0,0.6601237817764279,0.36459339199066165
0.0001,1946.0,0.6601237735748283,0.36459325518608093
0.0001,1947.0,0.6601237672805785,0.36459311413764955
0.0001,1948.0,0.660123756694794,0.36459297909736627
0.0001,1949.0,0.6601237491607667,0.36459285011291503
0.0001,1950.0,0.6601237447738649,0.3645927102088929
0.0001,1951.0,0.6601237374305724,0.3645925729751587
0.0001,1952.0,0.6601237342834475,0.3645924365997313
0.0001,1953.0,0.6601237298965457,0.3645922964572908
0.0001,1954.0,0.6601237181663514,0.3645921678543092
0.0001,1955.0,0.6601237180709839,0.36459202957153325
0.0001,1956.0,0.660123709869385,0.36459189367294315
0.0001,1957.0,0.660123702430725,0.3645917628288268
0.0001,1958.0,0.660123698616028,0.36459163651466375
0.0001,1959.0,0.6601236934661866,0.3645915017604829
0.0001,1960.0,0.6601236829757692,0.3645913607120514
0.0001,1961.0,0.660123679637909,0.3645912273406982
0.0001,1962.0,0.6601236748695367,0.3645910987377168
0.0001,1963.0,0.660123666000366,0.364590965127945
0.0001,1964.0,0.6601236619949338,0.3645908380031587
0.0001,1965.0,0.6601236577033991,0.36459070777893077
0.0001,1966.0,0.6601236508369447,0.364590577507019
0.0001,1967.0,0.660123642730713,0.3645904466629028
0.0001,1968.0,0.6601236371040343,0.36459031805992126
0.0001,1969.0,0.6601236366271971,0.36459018473625193
0.0001,1970.0,0.6601236305236816,0.3645900480747223
0.0001,1971.0,0.6601236235618594,0.3645899208068848
0.0001,1972.0,0.6601236159324649,0.3645898000240327
0.0001,1973.0,0.6601236117362973,0.364589675951004
0.0001,1974.0,0.6601236063003532,0.3645895458698272
0.0001,1975.0,0.6601236031532282,0.3645894179344177
0.0001,1976.0,0.6601235952377322,0.3645892840862275
0.0001,1977.0,0.6601235895156864,0.3645891606330872
0.0001,1978.0,0.6601235847473141,0.3645890357017517
0.0001,1979.0,0.660123583507538,0.364588903427124
0.0001,1980.0,0.6601235708236691,0.3645887803077698
0.0001,1981.0,0.6601235668182374,0.36458866147994995
0.0001,1982.0,0.6601235612869262,0.3645885364532471
0.0001,1983.0,0.660123555183411,0.36458840832710265
0.0001,1984.0,0.6601235501289365,0.36458827953338613
0.0001,1985.0,0.6601235433578492,0.3645881647109986
0.0001,1986.0,0.6601235387802118,0.3645880342483519
0.0001,1987.0,0.6601235379219053,0.36458790960311893
0.0001,1988.0,0.6601235299110412,0.36458778944015496
0.0001,1989.0,0.6601235219955444,0.36458767223358163
0.0001,1990.0,0.6601235217094421,0.3645875445365907
0.0001,1991.0,0.6601235171318057,0.36458741617202756
0.0001,1992.0,0.66012351026535,0.364587300491333
0.0001,1993.0,0.660123500442505,0.36458717737197877
0.0001,1994.0,0.660123501110077,0.3645870655059815
0.0001,1995.0,0.6601234943389899,0.3645869290351868
0.0001,1996.0,0.6601234897613525,0.36458681297302253
0.0001,1997.0,0.6601234807968139,0.3645866936683654
0.0001,1998.0,0.6601234745025628,0.36458657650947585
0.0001,1999.0,0.6601234720230104,0.3645864496707917
0.0001,2000.0,0.6601234706878665,0.3645863305568695
0.0001,2001.0,0.6601234632492065,0.3645862118244171
0.0001,2002.0,0.6601234613418574,0.3645860897064211
0.0001,2003.0,0.6601234512329104,0.36458597187995917
0.0001,2004.0,0.6601234470367429,0.3645858577728272
0.0001,2005.0,0.660123443031311,0.3645857349395753
0.0001,2006.0,0.6601234397888187,0.36458561248779303
0.0001,2007.0,0.660123431587219,0.36458550901412967
0.0001,2008.0,0.6601234325408929,0.3645853902816773
0.0001,2009.0,0.660123421382904,0.36458527903556803
0.0001,2010.0,0.6601234148025511,0.36458515787124635
0.0001,2011.0,0.6601234148979185,0.3645850397586824
0.0001,2012.0,0.6601234127044682,0.3645849158287047
0.0001,2013.0,0.6601234061241151,0.36458481054306024
0.0001,2014.0,0.6601233974456786,0.36458469476699823
0.0001,2015.0,0.6601233976364136,0.36458457465171823
0.0001,2016.0,0.6601233945846555,0.3645844624996185
0.0001,2017.0,0.6601233881950377,0.36458435091972335
0.0001,2018.0,0.6601233816146848,0.364584236907959
0.0001,2019.0,0.6601233759880069,0.3645841254234313
0.0001,2020.0,0.6601233761787417,0.3645840090274811
0.0001,2021.0,0.6601233697891239,0.3645838959693908
0.0001,2022.0,0.6601233683586116,0.3645837876796723
0.0001,2023.0,0.6601233558654784,0.36458367376327516
0.0001,2024.0,0.6601233558654783,0.36458356451988216
0.0001,2025.0,0.660123351764679,0.3645834530830382
0.0001,2026.0,0.6601233461380006,0.36458334040641777
0.0001,2027.0,0.6601233437538147,0.3645832300662995
0.0001,2028.0,0.6601233427047728,0.3645831249713897
0.0001,2029.0,0.6601233353614807,0.3645830101013184
0.0001,2030.0,0.6601233289718628,0.36458290042877195
0.0001,2031.0,0.6601233207702635,0.3645827850818635
0.0001,2032.0,0.6601233232498168,0.3645826884746552
0.0001,2033.0,0.6601233110427854,0.36458257455825804
0.0001,2034.0,0.6601233040809626,0.36458247141838074
0.0001,2035.0,0.6601233057022095,0.3645823640346528
0.0001,2036.0,0.660123299407959,0.36458225865364086
0.0001,2037.0,0.6601233001708986,0.36458215289115914
0.0001,2038.0,0.6601232938766477,0.36458204236030584
0.0001,2039.0,0.6601232940673828,0.36458193202018724
0.0001,2040.0,0.6601232876777654,0.36458182415962226
0.0001,2041.0,0.6601232807159425,0.3645817209720614
0.0001,2042.0,0.6601232759475711,0.36458160991668703
0.0001,2043.0,0.660123277664185,0.3645814998626708
0.0001,2044.0,0.6601232660293586,0.36458140387535104
0.0001,2045.0,0.6601232652664187,0.3645812935829163
0.0001,2046.0,0.66012326631546,0.3645811944961549
0.0001,2047.0,0.6601232534408569,0.364581082391739
0.0001,2048.0,0.660123255252838,0.36458098201751715
0.0001,2049.0,0.660123249053955,0.36458088498115543
0.0001,2050.0,0.6601232476234437,0.36458077936172484
0.0001,2051.0,0.6601232399940493,0.3645806768894195
0.0001,2052.0,0.6601232439994817,0.3645805754184721
0.0001,2053.0,0.6601232333183285,0.3645804740428924
0.0001,2054.0,0.6601232275009156,0.3645803722381592
0.0001,2055.0,0.6601232248306274,0.36458026990890485
0.0001,2056.0,0.6601232210159301,0.36458016738891597
0.0001,2057.0,0.6601232168197632,0.3645800632953644
0.0001,2058.0,0.6601232175827034,0.36457996158599865
0.0001,2059.0,0.6601232122421267,0.36457986741065984
0.0001,2060.0,0.6601232039451597,0.3645797580242156
0.0001,2061.0,0.6601232037544256,0.3645796640872955
0.0001,2062.0,0.6601232017517097,0.36457956528663643
0.0001,2063.0,0.6601232005119327,0.3645794672012328
0.0001,2064.0,0.6601231933593753,0.36457936305999744
0.0001,2065.0,0.6601231904983522,0.3645792688846588
0.0001,2066.0,0.6601231826782232,0.364579158973694
0.0001,2067.0,0.6601231764793402,0.3645790682792664
0.0001,2068.0,0.6601231782913213,0.36457896895408654
0.0001,2069.0,0.6601231699943545,0.36457886886596685
0.0001,2070.0,0.6601231685638428,0.36457877826690677
0.0001,2071.0,0.6601231673240664,0.3645786732196809
0.0001,2072.0,0.6601231660842898,0.3645785771369935
0.0001,2073.0,0.6601231567382808,0.36457848615646365
0.0001,2074.0,0.6601231554031368,0.3645783903598787
0.0001,2075.0,0.6601231501579284,0.36457828288078303
0.0001,2076.0,0.6601231460571289,0.36457818922996527
0.0001,2077.0,0.6601231454849243,0.364578094291687
0.0001,2078.0,0.660123139095306,0.3645780080318449
0.0001,2079.0,0.6601231388092043,0.3645779080867768
0.0001,2080.0,0.6601231334686276,0.36457781000137346
0.0001,2081.0,0.6601231256484981,0.36457773041725156
0.0001,2082.0,0.6601231259346001,0.3645776315689089
0.0001,2083.0,0.6601231195449826,0.3645775321483612
0.0001,2084.0,0.660123123168945,0.3645774351596833
0.0001,2085.0,0.6601231132507321,0.3645773463249207
0.0001,2086.0,0.6601231129646299,0.3645772480487823
0.0001,2087.0,0.6601231093406675,0.36457715897560117
0.0001,2088.0,0.6601231049537662,0.36457706098556536
0.0001,2089.0,0.6601231022834781,0.364576972436905
0.0001,2090.0,0.6601230973243708,0.36457687606811534
0.0001,2091.0,0.660123098373413,0.364576790523529
0.0001,2092.0,0.6601230934143071,0.36457669677734367
0.0001,2093.0,0.6601230909347534,0.3645766085624696
0.0001,2094.0,0.6601230859756471,0.3645765258789063
0.0001,2095.0,0.6601230802536012,0.3645764283657074
0.0001,2096.0,0.6601230785369873,0.36457633428573616
0.0001,2097.0,0.6601230822563172,0.3645762489318847
0.0001,2098.0,0.6601230770111085,0.3645761558532715
0.0001,2099.0,0.6601230701446531,0.36457607078552245
0.0001,2100.0,0.6601230656623842,0.3645759769916534
0.0001,2101.0,0.6601230627059935,0.3645758872509003
0.0001,2102.0,0.6601230601310731,0.36457580366134634
0.0001,2103.0,0.6601230594635006,0.36457570948600776
0.0001,2104.0,0.6601230544090277,0.36457561855316173
0.0001,2105.0,0.6601230499267576,0.3645755261898041
0.0001,2106.0,0.6601230498313908,0.36457544698715194
0.0001,2107.0,0.6601230447769164,0.3645753561019897
0.0001,2108.0,0.6601230422019958,0.3645752683639528
0.0001,2109.0,0.6601230379104612,0.36457517857551575
0.0001,2110.0,0.6601230312347414,0.364575093460083
0.0001,2111.0,0.6601230326652524,0.3645750052452088
0.0001,2112.0,0.660123029327392,0.3645749242305757
0.0001,2113.0,0.6601230265617368,0.36457483277320857
0.0001,2114.0,0.6601230221748353,0.364574746131897
0.0001,2115.0,0.6601230179786681,0.3645746657848357
0.0001,2116.0,0.6601230125427243,0.36457457900047296
0.0001,2117.0,0.6601230123519902,0.36457449045181267
0.0001,2118.0,0.6601230085372926,0.36457440886497516
0.0001,2119.0,0.6601230051040649,0.3645743281841278
0.0001,2120.0,0.6601230030059817,0.36457423915863035
0.0001,2121.0,0.6601229997634886,0.36457415199279797
0.0001,2122.0,0.6601230004310609,0.3645740649223327
0.0001,2123.0,0.6601229961395265,0.36457397999763486
0.0001,2124.0,0.6601229889869691,0.3645739019870758
0.0001,2125.0,0.6601229860305784,0.36457381563186647
0.0001,2126.0,0.660122987937927,0.3645737289905548
0.0001,2127.0,0.6601229839324954,0.364573647403717
0.0001,2128.0,0.6601229770660396,0.36457357158660886
0.0001,2129.0,0.6601229796409606,0.36457348332405076
0.0001,2130.0,0.6601229734420776,0.36457340044975267
0.0001,2131.0,0.660122975730896,0.3645733160495759
0.0001,2132.0,0.660122969150543,0.36457323822975146
0.0001,2133.0,0.6601229669570925,0.36457315220832814
0.0001,2134.0,0.6601229638099673,0.36457307348251344
0.0001,2135.0,0.6601229652404789,0.36457299227714546
0.0001,2136.0,0.660122956657409,0.36457291297912603
0.0001,2137.0,0.6601229565620418,0.3645728290081024
0.0001,2138.0,0.660122951698303,0.36457274570465087
0.0001,2139.0,0.6601229496002193,0.3645726704120637
0.0001,2140.0,0.6601229517936705,0.36457258534431464
0.0001,2141.0,0.6601229438781738,0.36457250766754157
0.0001,2142.0,0.6601229402542117,0.3645724283695221
0.0001,2143.0,0.6601229393959055,0.36457234730720517
0.0001,2144.0,0.6601229362487797,0.3645722631931305
0.0001,2145.0,0.6601229310989382,0.3645721870422364
0.0001,2146.0,0.6601229301452637,0.36457210326194767
0.0001,2147.0,0.6601229306221004,0.36457202582359305
0.0001,2148.0,0.6601229299545288,0.3645719480514526
0.0001,2149.0,0.6601229281425477,0.36457186689376836
0.0001,2150.0,0.6601229228019714,0.3645717921257019
0.0001,2151.0,0.6601229179382319,0.3645717106819152
0.0001,2152.0,0.660122915935516,0.36457163248062147
0.0001,2153.0,0.6601229147911074,0.36457155704498295
0.0001,2154.0,0.6601229123115542,0.36457147350311275
0.0001,2155.0,0.6601229100227359,0.36457139682769785
0.0001,2156.0,0.660122907066345,0.36457132577896106
0.0001,2157.0,0.6601229043006895,0.364571248292923
0.0001,2158.0,0.6601229047775273,0.36457117228508
0.0001,2159.0,0.6601229015350342,0.3645710933208465
0.0001,2160.0,0.6601228967666632,0.3645710190296172
0.0001,2161.0,0.6601228954315188,0.36457094559669506
0.0001,2162.0,0.6601228894233709,0.3645708745479582
0.0001,2163.0,0.6601228886604312,0.3645707938671111
0.0001,2164.0,0.6601228883743286,0.36457071509361266
0.0001,2165.0,0.6601228877067569,0.36457064309120174
0.0001,2166.0,0.6601228818893431,0.36457057094573975
0.0001,2167.0,0.6601228806495666,0.3645704957008363
0.0001,2168.0,0.6601228757858277,0.3645704164981841
0.0001,2169.0,0.6601228765487662,0.36457034292221063
0.0001,2170.0,0.660122870349884,0.3645702684879302
0.0001,2171.0,0.6601228718757629,0.36457019958496084
0.0001,2172.0,0.6601228676795963,0.36457012166976926
0.0001,2173.0,0.6601228693962097,0.3645700480937957
0.0001,2174.0,0.6601228603363036,0.3645699734687806
0.0001,2175.0,0.660122861862183,0.36456990523338334
0.0001,2176.0,0.6601228596687323,0.3645698247432709
0.0001,2177.0,0.6601228561401368,0.3645697528362274
0.0001,2178.0,0.660122856235504,0.364569674539566
0.0001,2179.0,0.660122849845886,0.36456961126327525
0.0001,2180.0,0.6601228528976439,0.3645695353507996
0.0001,2181.0,0.6601228455543523,0.3645694647312166
0.0001,2182.0,0.660122847747803,0.3645693915843964
0.0001,2183.0,0.6601228437423705,0.36456932597160346
0.0001,2184.0,0.660122840690613,0.3645692523479462
0.0001,2185.0,0.6601228408813475,0.3645691832065583
0.0001,2186.0,0.6601228347778312,0.36456911463737485
0.0001,2187.0,0.6601228332519528,0.3645690421581268
0.0001,2188.0,0.6601228292465207,0.3645689736366274
0.0001,2189.0,0.6601228230476374,0.3645689080238343
0.0001,2190.0,0.6601228271484376,0.3645688269138335
0.0001,2191.0,0.6601228228569033,0.36456875996589655
0.0001,2192.0,0.6601228219032289,0.36456869535446174
0.0001,2193.0,0.6601228227615349,0.3645686199188233
0.0001,2194.0,0.6601228191375735,0.36456855645179764
0.0001,2195.0,0.6601228167533879,0.36456848754882815
0.0001,2196.0,0.6601228139877322,0.3645684223175049
0.0001,2197.0,0.6601228115081788,0.364568354511261
0.0001,2198.0,0.6601228080749515,0.36456827726364155
0.0001,2199.0,0.6601228052139286,0.3645682105064392
0.0001,2200.0,0.6601228097915656,0.36456814880371097
0.0001,2201.0,0.6601228051185611,0.3645680775642395
0.0001,2202.0,0.6601227981567381,0.36456800999641437
0.0001,2203.0,0.6601228030204772,0.3645679433822632
0.0001,2204.0,0.6601227948188786,0.3645678662300111
0.0001,2205.0,0.6601228006362915,0.3645678040981293
0.0001,2206.0,0.6601227930068969,0.36456773757934563
0.0001,2207.0,0.6601227881431576,0.36456767106056215
0.0001,2208.0,0.6601227910995482,0.3645676117897033
0.0001,2209.0,0.6601227896690366,0.364567532348633
0.0001,2210.0,0.6601227890014645,0.36456747045516946
0.0001,2211.0,0.6601227838516229,0.36456739902496327
0.0001,2212.0,0.6601227810859674,0.36456734404563895
0.0001,2213.0,0.6601227848052978,0.3645672722816467
0.0001,2214.0,0.660122774600983,0.3645672113895417
0.0001,2215.0,0.6601227757453922,0.36456714353561404
0.0001,2216.0,0.6601227758407596,0.36456707916259756
0.0001,2217.0,0.6601227725028994,0.36456701426506055
0.0001,2218.0,0.6601227718353273,0.36456695742607126
0.0001,2219.0,0.6601227727890016,0.36456689047813434
0.0001,2220.0,0.6601227700233461,0.36456682772636406
0.0001,2221.0,0.6601227656364445,0.3645667564868928
0.0001,2222.0,0.6601227594375613,0.3645666937828064
0.0001,2223.0,0.6601227606773383,0.36456663508415205
0.0001,2224.0,0.6601227566719059,0.36456656799316406
0.0001,2225.0,0.6601227590560915,0.364566501379013
0.0001,2226.0,0.660122750091553,0.3645664366245271
0.0001,2227.0,0.6601227539062506,0.3645663750648497
0.0001,2228.0,0.6601227464675907,0.36456630659103384
0.0001,2229.0,0.6601227467536923,0.36456624407768246
0.0001,2230.0,0.6601227462768555,0.36456617865562446
0.0001,2231.0,0.660122751522064,0.36456611733436584
0.0001,2232.0,0.6601227466583248,0.36456606383323664
0.0001,2233.0,0.6601227434158324,0.3645660007476807
0.0001,2234.0,0.6601227435112,0.36456593933105474
0.0001,2235.0,0.6601227390289309,0.3645658775806428
0.0001,2236.0,0.6601227368354798,0.3645658140182495
0.0001,2237.0,0.6601227374076843,0.3645657538890839
0.0001,2238.0,0.6601227302551266,0.3645656948566436
0.0001,2239.0,0.6601227322578428,0.36456563119888313
0.0001,2240.0,0.6601227289199826,0.3645655641555786
0.0001,2241.0,0.6601227300643923,0.3645655005931855
0.0001,2242.0,0.6601227255821228,0.36456544594764717
0.0001,2243.0,0.6601227256774909,0.36456538138389594
0.0001,2244.0,0.6601227262496953,0.3645653234481812
0.0001,2245.0,0.6601227213859563,0.3645652643203736
0.0001,2246.0,0.660122718429566,0.36456521224975585
0.0001,2247.0,0.660122716522217,0.3645651423931122
0.0001,2248.0,0.6601227175712585,0.3645650845527649
0.0001,2249.0,0.6601227125167846,0.3645650284767152
0.0001,2250.0,0.6601227102279665,0.3645649669647217
0.0001,2251.0,0.6601227069854737,0.36456491136550906
0.0001,2252.0,0.6601227083206177,0.36456484436988823
0.0001,2253.0,0.6601227045059206,0.3645647857189177
0.0001,2254.0,0.6601227060318,0.36456473169326786
0.0001,2255.0,0.6601226999282841,0.3645646691322326
0.0001,2256.0,0.6601227016448976,0.36456460862159723
0.0001,2257.0,0.6601227011680603,0.36456455035209656
0.0001,2258.0,0.6601226966857907,0.3645644927978516
0.0001,2259.0,0.6601226979255673,0.3645644356250763
0.0001,2260.0,0.6601226929664611,0.36456437458991997
0.0001,2261.0,0.6601226943969721,0.3645643184185028
0.0001,2262.0,0.6601226955413817,0.3645642577171326
0.0001,2263.0,0.6601226881980898,0.3645642029285431
0.0001,2264.0,0.6601226892471315,0.36456414432525636
0.0001,2265.0,0.6601226850509644,0.3645640831947327
0.0001,2266.0,0.6601226843833922,0.36456402339935307
0.0001,2267.0,0.6601226833343503,0.36456396889686576
0.0001,2268.0,0.6601226844787595,0.3645639171123506
0.0001,2269.0,0.6601226823806765,0.36456386561393755
0.0001,2270.0,0.6601226772308351,0.36456379671096817
0.0001,2271.0,0.6601226778030393,0.36456374764442434
0.0001,2272.0,0.6601226731300356,0.3645636893749237
0.0001,2273.0,0.6601226690292357,0.3645636369705202
0.0001,2274.0,0.6601226747512821,0.36456357564926145
0.0001,2275.0,0.6601226727485661,0.36456352472305315
0.0001,2276.0,0.6601226696014407,0.3645634620666505
0.0001,2277.0,0.6601226673126225,0.36456340637207035
0.0001,2278.0,0.6601226646423345,0.36456335062980655
0.0001,2279.0,0.660122664356232,0.3645633028030395
0.0001,2280.0,0.6601226633071904,0.3645632405757904
0.0001,2281.0,0.6601226613044744,0.3645631872177125
0.0001,2282.0,0.6601226606369016,0.36456313366889953
0.0001,2283.0,0.6601226586341851,0.3645630840301514
0.0001,2284.0,0.6601226624488825,0.3645630228519442
0.0001,2285.0,0.6601226579666134,0.3645629711151124
0.0001,2286.0,0.6601226529121396,0.3645629159927368
0.0001,2287.0,0.6601226504325864,0.3645628596305849
0.0001,2288.0,0.6601226531982416,0.36456280684471115
0.0001,2289.0,0.6601226504325864,0.3645627554893495
0.0001,2290.0,0.6601226467132565,0.3645627007961274
0.0001,2291.0,0.660122648906708,0.36456264743804934
0.0001,2292.0,0.6601226499557493,0.36456259016990655
0.0001,2293.0,0.6601226435661317,0.3645625386238099
0.0001,2294.0,0.6601226445198056,0.3645624856948853
0.0001,2295.0,0.6601226409912108,0.36456243901252744
0.0001,2296.0,0.6601226428985597,0.364562380361557
0.0001,2297.0,0.6601226414680481,0.36456233038902275
0.0001,2298.0,0.6601226373672486,0.36456227488517745
0.0001,2299.0,0.6601226366043095,0.36456222739219674
0.0001,2300.0,0.66012263622284,0.36456217484474185
0.0001,2301.0,0.6601226361274724,0.36456211977004993
0.0001,2302.0,0.6601226353645326,0.36456207385063166
0.0001,2303.0,0.6601226326942444,0.3645620188236236
0.0001,2304.0,0.6601226303100585,0.3645619630813599
0.0001,2305.0,0.6601226300239562,0.3645619210720062
0.0001,2306.0,0.6601226299285894,0.36456186461448664
0.0001,2307.0,0.6601226262092592,0.36456181569099433
0.0001,2308.0,0.6601226270675654,0.36456176118850714
0.0001,2309.0,0.6601226264953611,0.3645617113113404
0.0001,2310.0,0.6601226188659665,0.36456166195869455
0.0001,2311.0,0.6601226201057433,0.36456161403656
0.0001,2312.0,0.6601226171493533,0.3645615641593932
0.0001,2313.0,0.6601226196289061,0.364561513233185
0.0001,2314.0,0.6601226209640504,0.36456146006584167
0.0001,2315.0,0.6601226189613345,0.36456140785217284
0.0001,2316.0,0.6601226161956788,0.36456136589050314
0.0001,2317.0,0.6601226139068603,0.3645613217353819
0.0001,2318.0,0.6601226137161256,0.3645612697124481
0.0001,2319.0,0.6601226154327395,0.3645612166881562
0.0001,2320.0,0.6601226154327401,0.36456117105484
0.0001,2321.0,0.6601226083755494,0.3645611172676087
0.0001,2322.0,0.6601226109504695,0.3645610760211946
0.0001,2323.0,0.660122608757019,0.36456102061271684
0.0001,2324.0,0.6601226028442386,0.36456097550392164
0.0001,2325.0,0.6601226057052617,0.3645609228610992
0.0001,2326.0,0.6601225982666017,0.3645608760833742
0.0001,2327.0,0.6601226017951961,0.3645608252048492
0.0001,2328.0,0.6601225976943969,0.3645607761859896
0.0001,2329.0,0.6601226016044619,0.3645607268810272
0.0001,2330.0,0.6601225976943967,0.364560678243637
0.0001,2331.0,0.6601225960731508,0.3645606299877167
0.0001,2332.0,0.6601225925445557,0.36456059017181386
0.0001,2333.0,0.6601225940704345,0.3645605392932892
0.0001,2334.0,0.6601225899696349,0.364560492038727
0.0001,2335.0,0.6601225910186767,0.36456044421195993
0.0001,2336.0,0.6601225925445559,0.3645603976726533
0.0001,2337.0,0.6601225929260253,0.364560361289978
0.0001,2338.0,0.6601225856781002,0.3645603141784668
0.0001,2339.0,0.6601225852012633,0.36456026191711444
0.0001,2340.0,0.6601225889205934,0.3645602149963379
0.0001,2341.0,0.6601225837707521,0.36456016569137584
0.0001,2342.0,0.6601225849151613,0.36456012587547315
0.0001,2343.0,0.660122582244873,0.36456007566452026
0.0001,2344.0,0.6601225787162781,0.3645600308418276
0.0001,2345.0,0.6601225795745851,0.364559987974167
0.0001,2346.0,0.6601225769042963,0.36455994067192066
0.0001,2347.0,0.6601225737571712,0.36455989732742305
0.0001,2348.0,0.6601225778579707,0.3645598494529726
0.0001,2349.0,0.6601225755691524,0.3645597978591921
0.0001,2350.0,0.660122572135925,0.36455975956916814
0.0001,2351.0,0.660122569656372,0.3645597071647645
0.0001,2352.0,0.6601225701332089,0.36455966844558707
0.0001,2353.0,0.6601225709915162,0.3645596233844756
0.0001,2354.0,0.6601225708007814,0.3645595756530762
0.0001,2355.0,0.6601225709915158,0.3645595308780672
0.0001,2356.0,0.6601225668907164,0.364559487771988
0.0001,2357.0,0.6601225647926331,0.3645594357013702
0.0001,2358.0,0.6601225641250611,0.36455938658714315
0.0001,2359.0,0.6601225662231448,0.3645593554496766
0.0001,2360.0,0.6601225639343266,0.36455930790901164
0.0001,2361.0,0.6601225621223453,0.3645592664718629
0.0001,2362.0,0.6601225611686711,0.3645592205047608
0.0001,2363.0,0.6601225618362424,0.36455917067527777
0.0001,2364.0,0.6601225587844841,0.36455912437438964
0.0001,2365.0,0.6601225564002987,0.3645590859889984
0.0001,2366.0,0.6601225571632381,0.3645590429306031
0.0001,2367.0,0.6601225554466245,0.3645589951992033
0.0001,2368.0,0.6601225546836853,0.3645589570999146
0.0001,2369.0,0.6601225529670715,0.36455891232490545
0.0001,2370.0,0.6601225518226624,0.3645588703632354
0.0001,2371.0,0.6601225467681885,0.36455882902145365
0.0001,2372.0,0.6601225465774533,0.36455878071784975
0.0001,2373.0,0.6601225475311278,0.36455874204635624
0.0001,2374.0,0.6601225461959837,0.36455869894027704
0.0001,2375.0,0.6601225419044492,0.3645586519241333
0.0001,2376.0,0.6601225472450254,0.36455860953331004
0.0001,2377.0,0.6601225469589233,0.3645585689067841
0.0001,2378.0,0.6601225470542905,0.3645585308074952
0.0001,2379.0,0.660122546482086,0.36455848712921135
0.0001,2380.0,0.6601225438117976,0.36455844149589534
0.0001,2381.0,0.6601225462913513,0.364558400630951
0.0001,2382.0,0.6601225406646728,0.3645583533763886
0.0001,2383.0,0.6601225438117984,0.36455831446647663
0.0001,2384.0,0.6601225383758547,0.36455827770233146
0.0001,2385.0,0.6601225366592409,0.3645582305908202
0.0001,2386.0,0.6601225370407108,0.3645581973075868
0.0001,2387.0,0.6601225341796876,0.36455814304351825
0.0001,2388.0,0.660122534942627,0.3645581144809722
0.0001,2389.0,0.6601225380897524,0.3645580687522889
0.0001,2390.0,0.6601225333213806,0.3645580263614655
0.0001,2391.0,0.660122533416748,0.3645579848766328
0.0001,2392.0,0.6601225324630737,0.3645579444408417
0.0001,2393.0,0.6601225327491761,0.36455790805816646
0.0001,2394.0,0.6601225282669072,0.36455786743164076
0.0001,2395.0,0.6601225285530092,0.3645578228950501
0.0001,2396.0,0.660122529602051,0.3645577861785891
0.0001,2397.0,0.6601225314140321,0.36455774412155134
0.0001,2398.0,0.6601225285530088,0.36455770945549015
0.0001,2399.0,0.6601225243568419,0.36455766949653634
0.0001,2400.0,0.6601225221633915,0.364557625579834
0.0001,2401.0,0.6601225271224982,0.36455757679939266
0.0001,2402.0,0.6601225227355964,0.3645575407505034
0.0001,2403.0,0.6601225196838385,0.3645575072288512
0.0001,2404.0,0.6601225163459781,0.36455746145248413
0.0001,2405.0,0.6601225203514101,0.36455743069648744
0.0001,2406.0,0.6601225150108342,0.3645573881149291
0.0001,2407.0,0.6601225183486944,0.36455734405517587
0.0001,2408.0,0.6601225195884711,0.3645573106765748
0.0001,2409.0,0.6601225183486942,0.3645572650909423
0.0001,2410.0,0.660122518062592,0.3645572295188905
0.0001,2411.0,0.6601225186347959,0.3645571889877319
0.0001,2412.0,0.6601225161552426,0.3645571515083311
0.0001,2413.0,0.660122513103485,0.3645571094989778
0.0001,2414.0,0.660122510528564,0.36455707955360406
0.0001,2415.0,0.660122515583038,0.36455704369545
0.0001,2416.0,0.6601225114822383,0.36455700020790105
0.0001,2417.0,0.6601225090980521,0.364556960439682
0.0001,2418.0,0.6601225081443782,0.3645569153308868
0.0001,2419.0,0.6601225080490106,0.364556878900528
0.0001,2420.0,0.6601225076675411,0.36455685086250306
0.0001,2421.0,0.660122503471374,0.3645568056106568
0.0001,2422.0,0.6601225032806395,0.36455676627159117
0.0001,2423.0,0.6601225033760066,0.3645567266941072
0.0001,2424.0,0.6601225069999692,0.364556691980362
0.0001,2425.0,0.6601225010871882,0.36455665059089676
0.0001,2426.0,0.6601224994659419,0.3645566082000734
0.0001,2427.0,0.6601225002288816,0.3645565859317781
0.0001,2428.0,0.6601224977493286,0.36455654644966135
0.0001,2429.0,0.6601224989891052,0.36455651006698603
0.0001,2430.0,0.66012249879837,0.36455647130012503
0.0001,2431.0,0.6601224960327148,0.36455643382072456
0.0001,2432.0,0.6601224978446958,0.3645563984870913
0.0001,2433.0,0.6601224990844726,0.3645563561916352
0.0001,2434.0,0.6601224935531615,0.3645563219547272
0.0001,2435.0,0.6601224921226501,0.3645562829494476
0.0001,2436.0,0.6601224957466122,0.36455624632835376
0.0001,2437.0,0.660122496891022,0.3645562085628509
0.0001,2438.0,0.6601224932670597,0.3645561752319335
0.0001,2439.0,0.6601224917411804,0.36455613527297964
0.0001,2440.0,0.6601224931716921,0.3645560994625091
0.0001,2441.0,0.6601224901199338,0.36455606317520134
0.0001,2442.0,0.6601224922180174,0.36455602755546557
0.0001,2443.0,0.6601224914550781,0.3645559918880462
0.0001,2444.0,0.6601224880218506,0.36455594930648816
0.0001,2445.0,0.6601224846839908,0.364555917453766
0.0001,2446.0,0.6601224903106689,0.3645558803081513
0.0001,2447.0,0.6601224908828733,0.3645558508396148
0.0001,2448.0,0.6601224888801567,0.3645558105468751
0.0001,2449.0,0.6601224818229675,0.3645557730674742
0.0001,2450.0,0.660122480964661,0.36455574183464057
0.0001,2451.0,0.6601224843978882,0.3645557029724122
0.0001,2452.0,0.6601224852561957,0.3645556718826294
0.0001,2453.0,0.6601224830627442,0.36455563478469843
0.0001,2454.0,0.6601224810600282,0.36455559945106514
0.0001,2455.0,0.6601224793434144,0.3645555565834046
0.0001,2456.0,0.6601224740982051,0.3645555224895478
0.0001,2457.0,0.6601224747657769,0.364555488061905
0.0001,2458.0,0.6601224768638606,0.36455545783042914
0.0001,2459.0,0.6601224802970886,0.36455542573928823
0.0001,2460.0,0.6601224770545963,0.364555393266678
0.0001,2461.0,0.6601224772453309,0.3645553545475006
0.0001,2462.0,0.6601224790573121,0.36455532350540154
0.0001,2463.0,0.6601224725723268,0.36455529608726517
0.0001,2464.0,0.6601224710464476,0.3645552561759949
0.0001,2465.0,0.6601224712371827,0.3645552280902863
0.0001,2466.0,0.6601224724769593,0.3645551866054534
0.0001,2467.0,0.6601224683761598,0.3645551506996156
0.0001,2468.0,0.6601224705696105,0.3645551152229308
0.0001,2469.0,0.6601224699020388,0.36455508432388306
0.0001,2470.0,0.6601224733352662,0.364555053138733
0.0001,2471.0,0.6601224676132204,0.36455501589775097
0.0001,2472.0,0.660122471523285,0.3645549797058104
0.0001,2473.0,0.6601224680900577,0.3645549466133118
0.0001,2474.0,0.6601224615097047,0.36455492062568684
0.0001,2475.0,0.6601224646568303,0.3645548810958862
0.0001,2476.0,0.6601224637985234,0.36455485439300545
0.0001,2477.0,0.6601224632263185,0.3645548134326935
0.0001,2478.0,0.6601224651336672,0.3645547894477843
0.0001,2479.0,0.6601224653244023,0.36455474796295145
0.0001,2480.0,0.6601224664688109,0.36455471520423893
0.0001,2481.0,0.6601224627494808,0.36455468254089346
0.0001,2482.0,0.6601224658012387,0.364554648733139
0.0001,2483.0,0.6601224654197687,0.36455461025238045
0.0001,2484.0,0.6601224643707276,0.36455458154678344
0.0001,2485.0,0.6601224613189701,0.3645545499324799
0.0001,2486.0,0.6601224599838261,0.3645545135498047
0.0001,2487.0,0.6601224605560307,0.3645544818878174
0.0001,2488.0,0.6601224594116212,0.3645544515132904
0.0001,2489.0,0.660122458934784,0.3645544178485871
0.0001,2490.0,0.6601224566459661,0.36455438022613523
0.0001,2491.0,0.6601224588394168,0.3645543481826784
0.0001,2492.0,0.6601224544525147,0.36455432024002066
0.0001,2493.0,0.6601224548339847,0.36455429224967945
0.0001,2494.0,0.660122456073761,0.36455426526069634
0.0001,2495.0,0.6601224555015561,0.36455422816276545
0.0001,2496.0,0.6601224574089053,0.36455419406890877
0.0001,2497.0,0.6601224536895755,0.3645541685581208
0.0001,2498.0,0.6601224517822266,0.36455413141250614
0.0001,2499.0,0.6601224552154539,0.364554102754593
0.0001,2500.0,0.6601224491119384,0.3645540731430055
0.0001,2501.0,0.6601224533081053,0.36455404081344617
0.0001,2502.0,0.6601224517822264,0.3645540085315704
0.0001,2503.0,0.6601224470138546,0.36455397844314574
0.0001,2504.0,0.6601224487304684,0.3645539498805999
0.0001,2505.0,0.6601224483489987,0.36455392255783065
0.0001,2506.0,0.6601224491119387,0.3645538908481598
0.0001,2507.0,0.6601224473953244,0.3645538668632508
0.0001,2508.0,0.6601224482536315,0.36455383014678955
0.0001,2509.0,0.6601224485397338,0.36455379643440255
0.0001,2510.0,0.660122445869446,0.36455376477241513
0.0001,2511.0,0.6601224482536321,0.36455372495651245
0.0001,2512.0,0.6601224421501162,0.3645537051677704
0.0001,2513.0,0.6601224407196046,0.36455366444587706
0.0001,2514.0,0.660122441864014,0.3645536402702332
0.0001,2515.0,0.6601224423408507,0.36455360469818104
0.0001,2516.0,0.6601224411964418,0.36455358319282516
0.0001,2517.0,0.6601224415779112,0.36455354967117304
0.0001,2518.0,0.6601224394798281,0.36455351524353036
0.0001,2519.0,0.6601224431991579,0.3645534861564636
0.0001,2520.0,0.6601224407196042,0.3645534613609313
0.0001,2521.0,0.6601224378585815,0.3645534342765807
0.0001,2522.0,0.6601224404335022,0.364553397989273
0.0001,2523.0,0.6601224411010741,0.36455337076187133
0.0001,2524.0,0.6601224354743959,0.36455333862304695
0.0001,2525.0,0.6601224344253538,0.364553313922882
0.0001,2526.0,0.660122438430786,0.36455328488349903
0.0001,2527.0,0.6601224372863772,0.36455325536727906
0.0001,2528.0,0.6601224405288694,0.3645532189846038
0.0001,2529.0,0.6601224349021912,0.3645531961917877
0.0001,2530.0,0.6601224334716794,0.3645531644821168
0.0001,2531.0,0.6601224334716794,0.36455312676429746
0.0001,2532.0,0.6601224369049069,0.36455310468673696
0.0001,2533.0,0.6601224318504331,0.36455306963920586
0.0001,2534.0,0.6601224349975586,0.36455304570198066
0.0001,2535.0,0.6601224323272707,0.3645530171871184
0.0001,2536.0,0.660122431373596,0.3645529859542846
0.0001,2537.0,0.6601224302291873,0.36455295901298523
0.0001,2538.0,0.6601224303245542,0.36455293016433726
0.0001,2539.0,0.6601224280357364,0.3645529049396514
0.0001,2540.0,0.6601224279403684,0.36455287289619426
0.0001,2541.0,0.6601224290847777,0.36455284299850466
0.0001,2542.0,0.6601224288940432,0.3645528117656708
0.0001,2543.0,0.6601224287033081,0.3645527936935426
0.0001,2544.0,0.6601224292755125,0.36455276288986205
0.0001,2545.0,0.6601224273681643,0.36455273385047926
0.0001,2546.0,0.6601224288940429,0.364552699661255
0.0001,2547.0,0.6601224251747136,0.36455267515182493
0.0001,2548.0,0.6601224216461185,0.36455265116691593
0.0001,2549.0,0.660122422409058,0.3645526248455046
0.0001,2550.0,0.6601224233627325,0.3645525910377503
0.0001,2551.0,0.6601224245071418,0.36455256428718563
0.0001,2552.0,0.660122427082062,0.3645525344371794
0.0001,2553.0,0.6601224229812624,0.36455251293182367
0.0001,2554.0,0.660122423553467,0.3645524802207945
0.0001,2555.0,0.6601224249839782,0.36455245647430434
0.0001,2556.0,0.6601224262237548,0.36455242490768436
0.0001,2557.0,0.6601224220275882,0.36455240216255186
0.0001,2558.0,0.6601224229812624,0.3645523766517639
0.0001,2559.0,0.6601224227905276,0.3645523473739624
0.0001,2560.0,0.6601224205970764,0.36455232248306274
0.0001,2561.0,0.660122417831421,0.3645522937297823
0.0001,2562.0,0.6601224210739135,0.3645522632122039
0.0001,2563.0,0.6601224187850951,0.36455224285125737
0.0001,2564.0,0.6601224201202391,0.3645522193431857
0.0001,2565.0,0.6601224158287046,0.36455218582153315
0.0001,2566.0,0.6601224172592163,0.36455215754508974
0.0001,2567.0,0.6601224184989924,0.3645521345615388
0.0001,2568.0,0.6601224191665648,0.3645521132946016
0.0001,2569.0,0.6601224164962766,0.3645520805358886
0.0001,2570.0,0.6601224124908442,0.3645520572185516
0.0001,2571.0,0.6601224190711974,0.3645520426273346
0.0001,2572.0,0.6601224202156066,0.36455200552940364
0.0001,2573.0,0.6601224137306215,0.3645519823551178
0.0001,2574.0,0.6601224164962768,0.36455196013450625
0.0001,2575.0,0.6601224149703977,0.3645519323825836
0.0001,2576.0,0.6601224126815791,0.3645519084453582
0.0001,2577.0,0.6601224111557001,0.3645518770694733
0.0001,2578.0,0.6601224122047414,0.3645518517017365
0.0001,2579.0,0.6601224112510672,0.3645518271446228
0.0001,2580.0,0.6601224121093746,0.36455180115699787
0.0001,2581.0,0.6601224101066591,0.3645517812252046
0.0001,2582.0,0.6601224126815799,0.3645517504215241
0.0001,2583.0,0.6601224134445194,0.36455172452926643
0.0001,2584.0,0.6601224087715154,0.3645517015457154
0.0001,2585.0,0.6601224132537851,0.3645516728878021
0.0001,2586.0,0.6601224071502685,0.36455164813995355
0.0001,2587.0,0.660122408676148,0.3645516213893891
0.0001,2588.0,0.6601224094390874,0.3645515991687775
0.0001,2589.0,0.6601224096298222,0.36455157313346864
0.0001,2590.0,0.6601224075317388,0.3645515507698059
0.0001,2591.0,0.6601224076271061,0.36455152544975267
0.0001,2592.0,0.6601224074363711,0.3645514915943145
0.0001,2593.0,0.660122410964966,0.36455147376060504
0.0001,2594.0,0.6601224070549014,0.3645514434814452
0.0001,2595.0,0.6601224063873297,0.36455142674446106
0.0001,2596.0,0.6601224090576174,0.36455139546394344
0.0001,2597.0,0.6601224052429204,0.3645513766288756
0.0001,2598.0,0.6601224061965947,0.3645513525009156
0.0001,2599.0,0.6601224060058597,0.36455132498741144
0.0001,2600.0,0.660122404098511,0.3645513034820555
0.0001,2601.0,0.660122402954102,0.3645512797355652
0.0001,2602.0,0.6601224024772644,0.36455125017166157
0.0001,2603.0,0.660122403526306,0.36455123095512393
0.0001,2604.0,0.660122402763366,0.3645512097835541
0.0001,2605.0,0.6601224024772637,0.36455118875503545
0.0001,2606.0,0.6601223993301393,0.3645511693477631
0.0001,2607.0,0.6601223997116091,0.3645511362075806
0.0001,2608.0,0.6601224037170413,0.36455111231803905
0.0001,2609.0,0.6601224030494691,0.3645510842323304
0.0001,2610.0,0.6601223982810974,0.36455105848312397
0.0001,2611.0,0.6601224014282226,0.36455103325843824
0.0001,2612.0,0.6601223984718323,0.3645510144233706
0.0001,2613.0,0.6601223996162416,0.3645509882450104
0.0001,2614.0,0.660122400093079,0.3645509666919707
0.0001,2615.0,0.6601223985671999,0.36455094761848444
0.0001,2616.0,0.6601223991394044,0.36455092825889573
0.0001,2617.0,0.660122397327423,0.3645509006023406
0.0001,2618.0,0.6601223997116087,0.36455087299346917
0.0001,2619.0,0.6601223953247067,0.36455084843635566
0.0001,2620.0,0.6601223958969114,0.3645508272171019
0.0001,2621.0,0.6601223962783812,0.3645508058547974
0.0001,2622.0,0.6601223954200744,0.36455078077316283
0.0001,2623.0,0.6601223953247074,0.36455075731277486
0.0001,2624.0,0.6601223950386046,0.3645507397651673
0.0001,2625.0,0.6601223940849308,0.36455071864128114
0.0001,2626.0,0.6601223938941961,0.3645506958961487
0.0001,2627.0,0.6601223957061771,0.36455067043304445
0.0001,2628.0,0.6601223942756655,0.36455065145492543
0.0001,2629.0,0.660122391033173,0.3645506280899047
0.0001,2630.0,0.6601223943710326,0.3645506043910979
0.0001,2631.0,0.6601223926544192,0.3645505838394166
0.0001,2632.0,0.6601223917007449,0.36455055747032167
0.0001,2633.0,0.6601223911285403,0.3645505336284638
0.0001,2634.0,0.6601223934173588,0.3645505104064941
0.0001,2635.0,0.6601223952293394,0.3645504858493804
0.0001,2636.0,0.6601223909378048,0.3645504639625549
0.0001,2637.0,0.6601223888397214,0.3645504418849945
0.0001,2638.0,0.6601223870277405,0.3645504229068755
0.0001,2639.0,0.6601223875045772,0.3645503929138184
0.0001,2640.0,0.6601223834037779,0.36455037288665776
0.0001,2641.0,0.6601223876953124,0.3645503470897673
0.0001,2642.0,0.660122388267517,0.3645503256320953
0.0001,2643.0,0.660122385597229,0.3645503025054932
0.0001,2644.0,0.6601223885536196,0.3645502863407134
0.0001,2645.0,0.6601223876953127,0.36455026273727414
0.0001,2646.0,0.6601223857879644,0.36455024809837333
0.0001,2647.0,0.6601223892211915,0.3645502233505249
0.0001,2648.0,0.6601223888397221,0.36455020503997787
0.0001,2649.0,0.6601223893165589,0.3645501778602599
0.0001,2650.0,0.660122389316559,0.3645501587867737
0.0001,2651.0,0.660122383785248,0.36455013618469256
0.0001,2652.0,0.6601223898887636,0.36455011339187626
0.0001,2653.0,0.6601223833084111,0.36455009193420407
0.0001,2654.0,0.660122387313843,0.3645500664710999
0.0001,2655.0,0.6601223882675173,0.36455005168914795
0.0001,2656.0,0.6601223855972289,0.36455002593994157
0.0001,2657.0,0.6601223869323729,0.3645500072479247
0.0001,2658.0,0.6601223806381221,0.3645499940872193
0.0001,2659.0,0.6601223814010614,0.3645499663352967
0.0001,2660.0,0.6601223798751826,0.3645499439239502
0.0001,2661.0,0.6601223863601684,0.364549927663803
0.0001,2662.0,0.660122386741638,0.36454989829063444
0.0001,2663.0,0.6601223813056941,0.3645498786449433
0.0001,2664.0,0.660122383880615,0.3645498579978944
0.0001,2665.0,0.6601223841667174,0.36454983911514277
0.0001,2666.0,0.6601223809242248,0.3645498141288758
0.0001,2667.0,0.6601223807334904,0.3645497996330262
0.0001,2668.0,0.6601223806381229,0.3645497828960418
0.0001,2669.0,0.6601223807334902,0.3645497641563414
0.0001,2670.0,0.6601223805427555,0.3645497370719908
0.0001,2671.0,0.6601223791122444,0.36454971399307257
0.0001,2672.0,0.6601223789215093,0.36454969706535334
0.0001,2673.0,0.6601223779678346,0.3645496800899506
0.0001,2674.0,0.6601223770141608,0.3645496615886687
0.0001,2675.0,0.6601223806381231,0.3645496413230895
0.0001,2676.0,0.660122374725343,0.36454962325096135
0.0001,2677.0,0.6601223774909978,0.3645496011257171
0.0001,2678.0,0.6601223730087287,0.3645495872497559
0.0001,2679.0,0.6601223733901983,0.364549561548233
0.0001,2680.0,0.660122376060486,0.36454954867362976
0.0001,2681.0,0.660122376251221,0.3645495269298553
0.0001,2682.0,0.6601223737716678,0.3645494983196259
0.0001,2683.0,0.660122376918793,0.3645494821071625
0.0001,2684.0,0.6601223747253424,0.3645494622707368
0.0001,2685.0,0.6601223723411562,0.36454944243431103
0.0001,2686.0,0.660122373008728,0.3645494223117829
0.0001,2687.0,0.6601223695755004,0.3645494039535523
0.0001,2688.0,0.6601223740577697,0.3645493903160095
0.0001,2689.0,0.660122381401062,0.36454936809539806
0.0001,2690.0,0.6601223728179934,0.3645493521690367
0.0001,2691.0,0.660122371006012,0.36454932870864865
0.0001,2692.0,0.6601223713874812,0.36454930686950693
0.0001,2693.0,0.6601223723411556,0.36454929294586186
0.0001,2694.0,0.6601223694801328,0.36454927086830136
0.0001,2695.0,0.6601223718643189,0.36454924974441544
0.0001,2696.0,0.6601223719596861,0.36454923171997083
0.0001,2697.0,0.6601223743438721,0.3645492082118987
0.0001,2698.0,0.6601223733901974,0.36454918985366824
0.0001,2699.0,0.6601223712921143,0.36454917621612537
0.0001,2700.0,0.6601223686218258,0.3645491547584533
0.0001,2701.0,0.6601223691940304,0.36454913511276243
0.0001,2702.0,0.6601223651885981,0.36454911899566667
0.0001,2703.0,0.6601223700523375,0.36454909768104565
0.0001,2704.0,0.6601223649978639,0.36454907383918755
0.0001,2705.0,0.6601223639488223,0.3645490537643434
0.0001,2706.0,0.6601223647117617,0.36454903569221503
0.0001,2707.0,0.6601223643302919,0.3645490194797517
0.0001,2708.0,0.6601223676681519,0.3645490051269532
0.0001,2709.0,0.6601223685264587,0.3645489873886108
0.0001,2710.0,0.6601223691940309,0.36454897141456594
0.0001,2711.0,0.6601223684310917,0.3645489492416382
0.0001,2712.0,0.6601223670959473,0.3645489305019379
0.0001,2713.0,0.660122366333008,0.3645489146232606
0.0001,2714.0,0.6601223666191101,0.36454889307022104
0.0001,2715.0,0.6601223670959472,0.3645488729953767
0.0001,2716.0,0.6601223655700681,0.3645488639831541
0.0001,2717.0,0.6601223688125609,0.3645488431930543
0.0001,2718.0,0.6601223683357237,0.3645488181114198
0.0001,2719.0,0.6601223676681521,0.3645487991333007
0.0001,2720.0,0.6601223703384402,0.36454878244400024
0.0001,2721.0,0.6601223675727844,0.36454876475334164
0.0001,2722.0,0.6601223637580872,0.3645487461090087
0.0001,2723.0,0.660122365093231,0.36454873256683346
0.0001,2724.0,0.6601223666191096,0.3645487177848817
0.0001,2725.0,0.6601223654747004,0.36454869966506964
0.0001,2726.0,0.6601223641395563,0.3645486769676209
0.0001,2727.0,0.660122364425659,0.36454865283966076
0.0001,2728.0,0.6601223611831663,0.36454864559173594
0.0001,2729.0,0.6601223640441894,0.364548621559143
0.0001,2730.0,0.6601223638534548,0.3645486085414887
0.0001,2731.0,0.6601223623275762,0.3645485915184022
0.0001,2732.0,0.6601223602294927,0.36454857435226434
0.0001,2733.0,0.6601223632812502,0.364548552274704
0.0001,2734.0,0.6601223636627197,0.3645485396385193
0.0001,2735.0,0.6601223637580873,0.36454851436615
0.0001,2736.0,0.6601223613739013,0.36454850468635563
0.0001,2737.0,0.6601223576545714,0.36454848198890694
0.0001,2738.0,0.6601223602294922,0.3645484717845917
0.0001,2739.0,0.6601223608016966,0.36454844875335696
0.0001,2740.0,0.6601223581314084,0.3645484342575073
0.0001,2741.0,0.6601223608970642,0.36454841833114643
0.0001,2742.0,0.6601223561286926,0.36454839968681335
0.0001,2743.0,0.6601223572731016,0.3645483908176423
0.0001,2744.0,0.6601223617553713,0.3645483743667602
0.0001,2745.0,0.6601223617553713,0.36454835000038144
0.0001,2746.0,0.6601223596572877,0.36454833645820606
0.0001,2747.0,0.6601223579406739,0.3645483170986177
0.0001,2748.0,0.6601223617553709,0.36454830093383783
0.0001,2749.0,0.6601223593711849,0.3645482851028443
0.0001,2750.0,0.6601223571777342,0.3645482713699342
0.0001,2751.0,0.6601223577499388,0.364548250770569
0.0001,2752.0,0.660122359657287,0.36454823570251466
0.0001,2753.0,0.6601223573684695,0.3645482226371766
0.0001,2754.0,0.6601223573684696,0.3645482085227967
0.0001,2755.0,0.660122356414795,0.3645481874465942
0.0001,2756.0,0.6601223566055299,0.36454817099571235
0.0001,2757.0,0.6601223534584049,0.3645481579780578
0.0001,2758.0,0.6601223542213445,0.3645481346130372
0.0001,2759.0,0.660122355747223,0.36454812302589407
0.0001,2760.0,0.6601223537445067,0.36454810342788707
0.0001,2761.0,0.6601223567008973,0.36454809484481804
0.0001,2762.0,0.6601223584175109,0.36454807353019697
0.0001,2763.0,0.6601223544120786,0.3645480537891388
0.0001,2764.0,0.660122356033325,0.3645480431556704
0.0001,2765.0,0.6601223545074463,0.36454802408218395
0.0001,2766.0,0.6601223551750185,0.3645480074882508
0.0001,2767.0,0.6601223540306089,0.3645479942321777
0.0001,2768.0,0.6601223545074464,0.3645479768753051
0.0001,2769.0,0.6601223533630369,0.3645479605674744
0.0001,2770.0,0.6601223546981814,0.3645479392051698
0.0001,2771.0,0.6601223512649536,0.3645479335784913
0.0001,2772.0,0.6601223537445072,0.36454791698455813
0.0001,2773.0,0.6601223527908329,0.36454790072441096
0.0001,2774.0,0.6601223548889164,0.36454788432121255
0.0001,2775.0,0.6601223528862005,0.36454786796569827
0.0001,2776.0,0.6601223546981813,0.3645478482723236
0.0001,2777.0,0.6601223530769347,0.3645478352069855
0.0001,2778.0,0.6601223531723025,0.3645478197574615
0.0001,2779.0,0.6601223522186282,0.3645477993965148
0.0001,2780.0,0.6601223528861998,0.3645477965354921
0.0001,2781.0,0.6601223517417909,0.36454777712821956
0.0001,2782.0,0.6601223510742186,0.3645477636814117
0.0001,2783.0,0.6601223515510554,0.36454774699211107
0.0001,2784.0,0.6601223540306095,0.3645477264881134
0.0001,2785.0,0.6601223560333251,0.3645477164268494
0.0001,2786.0,0.6601223517417906,0.36454769873619086
0.0001,2787.0,0.6601223481178281,0.3645476783275606
0.0001,2788.0,0.6601223493576048,0.3645476642131806
0.0001,2789.0,0.6601223493576045,0.3645476548671722
0.0001,2790.0,0.6601223511695855,0.3645476359844209
0.0001,2791.0,0.6601223492622369,0.3645476208209991
0.0001,2792.0,0.6601223484992976,0.36454760694503785
0.0001,2793.0,0.6601223524093622,0.36454760136604325
0.0001,2794.0,0.6601223487854,0.3645475797176361
0.0001,2795.0,0.6601223520278927,0.36454757108688346
0.0001,2796.0,0.6601223533630366,0.3645475509166718
0.0001,2797.0,0.6601223505020136,0.36454754114150995
0.0001,2798.0,0.6601223474502561,0.36454752283096303
0.0001,2799.0,0.6601223505020138,0.3645475115776061
0.0001,2800.0,0.6601223503112789,0.3645474949359894
0.0001,2801.0,0.6601223477363585,0.3645474814891815
0.0001,2802.0,0.6601223502159118,0.36454746456146253
0.0001,2803.0,0.6601223500251768,0.36454744806289685
0.0001,2804.0,0.6601223481178283,0.3645474369525909
0.0001,2805.0,0.6601223477363588,0.3645474260807038
0.0001,2806.0,0.6601223521232606,0.36454741048812883
0.0001,2807.0,0.660122352600098,0.36454739384651197
0.0001,2808.0,0.660122348690033,0.36454737539291393
0.0001,2809.0,0.6601223502159118,0.36454736218452455
0.0001,2810.0,0.6601223472595212,0.36454734511375425
0.0001,2811.0,0.6601223483085632,0.3645473371505738
0.0001,2812.0,0.6601223508834837,0.3645473229885102
0.0001,2813.0,0.6601223509788509,0.3645473060607911
0.0001,2814.0,0.6601223524093621,0.3645472908020021
0.0001,2815.0,0.6601223503112784,0.3645472789287568
0.0001,2816.0,0.6601223453521723,0.3645472681999207
0.0001,2817.0,0.6601223443984984,0.3645472514152525
0.0001,2818.0,0.6601223455429076,0.36454724140167233
0.0001,2819.0,0.6601223462104796,0.36454722609519963
0.0001,2820.0,0.66012234249115,0.3645472176074982
0.0001,2821.0,0.6601223445892332,0.3645472002983095
0.0001,2822.0,0.6601223410606387,0.3645471877098083
0.0001,2823.0,0.6601223450660709,0.36454717106819157
0.0001,2824.0,0.6601223462104799,0.36454715623855594
0.0001,2825.0,0.6601223439216612,0.364547138977051
0.0001,2826.0,0.660122344017029,0.36454712276458745
0.0001,2827.0,0.6601223422050478,0.36454711651802063
0.0001,2828.0,0.6601223423957827,0.36454710173606875
0.0001,2829.0,0.6601223429679873,0.36454708609580994
0.0001,2830.0,0.6601223402976991,0.36454707159996025
0.0001,2831.0,0.6601223428726202,0.36454706048965446
0.0001,2832.0,0.6601223457336431,0.364547048664093
0.0001,2833.0,0.6601223441123967,0.36454703459739685
0.0001,2834.0,0.6601223444938663,0.3645470241069795
0.0001,2835.0,0.6601223454475404,0.36454700722694394
0.0001,2836.0,0.6601223451614381,0.3645469910144805
0.0001,2837.0,0.6601223447799685,0.36454697470664976
0.0001,2838.0,0.6601223463058473,0.36454696598052977
0.0001,2839.0,0.6601223457336423,0.36454695410728444
0.0001,2840.0,0.6601223468780517,0.36454694066047677
0.0001,2841.0,0.6601223453521724,0.3645469321250915
0.0001,2842.0,0.6601223423004147,0.3645469181060792
0.0001,2843.0,0.6601223419189451,0.3645469040393829
0.0001,2844.0,0.6601223417282096,0.364546890592575
0.0001,2845.0,0.6601223419189448,0.36454687933921803
0.0001,2846.0,0.6601223434448241,0.3645468637466431
0.0001,2847.0,0.6601223436355587,0.3645468550682068
0.0001,2848.0,0.6601223402023313,0.3645468408584594
0.0001,2849.0,0.6601223382949827,0.36454682698249824
0.0001,2850.0,0.6601223398208618,0.3645468068599701
0.0001,2851.0,0.6601223409652707,0.36454680228233327
0.0001,2852.0,0.6601223428726194,0.36454678635597226
0.0001,2853.0,0.6601223446846007,0.36454677343368513
0.0001,2854.0,0.6601223444938658,0.364546760034561
0.0001,2855.0,0.660122339344025,0.3645467466354369
0.0001,2856.0,0.6601223414421081,0.3645467359542848
0.0001,2857.0,0.6601223402976991,0.36454672622680645
0.0001,2858.0,0.6601223419189449,0.3645467128753664
0.0001,2859.0,0.6601223440170287,0.36454670352935803
0.0001,2860.0,0.6601223425865175,0.3645466877937317
0.0001,2861.0,0.6601223422050476,0.36454666666984553
0.0001,2862.0,0.660122338581085,0.3645466589927673
0.0001,2863.0,0.6601223420143126,0.3645466452598572
0.0001,2864.0,0.6601223364830017,0.3645466316223144
0.0001,2865.0,0.6601223430633543,0.3645466240406036
0.0001,2866.0,0.6601223392486567,0.3645466060638428
0.0001,2867.0,0.6601223406791684,0.36454659719467175
0.0001,2868.0,0.6601223373413085,0.36454658384323124
0.0001,2869.0,0.6601223341941829,0.36454657630920406
0.0001,2870.0,0.6601223382949827,0.3645465638637543
0.0001,2871.0,0.660122336101532,0.3645465420722961
0.0001,2872.0,0.6601223356246947,0.3645465314865114
0.0001,2873.0,0.6601223336219787,0.3645465208053588
0.0001,2874.0,0.6601223329544068,0.3645465075016021
0.0001,2875.0,0.6601223354339594,0.3645464906215668
0.0001,2876.0,0.6601223403930664,0.364546487236023
0.0001,2877.0,0.660122338104248,0.36454647369384774
0.0001,2878.0,0.6601223373413083,0.36454646625518794
0.0001,2879.0,0.6601223361968992,0.36454645452499385
0.0001,2880.0,0.6601223398208614,0.3645464388847352
0.0001,2881.0,0.6601223382949827,0.3645464254379272
0.0001,2882.0,0.6601223388671872,0.3645464136600494
0.0001,2883.0,0.660122336578369,0.36454640469551103
0.0001,2884.0,0.6601223342895506,0.36454639205932615
0.0001,2885.0,0.6601223316192623,0.36454638152122515
0.0001,2886.0,0.6601223373413085,0.36454636907577515
0.0001,2887.0,0.6601223381042477,0.3645463512897491
0.0001,2888.0,0.6601223405838009,0.3645463397979737
0.0001,2889.0,0.6601223382949829,0.3645463312149049
0.0001,2890.0,0.6601223394393919,0.3645463186740876
0.0001,2891.0,0.6601223400115965,0.3645463069915772
0.0001,2892.0,0.6601223346710205,0.36454629693031304
0.0001,2893.0,0.6601223416328432,0.3645462833404541
0.0001,2894.0,0.6601223369598387,0.36454626784324645
0.0001,2895.0,0.6601223391532894,0.3645462578296662
0.0001,2896.0,0.6601223371505732,0.36454625015258796
0.0001,2897.0,0.6601223339080804,0.3645462355613708
0.0001,2898.0,0.6601223348617544,0.36454622774124157
0.0001,2899.0,0.660122337818145,0.36454621415138244
0.0001,2900.0,0.6601223384857171,0.3645462052822114
0.0001,2901.0,0.6601223373413079,0.3645461904048919
0.0001,2902.0,0.6601223376274103,0.36454617733955375
0.0001,2903.0,0.660122332286834,0.364546165418625
0.0001,2904.0,0.6601223352432246,0.364546157026291
0.0001,2905.0,0.6601223349571222,0.3645461403369905
0.0001,2906.0,0.6601223318099972,0.3645461282730102
0.0001,2907.0,0.6601223352432247,0.3645461209297181
0.0001,2908.0,0.6601223351478572,0.36454610524177555
0.0001,2909.0,0.6601223368644711,0.3645460935592651
0.0001,2910.0,0.6601223348617551,0.3645460879802704
0.0001,2911.0,0.6601223344802851,0.36454607362747204
0.0001,2912.0,0.660122336006164,0.3645460585117339
0.0001,2913.0,0.6601223331451412,0.36454605593681316
0.0001,2914.0,0.6601223329544063,0.36454603919982914
0.0001,2915.0,0.6601223316192621,0.3645460326671599
0.0001,2916.0,0.6601223303794858,0.36454601516723617
0.0001,2917.0,0.6601223298072812,0.364546003818512
0.0001,2918.0,0.6601223313331602,0.36454599137306204
0.0001,2919.0,0.6601223331451412,0.3645459829807282
0.0001,2920.0,0.6601223308563232,0.3645459784030916
0.0001,2921.0,0.6601223342895502,0.3645459638118744
0.0001,2922.0,0.6601223297119139,0.3645459491729735
0.0001,2923.0,0.6601223330497739,0.3645459342956543
0.0001,2924.0,0.6601223320960992,0.3645459268093109
0.0001,2925.0,0.6601223313331599,0.36454591012001036
0.0001,2926.0,0.6601223320960992,0.3645459012031556
0.0001,2927.0,0.6601223311424249,0.36454588675498945
0.0001,2928.0,0.6601223355293266,0.36454588289260853
0.0001,2929.0,0.6601223281860348,0.36454587216377266
0.0001,2930.0,0.6601223311424252,0.3645458558559418
0.0001,2931.0,0.6601223320960997,0.3645458487987518
0.0001,2932.0,0.6601223303794858,0.36454583415985115
0.0001,2933.0,0.6601223302841182,0.36454582304954525
0.0001,2934.0,0.6601223329544063,0.36454581460952773
0.0001,2935.0,0.660122334480285,0.36454579877853405
0.0001,2936.0,0.660122332191467,0.36454578757286077
0.0001,2937.0,0.6601223311424255,0.364545783519745
0.0001,2938.0,0.6601223314285276,0.3645457721710206
0.0001,2939.0,0.6601223326683047,0.36454576764106744
0.0001,2940.0,0.6601223319053648,0.3645457533359528
0.0001,2941.0,0.6601223300933837,0.3645457436084747
0.0001,2942.0,0.6601223333358766,0.36454572896957405
0.0001,2943.0,0.6601223337173464,0.3645457170009614
0.0001,2944.0,0.6601223340034489,0.36454571046829226
0.0001,2945.0,0.6601223318099978,0.3645457013130189
0.0001,2946.0,0.6601223320007329,0.3645456909656524
0.0001,2947.0,0.6601223323822025,0.3645456829071045
0.0001,2948.0,0.6601223340034487,0.36454566316604614
0.0001,2949.0,0.6601223323822023,0.3645456624031067
0.0001,2950.0,0.6601223316192628,0.36454565224647534
0.0001,2951.0,0.6601223329544067,0.3645456394672393
0.0001,2952.0,0.6601223308563237,0.3645456322193146
0.0001,2953.0,0.660122330093384,0.36454561653137213
0.0001,2954.0,0.6601223299026493,0.3645456060409546
0.0001,2955.0,0.6601223300933842,0.36454559054374674
0.0001,2956.0,0.6601223316192633,0.36454558901786804
0.0001,2957.0,0.6601223286628727,0.36454557065963755
0.0001,2958.0,0.6601223286628722,0.3645455628871917
0.0001,2959.0,0.6601223262786868,0.3645455594539644
0.0001,2960.0,0.6601223316192631,0.36454554414749135
0.0001,2961.0,0.6601223319053656,0.36454553127288813
0.0001,2962.0,0.6601223314285282,0.3645455231189728
0.0001,2963.0,0.6601223279953008,0.3645455094337465
0.0001,2964.0,0.660122332668305,0.3645455005168912
0.0001,2965.0,0.6601223310470588,0.3645454924106599
0.0001,2966.0,0.6601223301887519,0.3645454833984374
0.0001,2967.0,0.6601223334312444,0.36454547901153567
0.0001,2968.0,0.6601223288536073,0.36454547295570383
0.0001,2969.0,0.6601223285675055,0.3645454602718353
0.0001,2970.0,0.660122326564789,0.36454544763565067
0.0001,2971.0,0.6601223269462585,0.3645454347610473
0.0001,2972.0,0.6601223282814027,0.36454542231559756
0.0001,2973.0,0.6601223263740539,0.364545416021347
0.0001,2974.0,0.6601223253250121,0.3645454040527342
0.0001,2975.0,0.6601223316192627,0.3645453907966612
0.0001,2976.0,0.6601223312377932,0.36454539008140563
0.0001,2977.0,0.6601223299980165,0.3645453809738157
0.0001,2978.0,0.660122329044342,0.36454537043571456
0.0001,2979.0,0.6601223255157469,0.3645453615188596
0.0001,2980.0,0.66012232465744,0.36454535226821894
0.0001,2981.0,0.660122330379486,0.3645453407287598
0.0001,2982.0,0.6601223263740539,0.3645453276157379
0.0001,2983.0,0.6601223306655882,0.364545320701599
0.0001,2984.0,0.660122326850891,0.3645453136444092
0.0001,2985.0,0.6601223287582397,0.3645453043937683
0.0001,2986.0,0.6601223249435425,0.3645452986240386
0.0001,2987.0,0.6601223220825196,0.3645452842235566
0.0001,2988.0,0.660122321128845,0.36454527587890617
0.0001,2989.0,0.6601223237037658,0.36454526824951167
0.0001,2990.0,0.6601223223686217,0.3645452616691589
0.0001,2991.0,0.6601223267555238,0.3645452516555786
0.0001,2992.0,0.6601223292350767,0.364545242023468
0.0001,2993.0,0.6601223265647884,0.3645452390670774
0.0001,2994.0,0.6601223262786868,0.36454522566795355
0.0001,2995.0,0.6601223309516909,0.36454520983696004
0.0001,2996.0,0.6601223287582398,0.3645452101230622
0.0001,2997.0,0.6601223260879516,0.3645452001094818
0.0001,2998.0,0.66012232837677,0.3645451894760134
0.0001,2999.0,0.6601223247528076,0.36454518098831185
0.0001,3000.0,0.6601223228454587,0.3645451664924622
0.0001,3001.0,0.660122323989868,0.3645451599121094
0.0001,3002.0,0.6601223270416257,0.36454514799118026
0.0001,3003.0,0.6601223264694212,0.3645451384067536
0.0001,3004.0,0.6601223266601558,0.3645451305866242
0.0001,3005.0,0.6601223272323602,0.36454511837959286
0.0001,3006.0,0.6601223305702204,0.36454511604309064
0.0001,3007.0,0.6601223289489739,0.3645451106548308
0.0001,3008.0,0.6601223274230951,0.36454509615898123
0.0001,3009.0,0.660122331619262,0.3645450877189635
0.0001,3010.0,0.6601223289489737,0.36454507927894597
0.0001,3011.0,0.6601223260879509,0.3645450728893281
0.0001,3012.0,0.6601223242759698,0.3645450650691987
0.0001,3013.0,0.6601223249435418,0.3645450537681581
0.0001,3014.0,0.6601223257064811,0.3645450404644013
0.0001,3015.0,0.6601223249435416,0.36454503755569456
0.0001,3016.0,0.6601223249435418,0.3645450287818908
0.0001,3017.0,0.6601223257064814,0.3645450160026551
0.0001,3018.0,0.6601223260879512,0.364545005273819
0.0001,3019.0,0.6601223236083982,0.3645449990272524
0.0001,3020.0,0.6601223280906672,0.3645449918270112
0.0001,3021.0,0.6601223241806027,0.3645449827671052
0.0001,3022.0,0.6601223222732543,0.3645449744224547
0.0001,3023.0,0.6601223218917841,0.36454496932029723
0.0001,3024.0,0.6601223230361932,0.3645449573993683
0.0001,3025.0,0.6601223285675045,0.36454495196342473
0.0001,3026.0,0.6601223208427426,0.3645449435710908
0.0001,3027.0,0.6601223239898681,0.36454493675231936
0.0001,3028.0,0.6601223257064818,0.3645449325561523
0.0001,3029.0,0.6601223252296448,0.36454491872787487
0.0001,3030.0,0.6601223251342772,0.3645449101924897
0.0001,3031.0,0.6601223196983338,0.36454489998817446
0.0001,3032.0,0.6601223249435421,0.36454489312171934
0.0001,3033.0,0.6601223277091978,0.3645448835849762
0.0001,3034.0,0.6601223227500914,0.3645448778629303
0.0001,3035.0,0.6601223226547245,0.3645448678493499
0.0001,3036.0,0.6601223237037663,0.36454486341476444
0.0001,3037.0,0.6601223226547249,0.364544862174988
0.0001,3038.0,0.660122321605683,0.36454484562873846
0.0001,3039.0,0.6601223232269293,0.36454484367370615
0.0001,3040.0,0.6601223205566414,0.3645448204040526
0.0001,3041.0,0.6601223204612734,0.3645448165416717
0.0001,3042.0,0.660122322368622,0.3645448146820069
0.0001,3043.0,0.6601223193168642,0.36454481034278874
0.0001,3044.0,0.6601223190307618,0.3645448010921478
0.0001,3045.0,0.6601223223686218,0.364544795036316
0.0001,3046.0,0.660122320842743,0.3645447854042052
0.0001,3047.0,0.6601223217964175,0.36454477810859687
0.0001,3048.0,0.6601223237037661,0.36454477372169497
0.0001,3049.0,0.6601223196983339,0.36454476442337036
0.0001,3050.0,0.6601223241806032,0.36454475765228284
0.0001,3051.0,0.6601223226547243,0.3645447467327118
0.0001,3052.0,0.66012232170105,0.3645447421073914
0.0001,3053.0,0.6601223199844363,0.36454473218917854
0.0001,3054.0,0.6601223188400269,0.36454472937583926
0.0001,3055.0,0.6601223194122313,0.364544716501236
0.0001,3056.0,0.6601223215103151,0.36454470748901363
0.0001,3057.0,0.6601223228454594,0.36454470024108904
0.0001,3058.0,0.6601223207473759,0.3645446900844575
0.0001,3059.0,0.6601223192214969,0.3645446788311004
0.0001,3060.0,0.6601223193168645,0.36454467272758484
0.0001,3061.0,0.6601223224639897,0.3645446624279022
0.0001,3062.0,0.6601223217010505,0.3645446619510651
0.0001,3063.0,0.6601223190307624,0.3645446546554565
0.0001,3064.0,0.6601223171234136,0.36454465117454526
0.0001,3065.0,0.6601223230361944,0.36454463968276973
0.0001,3066.0,0.6601223196029669,0.3645446321964264
0.0001,3067.0,0.6601223201751717,0.3645446255207063
0.0001,3068.0,0.6601223192214969,0.36454462003707894
0.0001,3069.0,0.6601223209381109,0.3645446079730988
0.0001,3070.0,0.6601223146438604,0.36454459824562085
0.0001,3071.0,0.6601223182678225,0.36454459996223465
0.0001,3072.0,0.6601223174095154,0.36454458713531496
0.0001,3073.0,0.6601223190307619,0.3645445798397064
0.0001,3074.0,0.6601223207473753,0.364544575691223
0.0001,3075.0,0.660122318458557,0.36454456334114066
0.0001,3076.0,0.660122317123413,0.3645445543289186
0.0001,3077.0,0.6601223172187806,0.36454454379081713
0.0001,3078.0,0.6601223202705382,0.36454454240798934
0.0001,3079.0,0.660122319793701,0.3645445379257202
0.0001,3080.0,0.6601223204612731,0.36454453368186956
0.0001,3081.0,0.6601223214149472,0.36454452400207527
0.0001,3082.0,0.6601223227500915,0.36454451751708983
0.0001,3083.0,0.6601223196983336,0.36454451208114635
0.0001,3084.0,0.6601223214149476,0.36454450178146347
0.0001,3085.0,0.6601223208427426,0.3645444919586182
0.0001,3086.0,0.6601223223686213,0.36454448881149276
0.0001,3087.0,0.660122319316864,0.3645444754123688
0.0001,3088.0,0.6601223185539246,0.36454447197914125
0.0001,3089.0,0.6601223166465757,0.36454446935653695
0.0001,3090.0,0.660122320461273,0.36454446187019346
0.0001,3091.0,0.6601223210334778,0.36454445290565507
0.0001,3092.0,0.6601223198890683,0.3645444453716276
0.0001,3093.0,0.6601223185539242,0.36454443998336794
0.0001,3094.0,0.6601223188400265,0.36454443144798276
0.0001,3095.0,0.6601223189353942,0.36454442620277394
0.0001,3096.0,0.6601223173141482,0.3645444208145141
0.0001,3097.0,0.6601223232269289,0.3645444078922271
0.0001,3098.0,0.6601223157882689,0.3645444038867951
0.0001,3099.0,0.6601223209381103,0.3645443964004517
0.0001,3100.0,0.6601223188400269,0.36454439058303834
0.0001,3101.0,0.6601223188400269,0.36454437723159777
0.0001,3102.0,0.6601223217010499,0.36454437565803516
0.0001,3103.0,0.6601223196029666,0.36454436545372015
0.0001,3104.0,0.6601223190307618,0.3645443609237672
0.0001,3105.0,0.6601223166465762,0.3645443466186523
0.0001,3106.0,0.6601223176956177,0.364544346189499
0.0001,3107.0,0.6601223174095157,0.36454434013366716
0.0001,3108.0,0.6601223196029662,0.3645443336486817
0.0001,3109.0,0.6601223209381105,0.3645443273544311
0.0001,3110.0,0.6601223188400268,0.36454432568550116
0.0001,3111.0,0.6601223169326786,0.364544317483902
0.0001,3112.0,0.6601223184585572,0.3645443103790283
0.0001,3113.0,0.6601223173141482,0.36454430508613594
0.0001,3114.0,0.6601223217010502,0.3645442896842958
0.0001,3115.0,0.660122317695618,0.364544285583496
0.0001,3116.0,0.6601223183631901,0.36454428262710575
0.0001,3117.0,0.6601223154067999,0.36454427933692946
0.0001,3118.0,0.6601223187446594,0.3645442704200744
0.0001,3119.0,0.6601223196029667,0.36454426207542423
0.0001,3120.0,0.6601223185539251,0.3645442527294161
0.0001,3121.0,0.6601223169326788,0.3645442517280581
0.0001,3122.0,0.660122319602967,0.3645442473411561
0.0001,3123.0,0.6601223188400276,0.36454424028396615
0.0001,3124.0,0.660122316551209,0.3645442310810089
0.0001,3125.0,0.6601223159790045,0.3645442241191864
0.0001,3126.0,0.6601223187446598,0.3645442185878755
0.0001,3127.0,0.6601223142623908,0.3645442149162294
0.0001,3128.0,0.6601223169326788,0.36454420289993295
0.0001,3129.0,0.6601223154068,0.3645441971778869
0.0001,3130.0,0.6601223147392279,0.36454419717788705
0.0001,3131.0,0.6601223139762882,0.3645441841602327
0.0001,3132.0,0.6601223158836368,0.3645441848754885
0.0001,3133.0,0.6601223195075994,0.36454417324066185
0.0001,3134.0,0.6601223152160649,0.36454417085647595
0.0001,3135.0,0.6601223179817204,0.36454416322708133
0.0001,3136.0,0.6601223196983341,0.36454415974617005
0.0001,3137.0,0.6601223202705393,0.3645441514015199
0.0001,3138.0,0.6601223173141487,0.36454414353370673
0.0001,3139.0,0.6601223221778874,0.3645441396236419
0.0001,3140.0,0.6601223158836369,0.3645441340446474
0.0001,3141.0,0.6601223192214971,0.36454412713050877
0.0001,3142.0,0.660122316837311,0.36454411683082577
0.0001,3143.0,0.6601223168373107,0.3645441138267518
0.0001,3144.0,0.6601223138809208,0.3645441106796266
0.0001,3145.0,0.6601223159790043,0.3645441007614137
0.0001,3146.0,0.6601223151206974,0.3645440938949586
0.0001,3147.0,0.6601223150253297,0.36454408836364754
0.0001,3148.0,0.660122316169739,0.3645440796375277
0.0001,3149.0,0.6601223167419437,0.3645440756320957
0.0001,3150.0,0.6601223182678225,0.36454407100677505
0.0001,3151.0,0.6601223150253303,0.36454406337738054
0.0001,3152.0,0.6601223152160648,0.3645440607070925
0.0001,3153.0,0.6601223138809207,0.36454405155181885
0.0001,3154.0,0.6601223176956179,0.36454404468536394
0.0001,3155.0,0.6601223144531253,0.36454403619766224
0.0001,3156.0,0.6601223158836365,0.36454402441978456
0.0001,3157.0,0.6601223150253297,0.36454401993751534
0.0001,3158.0,0.6601223144531247,0.3645440130710603
0.0001,3159.0,0.6601223143577577,0.3645440053462984
0.0001,3160.0,0.6601223156929013,0.3645439981937409
0.0001,3161.0,0.6601223174095151,0.3645439882278443
0.0001,3162.0,0.6601223163604735,0.3645439873695373
0.0001,3163.0,0.6601223187446593,0.3645439823627471
0.0001,3164.0,0.6601223161697386,0.36454397759437573
0.0001,3165.0,0.660122319698333,0.3645439692020418
0.0001,3166.0,0.6601223193168639,0.364543962955475
0.0001,3167.0,0.6601223194122315,0.3645439571857451
0.0001,3168.0,0.6601223185539244,0.36454395465850814
0.0001,3169.0,0.6601223176956177,0.3645439462661742
0.0001,3170.0,0.660122315311432,0.3645439416885376
0.0001,3171.0,0.6601223163604735,0.36454393362998966
0.0001,3172.0,0.6601223185539242,0.3645439306735992
0.0001,3173.0,0.6601223187446594,0.36454392132759095
0.0001,3174.0,0.6601223165512086,0.3645439167499543
0.0001,3175.0,0.6601223182678224,0.36454390459060676
0.0001,3176.0,0.6601223172187805,0.36454390301704426
0.0001,3177.0,0.6601223172187805,0.3645438977241517
0.0001,3178.0,0.660122313213348,0.3645438886165619
0.0001,3179.0,0.6601223135948177,0.3645438867092133
0.0001,3180.0,0.6601223154067991,0.3645438786029816
0.0001,3181.0,0.6601223159790036,0.3645438745975495
0.0001,3182.0,0.6601223171234128,0.3645438658237457
0.0001,3183.0,0.6601223156929017,0.36454386515617365
0.0001,3184.0,0.6601223156929015,0.36454385390281674
0.0001,3185.0,0.6601223178863527,0.36454384508132937
0.0001,3186.0,0.6601223182678222,0.36454384188652045
0.0001,3187.0,0.6601223153114316,0.36454383859634387
0.0001,3188.0,0.6601223134994505,0.36454383196830753
0.0001,3189.0,0.6601223161697386,0.3645438328266143
0.0001,3190.0,0.6601223133087155,0.3645438265800477
0.0001,3191.0,0.6601223134994505,0.36454382004737856
0.0001,3192.0,0.6601223171234131,0.36454381213188175
0.0001,3193.0,0.6601223150253296,0.36454380235672007
0.0001,3194.0,0.660122315597534,0.36454379854202273
0.0001,3195.0,0.660122317504883,0.3645437951087953
0.0001,3196.0,0.6601223161697385,0.3645437866687775
0.0001,3197.0,0.6601223171234131,0.3645437849998473
0.0001,3198.0,0.6601223140716549,0.36454377322196957
0.0001,3199.0,0.6601223157882692,0.3645437665939331
0.0001,3200.0,0.6601223157882687,0.36454376568794244
0.0001,3201.0,0.6601223196029662,0.36454375534057604
0.0001,3202.0,0.6601223187446593,0.3645437532424926
0.0001,3203.0,0.6601223160743711,0.3645437486648559
0.0001,3204.0,0.6601223151206967,0.3645437467575074
0.0001,3205.0,0.66012231683731,0.3645437378883362
0.0001,3206.0,0.6601223196983332,0.36454373393058764
0.0001,3207.0,0.6601223163604734,0.3645437289714812
0.0001,3208.0,0.6601223191261288,0.36454372081756575
0.0001,3209.0,0.660122315216064,0.3645437127590178
0.0001,3210.0,0.6601223175048825,0.3645437129497527
0.0001,3211.0,0.6601223133087155,0.3645437056541443
0.0001,3212.0,0.660122310829162,0.36454370603561403
0.0001,3213.0,0.6601223153114313,0.3645436935424807
0.0001,3214.0,0.6601223155975336,0.3645436888217925
0.0001,3215.0,0.6601223151206962,0.36454368610382076
0.0001,3216.0,0.6601223139762872,0.36454367551803596
0.0001,3217.0,0.6601223163604728,0.3645436661243438
0.0001,3218.0,0.6601223130226131,0.3645436653614042
0.0001,3219.0,0.6601223155975336,0.3645436589241027
0.0001,3220.0,0.6601223156929014,0.36454365224838264
0.0001,3221.0,0.6601223158836359,0.36454364948272705
0.0001,3222.0,0.6601223128318783,0.3645436454772949
0.0001,3223.0,0.6601223146438595,0.3645436385154725
0.0001,3224.0,0.6601223145484922,0.364543630886078
0.0001,3225.0,0.6601223115921017,0.36454362664222717
0.0001,3226.0,0.6601223147392268,0.3645436177253723
0.0001,3227.0,0.6601223167419431,0.3645436186313629
0.0001,3228.0,0.6601223156929015,0.3645436179161072
0.0001,3229.0,0.6601223176002499,0.36454360513687123
0.0001,3230.0,0.6601223145484927,0.36454360179901113
0.0001,3231.0,0.6601223146438596,0.36454359388351437
0.0001,3232.0,0.6601223148345944,0.3645435852050782
0.0001,3233.0,0.6601223174095147,0.364543583202362
0.0001,3234.0,0.6601223153114314,0.36454357829093936
0.0001,3235.0,0.6601223131179805,0.36454357910156243
0.0001,3236.0,0.6601223151206969,0.3645435716152192
0.0001,3237.0,0.6601223121643066,0.36454356675148025
0.0001,3238.0,0.6601223155021667,0.36454355607032785
0.0001,3239.0,0.6601223124504086,0.3645435605049134
0.0001,3240.0,0.660122315120697,0.3645435534477233
0.0001,3241.0,0.6601223168373107,0.36454354262351985
0.0001,3242.0,0.6601223176002501,0.3645435415267944
0.0001,3243.0,0.6601223170280454,0.364543535900116
0.0001,3244.0,0.6601223160743711,0.3645435324668886
0.0001,3245.0,0.6601223154067992,0.36454352693557746
0.0001,3246.0,0.6601223136901857,0.3645435225486756
0.0001,3247.0,0.6601223156929015,0.36454351401329044
0.0001,3248.0,0.6601223153114317,0.3645435096740725
0.0001,3249.0,0.66012231798172,0.36454351167678833
0.0001,3250.0,0.6601223176956175,0.364543499660492
0.0001,3251.0,0.6601223167419431,0.3645434934616088
0.0001,3252.0,0.6601223160743712,0.36454349322319013
0.0001,3253.0,0.6601223173141479,0.3645434874534607
0.0001,3254.0,0.6601223163604736,0.36454347810745213
0.0001,3255.0,0.6601223162651062,0.3645434723377226
0.0001,3256.0,0.6601223158836366,0.36454346809387206
0.0001,3257.0,0.6601223167419429,0.3645434661388397
0.0001,3258.0,0.6601223152160647,0.364543461227417
0.0001,3259.0,0.6601223122596737,0.3645434525966643
0.0001,3260.0,0.660122310256958,0.3645434512138367
0.0001,3261.0,0.6601223134994503,0.3645434431076049
0.0001,3262.0,0.6601223118782041,0.3645434401035309
0.0001,3263.0,0.6601223110198974,0.36454343743324263
0.0001,3264.0,0.6601223122596734,0.36454343318939203
0.0001,3265.0,0.660122313213348,0.36454342699050885
0.0001,3266.0,0.6601223134040828,0.3645434145927429
0.0001,3267.0,0.660122313117981,0.3645434144973754
0.0001,3268.0,0.6601223129272461,0.3645434095382689
0.0001,3269.0,0.66012231054306,0.36454340553283704
0.0001,3270.0,0.6601223124504088,0.36454339599609364
0.0001,3271.0,0.6601223105430604,0.3645433969020843
0.0001,3272.0,0.6601223111152648,0.36454339323043833
0.0001,3273.0,0.6601223150253297,0.3645433909416199
0.0001,3274.0,0.6601223127365112,0.36454338541030873
0.0001,3275.0,0.6601223129272462,0.3645433834075928
0.0001,3276.0,0.6601223136901856,0.36454337587356567
0.0001,3277.0,0.6601223123550415,0.3645433688163758
0.0001,3278.0,0.6601223125457766,0.3645433677673341
0.0001,3279.0,0.6601223113059999,0.36454336385726943
0.0001,3280.0,0.6601223099708556,0.36454335894584666
0.0001,3281.0,0.6601223090171814,0.36454335389137277
0.0001,3282.0,0.6601223133087157,0.36454334974288943
0.0001,3283.0,0.6601223070144657,0.3645433386802672
0.0001,3284.0,0.6601223138809206,0.3645433390140532
0.0001,3285.0,0.660122313976288,0.3645433382987975
0.0001,3286.0,0.6601223118782046,0.3645433287620543
0.0001,3287.0,0.6601223122596743,0.3645433186531067
0.0001,3288.0,0.6601223143577578,0.3645433172225952
0.0001,3289.0,0.6601223125457766,0.3645433166503907
0.0001,3290.0,0.6601223123550419,0.3645433139801024
0.0001,3291.0,0.6601223138809208,0.3645433090209961
0.0001,3292.0,0.6601223114967347,0.3645433042526245
0.0001,3293.0,0.6601223114013671,0.3645432963371277
0.0001,3294.0,0.6601223125457762,0.3645432881832123
0.0001,3295.0,0.6601223097801208,0.3645432903289795
0.0001,3296.0,0.6601223123550415,0.36454328193664565
0.0001,3297.0,0.6601223108291627,0.3645432804584504
0.0001,3298.0,0.6601223100662235,0.3645432740211486
0.0001,3299.0,0.6601223115921022,0.3645432739734649
0.0001,3300.0,0.660122315788269,0.3645432705402375
0.0001,3301.0,0.6601223129272463,0.36454326276779175
0.0001,3302.0,0.660122313117981,0.3645432624340057
0.0001,3303.0,0.6601223127365112,0.3645432544231416
0.0001,3304.0,0.6601223108291626,0.3645432520866394
0.0001,3305.0,0.6601223093032837,0.36454325313568114
0.0001,3306.0,0.660122311210632,0.3645432459831239
0.0001,3307.0,0.6601223182678221,0.36454323973655706
0.0001,3308.0,0.6601223152160641,0.3645432421207428
0.0001,3309.0,0.6601223133087157,0.36454324803352345
0.0001,3310.0,0.6601223121643065,0.3645432364940644
0.0001,3311.0,0.6601223125457764,0.3645432261466978
0.0001,3312.0,0.6601223107337947,0.36454322710037224
0.0001,3313.0,0.6601223148345945,0.3645432217597962
0.0001,3314.0,0.6601223117828364,0.36454321923255933
0.0001,3315.0,0.6601223126411432,0.3645432132720947
0.0001,3316.0,0.6601223119735714,0.3645432082176207
0.0001,3317.0,0.6601223093986507,0.3645431974411009
0.0001,3318.0,0.6601223132133477,0.36454319682121283
0.0001,3319.0,0.6601223087310789,0.36454319567680366
0.0001,3320.0,0.6601223128318785,0.36454318900108323
0.0001,3321.0,0.6601223118782039,0.3645431828975677
0.0001,3322.0,0.6601223122596735,0.3645431807518007
0.0001,3323.0,0.6601223125457759,0.36454317383766177
0.0001,3324.0,0.6601223140716551,0.3645431718349456
0.0001,3325.0,0.6601223133087153,0.36454316687583926
0.0001,3326.0,0.6601223125457758,0.3645431574821473
0.0001,3327.0,0.6601223142623898,0.36454315476417537
0.0001,3328.0,0.6601223114013669,0.3645431558132171
0.0001,3329.0,0.6601223144531245,0.3645431537628174
0.0001,3330.0,0.6601223133087153,0.36454314804077154
0.0001,3331.0,0.6601223091125485,0.36454314680099487
0.0001,3332.0,0.6601223112106323,0.3645431444644926
0.0001,3333.0,0.6601223162651055,0.36454313931465143
0.0001,3334.0,0.6601223144531242,0.364543136405945
0.0001,3335.0,0.6601223115921018,0.36454312977790826
0.0001,3336.0,0.6601223127365109,0.3645431289672854
0.0001,3337.0,0.6601223127365111,0.3645431241512298
0.0001,3338.0,0.6601223163604732,0.36454311571121223
0.0001,3339.0,0.6601223125457759,0.3645431156158448
0.0001,3340.0,0.6601223139762878,0.3645431122779845
0.0001,3341.0,0.660122311401367,0.36454310817718505
0.0001,3342.0,0.6601223178863524,0.3645431024551391
0.0001,3343.0,0.6601223142623899,0.364543097305298
0.0001,3344.0,0.6601223087310794,0.364543093585968
0.0001,3345.0,0.6601223165512089,0.3645430893421174
0.0001,3346.0,0.660122313785553,0.3645430808544159
0.0001,3347.0,0.6601223101615906,0.36454307808876046
0.0001,3348.0,0.660122310161591,0.3645430689334871
0.0001,3349.0,0.660122311306,0.3645430762767793
0.0001,3350.0,0.6601223103523258,0.3645430702209473
0.0001,3351.0,0.6601223125457765,0.36454306788444524
0.0001,3352.0,0.6601223142623901,0.364543059682846
0.0001,3353.0,0.6601223120689391,0.36454305286407473
0.0001,3354.0,0.660122311306,0.36454305710792534
0.0001,3355.0,0.6601223138809204,0.364543049955368
0.0001,3356.0,0.6601223123550416,0.3645430433750153
0.0001,3357.0,0.6601223106384276,0.3645430397510528
0.0001,3358.0,0.6601223106384283,0.3645430370330809
0.0001,3359.0,0.6601223123550415,0.3645430324077606
0.0001,3360.0,0.6601223137855533,0.3645430283546447
0.0001,3361.0,0.6601223097801205,0.3645430269241331
0.0001,3362.0,0.6601223113059997,0.36454302272796624
0.0001,3363.0,0.660122313499451,0.3645430213451385
0.0001,3364.0,0.6601223096847537,0.3645430194854736
0.0001,3365.0,0.6601223132133484,0.36454301104545594
0.0001,3366.0,0.6601223128318783,0.3645430003643035
0.0001,3367.0,0.6601223132133484,0.3645430007457733
0.0001,3368.0,0.6601223076820376,0.3645430048465729
0.0001,3369.0,0.6601223114967347,0.36454299769401555
0.0001,3370.0,0.6601223117828373,0.3645429913043976
0.0001,3371.0,0.6601223090171813,0.3645429875850678
0.0001,3372.0,0.6601223086357113,0.36454297904968264
0.0001,3373.0,0.6601223119735719,0.36454297914505013
0.0001,3374.0,0.66012231464386,0.36454297676086433
0.0001,3375.0,0.660122313594818,0.36454297227859506
0.0001,3376.0,0.6601223093986509,0.3645429644107819
0.0001,3377.0,0.6601223122596739,0.3645429651737213
0.0001,3378.0,0.6601223103523253,0.36454295845031737
0.0001,3379.0,0.6601223096847535,0.36454295735359193
0.0001,3380.0,0.6601223116874692,0.3645429557800295
0.0001,3381.0,0.6601223129272463,0.3645429551124574
0.0001,3382.0,0.6601223114013672,0.36454294853210456
0.0001,3383.0,0.660122309970856,0.36454294466972353
0.0001,3384.0,0.6601223145484924,0.36454294409751903
0.0001,3385.0,0.6601223114013672,0.36454293665885945
0.0001,3386.0,0.6601223112106321,0.3645429340362549
0.0001,3387.0,0.6601223118782039,0.36454292893409734
0.0001,3388.0,0.6601223088264462,0.36454292788505555
0.0001,3389.0,0.6601223082542418,0.36454292745590194
0.0001,3390.0,0.6601223073005673,0.3645429270267488
0.0001,3391.0,0.6601223080635069,0.36454291839599623
0.0001,3392.0,0.6601223117828369,0.36454291701316854
0.0001,3393.0,0.6601223101615904,0.3645429109096527
0.0001,3394.0,0.6601223082542418,0.3645429086685179
0.0001,3395.0,0.6601223085403443,0.36454289999008177
0.0001,3396.0,0.6601223087310792,0.3645428996086121
0.0001,3397.0,0.6601223084449765,0.3645428946018219
0.0001,3398.0,0.6601223074913021,0.3645428897380829
0.0001,3399.0,0.6601223052024843,0.3645428844451903
0.0001,3400.0,0.6601223088264462,0.3645428828716279
0.0001,3401.0,0.6601223122596738,0.3645428777217866
0.0001,3402.0,0.6601223090171807,0.36454287447929384
0.0001,3403.0,0.6601223105430603,0.3645428653240205
0.0001,3404.0,0.660122315406799,0.3645428668022157
0.0001,3405.0,0.6601223128318779,0.3645428663730623
0.0001,3406.0,0.6601223145484919,0.3645428590774537
0.0001,3407.0,0.660122312545776,0.36454285645484935
0.0001,3408.0,0.6601223093986509,0.3645428586483001
0.0001,3409.0,0.6601223082542416,0.36454285273551945
0.0001,3410.0,0.6601223099708553,0.36454284801483167
0.0001,3411.0,0.6601223124504085,0.3645428473949433
0.0001,3412.0,0.6601223097801202,0.36454284100532547
0.0001,3413.0,0.6601223114967343,0.3645428400516509
0.0001,3414.0,0.6601223071098324,0.3645428308010102
0.0001,3415.0,0.6601223059654232,0.36454283103942875
0.0001,3416.0,0.6601223087310787,0.3645428241729737
0.0001,3417.0,0.6601223071098324,0.3645428204059601
0.0001,3418.0,0.6601223093032836,0.3645428218364716
0.0001,3419.0,0.6601223093032832,0.3645428178310394
0.0001,3420.0,0.6601223110198973,0.3645428170680998
0.0001,3421.0,0.6601223097801203,0.3645428148269655
0.0001,3422.0,0.6601223095893856,0.36454281463623045
0.0001,3423.0,0.6601223078727718,0.36454280862808225
0.0001,3424.0,0.6601223137855526,0.3645428070545195
0.0001,3425.0,0.660122314548492,0.3645428024768829
0.0001,3426.0,0.6601223114967345,0.3645428003787994
0.0001,3427.0,0.6601223113059994,0.36454279599189754
0.0001,3428.0,0.6601223153114315,0.36454278764724746
0.0001,3429.0,0.6601223132133477,0.36454278259277345
0.0001,3430.0,0.6601223142623898,0.3645427836418151
0.0001,3431.0,0.6601223112106321,0.3645427810668946
0.0001,3432.0,0.6601223153114317,0.36454278044700617
0.0001,3433.0,0.6601223122596739,0.3645427716255187
0.0001,3434.0,0.6601223097801204,0.3645427659511567
0.0001,3435.0,0.6601223093032835,0.3645427682399751
0.0001,3436.0,0.6601223109245298,0.364542767047882
0.0001,3437.0,0.6601223114967343,0.36454276137352004
0.0001,3438.0,0.6601223078727722,0.3645427607059479
0.0001,3439.0,0.6601223077774049,0.3645427527904509
0.0001,3440.0,0.6601223073005676,0.3645427497386933
0.0001,3441.0,0.6601223122596741,0.36454275045394907
0.0001,3442.0,0.6601223110198975,0.36454274773597717
0.0001,3443.0,0.6601223116874693,0.3645427435398101
0.0001,3444.0,0.6601223116874696,0.3645427335739134
0.0001,3445.0,0.6601223114013671,0.3645427349567412
0.0001,3446.0,0.6601223096847535,0.3645427328586578
0.0001,3447.0,0.660122306251526,0.3645427311420441
0.0001,3448.0,0.6601223128318788,0.3645427231311798
0.0001,3449.0,0.6601223105430605,0.36454271922111514
0.0001,3450.0,0.660122308826447,0.3645427175045014
0.0001,3451.0,0.6601223102569582,0.3645427187919617
0.0001,3452.0,0.6601223087310794,0.36454271321296694
0.0001,3453.0,0.6601223142623907,0.36454270982742304
0.0001,3454.0,0.6601223119735722,0.3645427071094513
0.0001,3455.0,0.6601223100662231,0.36454270462989796
0.0001,3456.0,0.6601223062515262,0.36454269709587106
0.0001,3457.0,0.6601223091125491,0.36454269604682926
0.0001,3458.0,0.660122314357758,0.3645426959991455
0.0001,3459.0,0.6601223127365113,0.3645426891803742
0.0001,3460.0,0.6601223136901855,0.3645426855564117
0.0001,3461.0,0.6601223110198972,0.36454267792701733
0.0001,3462.0,0.6601223139762878,0.3645426808834076
0.0001,3463.0,0.6601223119735717,0.3645426839351654
0.0001,3464.0,0.6601223075866698,0.36454267783164973
0.0001,3465.0,0.6601223101615905,0.36454267029762266
0.0001,3466.0,0.6601223115921022,0.3645426708698273
0.0001,3467.0,0.6601223100662229,0.3645426694869996
0.0001,3468.0,0.6601223100662231,0.36454266748428354
0.0001,3469.0,0.6601223043441772,0.3645426651954651
0.0001,3470.0,0.660122311973572,0.36454266471862795
0.0001,3471.0,0.6601223093986511,0.36454266142845165
0.0001,3472.0,0.6601223108291627,0.364542658996582
0.0001,3473.0,0.6601223112106326,0.36454265789985657
0.0001,3474.0,0.6601223114967348,0.3645426524162293
0.0001,3475.0,0.6601223127365113,0.36454264693260185
0.0001,3476.0,0.6601223099708554,0.3645426385879517
0.0001,3477.0,0.6601223094940184,0.36454264063835157
0.0001,3478.0,0.660122308540344,0.3645426318645477
0.0001,3479.0,0.6601223110198972,0.3645426295757292
0.0001,3480.0,0.6601223108291627,0.36454262766838075
0.0001,3481.0,0.6601223125457767,0.3645426274776459
0.0001,3482.0,0.6601223115921021,0.36454262800216686
0.0001,3483.0,0.6601223108291624,0.36454261889457706
0.0001,3484.0,0.6601223136901856,0.36454261369705204
0.0001,3485.0,0.6601223114013671,0.3645426202774048
0.0001,3486.0,0.660122312259674,0.36454261608123784
0.0001,3487.0,0.6601223104476927,0.36454260888099665
0.0001,3488.0,0.6601223114013675,0.3645426060199738
0.0001,3489.0,0.6601223112106323,0.3645426030158996
0.0001,3490.0,0.6601223118782042,0.3645426036834715
0.0001,3491.0,0.6601223114967344,0.36454259662628163
0.0001,3492.0,0.6601223102569578,0.36454259328842165
0.0001,3493.0,0.6601223127365112,0.3645425894737244
0.0001,3494.0,0.6601223125457764,0.3645425897121429
0.0001,3495.0,0.6601223107337953,0.36454258947372437
0.0001,3496.0,0.6601223102569579,0.36454258871078493
0.0001,3497.0,0.6601223123550415,0.36454258279800406
0.0001,3498.0,0.6601223129272461,0.3645425756931305
0.0001,3499.0,0.6601223110198975,0.3645425827980042
0.0001,3500.0,0.660122314453125,0.3645425716876984
0.0001,3501.0,0.6601223167419431,0.36454257431030274
0.0001,3502.0,0.6601223102569578,0.3645425683021546
0.0001,3503.0,0.6601223131179808,0.3645425734996796
0.0001,3504.0,0.6601223141670228,0.36454257359504694
