lr,epoch,train_loss,val_loss
0.0001,0.0,14.061622772216797,2.294794044494629
0.0001,1.0,14.057842597961425,2.2914791965484618
0.0001,2.0,14.054331588745116,2.288192071914673
0.0001,3.0,14.050860404968263,2.2849201202392577
0.0001,4.0,14.047409095764161,2.2816591167449953
0.0001,5.0,14.043972511291503,2.278407974243164
0.0001,6.0,14.040547943115234,2.2751647758483884
0.0001,7.0,14.037134170532228,2.2719297695159915
0.0001,8.0,14.033731575012208,2.268702898025513
0.0001,9.0,14.030338897705079,2.2654834747314454
0.0001,10.0,14.026955604553223,2.262271537780762
0.0001,11.0,14.023582305908205,2.2590669631958007
0.0001,12.0,14.02021858215332,2.2558696365356443
0.0001,13.0,14.016864624023437,2.2526792526245116
0.0001,14.0,14.013520355224609,2.2494959449768066
0.0001,15.0,14.010184745788575,2.2463196468353273
0.0001,16.0,14.006858863830567,2.2431505775451663
0.0001,17.0,14.003541412353517,2.2399877548217773
0.0001,18.0,14.000233802795412,2.2368324851989745
0.0001,19.0,13.996934852600099,2.2336835289001464
0.0001,20.0,13.993645057678222,2.2305416679382324
0.0001,21.0,13.990364418029786,2.227406120300293
0.0001,22.0,13.987092170715334,2.224277362823486
0.0001,23.0,13.983829574584961,2.221155633926392
0.0001,24.0,13.980575370788573,2.2180399799346926
0.0001,25.0,13.977330245971682,2.214931354522705
0.0001,26.0,13.974093933105468,2.2118291091918945
0.0001,27.0,13.970865859985352,2.208733386993408
0.0001,28.0,13.967647132873536,2.205644369125366
0.0001,29.0,13.964435958862305,2.2025615310668947
0.0001,30.0,13.961234512329103,2.1994857215881347
0.0001,31.0,13.958041534423828,2.1964159202575684
0.0001,32.0,13.954857406616211,2.1933526229858398
0.0001,33.0,13.951681518554686,2.1902959823608397
0.0001,34.0,13.948514251708984,2.1872458267211914
0.0001,35.0,13.945355606079103,2.184201850891113
0.0001,36.0,13.94220539093018,2.181164207458496
0.0001,37.0,13.939063262939452,2.178133087158203
0.0001,38.0,13.93593063354492,2.1751083660125734
0.0001,39.0,13.932805709838867,2.1720899105072022
0.0001,40.0,13.929688873291017,2.1690782642364503
0.0001,41.0,13.926581268310546,2.166072425842285
0.0001,42.0,13.923481674194335,2.1630730915069583
0.0001,43.0,13.920390548706054,2.1600801753997803
0.0001,44.0,13.917307891845702,2.1570935440063477
0.0001,45.0,13.914232978820802,2.1541133308410645
0.0001,46.0,13.911167144775389,2.151139144897461
0.0001,47.0,13.908109436035156,2.1481717014312744
0.0001,48.0,13.905059890747069,2.145209846496582
0.0001,49.0,13.902019081115723,2.142254867553711
0.0001,50.0,13.898985900878907,2.139306020736694
0.0001,51.0,13.895961532592773,2.1363636779785153
0.0001,52.0,13.892945137023927,2.133426990509033
0.0001,53.0,13.889936981201174,2.1304969787597656
0.0001,54.0,13.88693656921387,2.127573013305664
0.0001,55.0,13.883944892883301,2.1246553134918216
0.0001,56.0,13.880961418151855,2.1217438125610353
0.0001,57.0,13.877986335754395,2.118838987350464
0.0001,58.0,13.875018882751466,2.115939750671387
0.0001,59.0,13.87205997467041,2.1130468463897705
0.0001,60.0,13.869108810424803,2.110160398483276
0.0001,61.0,13.86616580963135,2.1072799301147462
0.0001,62.0,13.863231201171876,2.104405860900879
0.0001,63.0,13.86030433654785,2.1015374851226807
0.0001,64.0,13.857386474609374,2.098675765991211
0.0001,65.0,13.854475097656252,2.095820093154907
0.0001,66.0,13.85157253265381,2.0929703998565676
0.0001,67.0,13.8486780166626,2.0901271438598634
0.0001,68.0,13.845791816711428,2.087289695739746
0.0001,69.0,13.842913551330566,2.0844586181640627
0.0001,70.0,13.8400426864624,2.081633415222168
0.0001,71.0,13.837180557250978,2.0788144493103027
0.0001,72.0,13.834325942993164,2.076001968383789
0.0001,73.0,13.831479454040528,2.073195161819458
0.0001,74.0,13.828640632629396,2.0703946590423583
0.0001,75.0,13.825810203552246,2.067599945068359
0.0001,76.0,13.822987174987794,2.0648114490509033
0.0001,77.0,13.820171623229982,2.0620292377471925
0.0001,78.0,13.81736526489258,2.059252700805664
0.0001,79.0,13.814566230773925,2.056482992172241
0.0001,80.0,13.811774978637697,2.053718357086182
0.0001,81.0,13.808991813659668,2.0509603023529053
0.0001,82.0,13.806216354370118,2.0482082748413086
0.0001,83.0,13.803447799682617,2.0454619884490968
0.0001,84.0,13.80068759918213,2.042722053527832
0.0001,85.0,13.797935371398925,2.0399879455566405
0.0001,86.0,13.795190696716311,2.0372597980499267
0.0001,87.0,13.79245429992676,2.034537630081177
0.0001,88.0,13.789725112915038,2.0318217849731446
0.0001,89.0,13.787003631591798,2.029111557006836
0.0001,90.0,13.784290428161622,2.02640739440918
0.0001,91.0,13.781584815979002,2.023709297180176
0.0001,92.0,13.778886222839356,2.021017074584961
0.0001,93.0,13.776195602416992,2.0183309173583988
0.0001,94.0,13.773512954711913,2.0156501770019535
0.0001,95.0,13.77083755493164,2.012976155281067
0.0001,96.0,13.76817008972168,2.010307679176331
0.0001,97.0,13.765510177612306,2.007645115852356
0.0001,98.0,13.762857322692872,2.0049883842468263
0.0001,99.0,13.76021244049072,2.0023374128341676
0.0001,100.0,13.757575340270996,1.9996924018859863
0.0001,101.0,13.754945945739747,1.9970534372329714
0.0001,102.0,13.752323532104494,1.994420299530029
0.0001,103.0,13.74970916748047,1.9917929697036743
0.0001,104.0,13.747102241516112,1.9891717576980592
0.0001,105.0,13.744501953125003,1.9865563011169434
0.0001,106.0,13.74191005706787,1.9839463806152344
0.0001,107.0,13.73932540893555,1.9813422966003418
0.0001,108.0,13.736748466491699,1.9787440633773805
0.0001,109.0,13.734178199768067,1.9761519527435305
0.0001,110.0,13.731615715026855,1.9735652160644532
0.0001,111.0,13.72906089782715,1.9709845542907716
0.0001,112.0,13.72651336669922,1.9684095048904418
0.0001,113.0,13.723973388671874,1.9658403921127319
0.0001,114.0,13.721440391540526,1.9632769680023194
0.0001,115.0,13.718914451599122,1.9607192420959474
0.0001,116.0,13.71639629364014,1.958167266845703
0.0001,117.0,13.713885803222656,1.955621109008789
0.0001,118.0,13.711382484436037,1.9530803775787353
0.0001,119.0,13.708886413574218,1.9505457496643066
0.0001,120.0,13.706396980285646,1.9480167293548585
0.0001,121.0,13.703915519714357,1.9454932355880736
0.0001,122.0,13.701440734863281,1.942975525856018
0.0001,123.0,13.698973464965823,1.9404635572433473
0.0001,124.0,13.696514053344728,1.9379572439193726
0.0001,125.0,13.694061279296877,1.9354564571380615
0.0001,126.0,13.69161491394043,1.9329614877700805
0.0001,127.0,13.689176712036133,1.9304718112945558
0.0001,128.0,13.686745147705079,1.9279883575439454
0.0001,129.0,13.684321060180665,1.925510015487671
0.0001,130.0,13.681904220581055,1.923037338256836
0.0001,131.0,13.67949451446533,1.9205703163146972
0.0001,132.0,13.677091293334959,1.9181091451644896
0.0001,133.0,13.67469551086426,1.9156534004211425
0.0001,134.0,13.67230697631836,1.9132028770446778
0.0001,135.0,13.669925460815428,1.9107583570480347
0.0001,136.0,13.667550544738772,1.908319230079651
0.0001,137.0,13.665183181762696,1.905885682106018
0.0001,138.0,13.662822570800781,1.9034573221206665
0.0001,139.0,13.660469284057617,1.9010349988937378
0.0001,140.0,13.658122329711913,1.898617916107178
0.0001,141.0,13.655782585144046,1.896206293106079
0.0001,142.0,13.653449211120606,1.8938004350662232
0.0001,143.0,13.651123962402345,1.8913997650146483
0.0001,144.0,13.648805084228517,1.88900475025177
0.0001,145.0,13.646493034362795,1.8866152048110962
0.0001,146.0,13.644187850952148,1.8842310333251953
0.0001,147.0,13.641889877319334,1.8818522787094116
0.0001,148.0,13.63959850311279,1.8794787454605104
0.0001,149.0,13.637313423156739,1.8771113014221192
0.0001,150.0,13.635036010742187,1.874748697280884
0.0001,151.0,13.632765045166016,1.872391595840454
0.0001,152.0,13.63050094604492,1.8700399780273438
0.0001,153.0,13.628243713378907,1.8676935482025145
0.0001,154.0,13.625993041992187,1.8653527641296386
0.0001,155.0,13.623749618530272,1.8630171108245848
0.0001,156.0,13.621511802673341,1.8606870937347413
0.0001,157.0,13.619281959533692,1.8583621025085448
0.0001,158.0,13.617058029174807,1.856042537689209
0.0001,159.0,13.614841384887695,1.8537283897399903
0.0001,160.0,13.612630882263183,1.851419506072998
0.0001,161.0,13.610427017211915,1.849115900993347
0.0001,162.0,13.608230209350587,1.8468176221847532
0.0001,163.0,13.60603988647461,1.8445247507095335
0.0001,164.0,13.603856201171872,1.8422368812561034
0.0001,165.0,13.601679077148438,1.8399545288085937
0.0001,166.0,13.599508361816406,1.8376772117614744
0.0001,167.0,13.597344131469725,1.8354055070877076
0.0001,168.0,13.595186614990235,1.8331387424468994
0.0001,169.0,13.593035888671876,1.8308769273757934
0.0001,170.0,13.59089153289795,1.8286205291748046
0.0001,171.0,13.588753280639647,1.8263697004318238
0.0001,172.0,13.586621704101564,1.8241236782073975
0.0001,173.0,13.584497108459473,1.821883010864258
0.0001,174.0,13.582378768920899,1.819647455215454
0.0001,175.0,13.580266456604003,1.8174172067642211
0.0001,176.0,13.578161087036134,1.8151920175552367
0.0001,177.0,13.576061859130858,1.8129719638824464
0.0001,178.0,13.573968963623047,1.8107568168640136
0.0001,179.0,13.57188289642334,1.8085470628738403
0.0001,180.0,13.569802742004397,1.806342511177063
0.0001,181.0,13.5677286529541,1.8041429328918457
0.0001,182.0,13.565661392211913,1.801948194503784
0.0001,183.0,13.56360065460205,1.7997587633132934
0.0001,184.0,13.561546440124511,1.7975746631622314
0.0001,185.0,13.55949779510498,1.7953951454162598
0.0001,186.0,13.557455558776857,1.79322096824646
0.0001,187.0,13.555420265197755,1.7910517740249632
0.0001,188.0,13.553390426635744,1.788887724876404
0.0001,189.0,13.5513671875,1.7867285728454592
0.0001,190.0,13.549349861145021,1.7845744037628175
0.0001,191.0,13.547339630126954,1.7824253797531129
0.0001,192.0,13.545334129333497,1.7802812194824218
0.0001,193.0,13.54333625793457,1.7781423807144165
0.0001,194.0,13.541343688964844,1.7760081958770753
0.0001,195.0,13.53935760498047,1.773878812789917
0.0001,196.0,13.53737777709961,1.7717546606063843
0.0001,197.0,13.535403785705565,1.7696352195739746
0.0001,198.0,13.533436203002928,1.7675207757949827
0.0001,199.0,13.5314741897583,1.76541157245636
0.0001,200.0,13.529518547058107,1.7633072662353517
0.0001,201.0,13.52756851196289,1.7612075757980348
0.0001,202.0,13.525625381469727,1.75911283493042
0.0001,203.0,13.52368808746338,1.7570230865478518
0.0001,204.0,13.521756286621093,1.754937934875488
0.0001,205.0,13.51983154296875,1.7528581428527832
0.0001,206.0,13.517911987304688,1.7507827472686768
0.0001,207.0,13.515998229980468,1.7487124347686769
0.0001,208.0,13.51409065246582,1.7466467475891112
0.0001,209.0,13.512189445495608,1.7445863246917725
0.0001,210.0,13.5102938079834,1.742530288696289
0.0001,211.0,13.508403625488281,1.740479278564453
0.0001,212.0,13.506520080566409,1.7384330368041994
0.0001,213.0,13.504642562866211,1.7363915395736695
0.0001,214.0,13.502770385742187,1.7343548393249513
0.0001,215.0,13.500904235839844,1.7323229074478148
0.0001,216.0,13.499043312072754,1.7302957725524901
0.0001,217.0,13.497188911437991,1.7282734060287477
0.0001,218.0,13.495340576171875,1.7262554359436035
0.0001,219.0,13.493497619628906,1.724242534637451
0.0001,220.0,13.491660881042481,1.722234435081482
0.0001,221.0,13.489829292297365,1.7202308845520018
0.0001,222.0,13.48800407409668,1.718232011795044
0.0001,223.0,13.486184043884277,1.716237940788269
0.0001,224.0,13.484369888305663,1.714248342514038
0.0001,225.0,13.48256145477295,1.712263584136963
0.0001,226.0,13.480758972167969,1.7102837133407593
0.0001,227.0,13.478962326049807,1.7083082628250121
0.0001,228.0,13.477171287536622,1.706337242126465
0.0001,229.0,13.475385398864747,1.7043711614608763
0.0001,230.0,13.473605918884278,1.7024097728729248
0.0001,231.0,13.471831398010252,1.7004527473449706
0.0001,232.0,13.470062675476074,1.6985001850128172
0.0001,233.0,13.46829963684082,1.6965527153015136
0.0001,234.0,13.466542549133301,1.6946094369888307
0.0001,235.0,13.464790039062498,1.6926709365844728
0.0001,236.0,13.463043441772461,1.6907369422912597
0.0001,237.0,13.461302871704103,1.688807225227356
0.0001,238.0,13.459567718505859,1.686882677078247
0.0001,239.0,13.457838363647463,1.684962182044983
0.0001,240.0,13.456114044189455,1.6830462884902953
0.0001,241.0,13.454395141601562,1.6811348915100097
0.0001,242.0,13.45268215179443,1.679228367805481
0.0001,243.0,13.450974464416504,1.6773257446289063
0.0001,244.0,13.449272079467773,1.6754280281066896
0.0001,245.0,13.447575035095216,1.6735348320007324
0.0001,246.0,13.445884132385254,1.6716459226608276
0.0001,247.0,13.444197578430176,1.6697615098953247
0.0001,248.0,13.442516975402834,1.6678815698623657
0.0001,249.0,13.440841827392578,1.666006202697754
0.0001,250.0,13.439172134399413,1.6641349506378176
0.0001,251.0,13.437507705688477,1.6622683906555176
0.0001,252.0,13.43584857940674,1.6604062032699585
0.0001,253.0,13.434195098876954,1.6585483980178832
0.0001,254.0,13.432546157836912,1.656695008277893
0.0001,255.0,13.430903205871584,1.6548458671569823
0.0001,256.0,13.429264564514162,1.653001275062561
0.0001,257.0,13.427632560729979,1.6511611461639402
0.0001,258.0,13.42600498199463,1.6493251419067383
0.0001,259.0,13.424383049011233,1.6474935722351076
0.0001,260.0,13.422765617370604,1.6456664323806764
0.0001,261.0,13.421154365539552,1.6438434171676635
0.0001,262.0,13.419547805786134,1.6420250415802
0.0001,263.0,13.417946243286133,1.6402107572555544
0.0001,264.0,13.416350631713868,1.638400526046753
0.0001,265.0,13.414759407043459,1.6365950822830202
0.0001,266.0,13.413173980712891,1.634793725013733
0.0001,267.0,13.411593322753907,1.6329968404769897
0.0001,268.0,13.410017356872558,1.6312037897109986
0.0001,269.0,13.408447036743166,1.6294152688980104
0.0001,270.0,13.406882438659668,1.6276310682296753
0.0001,271.0,13.40532169342041,1.6258509826660155
0.0001,272.0,13.403766822814939,1.6240750265121457
0.0001,273.0,13.402216720581055,1.6223034906387328
0.0001,274.0,13.400671577453615,1.620536036491394
0.0001,275.0,13.39913200378418,1.6187726783752443
0.0001,276.0,13.397596321105958,1.617014217376709
0.0001,277.0,13.39606689453125,1.6152588844299318
0.0001,278.0,13.394541664123537,1.6135085487365723
0.0001,279.0,13.393021888732912,1.6117620992660522
0.0001,280.0,13.391506843566892,1.6100197267532348
0.0001,281.0,13.38999671936035,1.6082813024520874
0.0001,282.0,13.388491706848146,1.6065473794937133
0.0001,283.0,13.386991844177247,1.6048174381256104
0.0001,284.0,13.385496063232422,1.6030918645858763
0.0001,285.0,13.384006195068357,1.6013699960708618
0.0001,286.0,13.382520179748536,1.5996526861190796
0.0001,287.0,13.381039848327637,1.5979393339157104
0.0001,288.0,13.379564018249514,1.596229953765869
0.0001,289.0,13.37809322357178,1.5945245504379273
0.0001,290.0,13.376627235412597,1.5928235006332399
0.0001,291.0,13.375166053771975,1.5911261892318727
0.0001,292.0,13.37370979309082,1.5894331693649293
0.0001,293.0,13.37225830078125,1.5877442312240602
0.0001,294.0,13.370811576843261,1.586059126853943
0.0001,295.0,13.369369354248049,1.584378228187561
0.0001,296.0,13.367931900024415,1.5827012062072754
0.0001,297.0,13.366499404907227,1.5810282039642334
0.0001,298.0,13.365072097778322,1.579359393119812
0.0001,299.0,13.363648529052735,1.5776944923400877
0.0001,300.0,13.36222984313965,1.5760332870483398
0.0001,301.0,13.360816764831544,1.5743764019012452
0.0001,302.0,13.359407806396483,1.5727230930328369
0.0001,303.0,13.358003196716309,1.5710742807388307
0.0001,304.0,13.356603813171388,1.569428997039795
0.0001,305.0,13.355209007263184,1.567787961959839
0.0001,306.0,13.353818435668947,1.5661507177352907
0.0001,307.0,13.352432708740235,1.5645173072814942
0.0001,308.0,13.351051673889161,1.562887864112854
0.0001,309.0,13.349675369262696,1.5612622642517089
0.0001,310.0,13.348302917480469,1.5596408128738402
0.0001,311.0,13.34693603515625,1.5580230045318602
0.0001,312.0,13.345572967529298,1.5564090919494629
0.0001,313.0,13.34421501159668,1.5547992563247681
0.0001,314.0,13.342860717773437,1.5531929922103882
0.0001,315.0,13.341512260437012,1.5515907478332518
0.0001,316.0,13.340166625976561,1.549992241859436
0.0001,317.0,13.338826637268067,1.5483975696563723
0.0001,318.0,13.337491340637207,1.5468068933486938
0.0001,319.0,13.336159820556643,1.5452198696136477
0.0001,320.0,13.334833374023436,1.5436368322372438
0.0001,321.0,13.33351100921631,1.5420575761795043
0.0001,322.0,13.332192840576171,1.5404819250106812
0.0001,323.0,13.330879478454591,1.5389102506637573
0.0001,324.0,13.329570617675781,1.5373421955108642
0.0001,325.0,13.32826599121094,1.5357780933380127
0.0001,326.0,13.326965446472167,1.5342175769805908
0.0001,327.0,13.325669746398928,1.5326607322692871
0.0001,328.0,13.324377937316894,1.53110803604126
0.0001,329.0,13.323090896606447,1.529558687210083
0.0001,330.0,13.321808319091796,1.5280132293701172
0.0001,331.0,13.320529708862304,1.5264714860916138
0.0001,332.0,13.31925537109375,1.5249334478378296
0.0001,333.0,13.317985534667969,1.5233990478515627
0.0001,334.0,13.316720161437987,1.521868200302124
0.0001,335.0,13.31545871734619,1.5203415489196779
0.0001,336.0,13.314201202392578,1.5188179588317872
0.0001,337.0,13.312948379516602,1.5172984552383424
0.0001,338.0,13.311700057983398,1.515782494544983
0.0001,339.0,13.310456199645996,1.5142703771591186
0.0001,340.0,13.309215965270997,1.5127617931365966
0.0001,341.0,13.307979621887208,1.511256685256958
0.0001,342.0,13.306748199462891,1.509755325317383
0.0001,343.0,13.305520401000976,1.5082575416564943
0.0001,344.0,13.304297370910646,1.5067633962631226
0.0001,345.0,13.303078117370607,1.505272707939148
0.0001,346.0,13.301863059997558,1.5037857770919798
0.0001,347.0,13.30065185546875,1.5023023462295533
0.0001,348.0,13.299445304870607,1.5008225202560426
0.0001,349.0,13.298242568969727,1.4993465423583985
0.0001,350.0,13.297044105529787,1.497873640060425
0.0001,351.0,13.295849533081055,1.4964045524597167
0.0001,352.0,13.294659118652344,1.4949390268325806
0.0001,353.0,13.293473129272463,1.4934771203994752
0.0001,354.0,13.292290954589845,1.4920187664031983
0.0001,355.0,13.291112251281739,1.490563793182373
0.0001,356.0,13.289938201904295,1.4891124153137207
0.0001,357.0,13.288768081665038,1.4876643180847169
0.0001,358.0,13.287601623535156,1.4862200260162353
0.0001,359.0,13.286439590454101,1.4847791671752928
0.0001,360.0,13.285281639099122,1.4833416557312011
0.0001,361.0,13.284127693176272,1.4819077730178833
0.0001,362.0,13.28297706604004,1.4804771614074705
0.0001,363.0,13.281831054687501,1.4790501260757445
0.0001,364.0,13.280688591003418,1.4776265335083008
0.0001,365.0,13.279549713134765,1.4762064409255982
0.0001,366.0,13.278415641784667,1.4747897291183472
0.0001,367.0,13.277284965515138,1.4733764266967775
0.0001,368.0,13.276158103942869,1.4719665718078612
0.0001,369.0,13.275035514831545,1.4705604648590087
0.0001,370.0,13.273916320800783,1.469157271385193
0.0001,371.0,13.272801361083985,1.4677577829360962
0.0001,372.0,13.271690406799317,1.4663616847991943
0.0001,373.0,13.270582237243653,1.4649688673019408
0.0001,374.0,13.269479064941404,1.4635792589187622
0.0001,375.0,13.268379592895506,1.4621929740905761
0.0001,376.0,13.267283096313477,1.4608103942871093
0.0001,377.0,13.26619140625,1.4594310665130616
0.0001,378.0,13.265102958679199,1.4580551815032958
0.0001,379.0,13.264018287658693,1.456682481765747
0.0001,380.0,13.262937812805177,1.4553130865097046
0.0001,381.0,13.261860542297365,1.4539471673965454
0.0001,382.0,13.260787086486818,1.4525843143463135
0.0001,383.0,13.259717292785645,1.4512251138687136
0.0001,384.0,13.258651428222656,1.449868836402893
0.0001,385.0,13.25758945465088,1.4485160684585572
0.0001,386.0,13.256530609130863,1.4471663665771484
0.0001,387.0,13.255475959777833,1.4458202505111695
0.0001,388.0,13.254425010681153,1.4444773292541504
0.0001,389.0,13.253377075195315,1.4431377029418946
0.0001,390.0,13.252333984375001,1.4418013048171998
0.0001,391.0,13.25129322052002,1.4404680776596068
0.0001,392.0,13.250256919860842,1.4391382217407227
0.0001,393.0,13.249224243164061,1.4378114414215089
0.0001,394.0,13.248194732666017,1.4364881086349488
0.0001,395.0,13.247169151306153,1.4351677083969117
0.0001,396.0,13.246146850585937,1.4338507318496705
0.0001,397.0,13.245129165649415,1.4325368213653564
0.0001,398.0,13.244113769531252,1.4312261390686034
0.0001,399.0,13.243101997375486,1.429918761253357
0.0001,400.0,13.242094497680664,1.4286146545410157
0.0001,401.0,13.241090240478517,1.4273133850097657
0.0001,402.0,13.2400891494751,1.4260156059265137
0.0001,403.0,13.239092330932618,1.4247205972671508
0.0001,404.0,13.238098297119143,1.4234293937683105
0.0001,405.0,13.23710823059082,1.4221406888961792
0.0001,406.0,13.236121482849121,1.4208554649353027
0.0001,407.0,13.235137939453125,1.4195732069015503
0.0001,408.0,13.234158248901368,1.4182942008972168
0.0001,409.0,13.233181838989257,1.4170183563232421
0.0001,410.0,13.232208862304686,1.4157456874847412
0.0001,411.0,13.231239166259765,1.414475908279419
0.0001,412.0,13.23027332305908,1.413209228515625
0.0001,413.0,13.229310493469239,1.411945767402649
0.0001,414.0,13.228351516723633,1.4106852722167968
0.0001,415.0,13.227395248413085,1.4094277667999267
0.0001,416.0,13.226443252563476,1.408173394203186
0.0001,417.0,13.225493698120118,1.4069224214553833
0.0001,418.0,13.224547958374023,1.4056743860244751
0.0001,419.0,13.223605842590333,1.4044290351867676
0.0001,420.0,13.222666511535648,1.4031870317459108
0.0001,421.0,13.22173080444336,1.4019480419158936
0.0001,422.0,13.220798301696776,1.4007120513916016
0.0001,423.0,13.219869270324706,1.3994790506362915
0.0001,424.0,13.21894332885742,1.3982491159439088
0.0001,425.0,13.218021163940431,1.3970221710205077
0.0001,426.0,13.21710205078125,1.3957982158660889
0.0001,427.0,13.21618564605713,1.3945772504806517
0.0001,428.0,13.215273094177245,1.3933592319488526
0.0001,429.0,13.214363708496094,1.3921442461013793
0.0001,430.0,13.213457641601563,1.3909321737289428
0.0001,431.0,13.212554168701171,1.3897231578826905
0.0001,432.0,13.211654701232911,1.3885170221328735
0.0001,433.0,13.210758094787597,1.3873138761520385
0.0001,434.0,13.209864768981934,1.3861138296127318
0.0001,435.0,13.208974533081054,1.384916467666626
0.0001,436.0,13.20808795928955,1.3837220859527588
0.0001,437.0,13.207204132080077,1.3825306510925293
0.0001,438.0,13.206323471069334,1.3813424015045166
0.0001,439.0,13.20544563293457,1.3801567077636718
0.0001,440.0,13.204571800231934,1.3789740800857544
0.0001,441.0,13.203700065612791,1.377794246673584
0.0001,442.0,13.20283260345459,1.3766177940368653
0.0001,443.0,13.201966819763184,1.3754436683654785
0.0001,444.0,13.201105728149413,1.3742726230621338
0.0001,445.0,13.200247077941896,1.3731042289733888
0.0001,446.0,13.199390945434569,1.3719388675689697
0.0001,447.0,13.198538208007813,1.3707764101028443
0.0001,448.0,13.197688980102539,1.3696166276931763
0.0001,449.0,13.196842575073244,1.368459987640381
0.0001,450.0,13.195999221801756,1.3673060131072998
0.0001,451.0,13.195158615112305,1.3661549520492553
0.0001,452.0,13.194321479797365,1.3650066089630126
0.0001,453.0,13.193487243652346,1.3638611936569214
0.0001,454.0,13.19265567779541,1.3627185821533203
0.0001,455.0,13.191827812194822,1.3615787982940675
0.0001,456.0,13.191002311706542,1.3604416561126709
0.0001,457.0,13.190179557800294,1.3593073320388793
0.0001,458.0,13.189360122680664,1.358175802230835
0.0001,459.0,13.188543815612794,1.3570472192764282
0.0001,460.0,13.187730293273926,1.3559214973449707
0.0001,461.0,13.186920394897463,1.3547983407974242
0.0001,462.0,13.186112480163574,1.3536778593063354
0.0001,463.0,13.185307922363283,1.352560338973999
0.0001,464.0,13.184506072998047,1.351445665359497
0.0001,465.0,13.183707199096679,1.3503334617614746
0.0001,466.0,13.182911529541018,1.34922420501709
0.0001,467.0,13.182118377685546,1.348117504119873
0.0001,468.0,13.181327972412108,1.3470134353637695
0.0001,469.0,13.180541229248046,1.3459124660491943
0.0001,470.0,13.179756774902343,1.344814052581787
0.0001,471.0,13.178975028991701,1.3437181854248048
0.0001,472.0,13.178196449279783,1.3426251125335693
0.0001,473.0,13.17742042541504,1.341534638404846
0.0001,474.0,13.176647720336913,1.3404470157623292
0.0001,475.0,13.175877265930175,1.3393620777130126
0.0001,476.0,13.17510959625244,1.3382797956466677
0.0001,477.0,13.174345245361328,1.3372000694274901
0.0001,478.0,13.173583755493164,1.336123104095459
0.0001,479.0,13.172824630737303,1.3350487184524535
0.0001,480.0,13.172068405151366,1.3339774417877197
0.0001,481.0,13.171315002441405,1.332908158302307
0.0001,482.0,13.170563735961915,1.3318419075012207
0.0001,483.0,13.169815826416015,1.3307781600952149
0.0001,484.0,13.169070587158203,1.329716968536377
0.0001,485.0,13.168328399658202,1.3286584854125976
0.0001,486.0,13.167588272094727,1.3276026344299316
0.0001,487.0,13.166851348876952,1.3265493297576905
0.0001,488.0,13.16611717224121,1.3254987001419067
0.0001,489.0,13.165385971069338,1.3244504976272582
0.0001,490.0,13.164656562805176,1.3234051990509033
0.0001,491.0,13.163930168151856,1.3223623466491699
0.0001,492.0,13.163206787109374,1.3213219118118285
0.0001,493.0,13.162485542297365,1.320284161567688
0.0001,494.0,13.161766967773438,1.3192490577697753
0.0001,495.0,13.161052055358887,1.3182165622711182
0.0001,496.0,13.160338745117185,1.3171862983703613
0.0001,497.0,13.159628143310545,1.3161588191986084
0.0001,498.0,13.158920593261719,1.315134038925171
0.0001,499.0,13.158214797973633,1.3141115856170655
0.0001,500.0,13.157512969970703,1.3130916452407837
0.0001,501.0,13.156812782287597,1.312074327468872
0.0001,502.0,13.156115455627441,1.3110594367980957
0.0001,503.0,13.15542064666748,1.3100471019744873
0.0001,504.0,13.154728240966797,1.3090374422073365
0.0001,505.0,13.154038887023926,1.3080302000045776
0.0001,506.0,13.153351440429688,1.3070254707336426
0.0001,507.0,13.15266674041748,1.3060230255126952
0.0001,508.0,13.151984863281251,1.305023398399353
0.0001,509.0,13.151305236816407,1.3040257644653321
0.0001,510.0,13.150628509521486,1.303031086921692
0.0001,511.0,13.149954109191894,1.3020387935638427
0.0001,512.0,13.149281806945803,1.3010487747192383
0.0001,513.0,13.14861255645752,1.3000614118576048
0.0001,514.0,13.147945556640623,1.2990762996673584
0.0001,515.0,13.14728126525879,1.2980937671661377
0.0001,516.0,13.146618881225585,1.297113552093506
0.0001,517.0,13.14595962524414,1.2961360788345337
0.0001,518.0,13.145301933288575,1.2951606941223144
0.0001,519.0,13.144647827148438,1.2941879987716676
0.0001,520.0,13.143995361328123,1.2932176637649535
0.0001,521.0,13.143345413208008,1.2922496032714843
0.0001,522.0,13.142698326110839,1.2912839698791505
0.0001,523.0,13.142053260803223,1.2903210020065308
0.0001,524.0,13.141410789489747,1.2893600702285766
0.0001,525.0,13.140770606994629,1.2884016180038453
0.0001,526.0,13.140132942199708,1.2874458122253418
0.0001,527.0,13.13949764251709,1.286492214202881
0.0001,528.0,13.138864631652833,1.2855408239364623
0.0001,529.0,13.138233642578124,1.284591884613037
0.0001,530.0,13.13760566711426,1.2836454916000366
0.0001,531.0,13.13697940826416,1.2827013301849366
0.0001,532.0,13.136355972290039,1.2817597770690918
0.0001,533.0,13.135734939575197,1.2808201551437377
0.0001,534.0,13.135116119384765,1.2798830556869507
0.0001,535.0,13.13449951171875,1.2789484167099
0.0001,536.0,13.13388500213623,1.2780158996582032
0.0001,537.0,13.13327308654785,1.277085723876953
0.0001,538.0,13.132663116455078,1.2761581468582153
0.0001,539.0,13.132056579589843,1.275232605934143
0.0001,540.0,13.131451034545899,1.2743095588684081
0.0001,541.0,13.130848197937011,1.2733886432647705
0.0001,542.0,13.130248069763184,1.2724702644348145
0.0001,543.0,13.12964954376221,1.271553955078125
0.0001,544.0,13.12905342102051,1.2706400060653686
0.0001,545.0,13.128459663391114,1.2697282886505128
0.0001,546.0,13.127867889404296,1.2688190746307373
0.0001,547.0,13.127278785705567,1.2679117441177368
0.0001,548.0,13.126691780090331,1.2670068740844727
0.0001,549.0,13.126106796264649,1.2661044311523437
0.0001,550.0,13.125524215698244,1.2652039909362793
0.0001,551.0,13.124943428039552,1.2643060541152955
0.0001,552.0,13.124365310668944,1.2634101104736328
0.0001,553.0,13.123789367675782,1.2625164413452148
0.0001,554.0,13.123215408325194,1.2616253614425659
0.0001,555.0,13.122644042968751,1.2607364273071289
0.0001,556.0,13.122074089050294,1.2598494863510132
0.0001,557.0,13.121506538391115,1.258964786529541
0.0001,558.0,13.1209415435791,1.2580822753906251
0.0001,559.0,13.120377998352051,1.2572022247314454
0.0001,560.0,13.119817276000976,1.2563242530822754
0.0001,561.0,13.119258537292481,1.2554482841491699
0.0001,562.0,13.118701858520511,1.254574646949768
0.0001,563.0,13.118147125244139,1.2537034797668458
0.0001,564.0,13.117594985961913,1.2528342390060425
0.0001,565.0,13.117044715881345,1.2519672203063965
0.0001,566.0,13.116496353149413,1.251102237701416
0.0001,567.0,13.115950317382815,1.2502396488189698
0.0001,568.0,13.115405960083008,1.2493791198730468
0.0001,569.0,13.114863662719728,1.2485207986831663
0.0001,570.0,13.11432357788086,1.2476645374298097
0.0001,571.0,13.113785705566405,1.246810712814331
0.0001,572.0,13.113249969482423,1.2459585571289062
0.0001,573.0,13.11271598815918,1.2451090335845947
0.0001,574.0,13.112184371948242,1.2442613410949708
0.0001,575.0,13.111654510498047,1.2434160423278808
0.0001,576.0,13.11112674713135,1.242572727203369
0.0001,577.0,13.110601196289062,1.241731381416321
0.0001,578.0,13.1100772857666,1.2408924007415771
0.0001,579.0,13.109555702209473,1.240055356025696
0.0001,580.0,13.109036254882813,1.239220447540283
0.0001,581.0,13.108518066406251,1.2383877372741698
0.0001,582.0,13.108002395629885,1.2375569772720336
0.0001,583.0,13.107488555908201,1.2367284154891969
0.0001,584.0,13.10697708129883,1.2359018898010254
0.0001,585.0,13.10646682739258,1.2350776100158691
0.0001,586.0,13.105959396362305,1.2342554187774657
0.0001,587.0,13.10545349121094,1.2334350156784057
0.0001,588.0,13.104949531555176,1.2326170063018798
0.0001,589.0,13.104446983337402,1.231800718307495
0.0001,590.0,13.103946990966797,1.2309867715835572
0.0001,591.0,13.103448905944827,1.2301748085021973
0.0001,592.0,13.102952766418456,1.2293649673461915
0.0001,593.0,13.102458381652832,1.2285570335388183
0.0001,594.0,13.101965408325194,1.22775137424469
0.0001,595.0,13.101475372314457,1.226947350502014
0.0001,596.0,13.100986404418947,1.2261456441879273
0.0001,597.0,13.100499687194825,1.2253458786010742
0.0001,598.0,13.100014572143554,1.224548225402832
0.0001,599.0,13.099531364440919,1.2237526321411132
0.0001,600.0,13.099050369262697,1.2229587364196777
0.0001,601.0,13.098570899963379,1.2221673011779786
0.0001,602.0,13.098093414306643,1.221377773284912
0.0001,603.0,13.097617988586427,1.2205899238586426
0.0001,604.0,13.09714412689209,1.2198043823242188
0.0001,605.0,13.096671791076663,1.219020757675171
0.0001,606.0,13.096201858520507,1.2182388877868653
0.0001,607.0,13.095733795166016,1.2174593591690064
0.0001,608.0,13.095267066955568,1.2166815757751466
0.0001,609.0,13.094802398681642,1.2159060001373292
0.0001,610.0,13.094339637756349,1.2151321792602539
0.0001,611.0,13.093878479003909,1.2143602991104125
0.0001,612.0,13.093419265747071,1.2135904121398926
0.0001,613.0,13.092961578369142,1.212822723388672
0.0001,614.0,13.092505569458009,1.2120568990707397
0.0001,615.0,13.092051925659181,1.2112927627563477
0.0001,616.0,13.091599388122559,1.2105307626724244
0.0001,617.0,13.091148948669435,1.209770679473877
0.0001,618.0,13.090700721740722,1.2090124702453613
0.0001,619.0,13.090252838134766,1.2082563209533692
0.0001,620.0,13.089807701110841,1.207502098083496
0.0001,621.0,13.089364128112797,1.2067495107650756
0.0001,622.0,13.08892246246338,1.2059991359710693
0.0001,623.0,13.088482246398925,1.2052506113052368
0.0001,624.0,13.088043975830077,1.204503993988037
0.0001,625.0,13.08760726928711,1.203759274482727
0.0001,626.0,13.087172470092774,1.2030162858963012
0.0001,627.0,13.08673942565918,1.2022754096984865
0.0001,628.0,13.08630786895752,1.2015362787246704
0.0001,629.0,13.085877532958985,1.20079918384552
0.0001,630.0,13.085449333190919,1.2000637245178223
0.0001,631.0,13.08502296447754,1.1993304347991944
0.0001,632.0,13.084598312377931,1.1985989618301391
0.0001,633.0,13.084174880981445,1.1978693532943725
0.0001,634.0,13.083753356933594,1.1971414995193481
0.0001,635.0,13.083333702087403,1.196415596008301
0.0001,636.0,13.082915229797363,1.1956915140151978
0.0001,637.0,13.082498512268067,1.1949694347381592
0.0001,638.0,13.08208339691162,1.1942490673065187
0.0001,639.0,13.081670036315916,1.1935303020477295
0.0001,640.0,13.081258163452148,1.192813606262207
0.0001,641.0,13.080848426818847,1.1920988845825196
0.0001,642.0,13.080439529418946,1.191385817527771
0.0001,643.0,13.080032577514649,1.1906745290756224
0.0001,644.0,13.079627494812014,1.1899652767181397
0.0001,645.0,13.079223594665528,1.1892577695846558
0.0001,646.0,13.078821601867675,1.1885520601272583
0.0001,647.0,13.078420715332031,1.1878479957580566
0.0001,648.0,13.078022193908692,1.1871458292007446
0.0001,649.0,13.07762435913086,1.1864454936981201
0.0001,650.0,13.07722843170166,1.1857472038269044
0.0001,651.0,13.076834259033204,1.1850502920150756
0.0001,652.0,13.076441459655763,1.1843554592132568
0.0001,653.0,13.076050186157227,1.1836621522903443
0.0001,654.0,13.07566017150879,1.182970905303955
0.0001,655.0,13.075272560119629,1.1822812843322754
0.0001,656.0,13.074885711669923,1.1815935373306274
0.0001,657.0,13.07450084686279,1.1809073829650878
0.0001,658.0,13.074117050170898,1.1802231121063231
0.0001,659.0,13.073734970092772,1.1795405435562134
0.0001,660.0,13.073354568481447,1.1788599348068236
0.0001,661.0,13.07297576904297,1.178180832862854
0.0001,662.0,13.0725980758667,1.177503604888916
0.0001,663.0,13.072221908569336,1.176828098297119
0.0001,664.0,13.071847229003906,1.1761543703079225
0.0001,665.0,13.071474037170411,1.1754821681976317
0.0001,666.0,13.071102561950685,1.1748119068145753
0.0001,667.0,13.070732498168946,1.174143443107605
0.0001,668.0,13.070364074707031,1.1734764862060547
0.0001,669.0,13.06999599456787,1.1728115320205688
0.0001,670.0,13.069630584716798,1.1721479320526123
0.0001,671.0,13.06926616668701,1.171486358642578
0.0001,672.0,13.068903007507325,1.1708264207839967
0.0001,673.0,13.06854221343994,1.1701682281494141
0.0001,674.0,13.06818183898926,1.1695116710662843
0.0001,675.0,13.067823600769042,1.1688566732406616
0.0001,676.0,13.0674662399292,1.168203659057617
0.0001,677.0,13.067110137939451,1.1675520515441895
0.0001,678.0,13.066756057739257,1.1669023084640504
0.0001,679.0,13.066402969360352,1.1662542343139648
0.0001,680.0,13.06605167388916,1.1656076765060426
0.0001,681.0,13.065701332092283,1.1649630689620971
0.0001,682.0,13.065353012084962,1.1643199443817138
0.0001,683.0,13.065005226135254,1.1636785650253296
0.0001,684.0,13.06465950012207,1.1630387783050538
0.0001,685.0,13.064314880371093,1.16240074634552
0.0001,686.0,13.063971557617188,1.161764187812805
0.0001,687.0,13.063629531860352,1.1611295795440673
0.0001,688.0,13.06328941345215,1.1604963684082032
0.0001,689.0,13.062949790954592,1.1598648262023925
0.0001,690.0,13.062612533569336,1.1592350816726684
0.0001,691.0,13.062275619506837,1.1586067581176758
0.0001,692.0,13.061940803527833,1.1579802417755127
0.0001,693.0,13.0616064453125,1.157355351448059
0.0001,694.0,13.061274147033691,1.156732130050659
0.0001,695.0,13.060943450927736,1.156110348701477
0.0001,696.0,13.060614166259763,1.155490322113037
0.0001,697.0,13.060285148620606,1.1548719215393066
0.0001,698.0,13.059958114624022,1.1542549610137938
0.0001,699.0,13.059632110595704,1.153639702796936
0.0001,700.0,13.059307327270508,1.1530260896682738
0.0001,701.0,13.058984184265135,1.152414026260376
0.0001,702.0,13.058662567138672,1.1518035984039305
0.0001,703.0,13.058341560363768,1.151194829940796
0.0001,704.0,13.058022079467774,1.150587706565857
0.0001,705.0,13.057704315185548,1.1499820137023926
0.0001,706.0,13.057387275695802,1.1493778705596924
0.0001,707.0,13.05707160949707,1.1487754487991333
0.0001,708.0,13.056757125854492,1.1481744575500488
0.0001,709.0,13.056444358825683,1.1475749826431274
0.0001,710.0,13.056132583618163,1.1469771766662598
0.0001,711.0,13.05582187652588,1.14638108253479
0.0001,712.0,13.055512542724609,1.1457867336273193
0.0001,713.0,13.055204696655274,1.1451934242248536
0.0001,714.0,13.054897994995118,1.1446019554138183
0.0001,715.0,13.054591941833499,1.1440117645263672
0.0001,716.0,13.054287643432618,1.1434233522415163
0.0001,717.0,13.05398468017578,1.142836618423462
0.0001,718.0,13.053683013916016,1.1422511529922486
0.0001,719.0,13.053381919860838,1.1416672468185425
0.0001,720.0,13.053082466125488,1.1410850954055787
0.0001,721.0,13.052784576416014,1.140504331588745
0.0001,722.0,13.052487297058105,1.1399251270294188
0.0001,723.0,13.052191505432129,1.1393473529815674
0.0001,724.0,13.051896247863771,1.138771095275879
0.0001,725.0,13.051602821350098,1.1381965827941896
0.0001,726.0,13.051311035156248,1.1376234674453736
0.0001,727.0,13.051019401550292,1.1370517921447754
0.0001,728.0,13.050729064941406,1.1364815378189088
0.0001,729.0,13.050440521240235,1.135913038253784
0.0001,730.0,13.050152816772462,1.1353458261489868
0.0001,731.0,13.049866485595702,1.1347800016403198
0.0001,732.0,13.049581069946289,1.1342158460617067
0.0001,733.0,13.049297027587892,1.1336532831192017
0.0001,734.0,13.049014015197754,1.133092074394226
0.0001,735.0,13.048731727600098,1.1325324249267579
0.0001,736.0,13.048451118469236,1.1319740867614747
0.0001,737.0,13.04817180633545,1.1314174938201904
0.0001,738.0,13.047893295288086,1.1308620691299438
0.0001,739.0,13.04761558532715,1.1303083467483521
0.0001,740.0,13.047339324951173,1.1297560548782348
0.0001,741.0,13.047064399719238,1.129205093383789
0.0001,742.0,13.046790199279785,1.1286557912826538
0.0001,743.0,13.046517410278323,1.1281077671051025
0.0001,744.0,13.046245498657226,1.1275611734390258
0.0001,745.0,13.04597484588623,1.1270161724090575
0.0001,746.0,13.045704841613771,1.1264724922180176
0.0001,747.0,13.045436744689942,1.1259302854537965
0.0001,748.0,13.04516929626465,1.1253894996643066
0.0001,749.0,13.044902763366698,1.1248502063751222
0.0001,750.0,13.044637718200685,1.1243124532699584
0.0001,751.0,13.044373512268066,1.1237759351730348
0.0001,752.0,13.044110221862791,1.1232409334182738
0.0001,753.0,13.04384822845459,1.122707200050354
0.0001,754.0,13.043587341308593,1.1221751022338868
0.0001,755.0,13.043327407836914,1.1216442823410033
0.0001,756.0,13.043068313598635,1.1211149787902832
0.0001,757.0,13.042810440063477,1.1205870199203491
0.0001,758.0,13.042553596496582,1.1200605010986329
0.0001,759.0,13.04229751586914,1.1195353794097902
0.0001,760.0,13.042043190002442,1.1190114831924438
0.0001,761.0,13.041789093017577,1.1184892988204955
0.0001,762.0,13.041537094116212,1.117968282699585
0.0001,763.0,13.041284713745116,1.1174487209320068
0.0001,764.0,13.041034851074217,1.1169305229187012
0.0001,765.0,13.040785331726074,1.1164138078689576
0.0001,766.0,13.040536804199219,1.1158983516693115
0.0001,767.0,13.040289039611817,1.115384259223938
0.0001,768.0,13.040042114257814,1.1148715209960938
0.0001,769.0,13.039796638488772,1.1143602895736695
0.0001,770.0,13.039551773071288,1.1138504457473755
0.0001,771.0,13.039308395385742,1.113341770172119
0.0001,772.0,13.039066047668456,1.1128346014022827
0.0001,773.0,13.038824501037597,1.112328667640686
0.0001,774.0,13.03858367919922,1.1118242073059081
0.0001,775.0,13.038344116210938,1.1113211441040038
0.0001,776.0,13.03810535430908,1.1108192300796509
0.0001,777.0,13.037867813110351,1.1103188753128053
0.0001,778.0,13.037631187438969,1.109819712638855
0.0001,779.0,13.037395401000975,1.109322066307068
0.0001,780.0,13.037160530090333,1.1088255691528321
0.0001,781.0,13.036926994323732,1.1083304262161255
0.0001,782.0,13.036693992614746,1.1078367137908935
0.0001,783.0,13.036461944580077,1.1073442459106444
0.0001,784.0,13.036230697631837,1.106853199005127
0.0001,785.0,13.03600124359131,1.1063634300231933
0.0001,786.0,13.035771942138672,1.1058749818801878
0.0001,787.0,13.035543899536133,1.1053875303268432
0.0001,788.0,13.03531692504883,1.1049018239974977
0.0001,789.0,13.035090370178223,1.1044172763824462
0.0001,790.0,13.034865226745607,1.1039338874816895
0.0001,791.0,13.034640426635741,1.1034521484375
0.0001,792.0,13.034417190551759,1.1029713916778565
0.0001,793.0,13.034194107055663,1.1024921751022339
0.0001,794.0,13.0339729309082,1.1020141077041625
0.0001,795.0,13.033752288818361,1.1015372085571289
0.0001,796.0,13.033531951904296,1.1010618925094604
0.0001,797.0,13.033312759399413,1.1005876159667969
0.0001,798.0,13.033094787597657,1.1001148891448973
0.0001,799.0,13.032877349853516,1.0996430397033692
0.0001,800.0,13.032661476135253,1.0991729021072387
0.0001,801.0,13.032445945739747,1.0987037277221678
0.0001,802.0,13.032231369018554,1.0982361030578613
0.0001,803.0,13.032017936706543,1.0977693557739259
0.0001,804.0,13.031805152893067,1.0973041915893553
0.0001,805.0,13.03159309387207,1.0968400764465331
0.0001,806.0,13.031382064819336,1.0963772630691528
0.0001,807.0,13.031171684265136,1.0959157609939576
0.0001,808.0,13.030962257385255,1.0954556131362914
0.0001,809.0,13.030753746032714,1.0949965143203735
0.0001,810.0,13.0305464553833,1.0945387172698975
0.0001,811.0,13.03033920288086,1.094082360267639
0.0001,812.0,13.030133323669434,1.0936271953582763
0.0001,813.0,13.029928359985352,1.0931729507446288
0.0001,814.0,13.02972465515137,1.0927202463150025
0.0001,815.0,13.029520683288576,1.0922687530517579
0.0001,816.0,13.029318466186524,1.0918184423446655
0.0001,817.0,13.029116554260254,1.091369128227234
0.0001,818.0,13.028915824890136,1.0909213399887085
0.0001,819.0,13.02871570587158,1.0904746913909913
0.0001,820.0,13.028516540527345,1.090029354095459
0.0001,821.0,13.028317985534667,1.0895850324630738
0.0001,822.0,13.028120422363283,1.0891421222686768
0.0001,823.0,13.027923316955569,1.0887002515792847
0.0001,824.0,13.027727661132811,1.088259506225586
0.0001,825.0,13.027532043457029,1.0878201484680177
0.0001,826.0,13.027337989807128,1.0873819398880005
0.0001,827.0,13.02714427947998,1.0869448232650756
0.0001,828.0,13.026951370239258,1.0865092039108277
0.0001,829.0,13.026759414672851,1.0860745811462402
0.0001,830.0,13.026568107604978,1.085641074180603
0.0001,831.0,13.026377601623537,1.0852088451385498
0.0001,832.0,13.026188354492188,1.0847779273986817
0.0001,833.0,13.025999031066894,1.084347972869873
0.0001,834.0,13.025811195373535,1.0839193201065063
0.0001,835.0,13.02562389373779,1.083491826057434
0.0001,836.0,13.025437240600585,1.083065404891968
0.0001,837.0,13.025251388549805,1.0826402616500854
0.0001,838.0,13.025066833496096,1.0822162437438965
0.0001,839.0,13.024882392883303,1.0817933130264281
0.0001,840.0,13.024698944091798,1.081371603012085
0.0001,841.0,13.024515686035155,1.0809511518478394
0.0001,842.0,13.024333992004394,1.0805319023132323
0.0001,843.0,13.024152908325194,1.0801136922836303
0.0001,844.0,13.023972358703615,1.0796964263916016
0.0001,845.0,13.02379234313965,1.0792806434631348
0.0001,846.0,13.023613357543947,1.07886577129364
0.0001,847.0,13.02343521118164,1.0784522104263305
0.0001,848.0,13.023257713317872,1.0780396127700806
0.0001,849.0,13.023080673217773,1.0776284790039061
0.0001,850.0,13.022904930114745,1.0772180700302123
0.0001,851.0,13.022729148864746,1.0768090057373048
0.0001,852.0,13.022554740905761,1.0764012622833252
0.0001,853.0,13.022380599975586,1.0759943103790284
0.0001,854.0,13.022207565307617,1.0755886793136595
0.0001,855.0,13.022035064697267,1.0751840782165527
0.0001,856.0,13.021863327026367,1.0747806358337404
0.0001,857.0,13.021692695617675,1.074378180503845
0.0001,858.0,13.021522293090822,1.0739770030975342
0.0001,859.0,13.021352424621583,1.0735767459869385
0.0001,860.0,13.021183319091797,1.073177876472473
0.0001,861.0,13.021015434265138,1.0727800464630126
0.0001,862.0,13.020848007202149,1.0723831701278685
0.0001,863.0,13.020680389404298,1.0719874429702758
0.0001,864.0,13.020514526367188,1.071592960357666
0.0001,865.0,13.020349273681642,1.0711993455886841
0.0001,866.0,13.02018424987793,1.0708069658279418
0.0001,867.0,13.020020217895507,1.07041570186615
0.0001,868.0,13.019856529235842,1.0700253915786742
0.0001,869.0,13.01969409942627,1.0696363592147828
0.0001,870.0,13.01953140258789,1.0692482805252075
0.0001,871.0,13.019369926452638,1.068861241340637
0.0001,872.0,13.019209480285646,1.0684753942489624
0.0001,873.0,13.019049339294435,1.0680904579162598
0.0001,874.0,13.018890075683593,1.0677067995071412
0.0001,875.0,13.018731079101562,1.0673240184783936
0.0001,876.0,13.018572654724121,1.0669425272941588
0.0001,877.0,13.018415222167969,1.066561849117279
0.0001,878.0,13.018258476257325,1.066182405948639
0.0001,879.0,13.018102722167969,1.0658039474487304
0.0001,880.0,13.017946968078613,1.0654264426231386
0.0001,881.0,13.017791900634766,1.0650502061843872
0.0001,882.0,13.01763771057129,1.0646750545501709
0.0001,883.0,13.017484130859375,1.0643006801605224
0.0001,884.0,13.017331047058107,1.0639275312423706
0.0001,885.0,13.017178573608398,1.0635554122924804
0.0001,886.0,13.01702739715576,1.063184278011322
0.0001,887.0,13.016875457763673,1.0628142070770263
0.0001,888.0,13.01672477722168,1.0624453043937683
0.0001,889.0,13.01657569885254,1.062077248096466
0.0001,890.0,13.016426620483399,1.0617103505134584
0.0001,891.0,13.016278038024902,1.0613443732261656
0.0001,892.0,13.0161296081543,1.060979471206665
0.0001,893.0,13.015982284545899,1.0606156492233276
0.0001,894.0,13.015835723876954,1.06025288105011
0.0001,895.0,13.015689582824706,1.0598910212516786
0.0001,896.0,13.015543746948243,1.0595301151275636
0.0001,897.0,13.015398521423341,1.0591704559326172
0.0001,898.0,13.015254440307618,1.0588115978240966
0.0001,899.0,13.015110778808594,1.058453757762909
0.0001,900.0,13.014967498779296,1.0580970668792724
0.0001,901.0,13.014824752807614,1.0577413630485535
0.0001,902.0,13.014682731628419,1.0573866319656373
0.0001,903.0,13.01454132080078,1.0570328879356383
0.0001,904.0,13.01440097808838,1.0566800308227537
0.0001,905.0,13.014260711669923,1.056328194141388
0.0001,906.0,13.014120483398438,1.0559773540496826
0.0001,907.0,13.013981552124024,1.0556277489662171
0.0001,908.0,13.013843383789064,1.0552788472175598
0.0001,909.0,13.013705406188965,1.0549311065673828
0.0001,910.0,13.013567924499512,1.0545842409133912
0.0001,911.0,13.013431205749512,1.0542385149002076
0.0001,912.0,13.013294830322266,1.0538935899734496
0.0001,913.0,13.013158950805664,1.053549726009369
0.0001,914.0,13.01302417755127,1.053206741809845
0.0001,915.0,13.012889137268067,1.0528648710250854
0.0001,916.0,13.012755584716796,1.0525238037109375
0.0001,917.0,13.012622108459471,1.052183907032013
0.0001,918.0,13.012489166259765,1.0518447017669676
0.0001,919.0,13.01235679626465,1.0515067982673645
0.0001,920.0,13.012224807739258,1.051169662475586
0.0001,921.0,13.012093391418457,1.0508334279060363
0.0001,922.0,13.011962966918947,1.0504984283447265
0.0001,923.0,13.011832885742189,1.050164077281952
0.0001,924.0,13.011703109741209,1.049830777645111
0.0001,925.0,13.011573982238769,1.0494983768463135
0.0001,926.0,13.011445350646975,1.0491670274734497
0.0001,927.0,13.0113179397583,1.0488365244865419
0.0001,928.0,13.011189956665039,1.0485070824623106
0.0001,929.0,13.011062889099122,1.0481784415245055
0.0001,930.0,13.010936508178713,1.0478508853912354
0.0001,931.0,13.010810432434083,1.0475240421295167
0.0001,932.0,13.010685157775878,1.0471983385086059
0.0001,933.0,13.010560035705566,1.0468733930587768
0.0001,934.0,13.010436325073245,1.0465494108200073
0.0001,935.0,13.010312080383303,1.0462264156341554
0.0001,936.0,13.010189056396483,1.0459044170379639
0.0001,937.0,13.010065917968749,1.0455832958221436
0.0001,938.0,13.009943656921386,1.0452630519866943
0.0001,939.0,13.00982192993164,1.0449437403678894
0.0001,940.0,13.009700546264652,1.044625425338745
0.0001,941.0,13.009579467773438,1.0443078684806824
0.0001,942.0,13.009459342956543,1.043991243839264
0.0001,943.0,13.009339675903322,1.043675615787506
0.0001,944.0,13.00922004699707,1.0433607029914855
0.0001,945.0,13.009101409912113,1.04304682970047
0.0001,946.0,13.008982887268067,1.042733986377716
0.0001,947.0,13.008865356445312,1.0424219226837157
0.0001,948.0,13.008747482299803,1.0421107912063599
0.0001,949.0,13.008631057739258,1.041800353527069
0.0001,950.0,13.008514671325683,1.0414910960197448
0.0001,951.0,13.008399047851563,1.041182553768158
0.0001,952.0,13.008283081054687,1.0408749437332154
0.0001,953.0,13.008168296813967,1.0405681562423705
0.0001,954.0,13.008053550720215,1.040262291431427
0.0001,955.0,13.007939529418946,1.0399575519561768
0.0001,956.0,13.00782585144043,1.0396533107757568
0.0001,957.0,13.00771297454834,1.039350197315216
0.0001,958.0,13.007600250244142,1.0390477752685547
0.0001,959.0,13.00748851776123,1.038746373653412
0.0001,960.0,13.007376632690432,1.0384456539154052
0.0001,961.0,13.007265510559083,1.0381460618972778
0.0001,962.0,13.007155151367188,1.0378471732139587
0.0001,963.0,13.007044296264649,1.0375491404533386
0.0001,964.0,13.006934509277343,1.037252073287964
0.0001,965.0,13.00682529449463,1.036955795288086
0.0001,966.0,13.006716117858888,1.0366602659225463
0.0001,967.0,13.006607780456543,1.0363658094406127
0.0001,968.0,13.00649959564209,1.0360720777511596
0.0001,969.0,13.006392173767091,1.035779311656952
0.0001,970.0,13.00628479003906,1.0354871726036072
0.0001,971.0,13.006177940368651,1.0351959991455078
0.0001,972.0,13.00607192993164,1.034905767440796
0.0001,973.0,13.005966033935547,1.0346163272857667
0.0001,974.0,13.005861129760742,1.0343276119232176
0.0001,975.0,13.005755462646485,1.034039840698242
0.0001,976.0,13.005651092529298,1.0337528157234193
0.0001,977.0,13.005546951293946,1.0334667134284974
0.0001,978.0,13.005443572998047,1.0331814217567445
0.0001,979.0,13.00534034729004,1.0328971934318543
0.0001,980.0,13.005237426757812,1.0326132893562316
0.0001,981.0,13.005134582519531,1.0323305225372315
0.0001,982.0,13.005033340454103,1.0320484495162963
0.0001,983.0,13.004931716918945,1.0317674612998962
0.0001,984.0,13.004830284118652,1.0314869356155396
0.0001,985.0,13.004730033874512,1.0312074756622314
0.0001,986.0,13.004629707336424,1.0309288048744203
0.0001,987.0,13.004529151916508,1.0306509470939638
0.0001,988.0,13.004430084228517,1.0303738689422608
0.0001,989.0,13.0043306350708,1.0300975489616395
0.0001,990.0,13.00423210144043,1.0298219990730284
0.0001,991.0,13.004134063720704,1.0295472717285157
0.0001,992.0,13.004036140441896,1.029273488521576
0.0001,993.0,13.003938484191895,1.0290003204345703
0.0001,994.0,13.003841552734375,1.028728151321411
0.0001,995.0,13.00374496459961,1.0284566855430604
0.0001,996.0,13.003648872375487,1.0281859564781188
0.0001,997.0,13.003552894592287,1.0279159212112425
0.0001,998.0,13.003457183837892,1.0276469802856445
0.0001,999.0,13.003362617492675,1.0273785376548767
0.0001,1000.0,13.003267669677735,1.0271111249923706
0.0001,1001.0,13.003173408508301,1.0268442630767822
0.0001,1002.0,13.003079643249512,1.0265783667564392
0.0001,1003.0,13.00298614501953,1.0263132405281068
0.0001,1004.0,13.00289295196533,1.0260488820075988
0.0001,1005.0,13.002800102233888,1.0257852506637573
0.0001,1006.0,13.002708168029786,1.0255223441123964
0.0001,1007.0,13.002615814208985,1.0252602839469909
0.0001,1008.0,13.00252437591553,1.0249989700317383
0.0001,1009.0,13.002433090209962,1.024738426208496
0.0001,1010.0,13.00234218597412,1.0244786405563355
0.0001,1011.0,13.002251586914062,1.0242198204994202
0.0001,1012.0,13.002161445617674,1.0239615297317504
0.0001,1013.0,13.002071762084963,1.0237038445472717
0.0001,1014.0,13.001982269287108,1.0234471583366394
0.0001,1015.0,13.001893463134765,1.0231911754608154
0.0001,1016.0,13.001804885864257,1.0229360270500183
0.0001,1017.0,13.00171630859375,1.0226816272735597
0.0001,1018.0,13.001628723144533,1.022427854537964
0.0001,1019.0,13.001541595458985,1.0221747970581054
0.0001,1020.0,13.001454086303712,1.0219226837158204
0.0001,1021.0,13.001367530822755,1.0216712617874144
0.0001,1022.0,13.001280937194824,1.0214206218719482
0.0001,1023.0,13.001194686889647,1.0211705875396728
0.0001,1024.0,13.001109085083009,1.0209212899208069
0.0001,1025.0,13.001023483276368,1.0206728267669678
0.0001,1026.0,13.0009379196167,1.0204250240325927
0.0001,1027.0,13.000854187011718,1.0201781105995178
0.0001,1028.0,13.000769577026368,1.0199317932128906
0.0001,1029.0,13.000685234069824,1.0196862125396728
0.0001,1030.0,13.000601577758788,1.019441258907318
0.0001,1031.0,13.000518112182617,1.0191971945762635
0.0001,1032.0,13.000435218811036,1.0189538240432738
0.0001,1033.0,13.000352516174317,1.0187111353874208
0.0001,1034.0,13.000270462036134,1.0184691190719604
0.0001,1035.0,13.000188255310059,1.0182278728485108
0.0001,1036.0,13.0001070022583,1.0179873728752136
0.0001,1037.0,13.000025291442869,1.0177475452423095
0.0001,1038.0,12.999944686889648,1.0175086283683776
0.0001,1039.0,12.999863929748534,1.0172702741622925
0.0001,1040.0,12.999783935546876,1.017032516002655
0.0001,1041.0,12.99970371246338,1.0167956137657166
0.0001,1042.0,12.999623718261718,1.0165594053268432
0.0001,1043.0,12.99954433441162,1.0163238143920899
0.0001,1044.0,12.999465255737306,1.0160888719558716
0.0001,1045.0,12.999387092590332,1.0158546352386475
0.0001,1046.0,12.999308776855468,1.0156213855743408
0.0001,1047.0,12.999230804443357,1.0153885674476624
0.0001,1048.0,12.999152755737303,1.0151564764976502
0.0001,1049.0,12.999075241088867,1.0149251866340636
0.0001,1050.0,12.998998298645018,1.0146943950653076
0.0001,1051.0,12.998921966552734,1.01446457862854
0.0001,1052.0,12.99884536743164,1.014235315322876
0.0001,1053.0,12.998768882751465,1.014006690979004
0.0001,1054.0,12.998693237304689,1.0137787604331971
0.0001,1055.0,12.998617820739748,1.013551435470581
0.0001,1056.0,12.998542251586914,1.0133248591423034
0.0001,1057.0,12.9984676361084,1.013098976612091
0.0001,1058.0,12.998392753601074,1.0128736567497254
0.0001,1059.0,12.998318595886232,1.0126491498947143
0.0001,1060.0,12.998244285583496,1.0124253034591675
0.0001,1061.0,12.99817138671875,1.0122021508216859
0.0001,1062.0,12.998097610473634,1.0119797468185425
0.0001,1063.0,12.998024482727052,1.011757731437683
0.0001,1064.0,12.997951812744141,1.011536626815796
0.0001,1065.0,12.997879333496092,1.0113160634040832
0.0001,1066.0,12.99780693054199,1.0110962581634522
0.0001,1067.0,12.99773494720459,1.0108770394325255
0.0001,1068.0,12.997663421630861,1.0106585025787354
0.0001,1069.0,12.997592010498048,1.0104406809806823
0.0001,1070.0,12.997520866394044,1.0102234983444214
0.0001,1071.0,12.997450370788574,1.0100069332122803
0.0001,1072.0,12.997379531860352,1.009790802001953
0.0001,1073.0,12.997309761047363,1.009575569629669
0.0001,1074.0,12.997239646911622,1.009360921382904
0.0001,1075.0,12.997170219421385,1.0091471433639527
0.0001,1076.0,12.997101058959961,1.008933708667755
0.0001,1077.0,12.997031974792481,1.008721077442169
0.0001,1078.0,12.996963233947755,1.0085089111328125
0.0001,1079.0,12.996894454956056,1.0082975792884827
0.0001,1080.0,12.996826286315919,1.0080867671966551
0.0001,1081.0,12.996758155822754,1.0078765845298767
0.0001,1082.0,12.996690368652343,1.007667202949524
0.0001,1083.0,12.996623191833496,1.007458200454712
0.0001,1084.0,12.996556320190429,1.007249903678894
0.0001,1085.0,12.996489486694337,1.0070423531532287
0.0001,1086.0,12.996422996520995,1.0068353557586671
0.0001,1087.0,12.996356620788573,1.0066290950775145
0.0001,1088.0,12.996290588378905,1.0064234519004822
0.0001,1089.0,12.99622531890869,1.0062181878089906
0.0001,1090.0,12.996159172058105,1.006013638973236
0.0001,1091.0,12.996093940734864,1.005810022354126
0.0001,1092.0,12.996029472351074,1.005606653690338
0.0001,1093.0,12.995964431762694,1.0054039359092712
0.0001,1094.0,12.995900192260741,1.0052019548416138
0.0001,1095.0,12.995836143493653,1.005000603199005
0.0001,1096.0,12.995772552490235,1.004799737930298
0.0001,1097.0,12.99570827484131,1.0045995664596559
0.0001,1098.0,12.995645027160647,1.0043999576568603
0.0001,1099.0,12.99558208465576,1.0042011308670045
0.0001,1100.0,12.995519409179687,1.0040027570724488
0.0001,1101.0,12.995456314086914,1.0038050031661987
0.0001,1102.0,12.995394134521485,1.0036078214645385
0.0001,1103.0,12.99533218383789,1.0034112477302553
0.0001,1104.0,12.995270195007325,1.003215172290802
0.0001,1105.0,12.99520835876465,1.0030200171470642
0.0001,1106.0,12.99514720916748,1.0028250789642335
0.0001,1107.0,12.995086059570312,1.0026310062408448
0.0001,1108.0,12.995025215148925,1.002437391281128
0.0001,1109.0,12.994964485168458,1.0022444581985472
0.0001,1110.0,12.994904174804688,1.0020520329475402
0.0001,1111.0,12.994844284057617,1.001859998703003
0.0001,1112.0,12.994783935546875,1.001668863296509
0.0001,1113.0,12.994724540710452,1.0014783143997192
0.0001,1114.0,12.994665031433104,1.0012881875038147
0.0001,1115.0,12.994605903625489,1.001098666191101
0.0001,1116.0,12.994547004699708,1.0009097957611084
0.0001,1117.0,12.99448829650879,1.0007214784622191
0.0001,1118.0,12.994429893493653,1.0005337238311767
0.0001,1119.0,12.994371490478517,1.000346369743347
0.0001,1120.0,12.994313430786132,1.0001598834991454
0.0001,1121.0,12.994256248474121,0.9999737977981566
0.0001,1122.0,12.99419834136963,0.9997884273529053
0.0001,1123.0,12.994141197204591,0.9996034145355225
0.0001,1124.0,12.994084129333496,0.9994190287590027
0.0001,1125.0,12.994027481079103,0.9992353487014771
0.0001,1126.0,12.993970870971678,0.9990521240234376
0.0001,1127.0,12.993914260864258,0.9988694405555725
0.0001,1128.0,12.993858108520508,0.9986873960494995
0.0001,1129.0,12.993802299499512,0.9985058617591858
0.0001,1130.0,12.993746337890625,0.9983248901367188
0.0001,1131.0,12.993691139221191,0.9981445360183716
0.0001,1132.0,12.993636093139648,0.9979646372795106
0.0001,1133.0,12.993580551147462,0.9977853775024415
0.0001,1134.0,12.993525962829588,0.9976064968109131
0.0001,1135.0,12.993471450805663,0.9974282121658324
0.0001,1136.0,12.99341709136963,0.9972505998611451
0.0001,1137.0,12.993362884521483,0.9970734310150147
0.0001,1138.0,12.99330871582031,0.9968969678878785
0.0001,1139.0,12.993254890441895,0.9967208933830262
0.0001,1140.0,12.99320167541504,0.9965454149246216
0.0001,1141.0,12.993148612976075,0.9963703918457032
0.0001,1142.0,12.993095245361328,0.9961959433555603
0.0001,1143.0,12.993042640686035,0.9960221123695374
0.0001,1144.0,12.992990264892578,0.99584885597229
0.0001,1145.0,12.992937202453612,0.9956759667396545
0.0001,1146.0,12.992884941101073,0.9955036854743957
0.0001,1147.0,12.992833175659182,0.9953319883346559
0.0001,1148.0,12.99278129577637,0.9951606273651123
0.0001,1149.0,12.992729873657225,0.9949900150299071
0.0001,1150.0,12.992678260803222,0.9948197484016419
0.0001,1151.0,12.99262763977051,0.9946501207351686
0.0001,1152.0,12.992575912475589,0.9944810461997986
0.0001,1153.0,12.99252513885498,0.994312481880188
0.0001,1154.0,12.992474822998046,0.9941444039344787
0.0001,1155.0,12.992424507141111,0.9939769434928895
0.0001,1156.0,12.992374305725098,0.993809928894043
0.0001,1157.0,12.992324409484862,0.9936432695388794
0.0001,1158.0,12.992274475097657,0.9934773159027099
0.0001,1159.0,12.992224731445313,0.9933118391036988
0.0001,1160.0,12.992175102233885,0.9931468152999878
0.0001,1161.0,12.992126541137694,0.9929823350906373
0.0001,1162.0,12.992077255249022,0.9928184413909913
0.0001,1163.0,12.992028732299804,0.9926549243927002
0.0001,1164.0,12.991979942321779,0.9924919605255127
0.0001,1165.0,12.99193172454834,0.9923294854164123
0.0001,1166.0,12.991883392333984,0.9921675944328309
0.0001,1167.0,12.991835556030273,0.9920060825347901
0.0001,1168.0,12.991787528991699,0.9918451237678527
0.0001,1169.0,12.991739845275879,0.9916846418380737
0.0001,1170.0,12.991692504882813,0.9915248537063599
0.0001,1171.0,12.991645431518554,0.9913653469085693
0.0001,1172.0,12.991598091125491,0.9912064790725709
0.0001,1173.0,12.991551551818848,0.9910479688644409
0.0001,1174.0,12.991504364013672,0.9908900117874146
0.0001,1175.0,12.991458168029785,0.9907324552536011
0.0001,1176.0,12.991411781311035,0.9905754494667053
0.0001,1177.0,12.991365509033201,0.9904190421104431
0.0001,1178.0,12.991319313049319,0.9902631330490113
0.0001,1179.0,12.991273727416992,0.9901074504852295
0.0001,1180.0,12.991228294372558,0.9899523639678955
0.0001,1181.0,12.991183052062988,0.9897978520393371
0.0001,1182.0,12.991137504577638,0.9896437740325928
0.0001,1183.0,12.991092567443848,0.9894901180267334
0.0001,1184.0,12.99104751586914,0.9893370366096497
0.0001,1185.0,12.991002922058103,0.9891844201087951
0.0001,1186.0,12.990958175659179,0.9890322494506836
0.0001,1187.0,12.990914039611818,0.9888805437088013
0.0001,1188.0,12.990869674682616,0.9887292504310607
0.0001,1189.0,12.990825691223144,0.9885784983634949
0.0001,1190.0,12.990781898498534,0.9884282660484314
0.0001,1191.0,12.990738449096678,0.988278272151947
0.0001,1192.0,12.990694847106933,0.9881291246414183
0.0001,1193.0,12.99065170288086,0.9879801273345947
0.0001,1194.0,12.990608558654785,0.9878316831588745
0.0001,1195.0,12.990565414428712,0.9876837921142578
0.0001,1196.0,12.990522804260255,0.9875362467765807
0.0001,1197.0,12.990479850769042,0.9873892116546631
0.0001,1198.0,12.99043769836426,0.9872426199913025
0.0001,1199.0,12.990395355224607,0.9870964837074279
0.0001,1200.0,12.990353050231935,0.9869509220123291
0.0001,1201.0,12.990311241149902,0.9868057942390441
0.0001,1202.0,12.990269241333007,0.9866607952117921
0.0001,1203.0,12.990227890014648,0.9865166091918944
0.0001,1204.0,12.990186119079588,0.9863727164268494
0.0001,1205.0,12.99014446258545,0.9862292885780335
0.0001,1206.0,12.990103721618654,0.9860863494873047
0.0001,1207.0,12.990062904357911,0.9859438753128051
0.0001,1208.0,12.990022048950195,0.9858018565177917
0.0001,1209.0,12.989981498718263,0.9856602382659913
0.0001,1210.0,12.989941024780276,0.9855190324783325
0.0001,1211.0,12.989900665283201,0.9853782272338867
0.0001,1212.0,12.989860343933106,0.9852379965782165
0.0001,1213.0,12.989820442199708,0.985098123550415
0.0001,1214.0,12.989780426025389,0.9849586510658264
0.0001,1215.0,12.989740524291992,0.9848197197914124
0.0001,1216.0,12.989701805114747,0.9846812009811401
0.0001,1217.0,12.989662246704103,0.984543159008026
0.0001,1218.0,12.98962242126465,0.9844054412841796
0.0001,1219.0,12.989583358764648,0.9842681908607482
0.0001,1220.0,12.98954444885254,0.9841312861442566
0.0001,1221.0,12.989505920410156,0.9839949011802673
0.0001,1222.0,12.989466896057127,0.9838591027259826
0.0001,1223.0,12.989428787231446,0.983723487854004
0.0001,1224.0,12.989390678405762,0.9835883712768555
0.0001,1225.0,12.989352340698243,0.9834537196159363
0.0001,1226.0,12.98931427001953,0.9833193516731262
0.0001,1227.0,12.989276504516601,0.9831854581832886
0.0001,1228.0,12.98923858642578,0.9830521845817566
0.0001,1229.0,12.989201316833496,0.9829191589355468
0.0001,1230.0,12.989163589477537,0.9827865886688232
0.0001,1231.0,12.989126052856443,0.982654333114624
0.0001,1232.0,12.989089279174806,0.9825225758552552
0.0001,1233.0,12.989051818847658,0.9823913168907166
0.0001,1234.0,12.989015388488772,0.9822602844238281
0.0001,1235.0,12.98897876739502,0.9821298599243165
0.0001,1236.0,12.988942031860354,0.9819997382164002
0.0001,1237.0,12.988905563354493,0.9818699741363526
0.0001,1238.0,12.98886962890625,0.9817407298088073
0.0001,1239.0,12.988833045959472,0.9816118550300599
0.0001,1240.0,12.98879695892334,0.9814835000038147
0.0001,1241.0,12.988761138916015,0.9813552856445313
0.0001,1242.0,12.988725204467773,0.9812278079986572
0.0001,1243.0,12.988689575195313,0.9811003184318543
0.0001,1244.0,12.988654594421385,0.9809735894203186
0.0001,1245.0,12.98861915588379,0.9808470869064331
0.0001,1246.0,12.98858386993408,0.9807210612297058
0.0001,1247.0,12.98854919433594,0.9805953168869019
0.0001,1248.0,12.988514099121094,0.9804701256752014
0.0001,1249.0,12.988479576110837,0.9803452372550965
0.0001,1250.0,12.988444633483887,0.980220685005188
0.0001,1251.0,12.988410301208496,0.980096664428711
0.0001,1252.0,12.988376274108889,0.9799729466438294
0.0001,1253.0,12.98834156036377,0.9798495531082153
0.0001,1254.0,12.988307533264159,0.9797265625
0.0001,1255.0,12.988273696899412,0.9796041560173034
0.0001,1256.0,12.988240203857423,0.979481954574585
0.0001,1257.0,12.988206558227539,0.979360318183899
0.0001,1258.0,12.988172607421877,0.9792388105392456
0.0001,1259.0,12.98813907623291,0.9791178989410401
0.0001,1260.0,12.988105926513672,0.978997106552124
0.0001,1261.0,12.988072891235353,0.9788770627975465
0.0001,1262.0,12.988039741516115,0.9787572455406189
0.0001,1263.0,12.988006896972657,0.9786376881599427
0.0001,1264.0,12.987973747253417,0.9785185647010803
0.0001,1265.0,12.987941398620606,0.9783998203277589
0.0001,1266.0,12.987908668518068,0.9782815527915955
0.0001,1267.0,12.987876510620117,0.9781635999679565
0.0001,1268.0,12.987843971252442,0.9780458736419677
0.0001,1269.0,12.987812423706055,0.9779286575317383
0.0001,1270.0,12.987780227661133,0.9778119182586669
0.0001,1271.0,12.987747917175293,0.9776954269409179
0.0001,1272.0,12.98771667480469,0.9775791645050049
0.0001,1273.0,12.98768482208252,0.9774634647369385
0.0001,1274.0,12.98765296936035,0.9773480582237244
0.0001,1275.0,12.98762176513672,0.9772331714630127
0.0001,1276.0,12.987590408325195,0.9771184253692626
0.0001,1277.0,12.987559013366699,0.9770040798187256
0.0001,1278.0,12.987528457641602,0.9768902230262756
0.0001,1279.0,12.98749698638916,0.976776614189148
0.0001,1280.0,12.987466659545897,0.9766634726524352
0.0001,1281.0,12.987435798645018,0.9765505576133728
0.0001,1282.0,12.987405128479002,0.9764380979537964
0.0001,1283.0,12.987374610900881,0.976325876712799
0.0001,1284.0,12.987344207763673,0.97621413230896
0.0001,1285.0,12.987314300537111,0.9761026692390442
0.0001,1286.0,12.987283935546875,0.9759916400909424
0.0001,1287.0,12.98725399017334,0.9758808922767639
0.0001,1288.0,12.987224121093751,0.9757704257965087
0.0001,1289.0,12.987194557189941,0.9756605124473572
0.0001,1290.0,12.98716468811035,0.9755507946014405
0.0001,1291.0,12.987135086059569,0.9754414772987365
0.0001,1292.0,12.987105712890624,0.9753324961662292
0.0001,1293.0,12.987076110839842,0.9752238178253174
0.0001,1294.0,12.987046852111815,0.9751155948638915
0.0001,1295.0,12.987017822265624,0.9750076317787171
0.0001,1296.0,12.986989212036134,0.9748999834060669
0.0001,1297.0,12.98696014404297,0.9747927141189576
0.0001,1298.0,12.986931228637696,0.9746857047080995
0.0001,1299.0,12.986902656555177,0.9745791935920716
0.0001,1300.0,12.98687438964844,0.9744728446006775
0.0001,1301.0,12.98684597015381,0.9743668746948242
0.0001,1302.0,12.986817550659179,0.974261405467987
0.0001,1303.0,12.986789474487306,0.9741562271118165
0.0001,1304.0,12.986761093139648,0.974051330089569
0.0001,1305.0,12.986733398437503,0.9739466834068298
0.0001,1306.0,12.986705665588378,0.9738424253463746
0.0001,1307.0,12.986678199768068,0.9737385153770446
0.0001,1308.0,12.986650123596192,0.9736349844932557
0.0001,1309.0,12.986622390747067,0.9735317564010619
0.0001,1310.0,12.98659523010254,0.9734286475181579
0.0001,1311.0,12.986567649841309,0.9733260798454284
0.0001,1312.0,12.98654037475586,0.9732239151000976
0.0001,1313.0,12.986513442993163,0.9731219434738159
0.0001,1314.0,12.986486320495606,0.9730204391479492
0.0001,1315.0,12.986459541320801,0.9729189014434814
0.0001,1316.0,12.986432456970215,0.9728181552886963
0.0001,1317.0,12.98640567779541,0.9727172899246216
0.0001,1318.0,12.986379089355468,0.9726170420646667
0.0001,1319.0,12.986352462768554,0.9725169348716736
0.0001,1320.0,12.98632598876953,0.9724174022674561
0.0001,1321.0,12.986300010681152,0.9723178577423095
0.0001,1322.0,12.986274070739746,0.9722187471389772
0.0001,1323.0,12.986247596740721,0.9721201252937317
0.0001,1324.0,12.986220893859864,0.9720216655731202
0.0001,1325.0,12.986195373535157,0.9719234108924866
0.0001,1326.0,12.986169738769533,0.9718256330490113
0.0001,1327.0,12.98614429473877,0.9717282128334045
0.0001,1328.0,12.98611846923828,0.9716310214996338
0.0001,1329.0,12.986092681884767,0.9715340781211853
0.0001,1330.0,12.986067237854003,0.9714375686645509
0.0001,1331.0,12.986042098999025,0.9713412857055664
0.0001,1332.0,12.986017074584963,0.9712453413009643
0.0001,1333.0,12.985991668701173,0.9711495995521546
0.0001,1334.0,12.985966682434082,0.9710541844367981
0.0001,1335.0,12.985941696166993,0.9709591698646545
0.0001,1336.0,12.985916557312011,0.9708644914627075
0.0001,1337.0,12.985891914367677,0.9707699537277221
0.0001,1338.0,12.985867767333982,0.9706757736206055
0.0001,1339.0,12.985842666625976,0.9705819725990297
0.0001,1340.0,12.98581844329834,0.9704884314537048
0.0001,1341.0,12.985793533325197,0.9703951621055603
0.0001,1342.0,12.985769958496094,0.9703023147583008
0.0001,1343.0,12.98574535369873,0.9702094674110413
0.0001,1344.0,12.98572105407715,0.9701170420646668
0.0001,1345.0,12.985697517395018,0.9700251054763793
0.0001,1346.0,12.985673904418945,0.969933156967163
0.0001,1347.0,12.985649604797361,0.969841697216034
0.0001,1348.0,12.985625762939454,0.9697505617141724
0.0001,1349.0,12.985602264404298,0.9696596431732178
0.0001,1350.0,12.98557861328125,0.9695689415931701
0.0001,1351.0,12.98555522918701,0.9694785761833191
0.0001,1352.0,12.985531616210936,0.9693886113166809
0.0001,1353.0,12.985508003234864,0.9692987537384032
0.0001,1354.0,12.985485076904299,0.9692094063758849
0.0001,1355.0,12.98546241760254,0.9691201782226562
0.0001,1356.0,12.985438537597657,0.969031286239624
0.0001,1357.0,12.985416107177732,0.9689425563812255
0.0001,1358.0,12.985392990112306,0.9688543248176575
0.0001,1359.0,12.985370445251466,0.9687662887573243
0.0001,1360.0,12.985347137451173,0.9686784362792968
0.0001,1361.0,12.98532512664795,0.9685910725593567
0.0001,1362.0,12.98530212402344,0.9685037183761596
0.0001,1363.0,12.98527961730957,0.9684168195724487
0.0001,1364.0,12.985257415771482,0.9683301162719726
0.0001,1365.0,12.98523525238037,0.9682436728477479
0.0001,1366.0,12.985213050842288,0.9681577396392822
0.0001,1367.0,12.985191116333008,0.968071858882904
0.0001,1368.0,12.98516902923584,0.9679861855506897
0.0001,1369.0,12.9851469039917,0.9679008030891418
0.0001,1370.0,12.985125045776368,0.9678158664703369
0.0001,1371.0,12.985103340148926,0.9677311778068542
0.0001,1372.0,12.985081787109374,0.9676465559005738
0.0001,1373.0,12.985060119628905,0.9675623989105224
0.0001,1374.0,12.98503860473633,0.9674784898757935
0.0001,1375.0,12.98501708984375,0.9673946690559387
0.0001,1376.0,12.98499584197998,0.967311248779297
0.0001,1377.0,12.984974555969238,0.9672283267974853
0.0001,1378.0,12.984953193664552,0.9671452641487122
0.0001,1379.0,12.984932327270508,0.9670625591278077
0.0001,1380.0,12.984911003112794,0.966980254650116
0.0001,1381.0,12.984890098571778,0.9668981456756592
0.0001,1382.0,12.984869117736816,0.9668162965774536
0.0001,1383.0,12.984848709106448,0.9667347621917725
0.0001,1384.0,12.984827690124511,0.9666534328460694
0.0001,1385.0,12.984807052612304,0.9665723848342895
0.0001,1386.0,12.984786148071288,0.9664915871620179
0.0001,1387.0,12.98476577758789,0.966411168575287
0.0001,1388.0,12.984745712280274,0.9663307499885558
0.0001,1389.0,12.984724922180177,0.9662508726119996
0.0001,1390.0,12.984705162048341,0.966170952320099
0.0001,1391.0,12.98468463897705,0.966091389656067
0.0001,1392.0,12.984664459228517,0.9660121083259582
0.0001,1393.0,12.984644775390624,0.9659331846237182
0.0001,1394.0,12.9846248626709,0.9658543038368226
0.0001,1395.0,12.984604988098146,0.9657758688926698
0.0001,1396.0,12.98458480834961,0.9656975626945495
0.0001,1397.0,12.984564933776856,0.9656195497512818
0.0001,1398.0,12.984545249938966,0.9655417203903198
0.0001,1399.0,12.984525833129883,0.9654643583297731
0.0001,1400.0,12.984506607055664,0.9653869938850403
0.0001,1401.0,12.984486923217775,0.9653099346160889
0.0001,1402.0,12.984467430114744,0.9652332329750062
0.0001,1403.0,12.984448127746582,0.9651567149162292
0.0001,1404.0,12.984429283142092,0.9650804138183593
0.0001,1405.0,12.984409790039063,0.9650043177604675
0.0001,1406.0,12.984390525817874,0.9649284386634827
0.0001,1407.0,12.984371490478516,0.9648528313636779
0.0001,1408.0,12.984352607727049,0.9647775602340698
0.0001,1409.0,12.984333724975585,0.9647024607658387
0.0001,1410.0,12.984315338134767,0.9646276450157165
0.0001,1411.0,12.984296112060548,0.9645530009269715
0.0001,1412.0,12.984277420043945,0.9644785308837891
0.0001,1413.0,12.984259033203125,0.9644044184684754
0.0001,1414.0,12.984240455627443,0.9643305230140686
0.0001,1415.0,12.984221954345703,0.9642567896842957
0.0001,1416.0,12.98420383453369,0.964183316230774
0.0001,1417.0,12.98418514251709,0.9641102123260498
0.0001,1418.0,12.984167251586912,0.9640372157096864
0.0001,1419.0,12.984148559570313,0.963964490890503
0.0001,1420.0,12.98413112640381,0.9638919925689697
0.0001,1421.0,12.9841125869751,0.9638197755813599
0.0001,1422.0,12.984094200134278,0.9637476682662964
0.0001,1423.0,12.984076957702637,0.9636759185791015
0.0001,1424.0,12.984059066772462,0.9636042332649232
0.0001,1425.0,12.984040908813476,0.9635327863693237
0.0001,1426.0,12.98402328491211,0.9634617519378662
0.0001,1427.0,12.98400562286377,0.963390769958496
0.0001,1428.0,12.983988151550292,0.9633200383186341
0.0001,1429.0,12.98397045135498,0.9632496976852416
0.0001,1430.0,12.98395320892334,0.9631795072555542
0.0001,1431.0,12.983936004638672,0.9631093502044679
0.0001,1432.0,12.983918228149415,0.9630397129058837
0.0001,1433.0,12.98390121459961,0.9629700422286989
0.0001,1434.0,12.983883819580077,0.9629007411003112
0.0001,1435.0,12.983866729736327,0.9628315806388855
0.0001,1436.0,12.98384983062744,0.9627626371383667
0.0001,1437.0,12.983832931518554,0.962693932056427
0.0001,1438.0,12.983815536499023,0.9626255846023559
0.0001,1439.0,12.983798980712889,0.9625573444366455
0.0001,1440.0,12.983782081604007,0.9624891591072082
0.0001,1441.0,12.983765182495116,0.9624214506149292
0.0001,1442.0,12.983748321533206,0.9623537755012512
0.0001,1443.0,12.983732032775881,0.9622865223884582
0.0001,1444.0,12.983715438842772,0.9622192692756653
0.0001,1445.0,12.983698577880858,0.9621522855758666
0.0001,1446.0,12.983682632446289,0.9620853900909424
0.0001,1447.0,12.983666381835937,0.962018895149231
0.0001,1448.0,12.983649826049804,0.9619525623321534
0.0001,1449.0,12.983633422851563,0.9618864798545838
0.0001,1450.0,12.983616905212402,0.9618204498291016
0.0001,1451.0,12.983601150512694,0.961754789352417
0.0001,1452.0,12.983585090637208,0.9616893458366393
0.0001,1453.0,12.983569145202635,0.9616240215301514
0.0001,1454.0,12.983552932739258,0.9615589570999146
0.0001,1455.0,12.98353687286377,0.9614941096305847
0.0001,1456.0,12.983521423339843,0.9614294791221618
0.0001,1457.0,12.983505363464355,0.961365020275116
0.0001,1458.0,12.983489494323731,0.9613006925582885
0.0001,1459.0,12.983473739624024,0.9612366461753845
0.0001,1460.0,12.983458595275879,0.9611726760864259
0.0001,1461.0,12.983443222045898,0.961109118461609
0.0001,1462.0,12.9834273147583,0.9610456466674806
0.0001,1463.0,12.983411750793458,0.9609824681282043
0.0001,1464.0,12.98339645385742,0.9609195280075074
0.0001,1465.0,12.98338108062744,0.9608566188812255
0.0001,1466.0,12.983365859985351,0.9607938838005066
0.0001,1467.0,12.983350448608398,0.9607315063476562
0.0001,1468.0,12.983335380554198,0.9606692051887513
0.0001,1469.0,12.983320083618166,0.96060706615448
0.0001,1470.0,12.983305320739746,0.9605453872680664
0.0001,1471.0,12.98329029083252,0.9604835844039916
0.0001,1472.0,12.983275375366212,0.9604221391677856
0.0001,1473.0,12.983260307312012,0.9603609538078308
0.0001,1474.0,12.983245391845703,0.9602996492385865
0.0001,1475.0,12.983230819702149,0.9602388811111451
0.0001,1476.0,12.98321605682373,0.9601783084869385
0.0001,1477.0,12.983201141357421,0.9601176810264587
0.0001,1478.0,12.983187026977538,0.9600574111938476
0.0001,1479.0,12.983172111511232,0.9599972176551819
0.0001,1480.0,12.983157539367674,0.9599373269081116
0.0001,1481.0,12.983143577575685,0.9598775553703308
0.0001,1482.0,12.983128547668459,0.9598180389404297
0.0001,1483.0,12.983114471435547,0.9597587609291076
0.0001,1484.0,12.98309955596924,0.9596996402740479
0.0001,1485.0,12.983086128234865,0.9596405076980592
0.0001,1486.0,12.98307155609131,0.9595816898345948
0.0001,1487.0,12.983057441711425,0.9595231223106384
0.0001,1488.0,12.983043212890626,0.959464602470398
0.0001,1489.0,12.983029441833496,0.9594063258171082
0.0001,1490.0,12.983014907836912,0.9593484568595887
0.0001,1491.0,12.983001136779786,0.9592904996871948
0.0001,1492.0,12.982987213134765,0.9592328643798828
0.0001,1493.0,12.982974052429197,0.9591753840446473
0.0001,1494.0,12.982960205078125,0.9591179752349853
0.0001,1495.0,12.982946434020995,0.9590608263015747
0.0001,1496.0,12.982932853698731,0.9590038347244263
0.0001,1497.0,12.982918891906737,0.9589469838142395
0.0001,1498.0,12.982905349731446,0.9588905167579651
0.0001,1499.0,12.982891273498536,0.9588339972496033
0.0001,1500.0,12.982878036499022,0.958777687549591
0.0001,1501.0,12.982864608764649,0.9587215948104859
0.0001,1502.0,12.982851448059083,0.9586656975746155
0.0001,1503.0,12.98283805847168,0.9586101412773131
0.0001,1504.0,12.982824363708495,0.9585545253753662
0.0001,1505.0,12.982811889648438,0.9584990453720093
0.0001,1506.0,12.98279830932617,0.9584438896179199
0.0001,1507.0,12.98278522491455,0.9583888268470764
0.0001,1508.0,12.982772102355957,0.9583339428901673
0.0001,1509.0,12.982759208679202,0.9582792377471924
0.0001,1510.0,12.982746543884279,0.9582248353958129
0.0001,1511.0,12.982733001708985,0.9581704711914062
0.0001,1512.0,12.98272041320801,0.9581163620948792
0.0001,1513.0,12.982707176208496,0.9580623936653138
0.0001,1514.0,12.982694282531739,0.9580086302757262
0.0001,1515.0,12.982681198120117,0.9579548239707947
0.0001,1516.0,12.98266918182373,0.9579014134407043
0.0001,1517.0,12.982656326293945,0.9578480195999145
0.0001,1518.0,12.982643394470216,0.9577950048446655
0.0001,1519.0,12.982631072998046,0.9577419233322144
0.0001,1520.0,12.982618980407715,0.9576891040802002
0.0001,1521.0,12.982605972290038,0.9576364469528198
0.0001,1522.0,12.982593841552735,0.9575840330123901
0.0001,1523.0,12.982581214904785,0.9575315976142884
0.0001,1524.0,12.982568855285646,0.9574796175956726
0.0001,1525.0,12.98255672454834,0.957427544593811
0.0001,1526.0,12.982544326782223,0.957375705242157
0.0001,1527.0,12.982532081604004,0.9573240017890929
0.0001,1528.0,12.982519950866699,0.9572725796699524
0.0001,1529.0,12.98250789642334,0.9572211790084839
0.0001,1530.0,12.982496032714845,0.9571699023246765
0.0001,1531.0,12.982483673095704,0.9571190333366394
0.0001,1532.0,12.982471771240235,0.9570681476593017
0.0001,1533.0,12.9824600982666,0.9570173215866089
0.0001,1534.0,12.982447891235351,0.9569669508934021
0.0001,1535.0,12.98243614196777,0.9569164657592774
0.0001,1536.0,12.982423858642578,0.9568661975860596
0.0001,1537.0,12.982412414550781,0.9568162059783936
0.0001,1538.0,12.982400360107421,0.9567662620544433
0.0001,1539.0,12.982389221191408,0.9567165470123291
0.0001,1540.0,12.982377014160157,0.9566669774055481
0.0001,1541.0,12.982365417480471,0.9566175436973572
0.0001,1542.0,12.982354125976563,0.9565682125091552
0.0001,1543.0,12.982342567443848,0.9565190601348876
0.0001,1544.0,12.98233112335205,0.9564701414108276
0.0001,1545.0,12.982319831848146,0.9564213466644287
0.0001,1546.0,12.982308082580566,0.9563725852966308
0.0001,1547.0,12.982296791076662,0.9563241100311279
0.0001,1548.0,12.982285537719727,0.9562757706642151
0.0001,1549.0,12.982273941040038,0.9562275290489197
0.0001,1550.0,12.98226261138916,0.9561794233322143
0.0001,1551.0,12.982251472473143,0.9561315441131591
0.0001,1552.0,12.982240524291992,0.9560838222503663
0.0001,1553.0,12.982229614257813,0.9560362410545349
0.0001,1554.0,12.982218284606933,0.955988757610321
0.0001,1555.0,12.982207374572756,0.9559413719177247
0.0001,1556.0,12.98219596862793,0.9558943057060241
0.0001,1557.0,12.98218505859375,0.9558472776412964
0.0001,1558.0,12.982174606323243,0.9558003902435304
0.0001,1559.0,12.982163314819337,0.9557536220550538
0.0001,1560.0,12.982152404785156,0.955706968307495
0.0001,1561.0,12.982141685485837,0.9556606006622315
0.0001,1562.0,12.982131080627441,0.9556144070625305
0.0001,1563.0,12.982120285034181,0.9555681371688842
0.0001,1564.0,12.982109565734863,0.9555222845077516
0.0001,1565.0,12.982098617553712,0.9554763507843017
0.0001,1566.0,12.982088661193849,0.9554305791854858
0.0001,1567.0,12.98207805633545,0.9553849816322326
0.0001,1568.0,12.982067489624022,0.9553396439552307
0.0001,1569.0,12.982057037353515,0.9552943873405457
0.0001,1570.0,12.98204647064209,0.9552492332458496
0.0001,1571.0,12.98203586578369,0.955204155445099
0.0001,1572.0,12.98202548980713,0.9551593112945558
0.0001,1573.0,12.98201488494873,0.9551146125793457
0.0001,1574.0,12.982004776000979,0.9550700068473816
0.0001,1575.0,12.981994781494139,0.9550255298614503
0.0001,1576.0,12.981984252929688,0.9549812054634095
0.0001,1577.0,12.981974143981935,0.954937047958374
0.0001,1578.0,12.98196403503418,0.9548930168151856
0.0001,1579.0,12.981953620910646,0.9548491358757019
0.0001,1580.0,12.981943969726563,0.9548053312301635
0.0001,1581.0,12.981933860778808,0.9547617053985595
0.0001,1582.0,12.98192409515381,0.9547183346748352
0.0001,1583.0,12.981913681030274,0.9546748876571655
0.0001,1584.0,12.981903610229493,0.9546316957473755
0.0001,1585.0,12.981893882751462,0.9545886826515197
0.0001,1586.0,12.981884078979492,0.9545456576347351
0.0001,1587.0,12.981874160766603,0.9545029425621033
0.0001,1588.0,12.981864395141601,0.9544601559638977
0.0001,1589.0,12.981854667663574,0.9544176578521728
0.0001,1590.0,12.98184497833252,0.9543752455711365
0.0001,1591.0,12.981835250854495,0.954332914352417
0.0001,1592.0,12.981825637817382,0.954290816783905
0.0001,1593.0,12.981815910339355,0.9542487788200378
0.0001,1594.0,12.981806640625,0.9542068266868591
0.0001,1595.0,12.981797027587893,0.9541651630401611
0.0001,1596.0,12.981787605285643,0.9541234874725342
0.0001,1597.0,12.981777839660644,0.9540820240974426
0.0001,1598.0,12.981768264770508,0.9540406680107116
0.0001,1599.0,12.98175899505615,0.9539994049072265
0.0001,1600.0,12.981749267578126,0.9539582657814025
0.0001,1601.0,12.981740455627442,0.9539173007011413
0.0001,1602.0,12.981730575561523,0.953876383304596
0.0001,1603.0,12.981721267700197,0.953835699558258
0.0001,1604.0,12.981712455749511,0.9537950325012208
0.0001,1605.0,12.981703414916993,0.9537546682357787
0.0001,1606.0,12.981694107055665,0.9537142014503479
0.0001,1607.0,12.98168487548828,0.9536740589141846
0.0001,1608.0,12.981675338745116,0.9536338853836059
0.0001,1609.0,12.981666717529299,0.9535939216613769
0.0001,1610.0,12.981657409667967,0.9535539913177491
0.0001,1611.0,12.98164836883545,0.9535143589973449
0.0001,1612.0,12.98163928985596,0.953474714756012
0.0001,1613.0,12.981630477905274,0.9534351801872254
0.0001,1614.0,12.981622009277343,0.9533958125114441
0.0001,1615.0,12.981612930297851,0.9533565759658813
0.0001,1616.0,12.981603851318361,0.9533174633979797
0.0001,1617.0,12.981594924926757,0.9532785129547119
0.0001,1618.0,12.98158634185791,0.9532396388053894
0.0001,1619.0,12.981577110290528,0.9532008361816406
0.0001,1620.0,12.981568641662598,0.9531621837615967
0.0001,1621.0,12.98156005859375,0.9531236886978149
0.0001,1622.0,12.981551437377929,0.9530851674079894
0.0001,1623.0,12.981542701721192,0.9530469107627868
0.0001,1624.0,12.981534423828126,0.9530087947845459
0.0001,1625.0,12.981525382995605,0.95297061920166
0.0001,1626.0,12.981516876220702,0.9529328393936157
0.0001,1627.0,12.981508331298826,0.9528949522972107
0.0001,1628.0,12.98149959564209,0.9528571987152099
0.0001,1629.0,12.981491622924807,0.95281973361969
0.0001,1630.0,12.981483154296875,0.9527822470664977
0.0001,1631.0,12.98147415161133,0.9527448630332946
0.0001,1632.0,12.98146644592285,0.9527077722549439
0.0001,1633.0,12.981457939147951,0.952670452594757
0.0001,1634.0,12.981449508666993,0.9526334524154663
0.0001,1635.0,12.981441383361817,0.9525966000556946
0.0001,1636.0,12.981433143615723,0.9525599312782288
0.0001,1637.0,12.981425018310548,0.9525231313705445
0.0001,1638.0,12.981416778564453,0.9524866032600403
0.0001,1639.0,12.98140853881836,0.9524501514434814
0.0001,1640.0,12.981400260925295,0.9524138784408569
0.0001,1641.0,12.98139247894287,0.9523776912689209
0.0001,1642.0,12.981384429931643,0.952341558933258
0.0001,1643.0,12.981375846862795,0.9523054957389832
0.0001,1644.0,12.981368331909179,0.9522696948051452
0.0001,1645.0,12.98136016845703,0.9522338867187501
0.0001,1646.0,12.981352081298828,0.9521981716156006
0.0001,1647.0,12.981344146728516,0.9521626734733581
0.0001,1648.0,12.981336059570312,0.9521270489692688
0.0001,1649.0,12.981328315734862,0.952091827392578
0.0001,1650.0,12.981320190429685,0.9520566272735596
0.0001,1651.0,12.98131290435791,0.9520215129852294
0.0001,1652.0,12.981305007934571,0.9519863986968994
0.0001,1653.0,12.981296920776366,0.9519515991210937
0.0001,1654.0,12.9812894821167,0.9519167184829712
0.0001,1655.0,12.981281547546386,0.9518820595741273
0.0001,1656.0,12.981273803710938,0.9518475198745728
0.0001,1657.0,12.981266212463378,0.9518130564689637
0.0001,1658.0,12.981258621215819,0.9517787337303163
0.0001,1659.0,12.981251335144043,0.9517444157600403
0.0001,1660.0,12.981243591308594,0.9517103147506714
0.0001,1661.0,12.981235809326172,0.9516760015487671
0.0001,1662.0,12.98122886657715,0.9516422438621521
0.0001,1663.0,12.98122100830078,0.9516084289550781
0.0001,1664.0,12.98121322631836,0.9515746164321899
0.0001,1665.0,12.981205825805665,0.9515410137176514
0.0001,1666.0,12.981198539733887,0.9515072536468505
0.0001,1667.0,12.981191139221192,0.9514739823341369
0.0001,1668.0,12.981184158325195,0.9514405918121338
0.0001,1669.0,12.981176300048828,0.9514074230194092
0.0001,1670.0,12.981169166564943,0.9513742923736572
0.0001,1671.0,12.98116191864014,0.9513412475585937
0.0001,1672.0,12.98115436553955,0.9513082408905029
0.0001,1673.0,12.981147384643554,0.9512754249572755
0.0001,1674.0,12.981140480041505,0.9512426829338073
0.0001,1675.0,12.98113288879395,0.9512100291252136
0.0001,1676.0,12.981125946044923,0.9511775112152099
0.0001,1677.0,12.981118774414064,0.9511451601982117
0.0001,1678.0,12.981111946105957,0.9511128687858582
0.0001,1679.0,12.981104393005374,0.9510805511474609
0.0001,1680.0,12.98109748840332,0.9510483574867248
0.0001,1681.0,12.9810905456543,0.9510164618492127
0.0001,1682.0,12.981083450317383,0.9509844088554382
0.0001,1683.0,12.981076202392579,0.9509525299072266
0.0001,1684.0,12.981069450378417,0.9509209108352661
0.0001,1685.0,12.981062812805176,0.9508890628814698
0.0001,1686.0,12.981055870056153,0.950857651233673
0.0001,1687.0,12.981048812866211,0.9508260846138
0.0001,1688.0,12.981041908264162,0.9507948398590088
0.0001,1689.0,12.981035423278808,0.9507636165618896
0.0001,1690.0,12.981028099060056,0.9507322406768799
0.0001,1691.0,12.9810217666626,0.950701265335083
0.0001,1692.0,12.981014900207521,0.9506703734397888
0.0001,1693.0,12.981008110046385,0.9506394743919372
0.0001,1694.0,12.981001205444334,0.9506085753440856
0.0001,1695.0,12.98099464416504,0.9505779695510865
0.0001,1696.0,12.98098804473877,0.9505473852157593
0.0001,1697.0,12.9809814453125,0.9505168175697326
0.0001,1698.0,12.98097469329834,0.9504863786697387
0.0001,1699.0,12.980967826843262,0.9504559683799744
0.0001,1700.0,12.980961799621584,0.9504258060455322
0.0001,1701.0,12.980954780578616,0.9503956007957459
0.0001,1702.0,12.980948028564454,0.9503655362129211
0.0001,1703.0,12.980942077636719,0.9503356027603149
0.0001,1704.0,12.980935325622559,0.9503057551383973
0.0001,1705.0,12.980928955078125,0.9502758693695068
0.0001,1706.0,12.980922508239747,0.9502462768554687
0.0001,1707.0,12.98091579437256,0.9502166080474853
0.0001,1708.0,12.980909500122072,0.9501870799064636
0.0001,1709.0,12.980902938842775,0.9501577258110045
0.0001,1710.0,12.980896835327147,0.9501284313201903
0.0001,1711.0,12.980890426635742,0.9500991415977478
0.0001,1712.0,12.980884361267092,0.9500698733329773
0.0001,1713.0,12.980877952575684,0.9500408601760864
0.0001,1714.0,12.980871505737305,0.9500119233131408
0.0001,1715.0,12.980865440368655,0.9499830126762391
0.0001,1716.0,12.98085964202881,0.9499542331695556
0.0001,1717.0,12.98085247039795,0.949925479888916
0.0001,1718.0,12.980846977233885,0.9498967480659485
0.0001,1719.0,12.980841064453125,0.9498683643341065
0.0001,1720.0,12.980834197998046,0.9498397946357727
0.0001,1721.0,12.980828285217283,0.9498114323616028
0.0001,1722.0,12.980822334289552,0.9497830963134766
0.0001,1723.0,12.980816268920902,0.9497548961639404
0.0001,1724.0,12.980810508728027,0.9497267818450927
0.0001,1725.0,12.980804252624512,0.9496987986564637
0.0001,1726.0,12.980798225402834,0.9496706843376159
0.0001,1727.0,12.980792236328126,0.9496428799629211
0.0001,1728.0,12.980786666870118,0.9496151614189148
0.0001,1729.0,12.980780448913576,0.9495875525474549
0.0001,1730.0,12.980774345397949,0.9495598220825197
0.0001,1731.0,12.98076889038086,0.9495324301719665
0.0001,1732.0,12.980762672424316,0.9495048141479492
0.0001,1733.0,12.980756645202636,0.9494774222373962
0.0001,1734.0,12.980750999450683,0.9494501805305481
0.0001,1735.0,12.980744972229006,0.9494229817390442
0.0001,1736.0,12.980739364624025,0.9493959140777588
0.0001,1737.0,12.980733642578123,0.9493687868118286
0.0001,1738.0,12.980727577209473,0.9493419027328491
0.0001,1739.0,12.980721969604492,0.9493149924278259
0.0001,1740.0,12.980716629028322,0.949288227558136
0.0001,1741.0,12.980710945129394,0.949261360168457
0.0001,1742.0,12.980705032348633,0.9492348504066468
0.0001,1743.0,12.98069896697998,0.94920823097229
0.0001,1744.0,12.980694007873534,0.9491817545890808
0.0001,1745.0,12.980688323974611,0.9491553473472595
0.0001,1746.0,12.98068286895752,0.949129114151001
0.0001,1747.0,12.980676803588867,0.9491027116775512
0.0001,1748.0,12.98067127227783,0.9490765380859376
0.0001,1749.0,12.980665969848634,0.9490505647659302
0.0001,1750.0,12.980660247802735,0.9490244555473328
0.0001,1751.0,12.980654830932616,0.9489985418319702
0.0001,1752.0,12.980649261474609,0.9489726877212525
0.0001,1753.0,12.980643844604492,0.9489469361305236
0.0001,1754.0,12.980638275146486,0.9489213156700134
0.0001,1755.0,12.980633010864258,0.9488956117630005
0.0001,1756.0,12.980627479553222,0.9488700556755065
0.0001,1757.0,12.980622329711913,0.9488446354866028
0.0001,1758.0,12.98061695098877,0.9488192415237426
0.0001,1759.0,12.980611419677736,0.948793978691101
0.0001,1760.0,12.980606269836425,0.9487686872482299
0.0001,1761.0,12.98060043334961,0.9487434720993042
0.0001,1762.0,12.980595779418945,0.9487182903289795
0.0001,1763.0,12.98059024810791,0.9486933183670043
0.0001,1764.0,12.980585174560547,0.9486684513092041
0.0001,1765.0,12.980580062866212,0.9486434578895568
0.0001,1766.0,12.980575103759765,0.9486187624931335
0.0001,1767.0,12.98056896209717,0.9485940027236939
0.0001,1768.0,12.980564193725584,0.9485694980621338
0.0001,1769.0,12.980559234619143,0.9485448408126831
0.0001,1770.0,12.980553855895995,0.9485203576087952
0.0001,1771.0,12.980548667907717,0.9484958410263061
0.0001,1772.0,12.980543518066408,0.9484716510772706
0.0001,1773.0,12.980538635253907,0.9484472870826721
0.0001,1774.0,12.980533409118653,0.9484230303764343
0.0001,1775.0,12.980528144836429,0.9483988666534424
0.0001,1776.0,12.980523414611815,0.9483748269081116
0.0001,1777.0,12.980518302917481,0.9483507943153381
0.0001,1778.0,12.980513763427735,0.9483268570899963
0.0001,1779.0,12.980508193969726,0.9483030247688293
0.0001,1780.0,12.980503273010257,0.9482790875434874
0.0001,1781.0,12.980498580932617,0.9482555150985719
0.0001,1782.0,12.980493774414063,0.9482318878173828
0.0001,1783.0,12.980488853454592,0.948208281993866
0.0001,1784.0,12.980483512878417,0.9481847405433654
0.0001,1785.0,12.980478744506835,0.9481613302230836
0.0001,1786.0,12.980473709106445,0.9481380009651184
0.0001,1787.0,12.980469131469727,0.948114709854126
0.0001,1788.0,12.980464477539064,0.9480914020538329
0.0001,1789.0,12.980459594726563,0.9480682945251465
0.0001,1790.0,12.980454711914064,0.9480452632904053
0.0001,1791.0,12.980449714660645,0.9480221462249756
0.0001,1792.0,12.980445251464845,0.9479991626739502
0.0001,1793.0,12.980440521240235,0.9479763102531433
0.0001,1794.0,12.98043514251709,0.9479535770416261
0.0001,1795.0,12.980430870056152,0.9479306316375732
0.0001,1796.0,12.980426139831545,0.9479081368446349
0.0001,1797.0,12.980421524047852,0.9478855013847352
0.0001,1798.0,12.980416793823242,0.9478628492355348
0.0001,1799.0,12.980412254333496,0.9478403544425964
0.0001,1800.0,12.980407371520995,0.9478179240226746
0.0001,1801.0,12.980402793884277,0.9477956080436707
0.0001,1802.0,12.980398216247561,0.9477733731269836
0.0001,1803.0,12.980393600463866,0.9477510952949524
0.0001,1804.0,12.980388755798339,0.9477289581298829
0.0001,1805.0,12.980384674072265,0.9477068853378297
0.0001,1806.0,12.980380096435546,0.9476848459243774
0.0001,1807.0,12.980375709533691,0.9476628971099854
0.0001,1808.0,12.980371093750001,0.9476410484313965
0.0001,1809.0,12.980366401672363,0.9476190185546876
0.0001,1810.0,12.980362014770508,0.947597358226776
0.0001,1811.0,12.98035774230957,0.9475756549835206
0.0001,1812.0,12.980353164672852,0.9475540041923524
0.0001,1813.0,12.980349082946779,0.9475324153900146
0.0001,1814.0,12.980344390869142,0.9475109601020812
0.0001,1815.0,12.980339813232423,0.9474894189834595
0.0001,1816.0,12.98033603668213,0.9474680995941163
0.0001,1817.0,12.98033103942871,0.9474468564987183
0.0001,1818.0,12.980326805114746,0.947425434589386
0.0001,1819.0,12.980322380065918,0.9474042558670044
0.0001,1820.0,12.98031795501709,0.9473832249641418
0.0001,1821.0,12.980313415527343,0.9473620510101318
0.0001,1822.0,12.980309219360352,0.9473410892486572
0.0001,1823.0,12.98030544281006,0.947320101261139
0.0001,1824.0,12.980301322937013,0.9472993731498718
0.0001,1825.0,12.980296821594239,0.9472784328460693
0.0001,1826.0,12.98029239654541,0.9472577261924744
0.0001,1827.0,12.98028820037842,0.9472369432449341
0.0001,1828.0,12.980283660888672,0.9472161602973939
0.0001,1829.0,12.980279922485352,0.9471956539154054
0.0001,1830.0,12.980275650024414,0.9471750712394715
0.0001,1831.0,12.980271606445314,0.9471547174453736
0.0001,1832.0,12.980267066955566,0.9471342372894287
0.0001,1833.0,12.9802632522583,0.9471138715744019
0.0001,1834.0,12.980258903503419,0.947093539237976
0.0001,1835.0,12.980254707336425,0.9470733857154846
0.0001,1836.0,12.980250778198242,0.947053165435791
0.0001,1837.0,12.98024700164795,0.9470332121849061
0.0001,1838.0,12.980242805480959,0.9470130252838136
0.0001,1839.0,12.980238876342774,0.9469930338859558
0.0001,1840.0,12.980234680175782,0.9469730472564697
0.0001,1841.0,12.98023078918457,0.9469532680511474
0.0001,1842.0,12.980226402282714,0.9469333457946778
0.0001,1843.0,12.980222511291503,0.9469136524200439
0.0001,1844.0,12.980218276977537,0.9468938612937927
0.0001,1845.0,12.98021453857422,0.94687429189682
0.0001,1846.0,12.980210647583009,0.9468545985221862
0.0001,1847.0,12.980206260681152,0.9468351650238037
0.0001,1848.0,12.980203132629395,0.9468156337738036
0.0001,1849.0,12.980198974609374,0.9467962765693665
0.0001,1850.0,12.980195045471191,0.9467767286300659
0.0001,1851.0,12.980190963745118,0.9467575335502625
0.0001,1852.0,12.98018726348877,0.9467382192611694
0.0001,1853.0,12.980183029174805,0.946719045639038
0.0001,1854.0,12.98017948150635,0.946699812412262
0.0001,1855.0,12.980175590515136,0.9466807746887207
0.0001,1856.0,12.980171737670899,0.9466617965698242
0.0001,1857.0,12.980167655944822,0.9466427206993103
0.0001,1858.0,12.980164070129394,0.9466238069534302
0.0001,1859.0,12.980160369873047,0.9466049313545227
0.0001,1860.0,12.980156478881838,0.9465862131118775
0.0001,1861.0,12.980152893066407,0.9465674185752868
0.0001,1862.0,12.980149002075196,0.9465487003326416
0.0001,1863.0,12.980145149230959,0.9465301394462586
0.0001,1864.0,12.980141372680665,0.946511378288269
0.0001,1865.0,12.98013813018799,0.9464928650856017
0.0001,1866.0,12.980134239196776,0.9464744234085083
0.0001,1867.0,12.98013027191162,0.9464559650421143
0.0001,1868.0,12.980126800537109,0.9464375233650207
0.0001,1869.0,12.980123100280764,0.946419141292572
0.0001,1870.0,12.980119819641112,0.9464009046554567
0.0001,1871.0,12.980116004943849,0.9463827013969421
0.0001,1872.0,12.980112266540525,0.9463645577430725
0.0001,1873.0,12.980108222961423,0.9463463807106018
0.0001,1874.0,12.980105285644532,0.9463283562660217
0.0001,1875.0,12.980101432800293,0.9463103365898131
0.0001,1876.0,12.980097846984863,0.9462923336029052
0.0001,1877.0,12.980094299316407,0.9462743902206421
0.0001,1878.0,12.980090904235837,0.9462566471099854
0.0001,1879.0,12.980087356567383,0.94623868227005
0.0001,1880.0,12.98008361816406,0.9462210202217102
0.0001,1881.0,12.980080223083496,0.9462032771110535
0.0001,1882.0,12.980076713562012,0.9461855340003968
0.0001,1883.0,12.980073318481447,0.9461679005622864
0.0001,1884.0,12.980069618225098,0.9461504006385804
0.0001,1885.0,12.98006633758545,0.9461328196525574
0.0001,1886.0,12.980062942504883,0.9461155271530152
0.0001,1887.0,12.980059547424316,0.946098039150238
0.0001,1888.0,12.980056037902832,0.9460807132720948
0.0001,1889.0,12.980052604675294,0.946063289642334
0.0001,1890.0,12.980049095153811,0.9460460996627806
0.0001,1891.0,12.98004566192627,0.946028892993927
0.0001,1892.0,12.980042457580566,0.9460117888450623
0.0001,1893.0,12.980039062500001,0.9459946370124817
0.0001,1894.0,12.980035705566406,0.9459774899482727
0.0001,1895.0,12.98003261566162,0.945960521697998
0.0001,1896.0,12.980029106140138,0.9459435749053955
0.0001,1897.0,12.98002597808838,0.9459266018867492
0.0001,1898.0,12.980022277832031,0.9459097528457641
0.0001,1899.0,12.98001892089844,0.9458928990364075
0.0001,1900.0,12.980015869140626,0.9458760929107666
0.0001,1901.0,12.980012359619142,0.9458594226837158
0.0001,1902.0,12.980009460449217,0.9458427691459657
0.0001,1903.0,12.98000602722168,0.94582617521286
0.0001,1904.0,12.980002670288087,0.9458095264434814
0.0001,1905.0,12.979999465942383,0.9457929372787476
0.0001,1906.0,12.97999626159668,0.9457765650749206
0.0001,1907.0,12.979993171691895,0.945760064125061
0.0001,1908.0,12.979989624023437,0.945743670463562
0.0001,1909.0,12.979986419677735,0.9457272863388061
0.0001,1910.0,12.979983520507812,0.9457110285758972
0.0001,1911.0,12.979980163574222,0.9456947803497315
0.0001,1912.0,12.979976921081542,0.9456784629821777
0.0001,1913.0,12.979974174499514,0.9456624436378478
0.0001,1914.0,12.979971160888672,0.9456461954116822
0.0001,1915.0,12.979967308044435,0.9456300950050354
0.0001,1916.0,12.979964866638186,0.9456140851974487
0.0001,1917.0,12.979961357116698,0.9455982446670532
0.0001,1918.0,12.979958648681642,0.9455821323394775
0.0001,1919.0,12.979955253601073,0.9455662751197815
0.0001,1920.0,12.979952354431152,0.9455504179000854
0.0001,1921.0,12.979949150085451,0.9455347228050233
0.0001,1922.0,12.979946250915528,0.945518844127655
0.0001,1923.0,12.979943008422854,0.9455031657218933
0.0001,1924.0,12.97993984222412,0.9454874873161316
0.0001,1925.0,12.979936904907227,0.9454719114303589
0.0001,1926.0,12.979934234619142,0.9454563355445862
0.0001,1927.0,12.979931144714355,0.9454407930374146
0.0001,1928.0,12.979928283691406,0.9454251956939697
0.0001,1929.0,12.979925079345705,0.9454098153114319
0.0001,1930.0,12.979922370910645,0.9453944563865662
0.0001,1931.0,12.979919281005861,0.9453790760040284
0.0001,1932.0,12.97991641998291,0.945363712310791
0.0001,1933.0,12.979912910461426,0.9453484344482422
0.0001,1934.0,12.979909744262695,0.9453332161903382
0.0001,1935.0,12.979907302856445,0.9453179931640625
0.0001,1936.0,12.979904556274414,0.9453029322624207
0.0001,1937.0,12.979901542663573,0.9452877855300903
0.0001,1938.0,12.97989833831787,0.9452726912498475
0.0001,1939.0,12.979895744323732,0.9452577280998231
0.0001,1940.0,12.979892425537109,0.9452426838874817
0.0001,1941.0,12.979890022277832,0.9452277421951294
0.0001,1942.0,12.979887008666992,0.9452128219604492
0.0001,1943.0,12.979884109497073,0.945198037624359
0.0001,1944.0,12.979881210327148,0.9451832866668701
0.0001,1945.0,12.979878616333009,0.945168387889862
0.0001,1946.0,12.97987564086914,0.9451537227630615
0.0001,1947.0,12.979872894287109,0.9451389598846436
0.0001,1948.0,12.979870033264161,0.9451244306564331
0.0001,1949.0,12.979867439270018,0.9451097106933593
0.0001,1950.0,12.979864463806152,0.9450951480865478
0.0001,1951.0,12.979861755371093,0.9450805592536926
0.0001,1952.0,12.979859008789063,0.945066077709198
0.0001,1953.0,12.979856491088869,0.9450516891479492
0.0001,1954.0,12.979853744506835,0.9450373983383179
0.0001,1955.0,12.979851188659667,0.945022895336151
0.0001,1956.0,12.97984832763672,0.9450086045265198
0.0001,1957.0,12.979845314025878,0.9449944758415222
0.0001,1958.0,12.979842338562012,0.9449801731109619
0.0001,1959.0,12.979839897155761,0.944965946674347
0.0001,1960.0,12.979837188720701,0.9449517154693603
0.0001,1961.0,12.979834632873535,0.9449376463890076
0.0001,1962.0,12.979832077026368,0.9449235439300537
0.0001,1963.0,12.97982906341553,0.9449094486236573
0.0001,1964.0,12.979826469421386,0.9448954391479492
0.0001,1965.0,12.97982395172119,0.9448815155029296
0.0001,1966.0,12.979820976257326,0.9448676586151123
0.0001,1967.0,12.97981903076172,0.944853675365448
0.0001,1968.0,12.979816169738772,0.9448398447036743
0.0001,1969.0,12.9798136138916,0.9448260354995728
0.0001,1970.0,12.979810638427733,0.9448121285438538
0.0001,1971.0,12.979808502197265,0.9447985863685608
0.0001,1972.0,12.979805984497071,0.9447849178314209
0.0001,1973.0,12.979803123474122,0.9447711730003356
0.0001,1974.0,12.979800567626953,0.9447575330734252
0.0001,1975.0,12.979798049926758,0.9447439789772034
0.0001,1976.0,12.97979549407959,0.9447305059432984
0.0001,1977.0,12.979792976379397,0.9447169399261475
0.0001,1978.0,12.979790573120116,0.9447034502029419
0.0001,1979.0,12.979787712097169,0.944689998626709
0.0001,1980.0,12.979785537719726,0.9446765422821044
0.0001,1981.0,12.979782676696777,0.944663269519806
0.0001,1982.0,12.97978046417236,0.9446498775482177
0.0001,1983.0,12.979778366088867,0.9446366596221925
0.0001,1984.0,12.979775543212892,0.944623327255249
0.0001,1985.0,12.979773139953613,0.9446101140975951
0.0001,1986.0,12.979770431518556,0.9445969939231873
0.0001,1987.0,12.979768180847168,0.9445838022232056
0.0001,1988.0,12.979765663146974,0.9445707845687866
0.0001,1989.0,12.979762992858886,0.9445576310157775
0.0001,1990.0,12.979760322570803,0.9445446014404297
0.0001,1991.0,12.97975872039795,0.9445316553115846
0.0001,1992.0,12.97975597381592,0.9445186638832093
0.0001,1993.0,12.979753189086914,0.9445056509971619
0.0001,1994.0,12.979751281738283,0.9444928073883057
0.0001,1995.0,12.979749183654786,0.9444800114631653
0.0001,1996.0,12.97974594116211,0.9444670963287354
0.0001,1997.0,12.979744186401367,0.9444543600082398
0.0001,1998.0,12.979741477966309,0.9444416022300721
0.0001,1999.0,12.979739265441896,0.9444288659095763
0.0001,2000.0,12.979736747741699,0.9444162654876709
0.0001,2001.0,12.979734535217284,0.9444035506248474
0.0001,2002.0,12.979731826782226,0.9443909287452699
0.0001,2003.0,12.979729766845704,0.9443784093856811
0.0001,2004.0,12.979727439880369,0.9443659114837647
0.0001,2005.0,12.979725074768066,0.9443533158302307
0.0001,2006.0,12.97972312927246,0.9443407535552979
0.0001,2007.0,12.979720611572265,0.9443284344673157
0.0001,2008.0,12.979718132019043,0.9443160724639892
0.0001,2009.0,12.97971576690674,0.9443035793304444
0.0001,2010.0,12.979713554382325,0.9442913150787353
0.0001,2011.0,12.979711952209474,0.9442791271209716
0.0001,2012.0,12.979709434509276,0.944266710281372
0.0001,2013.0,12.97970691680908,0.9442544507980347
0.0001,2014.0,12.97970474243164,0.9442423486709595
0.0001,2015.0,12.979702491760255,0.9442302250862121
0.0001,2016.0,12.979700317382813,0.9442180418968201
0.0001,2017.0,12.979698295593261,0.9442059993743896
0.0001,2018.0,12.979696044921875,0.9441938257217408
0.0001,2019.0,12.979693412780763,0.9441817402839661
0.0001,2020.0,12.979691390991215,0.9441698169708252
0.0001,2021.0,12.979689140319826,0.9441577911376954
0.0001,2022.0,12.979686965942383,0.9441458296775818
0.0001,2023.0,12.979684906005861,0.944133906364441
0.0001,2024.0,12.97968273162842,0.9441221141815185
0.0001,2025.0,12.97968032836914,0.944110255241394
0.0001,2026.0,12.979678611755372,0.9440984725952148
0.0001,2027.0,12.97967658996582,0.9440866351127625
0.0001,2028.0,12.979674072265626,0.9440749073028565
0.0001,2029.0,12.979672012329102,0.9440632772445678
0.0001,2030.0,12.97966983795166,0.9440514349937439
0.0001,2031.0,12.979667778015138,0.9440399074554444
0.0001,2032.0,12.979665603637695,0.9440282487869263
0.0001,2033.0,12.979663581848147,0.9440166187286377
0.0001,2034.0,12.97966136932373,0.9440051889419556
0.0001,2035.0,12.979659500122072,0.9439936017990112
0.0001,2036.0,12.97965747833252,0.9439821338653565
0.0001,2037.0,12.979654960632322,0.9439707088470459
0.0001,2038.0,12.979652976989746,0.9439592027664185
0.0001,2039.0,12.979650878906252,0.9439478373527527
0.0001,2040.0,12.97964859008789,0.9439364671707153
0.0001,2041.0,12.979647140502932,0.9439251399040223
0.0001,2042.0,12.97964485168457,0.9439138340950013
0.0001,2043.0,12.979642791748047,0.9439024639129638
0.0001,2044.0,12.979640426635743,0.943891327381134
0.0001,2045.0,12.979638557434084,0.943880090713501
0.0001,2046.0,12.979636383056643,0.9438689804077148
0.0001,2047.0,12.979634170532227,0.9438576745986937
0.0001,2048.0,12.97963233947754,0.9438465642929077
0.0001,2049.0,12.979630584716798,0.9438355731964111
0.0001,2050.0,12.979628410339354,0.9438244247436525
0.0001,2051.0,12.979626541137694,0.9438133358955383
0.0001,2052.0,12.979624671936037,0.9438024044036866
0.0001,2053.0,12.979622802734374,0.9437914133071899
0.0001,2054.0,12.979620933532715,0.9437804865837096
0.0001,2055.0,12.979619026184084,0.9437696480751037
0.0001,2056.0,12.979617156982421,0.943758738040924
0.0001,2057.0,12.979615020751956,0.9437478280067444
0.0001,2058.0,12.979612693786622,0.9437369441986083
0.0001,2059.0,12.97961109161377,0.9437261486053466
0.0001,2060.0,12.979609069824217,0.9437153792381286
0.0001,2061.0,12.97960678100586,0.9437046098709105
0.0001,2062.0,12.97960517883301,0.9436940097808838
0.0001,2063.0,12.97960334777832,0.9436833214759827
0.0001,2064.0,12.979601135253905,0.9436725902557372
0.0001,2065.0,12.979599914550779,0.9436619782447815
0.0001,2066.0,12.979597167968752,0.9436513447761535
0.0001,2067.0,12.979596176147462,0.9436407113075257
0.0001,2068.0,12.979593696594238,0.9436302185058594
0.0001,2069.0,12.979592170715334,0.9436197257041932
0.0001,2070.0,12.979590148925782,0.943609266281128
0.0001,2071.0,12.979588279724123,0.9435987997055054
0.0001,2072.0,12.979586715698243,0.943588285446167
0.0001,2073.0,12.979584693908693,0.9435780048370361
0.0001,2074.0,12.979583053588867,0.9435675716400147
0.0001,2075.0,12.979580993652343,0.9435571765899657
0.0001,2076.0,12.979578971862791,0.9435468626022339
0.0001,2077.0,12.979576950073243,0.9435365867614746
0.0001,2078.0,12.979575119018556,0.9435263752937317
0.0001,2079.0,12.979573707580565,0.9435161423683167
0.0001,2080.0,12.979571685791017,0.9435058617591858
0.0001,2081.0,12.979569854736328,0.9434957480430604
0.0001,2082.0,12.97956813812256,0.9434855270385742
0.0001,2083.0,12.97956630706787,0.9434753537178039
0.0001,2084.0,12.979564590454101,0.9434653759002685
0.0001,2085.0,12.979562454223634,0.9434552454948425
0.0001,2086.0,12.979561042785646,0.9434451699256898
0.0001,2087.0,12.979559173583983,0.9434351110458374
0.0001,2088.0,12.97955749511719,0.9434251880645752
0.0001,2089.0,12.979555778503418,0.9434152150154114
0.0001,2090.0,12.97955425262451,0.9434051561355592
0.0001,2091.0,12.979552421569824,0.9433954000473022
0.0001,2092.0,12.979550552368165,0.9433855199813843
0.0001,2093.0,12.979548721313478,0.9433754658699036
0.0001,2094.0,12.979547004699707,0.943365683555603
0.0001,2095.0,12.979545631408692,0.9433559823036193
0.0001,2096.0,12.979543457031248,0.9433461618423462
0.0001,2097.0,12.979541778564453,0.9433363080024719
0.0001,2098.0,12.979540214538575,0.9433267641067505
0.0001,2099.0,12.979538536071779,0.9433168888092041
0.0001,2100.0,12.979536895751954,0.9433072137832642
0.0001,2101.0,12.97953514099121,0.9432976651191711
0.0001,2102.0,12.979533348083496,0.9432880020141601
0.0001,2103.0,12.979531631469726,0.9432783317565918
0.0001,2104.0,12.979530105590822,0.9432688093185424
0.0001,2105.0,12.979528236389163,0.9432592701911926
0.0001,2106.0,12.979526748657227,0.9432497262954712
0.0001,2107.0,12.979525032043457,0.9432401490211487
0.0001,2108.0,12.979523849487304,0.9432307291030884
0.0001,2109.0,12.979521827697752,0.9432212877273559
0.0001,2110.0,12.979520149230957,0.9432118797302247
0.0001,2111.0,12.979518470764159,0.9432024812698364
0.0001,2112.0,12.979516677856449,0.9431930446624757
0.0001,2113.0,12.979515380859377,0.9431836032867431
0.0001,2114.0,12.979513549804688,0.9431743192672729
0.0001,2115.0,12.97951187133789,0.9431649589538574
0.0001,2116.0,12.979510650634767,0.9431557941436768
0.0001,2117.0,12.979508972167968,0.9431463527679443
0.0001,2118.0,12.979506988525392,0.9431371879577637
0.0001,2119.0,12.979505424499513,0.9431280612945556
0.0001,2120.0,12.97950382232666,0.9431187868118287
0.0001,2121.0,12.979502563476563,0.9431096220016479
0.0001,2122.0,12.979501190185546,0.9431005764007567
0.0001,2123.0,12.97949951171875,0.9430913519859314
0.0001,2124.0,12.979497680664064,0.9430823063850403
0.0001,2125.0,12.979496002197266,0.943073308467865
0.0001,2126.0,12.97949478149414,0.943064181804657
0.0001,2127.0,12.979493103027345,0.9430552124977112
0.0001,2128.0,12.979491577148437,0.9430462145805358
0.0001,2129.0,12.979490242004395,0.9430372667312622
0.0001,2130.0,12.979488563537599,0.9430282640457154
0.0001,2131.0,12.979487152099608,0.943019413948059
0.0001,2132.0,12.979485511779787,0.9430104279518128
0.0001,2133.0,12.97948413848877,0.9430016040802002
0.0001,2134.0,12.979482421875,0.9429928183555603
0.0001,2135.0,12.979480743408203,0.9429838371276855
0.0001,2136.0,12.979479408264162,0.9429750895500183
0.0001,2137.0,12.979477767944337,0.9429663038253784
0.0001,2138.0,12.979476432800292,0.9429576921463012
0.0001,2139.0,12.97947467803955,0.9429487538337707
0.0001,2140.0,12.97947334289551,0.9429401636123658
0.0001,2141.0,12.979471855163574,0.9429313564300537
0.0001,2142.0,12.979470291137696,0.9429227662086486
0.0001,2143.0,12.979468803405762,0.9429140186309815
0.0001,2144.0,12.97946762084961,0.9429054331779481
0.0001,2145.0,12.979465751647949,0.9428967666625976
0.0001,2146.0,12.979464569091798,0.9428882026672364
0.0001,2147.0,12.97946304321289,0.9428796505928039
0.0001,2148.0,12.979461708068847,0.9428711462020873
0.0001,2149.0,12.979460449218752,0.9428626155853271
0.0001,2150.0,12.979458961486817,0.9428540849685669
0.0001,2151.0,12.979457511901854,0.9428456354141235
0.0001,2152.0,12.979455947875978,0.942837152481079
0.0001,2153.0,12.97945426940918,0.9428287792205811
0.0001,2154.0,12.979453125,0.942820372581482
0.0001,2155.0,12.97945110321045,0.9428119444847107
0.0001,2156.0,12.979450225830078,0.9428034782409669
0.0001,2157.0,12.979448852539061,0.9427953219413757
0.0001,2158.0,12.979447479248048,0.9427868175506592
0.0001,2159.0,12.979446105957031,0.9427786064147949
0.0001,2160.0,12.97944480895996,0.9427703571319581
0.0001,2161.0,12.979442977905274,0.9427619338035583
0.0001,2162.0,12.979441452026366,0.9427538967132568
0.0001,2163.0,12.979440460205076,0.9427456641197205
0.0001,2164.0,12.979439239501954,0.9427374362945558
0.0001,2165.0,12.979437561035159,0.9427292466163635
0.0001,2166.0,12.979436073303223,0.9427211165428162
0.0001,2167.0,12.979434852600098,0.9427130627632141
0.0001,2168.0,12.979433670043946,0.9427047538757325
0.0001,2169.0,12.97943229675293,0.9426968026161194
0.0001,2170.0,12.97943130493164,0.9426886343955994
0.0001,2171.0,12.979430084228516,0.9426807594299317
0.0001,2172.0,12.979428291320803,0.9426726293563843
0.0001,2173.0,12.979426956176757,0.9426645374298095
0.0001,2174.0,12.979425582885742,0.9426566457748413
0.0001,2175.0,12.97942440032959,0.9426486682891846
0.0001,2176.0,12.979423065185546,0.9426407814025879
0.0001,2177.0,12.97942180633545,0.9426327705383301
0.0001,2178.0,12.979420471191407,0.9426248526573181
0.0001,2179.0,12.979418830871582,0.9426171398162841
0.0001,2180.0,12.97941749572754,0.9426090693473815
0.0001,2181.0,12.979415969848635,0.9426012539863586
0.0001,2182.0,12.979415283203126,0.9425935411453248
0.0001,2183.0,12.97941360473633,0.9425856113433838
0.0001,2184.0,12.979412574768066,0.942577850818634
0.0001,2185.0,12.97941135406494,0.942570116519928
0.0001,2186.0,12.979409599304201,0.9425623917579651
0.0001,2187.0,12.979408569335938,0.9425545883178711
0.0001,2188.0,12.979407386779785,0.942546923160553
0.0001,2189.0,12.97940601348877,0.9425392818450927
0.0001,2190.0,12.979404563903808,0.9425316119194032
0.0001,2191.0,12.979403533935544,0.9425239109992981
0.0001,2192.0,12.97940227508545,0.9425163221359253
0.0001,2193.0,12.97940097808838,0.9425086641311646
0.0001,2194.0,12.979399757385254,0.9425010752677917
0.0001,2195.0,12.979398307800292,0.9424935364723206
0.0001,2196.0,12.979397430419922,0.9424859428405761
0.0001,2197.0,12.979396057128906,0.9424784421920775
0.0001,2198.0,12.979394760131834,0.9424709248542786
0.0001,2199.0,12.979393692016599,0.942463493347168
0.0001,2200.0,12.979392242431642,0.9424560141563416
0.0001,2201.0,12.979391174316406,0.9424485397338866
0.0001,2202.0,12.979389839172363,0.9424411034584046
0.0001,2203.0,12.97938819885254,0.9424335527420045
0.0001,2204.0,12.97938747406006,0.9424262142181397
0.0001,2205.0,12.979385833740233,0.9424188327789307
0.0001,2206.0,12.979384994506834,0.9424114990234375
0.0001,2207.0,12.979383811950685,0.9424040794372559
0.0001,2208.0,12.979382591247562,0.9423968005180359
0.0001,2209.0,12.979381408691408,0.9423894500732422
0.0001,2210.0,12.979380378723146,0.9423822474479675
0.0001,2211.0,12.979378738403321,0.9423750329017639
0.0001,2212.0,12.979377746582031,0.9423676896095275
0.0001,2213.0,12.9793766784668,0.9423604536056518
0.0001,2214.0,12.979375534057619,0.9423531794548035
0.0001,2215.0,12.979374389648438,0.9423460578918457
0.0001,2216.0,12.979373016357421,0.9423388648033142
0.0001,2217.0,12.979371986389161,0.9423317432403564
0.0001,2218.0,12.9793709564209,0.9423246264457703
0.0001,2219.0,12.979369926452637,0.9423174285888671
0.0001,2220.0,12.979368476867675,0.9423102736473083
0.0001,2221.0,12.979366989135743,0.9423031902313233
0.0001,2222.0,12.979366149902344,0.9422960948944092
0.0001,2223.0,12.979364967346191,0.9422890281677246
0.0001,2224.0,12.979363441467287,0.9422821331024169
0.0001,2225.0,12.979363021850586,0.9422750377655029
0.0001,2226.0,12.979362030029296,0.9422681331634521
0.0001,2227.0,12.979360542297362,0.9422610378265381
0.0001,2228.0,12.979359664916995,0.9422540950775147
0.0001,2229.0,12.97935848236084,0.9422470378875732
0.0001,2230.0,12.979356842041017,0.9422403502464294
0.0001,2231.0,12.9793558883667,0.9422332763671875
0.0001,2232.0,12.97935501098633,0.9422264909744262
0.0001,2233.0,12.979354133605957,0.9422194981575012
0.0001,2234.0,12.97935260772705,0.9422126698493958
0.0001,2235.0,12.979351577758788,0.9422058510780335
0.0001,2236.0,12.979350624084473,0.9421989941596984
0.0001,2237.0,12.979349594116211,0.9421922254562378
0.0001,2238.0,12.979348297119142,0.9421853733062744
0.0001,2239.0,12.979347267150882,0.9421786260604859
0.0001,2240.0,12.979346199035646,0.942171790599823
0.0001,2241.0,12.979345245361328,0.9421651577949524
0.0001,2242.0,12.979343910217285,0.9421584415435791
0.0001,2243.0,12.979342880249023,0.9421517038345337
0.0001,2244.0,12.979341697692872,0.9421450543403626
0.0001,2245.0,12.979340858459473,0.9421383380889892
0.0001,2246.0,12.979339523315431,0.9421316981315613
0.0001,2247.0,12.979338951110842,0.9421249938011169
0.0001,2248.0,12.979337692260744,0.9421183705329894
0.0001,2249.0,12.97933647155762,0.9421117305755615
0.0001,2250.0,12.97933563232422,0.9421051454544067
0.0001,2251.0,12.97933464050293,0.9420985984802246
0.0001,2252.0,12.979333457946778,0.9420919418334961
0.0001,2253.0,12.979332427978516,0.9420854759216308
0.0001,2254.0,12.979331245422362,0.9420788526535033
0.0001,2255.0,12.979330291748047,0.9420724415779114
0.0001,2256.0,12.979328918457032,0.9420659422874451
0.0001,2257.0,12.979328269958497,0.9420594596862792
0.0001,2258.0,12.979327239990235,0.9420528411865234
0.0001,2259.0,12.979326553344727,0.9420465540885925
0.0001,2260.0,12.979325065612795,0.9420400071144104
0.0001,2261.0,12.979324226379395,0.9420335674285889
0.0001,2262.0,12.979323348999023,0.9420271062850952
0.0001,2263.0,12.979321899414062,0.9420209288597107
0.0001,2264.0,12.979321174621584,0.942014570236206
0.0001,2265.0,12.97931999206543,0.9420081901550292
0.0001,2266.0,12.979319190979004,0.9420018601417541
0.0001,2267.0,12.979318161010742,0.9419953656196594
0.0001,2268.0,12.979316978454591,0.9419890141487122
0.0001,2269.0,12.979316177368165,0.9419828128814698
0.0001,2270.0,12.979315338134766,0.9419765853881836
0.0001,2271.0,12.979314460754395,0.9419702386856079
0.0001,2272.0,12.979313125610352,0.941964168548584
0.0001,2273.0,12.979312019348145,0.9419579029083253
0.0001,2274.0,12.979311294555664,0.9419515609741211
0.0001,2275.0,12.979310302734374,0.9419454574584961
0.0001,2276.0,12.979309425354003,0.9419392466545106
0.0001,2277.0,12.979307975769043,0.9419329595565795
0.0001,2278.0,12.979307289123536,0.941926941871643
0.0001,2279.0,12.97930660247803,0.941920747756958
0.0001,2280.0,12.979305419921875,0.941914529800415
0.0001,2281.0,12.979304580688476,0.941908540725708
0.0001,2282.0,12.979303436279297,0.9419024157524108
0.0001,2283.0,12.979302558898926,0.9418962860107423
0.0001,2284.0,12.979301414489747,0.9418902635574341
0.0001,2285.0,12.97930088043213,0.9418842744827272
0.0001,2286.0,12.979299736022949,0.9418781661987304
0.0001,2287.0,12.979298667907715,0.9418721556663513
0.0001,2288.0,12.979297676086428,0.9418661284446717
0.0001,2289.0,12.97929698944092,0.941860225200653
0.0001,2290.0,12.97929584503174,0.9418541550636292
0.0001,2291.0,12.97929500579834,0.9418481659889222
0.0001,2292.0,12.97929416656494,0.9418423342704774
0.0001,2293.0,12.979293327331543,0.9418363499641418
0.0001,2294.0,12.979292335510253,0.9418303656578064
0.0001,2295.0,12.979291648864745,0.9418245339393616
0.0001,2296.0,12.979290809631348,0.941818549633026
0.0001,2297.0,12.97929027557373,0.941812674999237
0.0001,2298.0,12.979288635253905,0.941806788444519
0.0001,2299.0,12.979287796020506,0.9418011140823364
0.0001,2300.0,12.97928680419922,0.9417952919006347
0.0001,2301.0,12.97928581237793,0.9417892861366273
0.0001,2302.0,12.979285278320313,0.9417835140228272
0.0001,2303.0,12.979284324645997,0.9417777466773987
0.0001,2304.0,12.979283409118652,0.9417719745635986
0.0001,2305.0,12.979282264709472,0.9417662453651428
0.0001,2306.0,12.979281616210937,0.9417605209350586
0.0001,2307.0,12.97928108215332,0.9417547273635865
0.0001,2308.0,12.979279747009278,0.9417490363121033
0.0001,2309.0,12.979278640747069,0.9417432522773742
0.0001,2310.0,12.979277954101562,0.9417375612258911
0.0001,2311.0,12.979277038574217,0.941731870174408
0.0001,2312.0,12.979276084899901,0.9417263150215149
0.0001,2313.0,12.979275550842287,0.9417204928398133
0.0001,2314.0,12.979274864196778,0.9417148399353027
0.0001,2315.0,12.979273719787598,0.9417093873023987
0.0001,2316.0,12.979273033142091,0.9417036366462708
0.0001,2317.0,12.979272079467775,0.9416980862617492
0.0001,2318.0,12.979271240234375,0.9416925406455994
0.0001,2319.0,12.979270668029784,0.9416869044303893
0.0001,2320.0,12.979269523620605,0.9416814351081848
0.0001,2321.0,12.979268836975097,0.941675889492035
0.0001,2322.0,12.97926788330078,0.9416702961921692
0.0001,2323.0,12.979267005920407,0.9416648817062377
0.0001,2324.0,12.97926586151123,0.9416592335700988
0.0001,2325.0,12.979265632629396,0.9416538572311401
0.0001,2326.0,12.979264373779298,0.9416483283042908
0.0001,2327.0,12.97926383972168,0.9416427731513977
0.0001,2328.0,12.97926284790039,0.9416373801231384
0.0001,2329.0,12.979261817932128,0.9416319704055787
0.0001,2330.0,12.97926113128662,0.941626615524292
0.0001,2331.0,12.979260177612304,0.9416209888458251
0.0001,2332.0,12.979259490966795,0.9416156935691833
0.0001,2333.0,12.97925884246826,0.9416103434562684
0.0001,2334.0,12.9792578125,0.941604928970337
0.0001,2335.0,12.979257431030273,0.9415995788574218
0.0001,2336.0,12.979256324768066,0.9415941262245178
0.0001,2337.0,12.979254875183106,0.9415888690948486
0.0001,2338.0,12.979254760742187,0.9415835189819336
0.0001,2339.0,12.979253921508791,0.9415782880783081
0.0001,2340.0,12.979252853393556,0.941572835445404
0.0001,2341.0,12.979252166748047,0.9415675616264343
0.0001,2342.0,12.979251747131348,0.9415624833106995
0.0001,2343.0,12.97925106048584,0.9415570735931396
0.0001,2344.0,12.979249801635742,0.941551902294159
0.0001,2345.0,12.979248695373535,0.9415465903282165
0.0001,2346.0,12.979248580932618,0.9415413975715636
0.0001,2347.0,12.979247741699218,0.9415361452102661
0.0001,2348.0,12.979246749877928,0.9415310072898866
0.0001,2349.0,12.979245986938475,0.9415258312225342
0.0001,2350.0,12.979245109558105,0.9415205788612366
0.0001,2351.0,12.979244613647461,0.9415154242515564
0.0001,2352.0,12.979243927001955,0.9415102314949035
0.0001,2353.0,12.979243087768554,0.9415051960945129
0.0001,2354.0,12.979242248535156,0.9415001010894775
0.0001,2355.0,12.97924186706543,0.9414948749542236
0.0001,2356.0,12.979240570068358,0.9414897918701172
0.0001,2357.0,12.979239921569823,0.9414845609664917
0.0001,2358.0,12.979239234924316,0.9414795637130737
0.0001,2359.0,12.97923873901367,0.9414745378494263
0.0001,2360.0,12.97923740386963,0.9414694166183472
0.0001,2361.0,12.979236907958985,0.9414644622802735
0.0001,2362.0,12.97923625946045,0.9414593839645387
0.0001,2363.0,12.979235382080077,0.9414543867111206
0.0001,2364.0,12.979234733581542,0.9414494371414184
0.0001,2365.0,12.979233932495116,0.9414443206787109
0.0001,2366.0,12.979232749938964,0.9414394044876098
0.0001,2367.0,12.9792325592041,0.9414344453811646
0.0001,2368.0,12.979231910705566,0.9414293718338014
0.0001,2369.0,12.979231071472167,0.9414245533943175
0.0001,2370.0,12.97922996520996,0.9414195609092713
0.0001,2371.0,12.979229583740233,0.9414146614074708
0.0001,2372.0,12.979228591918947,0.9414097666740417
0.0001,2373.0,12.97922794342041,0.9414048719406127
0.0001,2374.0,12.97922721862793,0.9414000487327576
0.0001,2375.0,12.979226722717286,0.9413950228691101
0.0001,2376.0,12.979226531982423,0.9413902211189269
0.0001,2377.0,12.979225234985352,0.9413853645324707
0.0001,2378.0,12.979224281311033,0.9413805079460145
0.0001,2379.0,12.979224052429199,0.9413756513595581
0.0001,2380.0,12.979223060607909,0.941370930671692
0.0001,2381.0,12.979222869873047,0.9413659000396728
0.0001,2382.0,12.979221916198732,0.9413611793518066
0.0001,2383.0,12.979221038818359,0.9413563394546509
0.0001,2384.0,12.979220390319826,0.9413517260551454
0.0001,2385.0,12.97921989440918,0.9413467502593994
0.0001,2386.0,12.97921890258789,0.9413421106338502
0.0001,2387.0,12.9792179107666,0.941337275505066
0.0001,2388.0,12.979217720031738,0.9413326525688172
0.0001,2389.0,12.979216613769532,0.9413278770446777
0.0001,2390.0,12.979216232299805,0.9413232254981996
0.0001,2391.0,12.979215888977052,0.9413184666633606
0.0001,2392.0,12.979214401245116,0.9413138270378112
0.0001,2393.0,12.979214248657225,0.9413091111183167
0.0001,2394.0,12.97921360015869,0.9413044118881226
0.0001,2395.0,12.979212570190427,0.9412997889518737
0.0001,2396.0,12.979211959838867,0.9412951374053955
0.0001,2397.0,12.979211235046387,0.9412905311584472
0.0001,2398.0,12.979211044311523,0.9412858366966248
0.0001,2399.0,12.979210243225097,0.9412812733650207
0.0001,2400.0,12.97920970916748,0.9412766170501708
0.0001,2401.0,12.979208946228026,0.9412720251083374
0.0001,2402.0,12.979207916259767,0.9412674236297607
0.0001,2403.0,12.979207458496095,0.9412628865242005
0.0001,2404.0,12.979206581115724,0.9412582683563232
0.0001,2405.0,12.979206428527833,0.9412537264823913
0.0001,2406.0,12.979205551147462,0.9412492442131042
0.0001,2407.0,12.979205360412598,0.9412446689605714
0.0001,2408.0,12.97920425415039,0.9412401866912842
0.0001,2409.0,12.979203414916991,0.9412357044219971
0.0001,2410.0,12.979202919006346,0.941231243610382
0.0001,2411.0,12.979202117919922,0.9412266135215759
0.0001,2412.0,12.979201736450195,0.9412222838401794
0.0001,2413.0,12.979200935363767,0.9412177300453186
0.0001,2414.0,12.979199943542481,0.9412132906913757
0.0001,2415.0,12.97920021057129,0.941208791732788
0.0001,2416.0,12.97919906616211,0.9412044286727905
0.0001,2417.0,12.979198722839357,0.9412000489234924
0.0001,2418.0,12.979197769165038,0.9411955499649048
0.0001,2419.0,12.979196968078613,0.9411911273002624
0.0001,2420.0,12.979197006225585,0.9411867308616637
0.0001,2421.0,12.979196243286133,0.9411823081970215
0.0001,2422.0,12.979195098876954,0.9411779880523682
0.0001,2423.0,12.9791947555542,0.9411735868453979
0.0001,2424.0,12.979194221496583,0.9411693429946899
0.0001,2425.0,12.979193305969238,0.9411649632453919
0.0001,2426.0,12.979192619323731,0.9411605834960937
0.0001,2427.0,12.979192390441895,0.9411561489105225
0.0001,2428.0,12.97919174194336,0.9411518955230713
0.0001,2429.0,12.979190826416016,0.9411475801467896
0.0001,2430.0,12.979190444946289,0.9411432003974913
0.0001,2431.0,12.979189453125,0.9411389994621278
0.0001,2432.0,12.979189414978027,0.9411347389221191
0.0001,2433.0,12.97918872833252,0.9411304187774658
0.0001,2434.0,12.979188156127929,0.9411261749267579
0.0001,2435.0,12.979187469482422,0.9411219525337219
0.0001,2436.0,12.979186668395995,0.941117708683014
0.0001,2437.0,12.979185981750488,0.9411134314537049
0.0001,2438.0,12.979185600280763,0.941109209060669
0.0001,2439.0,12.97918525695801,0.9411050629615785
0.0001,2440.0,12.979184455871582,0.9411008834838868
0.0001,2441.0,12.979183807373047,0.9410966610908508
0.0001,2442.0,12.979183006286622,0.9410924816131592
0.0001,2443.0,12.979182662963868,0.9410884332656861
0.0001,2444.0,12.97918212890625,0.9410841178894043
0.0001,2445.0,12.979181518554688,0.9410800147056579
0.0001,2446.0,12.97918083190918,0.9410759282112121
0.0001,2447.0,12.979180030822754,0.9410716891288757
0.0001,2448.0,12.9791796875,0.9410676240921021
0.0001,2449.0,12.979178848266603,0.9410634827613831
0.0001,2450.0,12.979178543090821,0.9410592985153198
0.0001,2451.0,12.979178009033204,0.941055314540863
0.0001,2452.0,12.979177169799804,0.9410511732101441
0.0001,2453.0,12.979176406860352,0.9410469937324524
0.0001,2454.0,12.979176483154296,0.9410430049896241
0.0001,2455.0,12.979175872802735,0.9410389280319214
0.0001,2456.0,12.979175186157226,0.9410348033905029
0.0001,2457.0,12.979174499511718,0.9410308027267456
0.0001,2458.0,12.979173965454102,0.9410267925262452
0.0001,2459.0,12.97917366027832,0.9410228848457336
0.0001,2460.0,12.979173164367676,0.9410187482833863
0.0001,2461.0,12.97917251586914,0.9410148239135743
0.0001,2462.0,12.979171562194825,0.941010639667511
0.0001,2463.0,12.979171028137209,0.9410067915916442
0.0001,2464.0,12.979170722961427,0.9410028171539306
0.0001,2465.0,12.979170227050782,0.9409987473487854
0.0001,2466.0,12.979169502258303,0.9409948444366456
0.0001,2467.0,12.979169197082522,0.9409909200668336
0.0001,2468.0,12.979168548583985,0.9409869360923768
0.0001,2469.0,12.979168090820313,0.9409830713272095
0.0001,2470.0,12.979167251586913,0.9409790873527526
0.0001,2471.0,12.979167022705077,0.9409751844406128
0.0001,2472.0,12.979166221618653,0.9409711623191833
0.0001,2473.0,12.979166069030763,0.9409672975540162
0.0001,2474.0,12.979164924621582,0.9409634113311767
0.0001,2475.0,12.9791646194458,0.9409596276283263
0.0001,2476.0,12.979164543151855,0.9409556603431701
0.0001,2477.0,12.979163589477537,0.9409518384933473
0.0001,2478.0,12.979162826538087,0.9409478759765626
0.0001,2479.0,12.979162597656252,0.940944185256958
0.0001,2480.0,12.979162254333497,0.9409403634071349
0.0001,2481.0,12.979161643981934,0.9409364771842956
0.0001,2482.0,12.979161224365235,0.940932629108429
0.0001,2483.0,12.97916042327881,0.9409288835525513
0.0001,2484.0,12.979160232543947,0.9409249639511108
0.0001,2485.0,12.97915958404541,0.9409213113784791
0.0001,2486.0,12.979159240722657,0.9409174895286561
0.0001,2487.0,12.979158630371096,0.9409136629104614
0.0001,2488.0,12.979157791137697,0.9409099555015564
0.0001,2489.0,12.979157791137697,0.9409062099456786
0.0001,2490.0,12.979156532287597,0.9409023284912109
0.0001,2491.0,12.979156455993651,0.9408985996246338
0.0001,2492.0,12.97915615081787,0.9408948802947998
0.0001,2493.0,12.97915531158447,0.9408911466598511
0.0001,2494.0,12.979155120849608,0.9408875036239623
0.0001,2495.0,12.979154129028323,0.9408837747573853
0.0001,2496.0,12.979154281616212,0.9408801436424256
0.0001,2497.0,12.97915336608887,0.9408763432502747
0.0001,2498.0,12.979152832031252,0.9408727169036866
0.0001,2499.0,12.979151763916017,0.9408689165115357
0.0001,2500.0,12.979152145385743,0.9408652424812318
0.0001,2501.0,12.979151496887209,0.9408616161346436
0.0001,2502.0,12.979151000976563,0.9408578968048096
0.0001,2503.0,12.979150390625001,0.9408543205261231
0.0001,2504.0,12.979149856567384,0.9408507204055787
0.0001,2505.0,12.979149551391602,0.9408471536636351
0.0001,2506.0,12.979149017333985,0.940843403339386
0.0001,2507.0,12.979148559570312,0.9408399343490601
0.0001,2508.0,12.979148216247562,0.9408361721038818
0.0001,2509.0,12.979147415161135,0.9408326053619385
0.0001,2510.0,12.979146881103517,0.9408289742469788
0.0001,2511.0,12.979146728515627,0.9408254337310791
0.0001,2512.0,12.979145927429201,0.9408218240737916
0.0001,2513.0,12.979145584106446,0.9408182358741761
0.0001,2514.0,12.979144973754883,0.9408146476745606
0.0001,2515.0,12.979144744873047,0.9408111667633057
0.0001,2516.0,12.979144248962402,0.9408075904846191
0.0001,2517.0,12.979143905639647,0.9408040452003479
0.0001,2518.0,12.979143104553222,0.9408006191253663
0.0001,2519.0,12.979142456054687,0.9407970523834228
0.0001,2520.0,12.979142456054685,0.9407934856414795
0.0001,2521.0,12.979141807556154,0.9407899188995361
0.0001,2522.0,12.979141273498536,0.9407865476608277
0.0001,2523.0,12.979140968322755,0.9407829976081847
0.0001,2524.0,12.979140625,0.9407794737815858
0.0001,2525.0,12.979140129089355,0.9407760047912597
0.0001,2526.0,12.979139671325683,0.940772578716278
0.0001,2527.0,12.979139289855956,0.9407690668106079
0.0001,2528.0,12.979138336181641,0.9407656574249268
0.0001,2529.0,12.979137802124026,0.9407622528076172
0.0001,2530.0,12.979138145446779,0.9407587623596192
0.0001,2531.0,12.979137496948244,0.9407553911209106
0.0001,2532.0,12.979136657714845,0.9407519054412842
0.0001,2533.0,12.97913631439209,0.9407484793663025
0.0001,2534.0,12.97913558959961,0.9407450318336487
0.0001,2535.0,12.979135551452636,0.9407417368888855
0.0001,2536.0,12.979135055541992,0.9407382893562317
0.0001,2537.0,12.979134521484374,0.9407348299026489
0.0001,2538.0,12.979134025573732,0.9407315349578858
0.0001,2539.0,12.97913356781006,0.94072820186615
0.0001,2540.0,12.979133262634278,0.9407248783111573
0.0001,2541.0,12.97913272857666,0.9407213830947876
0.0001,2542.0,12.979132385253907,0.9407180595397949
0.0001,2543.0,12.979131889343265,0.9407147693634033
0.0001,2544.0,12.979131851196293,0.9407113766670228
0.0001,2545.0,12.979130935668948,0.9407080316543579
0.0001,2546.0,12.979130783081057,0.940704758167267
0.0001,2547.0,12.979130287170412,0.9407014298439025
0.0001,2548.0,12.979130096435549,0.9406981182098388
0.0001,2549.0,12.979129295349122,0.9406949090957641
0.0001,2550.0,12.979128952026368,0.9406915593147278
0.0001,2551.0,12.979128570556641,0.940688235759735
0.0001,2552.0,12.979127960205082,0.940685076713562
0.0001,2553.0,12.979127273559573,0.940681791305542
0.0001,2554.0,12.979127311706545,0.940678403377533
0.0001,2555.0,12.979126815795901,0.9406752109527587
0.0001,2556.0,12.979126319885255,0.9406720399856567
0.0001,2557.0,12.979125862121583,0.9406685924530029
0.0001,2558.0,12.979125366210939,0.9406654810905457
0.0001,2559.0,12.979125175476074,0.9406622338294983
0.0001,2560.0,12.979124717712402,0.9406589818000793
0.0001,2561.0,12.979124069213867,0.9406558537483216
0.0001,2562.0,12.979124031066892,0.9406525802612304
0.0001,2563.0,12.979123382568357,0.9406493711471557
0.0001,2564.0,12.979123191833498,0.9406462168693543
0.0001,2565.0,12.979122886657716,0.940642969608307
0.0001,2566.0,12.97912223815918,0.9406398034095764
0.0001,2567.0,12.979121551513671,0.9406366872787475
0.0001,2568.0,12.979121208190918,0.9406334829330444
0.0001,2569.0,12.979120864868163,0.940630328655243
0.0001,2570.0,12.97912010192871,0.9406272339820861
0.0001,2571.0,12.97911994934082,0.9406240034103392
0.0001,2572.0,12.979119911193848,0.9406208920478821
0.0001,2573.0,12.979119567871093,0.9406177043914795
0.0001,2574.0,12.97911880493164,0.9406146097183228
0.0001,2575.0,12.979118461608886,0.9406114602088929
0.0001,2576.0,12.979118270874022,0.9406083536148071
0.0001,2577.0,12.979117622375488,0.940605194568634
0.0001,2578.0,12.979117164611816,0.9406022453308105
0.0001,2579.0,12.979116783142093,0.9405991125106812
0.0001,2580.0,12.979116287231447,0.9405960607528687
0.0001,2581.0,12.97911632537842,0.9405929327011109
0.0001,2582.0,12.979115524291993,0.940589838027954
0.0001,2583.0,12.979115371704102,0.9405868458747864
0.0001,2584.0,12.97911518096924,0.9405837559700012
0.0001,2585.0,12.979114646911622,0.9405807042121888
0.0001,2586.0,12.979114494323731,0.940577690601349
0.0001,2587.0,12.979113845825195,0.9405746603012086
0.0001,2588.0,12.979113388061524,0.940571608543396
0.0001,2589.0,12.97911289215088,0.9405685186386108
0.0001,2590.0,12.979112548828125,0.940565505027771
0.0001,2591.0,12.979112205505372,0.9405624961853027
0.0001,2592.0,12.979111862182616,0.9405595970153808
0.0001,2593.0,12.979111404418944,0.9405565500259399
0.0001,2594.0,12.979110984802245,0.9405535364151001
0.0001,2595.0,12.979110260009765,0.9405506038665772
0.0001,2596.0,12.979110107421874,0.940547513961792
0.0001,2597.0,12.979109954833984,0.9405445384979247
0.0001,2598.0,12.979109039306643,0.9405415892601013
0.0001,2599.0,12.979109573364259,0.9405386734008789
0.0001,2600.0,12.979108810424806,0.9405356812477111
0.0001,2601.0,12.979108657836914,0.9405326890945435
0.0001,2602.0,12.97910827636719,0.9405297946929931
0.0001,2603.0,12.979107971191409,0.9405268669128419
0.0001,2604.0,12.979107513427737,0.9405239129066467
0.0001,2605.0,12.97910713195801,0.9405210566520692
0.0001,2606.0,12.979106826782228,0.9405180644989013
0.0001,2607.0,12.979106369018558,0.9405151319503784
0.0001,2608.0,12.97910614013672,0.940512194633484
0.0001,2609.0,12.979105529785159,0.9405092072486877
0.0001,2610.0,12.979105072021486,0.940506432056427
0.0001,2611.0,12.97910484313965,0.9405034875869751
0.0001,2612.0,12.979104537963869,0.9405006647109986
0.0001,2613.0,12.979104080200196,0.9404977321624756
0.0001,2614.0,12.979103736877441,0.9404949998855592
0.0001,2615.0,12.979103546142579,0.9404921436309814
0.0001,2616.0,12.979102897644042,0.9404891133308411
0.0001,2617.0,12.97910259246826,0.9404862999916077
0.0001,2618.0,12.97910213470459,0.9404834437370301
0.0001,2619.0,12.979101791381837,0.940480694770813
0.0001,2620.0,12.979101448059081,0.9404778003692627
0.0001,2621.0,12.979101104736328,0.9404749608039856
0.0001,2622.0,12.979101104736328,0.9404721689224242
0.0001,2623.0,12.979100456237791,0.9404692959785461
0.0001,2624.0,12.9791003036499,0.9404665422439575
0.0001,2625.0,12.979099693298338,0.9404637289047241
0.0001,2626.0,12.979099502563475,0.9404609155654907
0.0001,2627.0,12.979099311828614,0.9404582262039185
0.0001,2628.0,12.97909896850586,0.9404553270339966
0.0001,2629.0,12.979098358154298,0.9404525351524353
0.0001,2630.0,12.979098167419433,0.9404497814178467
0.0001,2631.0,12.97909755706787,0.9404469847679138
0.0001,2632.0,12.97909767150879,0.9404443073272706
0.0001,2633.0,12.979097213745117,0.9404414343833923
0.0001,2634.0,12.979097023010254,0.94043874502182
0.0001,2635.0,12.9790962600708,0.9404359316825867
0.0001,2636.0,12.979096527099609,0.940433270931244
0.0001,2637.0,12.979095726013181,0.9404304790496826
0.0001,2638.0,12.979095573425294,0.9404277849197387
0.0001,2639.0,12.97909523010254,0.9404250907897949
0.0001,2640.0,12.979094619750978,0.9404223322868347
0.0001,2641.0,12.979094429016115,0.9404195237159729
0.0001,2642.0,12.979093971252443,0.9404168629646301
0.0001,2643.0,12.979093933105469,0.9404141354560851
0.0001,2644.0,12.979092826843262,0.9404116153717041
0.0001,2645.0,12.979092979431153,0.9404088616371156
0.0001,2646.0,12.979092483520507,0.9404062056541442
0.0001,2647.0,12.979092330932616,0.9404035067558288
0.0001,2648.0,12.979092140197753,0.940400893688202
0.0001,2649.0,12.979091796875,0.9403981399536132
0.0001,2650.0,12.979091644287111,0.94039546251297
0.0001,2651.0,12.979091186523439,0.9403927898406983
0.0001,2652.0,12.979090423583987,0.9403901338577272
0.0001,2653.0,12.979090690612793,0.9403874611854554
0.0001,2654.0,12.979090042114258,0.9403849458694458
0.0001,2655.0,12.979089889526369,0.9403820896148681
0.0001,2656.0,12.979089889526369,0.9403795194625855
0.0001,2657.0,12.979089241027834,0.9403769183158874
0.0001,2658.0,12.979089241027834,0.9403743267059326
0.0001,2659.0,12.979088745117188,0.9403716492652894
0.0001,2660.0,12.979087791442872,0.9403691124916077
0.0001,2661.0,12.979087524414062,0.9403663969039917
0.0001,2662.0,12.979087448120117,0.9403639960289001
0.0001,2663.0,12.979087104797363,0.9403612256050111
0.0001,2664.0,12.979086799621582,0.9403586339950561
0.0001,2665.0,12.979086799621582,0.9403561687469482
0.0001,2666.0,12.979086608886718,0.9403536701202393
0.0001,2667.0,12.979086151123045,0.9403510069847107
0.0001,2668.0,12.979085540771482,0.94034836769104
0.0001,2669.0,12.979085655212401,0.9403459882736206
0.0001,2670.0,12.979085197448729,0.94034334897995
0.0001,2671.0,12.979084701538083,0.9403408336639405
0.0001,2672.0,12.979084014892578,0.9403382968902588
0.0001,2673.0,12.979084396362305,0.9403357434272765
0.0001,2674.0,12.979083862304687,0.9403332448005677
0.0001,2675.0,12.979083404541015,0.9403306317329407
0.0001,2676.0,12.979082908630371,0.9403280997276307
0.0001,2677.0,12.979083251953124,0.9403257536888123
0.0001,2678.0,12.97908275604248,0.9403231191635131
0.0001,2679.0,12.979082412719725,0.9403206253051757
0.0001,2680.0,12.979082260131834,0.940318067073822
0.0001,2681.0,12.979081916809081,0.9403155732154846
0.0001,2682.0,12.979080963134763,0.9403129935264587
0.0001,2683.0,12.979080963134763,0.9403105974197388
0.0001,2684.0,12.979080810546872,0.9403081846237182
0.0001,2685.0,12.97908061981201,0.9403057026863098
0.0001,2686.0,12.979080314636231,0.9403031659126282
0.0001,2687.0,12.979079971313478,0.9403007102012635
0.0001,2688.0,12.979079666137697,0.940298330783844
0.0001,2689.0,12.979079704284668,0.940295798778534
0.0001,2690.0,12.979079055786134,0.9402933597564698
0.0001,2691.0,12.979078712463378,0.9402909636497498
0.0001,2692.0,12.979078369140625,0.9402885031700134
0.0001,2693.0,12.979078063964844,0.9402861666679383
0.0001,2694.0,12.97907802581787,0.940283625125885
0.0001,2695.0,12.979077873229981,0.940281114578247
0.0001,2696.0,12.979077262878418,0.9402787780761719
0.0001,2697.0,12.979077224731446,0.9402762794494628
0.0001,2698.0,12.979076271057128,0.9402739810943603
0.0001,2699.0,12.979076461791992,0.9402714824676515
0.0001,2700.0,12.979076271057128,0.9402691411972046
0.0001,2701.0,12.979076118469239,0.9402666902542114
0.0001,2702.0,12.979075965881348,0.9402643537521362
0.0001,2703.0,12.979075469970704,0.9402619147300719
0.0001,2704.0,12.979075164794923,0.9402595734596253
0.0001,2705.0,12.979075012207032,0.9402571940422058
0.0001,2706.0,12.979074325561523,0.9402547812461853
0.0001,2707.0,12.979074325561523,0.940252537727356
0.0001,2708.0,12.979073867797851,0.9402499246597291
0.0001,2709.0,12.97907371520996,0.9402476692199708
0.0001,2710.0,12.979073677062988,0.9402453494071961
0.0001,2711.0,12.979073219299316,0.9402430081367492
0.0001,2712.0,12.979072723388674,0.9402406716346741
0.0001,2713.0,12.979072723388674,0.9402383351325989
0.0001,2714.0,12.979072380065919,0.9402360534667968
0.0001,2715.0,12.979072227478028,0.9402336025238037
0.0001,2716.0,12.979071769714356,0.9402314233779907
0.0001,2717.0,12.979071922302246,0.9402289843559266
0.0001,2718.0,12.97907096862793,0.940226707458496
0.0001,2719.0,12.979070930480956,0.9402243876457215
0.0001,2720.0,12.979070930480956,0.9402220630645752
0.0001,2721.0,12.979070472717284,0.9402197527885436
0.0001,2722.0,12.979070472717284,0.9402175259590149
0.0001,2723.0,12.979070320129395,0.9402151942253112
0.0001,2724.0,12.979069824218753,0.9402128958702087
0.0001,2725.0,12.97906936645508,0.9402106142044068
0.0001,2726.0,12.979069175720216,0.9402082562446594
0.0001,2727.0,12.979068679809572,0.9402060604095459
0.0001,2728.0,12.979068679809572,0.940203800201416
0.0001,2729.0,12.979068031311035,0.9402015614509582
0.0001,2730.0,12.979067726135254,0.9401992297172547
0.0001,2731.0,12.979067878723145,0.9401969814300537
0.0001,2732.0,12.979067726135254,0.9401947259902954
0.0001,2733.0,12.979067268371582,0.9401925849914551
0.0001,2734.0,12.979067268371582,0.9401902055740357
0.0001,2735.0,12.979066619873047,0.9401879930496215
0.0001,2736.0,12.979066429138182,0.9401859068870544
0.0001,2737.0,12.979066429138182,0.940183629989624
0.0001,2738.0,12.9790661239624,0.9401812720298768
0.0001,2739.0,12.9790661239624,0.9401791310310363
0.0001,2740.0,12.979065322875975,0.9401769518852234
0.0001,2741.0,12.979065322875975,0.9401747131347657
0.0001,2742.0,12.979065017700197,0.9401724147796631
0.0001,2743.0,12.979064521789551,0.9401703333854675
0.0001,2744.0,12.979064025878907,0.9401681756973266
0.0001,2745.0,12.979064178466798,0.9401658987998962
0.0001,2746.0,12.979064025878907,0.9401636338233947
0.0001,2747.0,12.979064178466798,0.9401615142822266
0.0001,2748.0,12.979063682556152,0.9401593518257141
0.0001,2749.0,12.979062881469726,0.9401570630073548
0.0001,2750.0,12.979062767028811,0.9401550197601318
0.0001,2751.0,12.979062919616702,0.9401528358459472
0.0001,2752.0,12.97906261444092,0.9401507163047791
0.0001,2753.0,12.97906192779541,0.9401485371589661
0.0001,2754.0,12.979061622619628,0.9401464009284972
0.0001,2755.0,12.979061622619628,0.9401442813873291
0.0001,2756.0,12.979061622619628,0.940142080783844
0.0001,2757.0,12.979061737060547,0.9401399612426757
0.0001,2758.0,12.979060668945312,0.940137836933136
0.0001,2759.0,12.979060668945312,0.9401356029510499
0.0001,2760.0,12.979060516357421,0.9401336193084716
0.0001,2761.0,12.979060516357421,0.9401313805580139
0.0001,2762.0,12.979059524536133,0.9401292443275452
0.0001,2763.0,12.979059524536133,0.9401271796226501
0.0001,2764.0,12.979059562683107,0.9401251196861267
0.0001,2765.0,12.979059219360352,0.9401229953765868
0.0001,2766.0,12.979059524536133,0.9401208806037902
0.0001,2767.0,12.979058723449707,0.9401188206672668
0.0001,2768.0,12.97905891418457,0.9401167392730712
0.0001,2769.0,12.979058113098148,0.9401146030426026
0.0001,2770.0,12.979058265686039,0.9401125049591064
0.0001,2771.0,12.979057922363284,0.940110478401184
0.0001,2772.0,12.979057464599611,0.9401083421707154
0.0001,2773.0,12.979057617187502,0.9401062560081482
0.0001,2774.0,12.97905731201172,0.9401041746139527
0.0001,2775.0,12.979056358337404,0.9401021361351014
0.0001,2776.0,12.979056816101076,0.9401001143455505
0.0001,2777.0,12.979056816101076,0.9400981092453002
0.0001,2778.0,12.979055404663086,0.9400959396362305
0.0001,2779.0,12.979055862426758,0.9400938916206361
0.0001,2780.0,12.979056015014649,0.9400918745994569
0.0001,2781.0,12.979055557250977,0.9400898361206056
0.0001,2782.0,12.979055709838867,0.9400877666473388
0.0001,2783.0,12.97905517578125,0.9400858306884766
0.0001,2784.0,12.979055061340333,0.9400837278366089
0.0001,2785.0,12.979054756164551,0.9400817275047302
0.0001,2786.0,12.979054222106933,0.9400796842575074
0.0001,2787.0,12.979054107666014,0.9400777697563172
0.0001,2788.0,12.979054260253905,0.9400757098197936
0.0001,2789.0,12.979053955078124,0.9400737810134888
0.0001,2790.0,12.979053153991702,0.9400717043876647
0.0001,2791.0,12.979053115844724,0.9400697588920593
0.0001,2792.0,12.97905345916748,0.94006760597229
0.0001,2793.0,12.979053306579589,0.9400656604766846
0.0001,2794.0,12.979052352905274,0.9400636982917786
0.0001,2795.0,12.979052352905274,0.9400616979598999
0.0001,2796.0,12.979052200317383,0.9400597190856934
0.0001,2797.0,12.97905170440674,0.9400577521324158
0.0001,2798.0,12.97905170440674,0.9400558757781983
0.0001,2799.0,12.97905200958252,0.9400538158416748
0.0001,2800.0,12.979051361083984,0.9400518536567688
0.0001,2801.0,12.979050903320312,0.9400499296188355
0.0001,2802.0,12.979051094055176,0.9400479340553283
0.0001,2803.0,12.979050903320312,0.9400459671020508
0.0001,2804.0,12.979050636291504,0.9400440263748169
0.0001,2805.0,12.97905010223389,0.9400421237945557
0.0001,2806.0,12.97905059814453,0.9400401616096496
0.0001,2807.0,12.97904899597168,0.9400382256507873
0.0001,2808.0,12.979049491882327,0.9400363612174987
0.0001,2809.0,12.979049301147462,0.9400344157218934
0.0001,2810.0,12.979049491882323,0.9400324368476867
0.0001,2811.0,12.979048652648927,0.9400303602218627
0.0001,2812.0,12.979048843383788,0.9400285720825196
0.0001,2813.0,12.979048385620116,0.9400266313552856
0.0001,2814.0,12.979048843383788,0.9400247287750244
0.0001,2815.0,12.979048042297363,0.940022783279419
0.0001,2816.0,12.979048042297364,0.9400209021568298
0.0001,2817.0,12.979047393798826,0.9400190258026123
0.0001,2818.0,12.979047431945801,0.9400171780586243
0.0001,2819.0,12.979047546386719,0.9400151777267456
0.0001,2820.0,12.97904727935791,0.9400134325027466
0.0001,2821.0,12.979046592712404,0.9400113725662231
0.0001,2822.0,12.979047050476076,0.9400095510482789
0.0001,2823.0,12.979046478271485,0.9400078105926515
0.0001,2824.0,12.979046096801758,0.9400058269500732
0.0001,2825.0,12.979046134948732,0.9400039672851563
0.0001,2826.0,12.97904582977295,0.940002064704895
0.0001,2827.0,12.979045333862304,0.940000205039978
0.0001,2828.0,12.979045486450195,0.9399983954429627
0.0001,2829.0,12.979045639038086,0.9399965143203735
0.0001,2830.0,12.979044876098632,0.9399945950508117
0.0001,2831.0,12.97904483795166,0.9399928665161132
0.0001,2832.0,12.979044876098634,0.9399910068511963
0.0001,2833.0,12.979044075012206,0.9399890875816346
0.0001,2834.0,12.979044342041016,0.9399872231483459
0.0001,2835.0,12.979044380187988,0.9399854564666749
0.0001,2836.0,12.979043579101562,0.9399835968017578
0.0001,2837.0,12.979043617248536,0.9399817967414855
0.0001,2838.0,12.979043579101562,0.9399798941612243
0.0001,2839.0,12.979042930603027,0.9399781703948975
0.0001,2840.0,12.97904327392578,0.9399764800071717
0.0001,2841.0,12.979042663574218,0.9399745392799377
0.0001,2842.0,12.979043006896973,0.9399727606773377
0.0001,2843.0,12.979042778015137,0.9399708414077759
0.0001,2844.0,12.979042472839355,0.9399691939353944
0.0001,2845.0,12.979042358398438,0.9399672913551331
0.0001,2846.0,12.979042015075683,0.9399655508995056
0.0001,2847.0,12.979041671752931,0.9399637246131898
0.0001,2848.0,12.97904136657715,0.9399618816375732
0.0001,2849.0,12.97904136657715,0.9399601411819458
0.0001,2850.0,12.979041213989259,0.9399583959579468
0.0001,2851.0,12.979040603637696,0.9399565148353577
0.0001,2852.0,12.979040908813477,0.9399547481536865
0.0001,2853.0,12.979040603637696,0.9399530839920044
0.0001,2854.0,12.97904010772705,0.9399513602256775
0.0001,2855.0,12.979040412902831,0.9399495220184326
0.0001,2856.0,12.979040412902831,0.939947760105133
0.0001,2857.0,12.979039764404295,0.939945993423462
0.0001,2858.0,12.97904010772705,0.9399442863464356
0.0001,2859.0,12.979039154052735,0.939942524433136
0.0001,2860.0,12.979039001464844,0.9399406695365906
0.0001,2861.0,12.979039192199707,0.9399389791488648
0.0001,2862.0,12.979038543701172,0.9399372553825378
0.0001,2863.0,12.979038505554199,0.9399355316162109
0.0001,2864.0,12.97903865814209,0.9399338459968567
0.0001,2865.0,12.979038200378419,0.9399321269989014
0.0001,2866.0,12.979038047790528,0.9399303436279296
0.0001,2867.0,12.979038352966308,0.939928560256958
0.0001,2868.0,12.979037551879884,0.9399268531799316
0.0001,2869.0,12.979038047790528,0.9399251842498779
0.0001,2870.0,12.97903694152832,0.9399235248565674
0.0001,2871.0,12.979037094116212,0.9399217081069946
0.0001,2872.0,12.979037551879886,0.9399200177192688
0.0001,2873.0,12.979037094116212,0.9399182558059692
0.0001,2874.0,12.979036636352541,0.9399165153503417
0.0001,2875.0,12.979036636352541,0.9399149656295777
0.0001,2876.0,12.979036445617677,0.9399133014678955
0.0001,2877.0,12.97903648376465,0.9399115991592408
0.0001,2878.0,12.97903648376465,0.9399097824096679
0.0001,2879.0,12.979035682678223,0.939908151626587
0.0001,2880.0,12.979035530090332,0.9399064493179321
0.0001,2881.0,12.97903533935547,0.9399048447608948
0.0001,2882.0,12.979035530090334,0.9399030447006227
0.0001,2883.0,12.979035224914552,0.9399014520645141
0.0001,2884.0,12.979034729003908,0.9398996901512147
0.0001,2885.0,12.979034729003908,0.9398981499671937
0.0001,2886.0,12.979034843444825,0.93989648103714
0.0001,2887.0,12.979034576416018,0.9398948168754577
0.0001,2888.0,12.979034309387208,0.9398932552337647
0.0001,2889.0,12.979033660888673,0.93989155292511
0.0001,2890.0,12.979033966064454,0.9398898673057556
0.0001,2891.0,12.97903331756592,0.9398881864547729
0.0001,2892.0,12.9790336227417,0.9398865222930908
0.0001,2893.0,12.979033432006835,0.9398849344253539
0.0001,2894.0,12.97903331756592,0.9398832488059998
0.0001,2895.0,12.979033164978029,0.9398816442489625
0.0001,2896.0,12.979032516479494,0.9398800063133239
0.0001,2897.0,12.979032669067385,0.9398783755302429
0.0001,2898.0,12.979032707214357,0.9398767924308777
0.0001,2899.0,12.979032516479494,0.9398751449584961
0.0001,2900.0,12.979032554626466,0.939873561859131
0.0001,2901.0,12.979032707214357,0.9398719358444214
0.0001,2902.0,12.979032211303712,0.9398702549934387
0.0001,2903.0,12.97903160095215,0.9398687434196472
0.0001,2904.0,12.97903175354004,0.9398671054840089
0.0001,2905.0,12.979031295776368,0.9398654747009276
0.0001,2906.0,12.979030799865724,0.9398639130592346
0.0001,2907.0,12.979030952453613,0.9398623633384705
0.0001,2908.0,12.979030609130861,0.9398606395721435
0.0001,2909.0,12.97903076171875,0.9398591971397401
0.0001,2910.0,12.979031143188477,0.9398574733734131
0.0001,2911.0,12.97903034210205,0.9398559665679932
0.0001,2912.0,12.979030647277831,0.9398543834686279
0.0001,2913.0,12.97903034210205,0.9398528385162354
0.0001,2914.0,12.979029846191406,0.9398512506484986
0.0001,2915.0,12.979029731750487,0.9398496890068054
0.0001,2916.0,12.979029541015624,0.9398480582237243
0.0001,2917.0,12.979029388427733,0.9398465776443481
0.0001,2918.0,12.979028739929197,0.9398449516296387
0.0001,2919.0,12.979029083251952,0.939843385219574
0.0001,2920.0,12.979028587341306,0.9398417854309082
0.0001,2921.0,12.979028739929197,0.9398401975631714
0.0001,2922.0,12.979028739929197,0.9398386955261231
0.0001,2923.0,12.979028129577637,0.939837167263031
0.0001,2924.0,12.979028434753415,0.9398355627059938
0.0001,2925.0,12.979028549194334,0.9398341369628906
0.0001,2926.0,12.979028320312501,0.939832592010498
0.0001,2927.0,12.9790283203125,0.9398310422897338
0.0001,2928.0,12.979027824401856,0.9398295569419861
0.0001,2929.0,12.979027862548827,0.939827973842621
0.0001,2930.0,12.979027214050292,0.9398263907432556
0.0001,2931.0,12.979027519226074,0.9398248624801635
0.0001,2932.0,12.979027061462402,0.9398233008384704
0.0001,2933.0,12.979027214050292,0.939821755886078
0.0001,2934.0,12.979027366638183,0.9398202657699586
0.0001,2935.0,12.97902687072754,0.9398188948631286
0.0001,2936.0,12.97902675628662,0.939817283153534
0.0001,2937.0,12.979026260375976,0.9398158311843873
0.0001,2938.0,12.979026718139648,0.9398143458366395
0.0001,2939.0,12.979025802612304,0.9398128557205201
0.0001,2940.0,12.979026260375976,0.9398112940788269
0.0001,2941.0,12.979025497436522,0.9398097324371337
0.0001,2942.0,12.979025802612304,0.9398083567619324
0.0001,2943.0,12.979025650024413,0.9398068380355835
0.0001,2944.0,12.97902561187744,0.9398052501678467
0.0001,2945.0,12.979025421142577,0.9398038029670714
0.0001,2946.0,12.979024848937986,0.9398022794723511
0.0001,2947.0,12.979025001525876,0.9398008751869202
0.0001,2948.0,12.979024200439452,0.9397994446754456
0.0001,2949.0,12.979024543762206,0.9397979640960693
0.0001,2950.0,12.979024200439452,0.9397963762283326
0.0001,2951.0,12.979024238586424,0.9397950053215026
0.0001,2952.0,12.979023590087891,0.9397934818267822
0.0001,2953.0,12.979023742675782,0.9397920346260071
0.0001,2954.0,12.9790234375,0.9397905278205871
0.0001,2955.0,12.9790234375,0.9397891235351562
0.0001,2956.0,12.979023323059081,0.939787757396698
0.0001,2957.0,12.97902328491211,0.9397862672805786
0.0001,2958.0,12.979023323059081,0.939784803390503
0.0001,2959.0,12.979022979736328,0.9397833180427552
0.0001,2960.0,12.97902328491211,0.9397818326950074
0.0001,2961.0,12.979022789001464,0.9397805261611938
0.0001,2962.0,12.979022674560547,0.9397790026664734
0.0001,2963.0,12.9790221786499,0.9397776317596436
0.0001,2964.0,12.979022216796874,0.9397761631011963
0.0001,2965.0,12.979021720886228,0.939774661064148
0.0001,2966.0,12.979022216796874,0.9397732949256897
0.0001,2967.0,12.979021263122556,0.9397719073295593
0.0001,2968.0,12.979021911621093,0.9397704601287842
0.0001,2969.0,12.979021911621096,0.9397689747810365
0.0001,2970.0,12.979021568298338,0.9397676086425781
0.0001,2971.0,12.979021377563479,0.9397661399841308
0.0001,2972.0,12.979020805358887,0.9397647523880005
0.0001,2973.0,12.97902126312256,0.9397633647918702
0.0001,2974.0,12.979020805358887,0.9397618675231934
0.0001,2975.0,12.979020652770997,0.9397605180740356
0.0001,2976.0,12.979020500183106,0.9397591686248778
0.0001,2977.0,12.979020919799806,0.9397578573226928
0.0001,2978.0,12.979020309448243,0.9397563934326172
0.0001,2979.0,12.979020195007324,0.9397549676895142
0.0001,2980.0,12.97901969909668,0.9397535252571105
0.0001,2981.0,12.979019889831543,0.9397521162033081
0.0001,2982.0,12.97901954650879,0.9397507882118226
0.0001,2983.0,12.979020042419434,0.9397493457794188
0.0001,2984.0,12.979019508361816,0.939747953414917
0.0001,2985.0,12.979019241333008,0.9397464513778686
0.0001,2986.0,12.979018630981445,0.9397452425956726
0.0001,2987.0,12.979019241333008,0.9397439694404602
0.0001,2988.0,12.979018478393554,0.9397424292564392
0.0001,2989.0,12.979018936157226,0.9397412371635436
0.0001,2990.0,12.979018898010253,0.9397397899627685
0.0001,2991.0,12.979018630981445,0.9397383093833924
0.0001,2992.0,12.979017982482908,0.9397370958328246
0.0001,2993.0,12.979018325805663,0.9397355985641479
0.0001,2994.0,12.979017868041995,0.9397342824935913
0.0001,2995.0,12.979018440246584,0.9397329378128052
0.0001,2996.0,12.97901767730713,0.9397315883636475
0.0001,2997.0,12.979017562866213,0.9397303032875061
0.0001,2998.0,12.979017219543458,0.9397288990020751
0.0001,2999.0,12.979017562866213,0.9397275710105897
0.0001,3000.0,12.979017372131349,0.9397263026237488
0.0001,3001.0,12.979016914367676,0.9397248339653015
0.0001,3002.0,12.979016609191895,0.9397235870361329
0.0001,3003.0,12.97901710510254,0.9397222590446472
0.0001,3004.0,12.979017181396486,0.9397209143638612
0.0001,3005.0,12.979016914367676,0.9397196245193482
0.0001,3006.0,12.979016151428224,0.9397182369232178
0.0001,3007.0,12.979016304016113,0.9397168326377869
0.0001,3008.0,12.97901611328125,0.9397155857086181
0.0001,3009.0,12.979016304016113,0.9397142362594604
0.0001,3010.0,12.97901550292969,0.9397129893302918
0.0001,3011.0,12.979016151428223,0.9397116613388061
0.0001,3012.0,12.979015846252441,0.9397103714942932
0.0001,3013.0,12.979015846252441,0.9397090220451355
0.0001,3014.0,12.979015197753908,0.9397077035903931
0.0001,3015.0,12.97901554107666,0.9397064685821532
0.0001,3016.0,12.979015197753906,0.939705080986023
0.0001,3017.0,12.979015235900878,0.9397038340568542
0.0001,3018.0,12.979014739990236,0.9397026252746583
0.0001,3019.0,12.979015235900878,0.9397012758255006
0.0001,3020.0,12.979014739990236,0.9396999907493591
0.0001,3021.0,12.979014625549317,0.9396987056732178
0.0001,3022.0,12.979014129638673,0.9396973395347594
0.0001,3023.0,12.97901439666748,0.9396962022781372
0.0001,3024.0,12.979014129638673,0.9396948790550232
0.0001,3025.0,12.979014320373535,0.9396934962272645
0.0001,3026.0,12.979013977050784,0.9396923208236694
0.0001,3027.0,12.979014244079588,0.9396909809112549
0.0001,3028.0,12.979013519287111,0.9396897459030151
0.0001,3029.0,12.979013710021974,0.9396885204315185
0.0001,3030.0,12.97901378631592,0.9396871328353882
0.0001,3031.0,12.979012870788575,0.9396859073638916
0.0001,3032.0,12.97901336669922,0.9396845459938049
0.0001,3033.0,12.979013481140138,0.9396834349632264
0.0001,3034.0,12.979012908935548,0.9396821236610413
0.0001,3035.0,12.979012603759767,0.9396808552742004
0.0001,3036.0,12.97901321411133,0.9396796035766601
0.0001,3037.0,12.979012413024902,0.9396783781051636
0.0001,3038.0,12.979012756347657,0.9396771097183227
0.0001,3039.0,12.979012298583985,0.9396757817268371
0.0001,3040.0,12.979012451171876,0.939674687385559
0.0001,3041.0,12.979011993408204,0.9396733093261718
0.0001,3042.0,12.97901210784912,0.93967214345932
0.0001,3043.0,12.97901210784912,0.9396708917617798
0.0001,3044.0,12.979012145996094,0.9396695637702941
0.0001,3045.0,12.97901195526123,0.9396685123443603
0.0001,3046.0,12.979011497497558,0.9396672439575195
0.0001,3047.0,12.979011535644531,0.9396659541130066
0.0001,3048.0,12.97901180267334,0.9396646523475647
0.0001,3049.0,12.97901123046875,0.939663519859314
0.0001,3050.0,12.979011077880859,0.9396622943878175
0.0001,3051.0,12.979011497497558,0.939661259651184
0.0001,3052.0,12.979010581970213,0.939659833908081
0.0001,3053.0,12.979010925292968,0.9396586465835571
0.0001,3054.0,12.979010734558104,0.9396574544906615
0.0001,3055.0,12.979010925292968,0.9396561694145202
0.0001,3056.0,12.979010734558104,0.9396550798416138
0.0001,3057.0,12.979009666442872,0.9396537351608276
0.0001,3058.0,12.979010162353514,0.9396525645256042
0.0001,3059.0,12.97900997161865,0.9396512961387634
0.0001,3060.0,12.979010162353514,0.9396502447128297
0.0001,3061.0,12.979009819030763,0.9396490955352783
0.0001,3062.0,12.979009552001955,0.9396477842330933
0.0001,3063.0,12.97900936126709,0.9396465420722961
0.0001,3064.0,12.97900997161865,0.9396453762054443
0.0001,3065.0,12.9790092086792,0.9396442651748657
0.0001,3066.0,12.979009475708006,0.939643018245697
0.0001,3067.0,12.979009056091309,0.9396418857574463
0.0001,3068.0,12.979008750915527,0.939640655517578
0.0001,3069.0,12.9790092086792,0.9396395230293273
0.0001,3070.0,12.979008598327637,0.939638340473175
0.0001,3071.0,12.979009056091309,0.9396372127532959
0.0001,3072.0,12.979008293151855,0.9396358847618103
0.0001,3073.0,12.979008560180665,0.9396348881721497
0.0001,3074.0,12.979008293151855,0.9396336078643799
0.0001,3075.0,12.9790087890625,0.9396324968338012
0.0001,3076.0,12.979008293151855,0.9396312665939331
0.0001,3077.0,12.979007987976074,0.9396300625801086
0.0001,3078.0,12.979008293151855,0.9396289777755737
0.0001,3079.0,12.979007682800292,0.9396277856826782
0.0001,3080.0,12.979008293151853,0.9396267461776734
0.0001,3081.0,12.97900737762451,0.9396254825592041
0.0001,3082.0,12.97900764465332,0.939624388217926
0.0001,3083.0,12.97900722503662,0.9396231079101562
0.0001,3084.0,12.979006919860838,0.9396219801902771
0.0001,3085.0,12.979007530212401,0.939620885848999
0.0001,3086.0,12.979006919860838,0.9396197700500488
0.0001,3087.0,12.97900737762451,0.9396186685562133
0.0001,3088.0,12.979006919860838,0.9396174049377441
0.0001,3089.0,12.979006881713866,0.9396162509918213
0.0001,3090.0,12.979006614685057,0.9396152973175049
0.0001,3091.0,12.979006729125976,0.9396140718460083
0.0001,3092.0,12.979006462097168,0.9396129822731019
0.0001,3093.0,12.979006309509277,0.9396117901802064
0.0001,3094.0,12.97900634765625,0.9396106839179993
0.0001,3095.0,12.979006309509277,0.9396095132827759
0.0001,3096.0,12.979006347656249,0.9396084070205688
0.0001,3097.0,12.979006309509275,0.9396073555946349
0.0001,3098.0,12.979005546569823,0.9396061301231384
0.0001,3099.0,12.979006004333494,0.9396049976348877
0.0001,3100.0,12.979005241394042,0.9396039295196532
0.0001,3101.0,12.979005813598631,0.9396029162406921
0.0001,3102.0,12.979005393981932,0.9396016526222228
0.0001,3103.0,12.979005813598631,0.9396006226539613
0.0001,3104.0,12.979005241394042,0.9395994567871094
0.0001,3105.0,12.979004898071288,0.9395984172821046
0.0001,3106.0,12.979005126953124,0.9395973539352417
0.0001,3107.0,12.97900493621826,0.9395962595939636
0.0001,3108.0,12.979005279541013,0.9395950722694397
0.0001,3109.0,12.979004783630371,0.93959392786026
0.0001,3110.0,12.97900417327881,0.9395927953720092
0.0001,3111.0,12.979004936218262,0.9395918035507203
0.0001,3112.0,12.9790043258667,0.9395906543731689
0.0001,3113.0,12.979004936218262,0.9395896244049072
0.0001,3114.0,12.979004364013674,0.9395885181427002
0.0001,3115.0,12.979003562927247,0.9395875597000122
0.0001,3116.0,12.979004211425783,0.9395863556861876
0.0001,3117.0,12.979003562927247,0.9395852494239807
0.0001,3118.0,12.979003829956056,0.9395841813087464
0.0001,3119.0,12.979003410339356,0.9395831251144409
0.0001,3120.0,12.979003982543947,0.9395820140838622
0.0001,3121.0,12.979003753662111,0.939580945968628
0.0001,3122.0,12.979003257751465,0.939579839706421
0.0001,3123.0,12.97900360107422,0.9395786905288697
0.0001,3124.0,12.979003257751465,0.9395778346061707
0.0001,3125.0,12.979003219604493,0.9395766520500184
0.0001,3126.0,12.979003105163574,0.9395755410194397
0.0001,3127.0,12.979002799987793,0.9395746088027954
0.0001,3128.0,12.979002838134766,0.9395736002922059
0.0001,3129.0,12.979002799987793,0.9395724081993103
0.0001,3130.0,12.979003143310548,0.939571394920349
0.0001,3131.0,12.979002799987793,0.9395702886581421
0.0001,3132.0,12.979002304077149,0.9395692372322083
0.0001,3133.0,12.979002532958985,0.9395682072639464
0.0001,3134.0,12.979002494812011,0.9395671558380128
0.0001,3135.0,12.979001731872557,0.9395660495758057
0.0001,3136.0,12.97900234222412,0.9395650577545166
0.0001,3137.0,12.979001770019531,0.9395640110969543
0.0001,3138.0,12.979002227783203,0.9395629978179932
0.0001,3139.0,12.979001579284668,0.9395620107650757
0.0001,3140.0,12.979001274108887,0.939560878276825
0.0001,3141.0,12.979002037048339,0.9395599842071534
0.0001,3142.0,12.979001464843751,0.9395588564872742
0.0001,3143.0,12.97900161743164,0.9395577669143678
0.0001,3144.0,12.979001274108887,0.9395568180084228
0.0001,3145.0,12.979000816345215,0.9395557832717896
0.0001,3146.0,12.979001464843751,0.9395546436309815
0.0001,3147.0,12.979001007080079,0.9395537066459656
0.0001,3148.0,12.97900115966797,0.939552731513977
0.0001,3149.0,12.979001121520996,0.9395516037940979
0.0001,3150.0,12.979000549316407,0.9395506215095519
0.0001,3151.0,12.97900115966797,0.9395495867729187
0.0001,3152.0,12.979000511169433,0.9395486164093018
0.0001,3153.0,12.978999900817872,0.9395476245880127
0.0001,3154.0,12.979000854492188,0.9395467138290405
0.0001,3155.0,12.979000205993653,0.9395456027984619
0.0001,3156.0,12.979000244140627,0.9395445728302001
0.0001,3157.0,12.979000205993652,0.9395435047149658
0.0001,3158.0,12.978999786376955,0.9395425343513488
0.0001,3159.0,12.978999938964845,0.9395414662361146
0.0001,3160.0,12.979000053405763,0.939540491104126
0.0001,3161.0,12.979000129699706,0.9395394992828369
0.0001,3162.0,12.978999633789064,0.9395385932922363
0.0001,3163.0,12.9789994430542,0.9395375037193299
0.0001,3164.0,12.978999671936036,0.9395365118980408
0.0001,3165.0,12.978999328613282,0.9395355749130249
0.0001,3166.0,12.978999748229981,0.9395344901084901
0.0001,3167.0,12.978999328613282,0.939533634185791
0.0001,3168.0,12.97899887084961,0.9395326852798461
0.0001,3169.0,12.978999290466309,0.9395315790176392
0.0001,3170.0,12.978998908996582,0.9395306253433228
0.0001,3171.0,12.97899856567383,0.9395296382904053
0.0001,3172.0,12.978998832702636,0.9395286083221437
0.0001,3173.0,12.97899856567383,0.9395276165008545
0.0001,3174.0,12.97899856567383,0.9395266842842103
0.0001,3175.0,12.97899887084961,0.9395257139205933
0.0001,3176.0,12.978998107910158,0.9395247983932495
0.0001,3177.0,12.978997802734376,0.9395237684249877
0.0001,3178.0,12.978998565673828,0.939522819519043
0.0001,3179.0,12.97899814605713,0.939521794319153
0.0001,3180.0,12.9789986038208,0.9395209169387817
0.0001,3181.0,12.978998107910156,0.9395199298858643
0.0001,3182.0,12.978997802734376,0.9395189380645752
0.0001,3183.0,12.978997993469237,0.9395180606842042
0.0001,3184.0,12.978997955322267,0.9395171117782593
0.0001,3185.0,12.978997955322267,0.9395159673690796
0.0001,3186.0,12.978997688293457,0.93951495885849
0.0001,3187.0,12.978997383117676,0.9395141410827637
0.0001,3188.0,12.978997192382813,0.9395132255554199
0.0001,3189.0,12.978997535705567,0.9395122814178467
0.0001,3190.0,12.978996772766113,0.9395113372802735
0.0001,3191.0,12.978997192382813,0.9395103573799133
0.0001,3192.0,12.978997344970704,0.9395094847679138
0.0001,3193.0,12.978996620178222,0.9395083951950074
0.0001,3194.0,12.978997230529785,0.9395074462890625
0.0001,3195.0,12.978996772766113,0.9395065140724181
0.0001,3196.0,12.978996429443361,0.9395056033134461
0.0001,3197.0,12.978996658325196,0.9395047307014466
0.0001,3198.0,12.978996772766113,0.9395037603378296
0.0001,3199.0,12.978997039794923,0.9395028710365296
0.0001,3200.0,12.978996658325196,0.9395018792152404
0.0001,3201.0,12.97899600982666,0.9395009469985962
0.0001,3202.0,12.978996276855469,0.9395001125335694
0.0001,3203.0,12.978996467590331,0.939499044418335
0.0001,3204.0,12.97899570465088,0.9394982314109801
0.0001,3205.0,12.978996505737305,0.9394970607757569
0.0001,3206.0,12.97899616241455,0.939496295452118
0.0001,3207.0,12.978995857238768,0.9394953417778016
0.0001,3208.0,12.978996047973633,0.9394944524765014
0.0001,3209.0,12.97899559020996,0.9394935250282288
0.0001,3210.0,12.978995399475098,0.9394927072525026
0.0001,3211.0,12.978995819091796,0.9394917106628418
0.0001,3212.0,12.97899559020996,0.9394907665252685
0.0001,3213.0,12.978994789123535,0.9394899702072144
0.0001,3214.0,12.978995895385742,0.9394890761375427
0.0001,3215.0,12.978995399475096,0.9394880294799804
0.0001,3216.0,12.978994674682616,0.939487156867981
0.0001,3217.0,12.978995132446288,0.9394863057136535
0.0001,3218.0,12.978994827270506,0.9394853568077086
0.0001,3219.0,12.978994941711425,0.9394843482971191
0.0001,3220.0,12.978995132446288,0.9394836115837097
0.0001,3221.0,12.978994522094725,0.9394825649261475
0.0001,3222.0,12.978994216918943,0.939481828212738
0.0001,3223.0,12.978995132446288,0.9394807982444764
0.0001,3224.0,12.978994522094725,0.9394799089431762
0.0001,3225.0,12.978994789123533,0.9394790363311768
0.0001,3226.0,12.97899440765381,0.9394781851768493
0.0001,3227.0,12.978994064331056,0.9394772577285766
0.0001,3228.0,12.978994369506834,0.9394764614105224
0.0001,3229.0,12.978994522094728,0.93947566986084
0.0001,3230.0,12.978993949890137,0.939474618434906
0.0001,3231.0,12.978993606567384,0.9394737672805786
0.0001,3232.0,12.978994255065919,0.9394727754592895
0.0001,3233.0,12.978993759155275,0.9394720005989075
0.0001,3234.0,12.978994216918947,0.939471046924591
0.0001,3235.0,12.978993759155275,0.9394701623916626
0.0001,3236.0,12.978993492126465,0.9394693660736084
0.0001,3237.0,12.978993148803712,0.9394685959815979
0.0001,3238.0,12.978993949890137,0.9394675064086915
0.0001,3239.0,12.978993148803712,0.939466688632965
0.0001,3240.0,12.978993759155275,0.9394657611846924
0.0001,3241.0,12.978993186950683,0.939464931488037
0.0001,3242.0,12.978993034362793,0.9394640970230103
0.0001,3243.0,12.978993301391602,0.9394632625579833
0.0001,3244.0,12.978993492126465,0.9394623613357544
0.0001,3245.0,12.978992729187011,0.9394615006446838
0.0001,3246.0,12.978993225097657,0.9394606709480285
0.0001,3247.0,12.978993072509766,0.9394596195220948
0.0001,3248.0,12.97899242401123,0.9394588446617127
0.0001,3249.0,12.978992729187011,0.93945805311203
0.0001,3250.0,12.978992881774902,0.9394572830200195
0.0001,3251.0,12.97899257659912,0.9394562578201293
0.0001,3252.0,12.978991928100585,0.9394555759429931
0.0001,3253.0,12.978992309570312,0.939454665184021
0.0001,3254.0,12.978992271423339,0.9394538569450378
0.0001,3255.0,12.978991966247557,0.939453001022339
0.0001,3256.0,12.978992462158203,0.9394520139694214
0.0001,3257.0,12.978991966247557,0.9394513535499573
0.0001,3258.0,12.978991813659666,0.9394504475593567
0.0001,3259.0,12.978991928100585,0.9394495582580566
0.0001,3260.0,12.97899200439453,0.9394487285614014
0.0001,3261.0,12.978991394042968,0.9394478940963744
0.0001,3262.0,12.97899185180664,0.9394471359252929
0.0001,3263.0,12.97899185180664,0.9394462895393372
0.0001,3264.0,12.978991355895994,0.9394454121589662
0.0001,3265.0,12.978991813659666,0.9394444847106933
0.0001,3266.0,12.97899169921875,0.9394437742233276
0.0001,3267.0,12.978990936279295,0.9394429945945739
0.0001,3268.0,12.978991737365721,0.9394420838356017
0.0001,3269.0,12.978991088867186,0.9394411945343017
0.0001,3270.0,12.978991241455077,0.9394404792785644
0.0001,3271.0,12.978991088867186,0.939439628124237
0.0001,3272.0,12.978991394042968,0.9394386959075927
0.0001,3273.0,12.978990936279295,0.9394380283355712
0.0001,3274.0,12.978990478515623,0.9394371509552002
0.0001,3275.0,12.978990669250486,0.9394363212585449
0.0001,3276.0,12.978990669250486,0.9394355249404907
0.0001,3277.0,12.978990173339845,0.9394348096847535
0.0001,3278.0,12.978991127014158,0.9394338607788086
0.0001,3279.0,12.978990631103514,0.9394331288337707
0.0001,3280.0,12.978990020751953,0.9394323420524597
0.0001,3281.0,12.978990631103514,0.9394315242767334
0.0001,3282.0,12.978990478515625,0.9394307112693787
0.0001,3283.0,12.978990173339845,0.9394298219680786
0.0001,3284.0,12.97899040222168,0.9394290471076965
0.0001,3285.0,12.978990211486817,0.939428174495697
0.0001,3286.0,12.978989753723145,0.9394274044036866
0.0001,3287.0,12.978989448547363,0.9394266295433045
0.0001,3288.0,12.978990364074706,0.9394258213043212
0.0001,3289.0,12.978989906311034,0.9394251656532288
0.0001,3290.0,12.978989906311034,0.9394241356849671
0.0001,3291.0,12.978989753723143,0.9394235062599181
0.0001,3292.0,12.978989906311035,0.9394226717948914
0.0001,3293.0,12.978989295959472,0.9394217777252198
0.0001,3294.0,12.978989715576173,0.9394211220741271
0.0001,3295.0,12.978989295959472,0.9394202113151551
0.0001,3296.0,12.978989334106446,0.9394195342063905
0.0001,3297.0,12.97898868560791,0.9394186878204346
0.0001,3298.0,12.978989334106446,0.9394178366661072
0.0001,3299.0,12.978988876342774,0.9394171810150146
0.0001,3300.0,12.978988876342772,0.9394163846969603
0.0001,3301.0,12.978989486694337,0.9394154572486877
0.0001,3302.0,12.978989181518555,0.9394147849082948
0.0001,3303.0,12.978988876342774,0.9394140696525575
0.0001,3304.0,12.978988838195802,0.9394132351875305
0.0001,3305.0,12.978989028930664,0.9394123840332032
0.0001,3306.0,12.978988723754883,0.9394116306304932
0.0001,3307.0,12.97898899078369,0.9394108867645263
0.0001,3308.0,12.978989028930664,0.9394101119041443
0.0001,3309.0,12.978988418579103,0.9394092822074891
0.0001,3310.0,12.978988227844239,0.9394085788726807
0.0001,3311.0,12.978988456726075,0.939407753944397
0.0001,3312.0,12.978988151550293,0.9394069623947143
0.0001,3313.0,12.978988151550293,0.9394062852859497
0.0001,3314.0,12.978988456726075,0.9394055747985839
0.0001,3315.0,12.978988304138184,0.9394047999382018
0.0001,3316.0,12.978987693786621,0.9394039702415466
0.0001,3317.0,12.97898754119873,0.9394031405448914
0.0001,3318.0,12.978988151550293,0.9394024205207825
0.0001,3319.0,12.978987998962403,0.9394016885757447
0.0001,3320.0,12.978987693786621,0.9394009947776796
0.0001,3321.0,12.978987693786623,0.9394001221656799
0.0001,3322.0,12.978987998962403,0.9393993902206421
0.0001,3323.0,12.978987693786621,0.9393986535072326
0.0001,3324.0,12.978987693786621,0.9393979644775391
0.0001,3325.0,12.978987731933596,0.9393972063064575
0.0001,3326.0,12.978987693786623,0.9393964195251465
0.0001,3327.0,12.978986778259278,0.9393957257270813
0.0001,3328.0,12.97898723602295,0.9393949341773986
0.0001,3329.0,12.978987426757815,0.9393941426277161
0.0001,3330.0,12.97898708343506,0.9393934655189513
0.0001,3331.0,12.97898708343506,0.9393926525115968
0.0001,3332.0,12.978987274169924,0.9393918609619141
0.0001,3333.0,12.978986816406252,0.9393912434577942
0.0001,3334.0,12.978986778259278,0.9393905282020568
0.0001,3335.0,12.978986778259278,0.9393897199630736
0.0001,3336.0,12.978987121582033,0.939389009475708
0.0001,3337.0,12.97898651123047,0.939388234615326
0.0001,3338.0,12.978987426757815,0.939387502670288
0.0001,3339.0,12.978986968994143,0.9393868350982666
0.0001,3340.0,12.978986816406252,0.9393859958648682
0.0001,3341.0,12.97898635864258,0.9393852257728577
0.0001,3342.0,12.978986816406252,0.9393845748901366
0.0001,3343.0,12.978986663818361,0.9393839526176453
0.0001,3344.0,12.97898635864258,0.9393830680847168
0.0001,3345.0,12.978985900878907,0.939382483959198
0.0001,3346.0,12.97898651123047,0.9393815994262695
0.0001,3347.0,12.978986206054689,0.9393809819221497
0.0001,3348.0,12.978986053466798,0.939380190372467
0.0001,3349.0,12.978986053466798,0.9393795180320739
0.0001,3350.0,12.97898609161377,0.9393788623809814
0.0001,3351.0,12.978985939025879,0.9393781518936157
0.0001,3352.0,12.978985633850098,0.9393774151802063
0.0001,3353.0,12.978985748291016,0.9393766832351684
0.0001,3354.0,12.97898609161377,0.9393759131431579
0.0001,3355.0,12.978985481262207,0.9393752574920655
0.0001,3356.0,12.978985939025879,0.9393745422363282
0.0001,3357.0,12.978986129760743,0.9393738317489624
0.0001,3358.0,12.978985633850098,0.9393731546401978
0.0001,3359.0,12.978985328674316,0.9393724393844605
0.0001,3360.0,12.978985633850098,0.9393716526031495
0.0001,3361.0,12.97898551940918,0.939371018409729
0.0001,3362.0,12.97898551940918,0.93937029838562
0.0001,3363.0,12.978984909057617,0.9393696856498719
0.0001,3364.0,12.97898551940918,0.9393689584732056
0.0001,3365.0,12.978985214233399,0.9393682980537414
0.0001,3366.0,12.978984756469728,0.9393675494194031
0.0001,3367.0,12.978984756469728,0.9393668222427367
0.0001,3368.0,12.978985557556152,0.9393661022186279
0.0001,3369.0,12.97898509979248,0.9393653488159179
0.0001,3370.0,12.978984603881838,0.9393647193908692
0.0001,3371.0,12.978984413146973,0.9393641185760498
0.0001,3372.0,12.978984718322753,0.939363386631012
0.0001,3373.0,12.978984756469728,0.9393626809120178
0.0001,3374.0,12.978984603881838,0.9393619060516356
0.0001,3375.0,12.978985061645508,0.9393612933158875
0.0001,3376.0,12.978984642028808,0.9393605780601502
0.0001,3377.0,12.978984451293945,0.939359998703003
0.0001,3378.0,12.978984146118165,0.9393592667579651
0.0001,3379.0,12.978984298706054,0.9393585133552551
0.0001,3380.0,12.978984642028808,0.9393578028678894
0.0001,3381.0,12.978984184265135,0.9393572497367859
0.0001,3382.0,12.978983726501465,0.9393565130233764
0.0001,3383.0,12.978984680175781,0.9393558955192565
0.0001,3384.0,12.97898406982422,0.9393551301956177
0.0001,3385.0,12.978983726501465,0.9393545460700989
0.0001,3386.0,12.978983573913576,0.9393537974357604
0.0001,3387.0,12.978984146118165,0.9393530869483948
0.0001,3388.0,12.978984184265135,0.9393523716926575
0.0001,3389.0,12.978983726501466,0.9393517422676086
0.0001,3390.0,12.978984336853026,0.9393511462211608
0.0001,3391.0,12.97898406982422,0.9393505287170411
0.0001,3392.0,12.97898361206055,0.9393497967720033
0.0001,3393.0,12.97898361206055,0.9393491625785828
0.0001,3394.0,12.978983879089355,0.939348452091217
0.0001,3395.0,12.97898361206055,0.9393477749824524
0.0001,3396.0,12.978983306884768,0.9393471026420593
0.0001,3397.0,12.978983154296877,0.9393465280532838
0.0001,3398.0,12.978982963562013,0.9393459057807922
0.0001,3399.0,12.978983268737794,0.9393451404571533
0.0001,3400.0,12.978983154296877,0.939344561100006
0.0001,3401.0,12.978983154296877,0.939343774318695
0.0001,3402.0,12.978983154296877,0.9393431234359741
0.0001,3403.0,12.978983192443849,0.9393424630165099
0.0001,3404.0,12.978983039855958,0.9393419265747069
0.0001,3405.0,12.978982849121095,0.939341161251068
0.0001,3406.0,12.978982238769532,0.9393405437469482
0.0001,3407.0,12.978983039855958,0.9393398928642274
0.0001,3408.0,12.978982887268067,0.9393392539024352
0.0001,3409.0,12.978982391357423,0.9393385982513428
0.0001,3410.0,12.978983001708986,0.939337968826294
0.0001,3411.0,12.978982734680176,0.9393373131752014
0.0001,3412.0,12.978982429504395,0.939336678981781
0.0001,3413.0,12.978982429504395,0.9393361258506775
0.0001,3414.0,12.978982582092286,0.9393353343009949
0.0001,3415.0,12.97898262023926,0.9393347001075745
0.0001,3416.0,12.978982315063478,0.9393340277671814
0.0001,3417.0,12.978982315063478,0.939333529472351
0.0001,3418.0,12.978982887268067,0.9393327331542969
0.0001,3419.0,12.97898262023926,0.9393320393562317
0.0001,3420.0,12.978982124328613,0.9393315029144287
0.0001,3421.0,12.978981971740723,0.9393309664726257
0.0001,3422.0,12.978982124328615,0.9393302822113037
0.0001,3423.0,12.978982162475587,0.9393296265602111
0.0001,3424.0,12.978982009887696,0.9393290305137634
0.0001,3425.0,12.978981819152832,0.939328260421753
0.0001,3426.0,12.97898151397705,0.9393277835845947
0.0001,3427.0,12.978982124328613,0.9393271493911743
0.0001,3428.0,12.978982009887696,0.9393265318870545
0.0001,3429.0,12.978981552124024,0.9393258428573608
0.0001,3430.0,12.978981857299805,0.9393252635002136
0.0001,3431.0,12.978981895446777,0.9393246340751649
0.0001,3432.0,12.978981742858887,0.9393239665031433
0.0001,3433.0,12.978981399536133,0.9393233060836792
0.0001,3434.0,12.978981094360352,0.939322612285614
0.0001,3435.0,12.978981552124024,0.9393220973014831
0.0001,3436.0,12.978981590270996,0.9393215227127075
0.0001,3437.0,12.978981590270996,0.9393208456039429
0.0001,3438.0,12.978980979919433,0.9393202328681945
0.0001,3439.0,12.97898193359375,0.9393196964263917
0.0001,3440.0,12.978981285095214,0.9393189644813538
0.0001,3441.0,12.978981132507323,0.9393184113502502
0.0001,3442.0,12.978980979919433,0.9393178534507751
0.0001,3443.0,12.978981285095214,0.9393171977996826
0.0001,3444.0,12.978981170654297,0.939316475391388
0.0001,3445.0,12.978980712890625,0.9393159556388855
0.0001,3446.0,12.97898052215576,0.9393153762817383
0.0001,3447.0,12.978981285095214,0.9393147087097168
0.0001,3448.0,12.978981018066406,0.9393141508102416
0.0001,3449.0,12.978981018066406,0.9393134999275208
0.0001,3450.0,12.978980255126952,0.9393129205703736
0.0001,3451.0,12.978979949951174,0.9393122482299805
0.0001,3452.0,12.978980827331542,0.9393118524551392
0.0001,3453.0,12.978980712890625,0.9393112397193908
0.0001,3454.0,12.978980560302734,0.9393106222152711
0.0001,3455.0,12.978980407714843,0.9393098735809327
0.0001,3456.0,12.978980407714847,0.9393092942237854
0.0001,3457.0,12.97898059844971,0.939308660030365
0.0001,3458.0,12.978980255126956,0.939308123588562
0.0001,3459.0,12.978980102539065,0.9393075108528137
0.0001,3460.0,12.978980407714843,0.9393069744110107
0.0001,3461.0,12.97898059844971,0.9393063402175903
0.0001,3462.0,12.978980140686037,0.9393058466911316
0.0001,3463.0,12.978979949951174,0.9393050932884216
0.0001,3464.0,12.978979797363284,0.9393045568466186
0.0001,3465.0,12.978980102539065,0.9393040633201599
0.0001,3466.0,12.978980140686037,0.9393033528327941
0.0001,3467.0,12.978979988098146,0.9393027567863463
0.0001,3468.0,12.978979682922365,0.9393022251129151
0.0001,3469.0,12.978980560302738,0.9393015694618225
0.0001,3470.0,12.978980140686037,0.9393009948730469
0.0001,3471.0,12.978979682922365,0.9393004631996156
0.0001,3472.0,12.978979377746583,0.9392998623847961
0.0001,3473.0,12.978979072570802,0.939299190044403
0.0001,3474.0,12.978979949951174,0.9392987346649171
0.0001,3475.0,12.978979721069337,0.939298083782196
0.0001,3476.0,12.978979568481446,0.9392974448204041
0.0001,3477.0,12.978979415893555,0.9392970108985901
0.0001,3478.0,12.9789799118042,0.9392963337898255
0.0001,3479.0,12.978979568481446,0.9392958235740662
0.0001,3480.0,12.978979415893555,0.9392951679229737
0.0001,3481.0,12.978978958129883,0.9392946314811708
0.0001,3482.0,12.978979110717773,0.9392940998077393
0.0001,3483.0,12.978979454040529,0.9392934823036194
0.0001,3484.0,12.978979415893555,0.9392927885055542
0.0001,3485.0,12.978979263305664,0.9392923164367677
0.0001,3486.0,12.978979110717773,0.9392917037010193
0.0001,3487.0,12.978979110717773,0.9392911672592164
0.0001,3488.0,12.978979454040527,0.9392905926704407
0.0001,3489.0,12.978979110717773,0.9392900943756104
0.0001,3490.0,12.978978805541992,0.9392894220352173
0.0001,3491.0,12.978978958129883,0.9392889285087587
0.0001,3492.0,12.978979187011717,0.9392883706092834
0.0001,3493.0,12.978978843688965,0.9392878770828247
0.0001,3494.0,12.978978691101075,0.9392872047424317
0.0001,3495.0,12.978978385925293,0.939286630153656
0.0001,3496.0,12.978978538513184,0.939286060333252
0.0001,3497.0,12.978978881835937,0.9392854809761048
0.0001,3498.0,12.978978691101075,0.939284965991974
0.0001,3499.0,12.978978538513184,0.9392844891548157
0.0001,3500.0,12.978978691101075,0.9392839741706849
0.0001,3501.0,12.978978576660156,0.9392834162712097
0.0001,3502.0,12.978978538513184,0.9392827486991882
0.0001,3503.0,12.978978118896483,0.9392822551727296
0.0001,3504.0,12.978977966308593,0.9392816972732544
0.0001,3505.0,12.978977661132811,0.9392811608314515
0.0001,3506.0,12.978978233337402,0.9392805218696594
0.0001,3507.0,12.978978271484374,0.9392799735069275
0.0001,3508.0,12.978977966308593,0.9392794156074524
0.0001,3509.0,12.978978118896482,0.9392789006233215
0.0001,3510.0,12.978978462219239,0.9392784237861633
0.0001,3511.0,12.978978271484374,0.9392778158187867
0.0001,3512.0,12.978978118896483,0.9392772197723389
0.0001,3513.0,12.978977851867674,0.9392767763137817
0.0001,3514.0,12.978977546691894,0.939276146888733
0.0001,3515.0,12.978978118896485,0.9392756915092468
0.0001,3516.0,12.978978004455564,0.9392751550674439
0.0001,3517.0,12.978978004455564,0.9392744994163513
0.0001,3518.0,12.978977699279785,0.9392740058898925
0.0001,3519.0,12.978977355957031,0.9392734527587892
0.0001,3520.0,12.978977966308594,0.9392729544639586
0.0001,3521.0,12.978978042602536,0.9392725205421448
0.0001,3522.0,12.978977241516114,0.9392718863487244
0.0001,3523.0,12.978977088928223,0.9392712354660033
0.0001,3524.0,12.978977241516114,0.9392707753181457
0.0001,3525.0,12.978977737426758,0.9392702269554138
0.0001,3526.0,12.978977241516114,0.9392698001861572
0.0001,3527.0,12.978977088928223,0.9392692089080811
0.0001,3528.0,12.978976783752442,0.9392685580253601
0.0001,3529.0,12.978976669311523,0.9392681789398194
0.0001,3530.0,12.978977546691896,0.9392676210403443
0.0001,3531.0,12.978977279663086,0.9392670726776122
0.0001,3532.0,12.978976974487304,0.9392666339874267
0.0001,3533.0,12.978976669311523,0.9392659831047058
0.0001,3534.0,12.978977394104005,0.9392654514312744
0.0001,3535.0,12.978977127075195,0.9392649912834168
0.0001,3536.0,12.978977165222169,0.9392644548416138
0.0001,3537.0,12.978976707458497,0.9392639994621277
0.0001,3538.0,12.978976516723632,0.9392634463310241
0.0001,3539.0,12.978976821899414,0.9392629861831665
0.0001,3540.0,12.978977012634278,0.9392623186111451
0.0001,3541.0,12.978976974487304,0.9392618799209596
0.0001,3542.0,12.978976669311523,0.9392614459991455
0.0001,3543.0,12.978976707458497,0.939260892868042
0.0001,3544.0,12.978976898193359,0.9392604494094849
0.0001,3545.0,12.978976707458497,0.9392597603797913
0.0001,3546.0,12.978976402282715,0.9392592668533326
0.0001,3547.0,12.978976402282715,0.9392587304115296
0.0001,3548.0,12.97897605895996,0.9392581939697265
0.0001,3549.0,12.978976516723632,0.9392577385902405
0.0001,3550.0,12.978976745605468,0.9392572617530823
0.0001,3551.0,12.978976287841796,0.9392567634582519
0.0001,3552.0,12.978976097106933,0.9392561769485473
0.0001,3553.0,12.978975791931152,0.9392556786537172
0.0001,3554.0,12.978975486755372,0.9392551851272583
0.0001,3555.0,12.978976554870606,0.9392546319961548
0.0001,3556.0,12.978976287841796,0.9392541503906251
0.0001,3557.0,12.978976135253907,0.9392535972595215
0.0001,3558.0,12.978975791931154,0.9392530822753906
0.0001,3559.0,12.978976402282715,0.9392526435852051
0.0001,3560.0,12.97897647857666,0.939251992702484
0.0001,3561.0,12.978975868225099,0.9392516136169433
0.0001,3562.0,12.978975830078125,0.9392511701583863
0.0001,3563.0,12.978975372314453,0.9392506217956542
0.0001,3564.0,12.978975524902344,0.9392501664161682
0.0001,3565.0,12.978976097106935,0.9392496728897095
0.0001,3566.0,12.97897617340088,0.9392491364479065
0.0001,3567.0,12.978975715637208,0.9392486000061036
0.0001,3568.0,12.978975524902344,0.9392481017112733
0.0001,3569.0,12.978975982666016,0.939247510433197
0.0001,3570.0,12.97897617340088,0.939247190952301
0.0001,3571.0,12.97897575378418,0.9392466640472412
0.0001,3572.0,12.978975563049318,0.9392460465431214
0.0001,3573.0,12.978975410461427,0.9392456841468811
0.0001,3574.0,12.978975105285645,0.9392451524734498
0.0001,3575.0,12.978975677490235,0.9392446589469909
0.0001,3576.0,12.97897575378418,0.9392441821098327
0.0001,3577.0,12.978975143432617,0.9392436504364013
0.0001,3578.0,12.978975105285645,0.9392431688308716
0.0001,3579.0,12.978975563049318,0.939242696762085
0.0001,3580.0,12.97897560119629,0.9392422747611999
0.0001,3581.0,12.97897560119629,0.9392417430877686
0.0001,3582.0,12.978975448608399,0.939241304397583
0.0001,3583.0,12.978974990844726,0.9392407941818237
0.0001,3584.0,12.978974800109864,0.9392402577400207
0.0001,3585.0,12.978975296020508,0.9392397594451904
0.0001,3586.0,12.978975486755372,0.939239342212677
0.0001,3587.0,12.978975296020508,0.9392388701438904
0.0001,3588.0,12.978974990844726,0.9392381978034973
0.0001,3589.0,12.978974838256836,0.9392378664016724
0.0001,3590.0,12.978974533081054,0.9392374062538147
0.0001,3591.0,12.978974990844726,0.9392368483543396
0.0001,3592.0,12.97897518157959,0.9392363715171814
0.0001,3593.0,12.978974838256836,0.9392359757423401
0.0001,3594.0,12.978974571228028,0.939235520362854
0.0001,3595.0,12.978974571228028,0.939235064983368
0.0001,3596.0,12.978974838256836,0.9392345666885376
0.0001,3597.0,12.978974876403809,0.9392340564727784
0.0001,3598.0,12.978974914550781,0.9392334651947021
0.0001,3599.0,12.978974723815918,0.939233124256134
0.0001,3600.0,12.978974418640137,0.93923269033432
0.0001,3601.0,12.978973808288575,0.9392322087287903
0.0001,3602.0,12.978974838256836,0.9392315793037413
0.0001,3603.0,12.97897476196289,0.9392312431335449
0.0001,3604.0,12.978974151611329,0.9392307186126709
0.0001,3605.0,12.978974113464355,0.939230306148529
0.0001,3606.0,12.978974266052246,0.9392298769950866
0.0001,3607.0,12.978974494934082,0.9392293405532837
0.0001,3608.0,12.978974456787109,0.9392289018630982
0.0001,3609.0,12.978974456787109,0.9392284035682679
0.0001,3610.0,12.978973999023438,0.9392279195785522
0.0001,3611.0,12.978973846435546,0.9392274594306945
0.0001,3612.0,12.978974304199218,0.9392270207405091
0.0001,3613.0,12.978974266052246,0.9392266035079957
0.0001,3614.0,12.978974151611327,0.9392261481285095
0.0001,3615.0,12.97897403717041,0.9392256546020508
0.0001,3616.0,12.978973999023438,0.9392251777648926
0.0001,3617.0,12.978974304199218,0.9392246842384339
0.0001,3618.0,12.978974647521973,0.9392242622375488
0.0001,3619.0,12.978974494934082,0.9392237520217896
0.0001,3620.0,12.9789741897583,0.9392233729362488
0.0001,3621.0,12.97897373199463,0.9392228746414184
0.0001,3622.0,12.978973541259766,0.9392224359512329
0.0001,3623.0,12.978973884582519,0.9392221546173096
0.0001,3624.0,12.978973999023438,0.9392215347290038
0.0001,3625.0,12.97897388458252,0.9392209815979004
0.0001,3626.0,12.978973770141602,0.9392205214500428
0.0001,3627.0,12.97897357940674,0.9392201256752014
0.0001,3628.0,12.978973426818849,0.939219720363617
0.0001,3629.0,12.978972816467286,0.939219307899475
0.0001,3630.0,12.97897357940674,0.9392189121246337
0.0001,3631.0,12.978973617553711,0.9392183804512024
0.0001,3632.0,12.97897331237793,0.9392177677154541
0.0001,3633.0,12.978973274230958,0.9392174649238586
0.0001,3634.0,12.978973617553711,0.9392170357704162
0.0001,3635.0,12.97897388458252,0.9392166519165039
0.0001,3636.0,12.978973770141602,0.9392162346839905
0.0001,3637.0,12.97897331237793,0.939215784072876
0.0001,3638.0,12.97897331237793,0.9392151546478271
0.0001,3639.0,12.978973007202148,0.9392147541046143
0.0001,3640.0,12.978972816467286,0.9392143535614015
0.0001,3641.0,12.978973159790039,0.9392138051986694
0.0001,3642.0,12.978973503112794,0.9392134261131286
0.0001,3643.0,12.97897331237793,0.9392130470275879
0.0001,3644.0,12.978973007202148,0.9392126512527466
0.0001,3645.0,12.97897243499756,0.9392121577262879
0.0001,3646.0,12.97897346496582,0.9392116856575012
0.0001,3647.0,12.978973388671875,0.9392112851142884
0.0001,3648.0,12.978973197937012,0.9392108297348022
0.0001,3649.0,12.978973045349122,0.9392104291915893
0.0001,3650.0,12.978972740173342,0.9392099189758301
0.0001,3651.0,12.978972587585451,0.9392095994949341
0.0001,3652.0,12.97897258758545,0.9392091059684753
0.0001,3653.0,12.978973159790039,0.9392085909843445
0.0001,3654.0,12.978973083496093,0.9392082118988037
0.0001,3655.0,12.978972625732423,0.9392078161239623
0.0001,3656.0,12.97897243499756,0.9392073607444764
0.0001,3657.0,12.978973083496093,0.9392068839073181
0.0001,3658.0,12.978973045349122,0.9392066073417664
0.0001,3659.0,12.978973083496093,0.9392061138153076
0.0001,3660.0,12.978972473144532,0.9392056369781494
0.0001,3661.0,12.978972778320314,0.9392052030563355
0.0001,3662.0,12.978972473144532,0.9392048239707946
0.0001,3663.0,12.978972129821779,0.9392043089866638
0.0001,3664.0,12.97897247314453,0.9392039346694947
0.0001,3665.0,12.978972663879395,0.9392035341262818
0.0001,3666.0,12.97897247314453,0.9392031764984131
0.0001,3667.0,12.978972358703615,0.9392026019096374
0.0001,3668.0,12.97897216796875,0.9392022061347961
0.0001,3669.0,12.97897201538086,0.9392018651962281
0.0001,3670.0,12.978971710205078,0.9392013001441957
0.0001,3671.0,12.978972167968749,0.9392010188102722
0.0001,3672.0,12.978972358703615,0.9392006611824035
0.0001,3673.0,12.978972358703615,0.9392002272605895
0.0001,3674.0,12.978971900939943,0.9391997337341309
0.0001,3675.0,12.978971862792969,0.9391993713378907
0.0001,3676.0,12.97897247314453,0.939198899269104
0.0001,3677.0,12.978972396850587,0.9391984820365906
0.0001,3678.0,12.978972206115724,0.9391980648040772
0.0001,3679.0,12.978971939086914,0.9391975712776184
0.0001,3680.0,12.978971900939943,0.9391972517967224
0.0001,3681.0,12.978971748352052,0.9391968774795532
0.0001,3682.0,12.978971252441406,0.9391964387893676
0.0001,3683.0,12.978972053527833,0.9391960048675537
0.0001,3684.0,12.978972244262696,0.9391955876350403
0.0001,3685.0,12.978971939086914,0.9391951751708985
0.0001,3686.0,12.978971633911133,0.9391947364807129
0.0001,3687.0,12.978971748352052,0.9391943836212158
0.0001,3688.0,12.978972091674805,0.9391940426826477
0.0001,3689.0,12.978971900939943,0.9391935825347901
0.0001,3690.0,12.978972091674805,0.9391931104660034
0.0001,3691.0,12.978971672058107,0.9391927146911621
0.0001,3692.0,12.978971786499024,0.9391924166679383
0.0001,3693.0,12.978971328735351,0.9391919994354248
0.0001,3694.0,12.97897117614746,0.939191484451294
0.0001,3695.0,12.978971328735351,0.9391911435127258
0.0001,3696.0,12.978971748352052,0.9391906762123108
0.0001,3697.0,12.978971824645997,0.9391903519630432
0.0001,3698.0,12.978971214294434,0.9391899180412292
0.0001,3699.0,12.97897117614746,0.9391895484924316
0.0001,3700.0,12.978971519470216,0.9391891264915466
0.0001,3701.0,12.978971939086914,0.9391886544227601
0.0001,3702.0,12.978971710205078,0.9391882801055909
0.0001,3703.0,12.978971824645997,0.9391879177093506
0.0001,3704.0,12.978971366882325,0.9391875648498536
0.0001,3705.0,12.978971061706543,0.9391870880126953
0.0001,3706.0,12.978970909118653,0.9391867089271545
0.0001,3707.0,12.978970756530762,0.9391862964630127
0.0001,3708.0,12.978971366882325,0.9391859722137451
0.0001,3709.0,12.978971710205078,0.9391854786872864
0.0001,3710.0,12.978971366882325,0.9391851091384888
0.0001,3711.0,12.978971099853515,0.939184865951538
0.0001,3712.0,12.978970909118653,0.9391844701766968
0.0001,3713.0,12.978970947265625,0.939183874130249
0.0001,3714.0,12.978970603942873,0.9391835546493531
0.0001,3715.0,12.978971061706543,0.9391832613945007
0.0001,3716.0,12.978971061706543,0.939182767868042
0.0001,3717.0,12.978970794677734,0.9391823506355286
0.0001,3718.0,12.978970794677736,0.9391819882392883
0.0001,3719.0,12.978970489501954,0.9391814613342285
0.0001,3720.0,12.978970794677736,0.9391811800003051
0.0001,3721.0,12.978971252441406,0.9391807794570923
0.0001,3722.0,12.97897129058838,0.9391804218292237
0.0001,3723.0,12.978970947265625,0.9391801071166992
0.0001,3724.0,12.978970985412598,0.9391797113418578
0.0001,3725.0,12.978970489501954,0.9391791582107544
0.0001,3726.0,12.978970527648928,0.9391788387298584
0.0001,3727.0,12.978970031738282,0.939178421497345
0.0001,3728.0,12.978970642089845,0.9391781234741212
0.0001,3729.0,12.978970718383788,0.9391777276992799
0.0001,3730.0,12.978970680236818,0.9391773700714112
0.0001,3731.0,12.9789705657959,0.9391769528388977
0.0001,3732.0,12.978970527648926,0.9391765999794006
0.0001,3733.0,12.978970375061037,0.9391763019561767
0.0001,3734.0,12.978971138000489,0.9391757488250733
0.0001,3735.0,12.97897087097168,0.9391753697395324
0.0001,3736.0,12.978970718383788,0.9391750931739808
0.0001,3737.0,12.978970413208009,0.9391745781898497
0.0001,3738.0,12.978970222473144,0.9391742038726807
0.0001,3739.0,12.978970108032227,0.9391738629341125
0.0001,3740.0,12.978969917297364,0.9391735482215882
0.0001,3741.0,12.978970375061037,0.9391732120513916
0.0001,3742.0,12.978970375061035,0.9391727352142334
0.0001,3743.0,12.978970413208009,0.939172420501709
0.0001,3744.0,12.978970108032229,0.9391720962524415
0.0001,3745.0,12.978970108032227,0.939171679019928
0.0001,3746.0,12.978969955444338,0.939171347618103
0.0001,3747.0,12.978970260620118,0.9391708707809449
0.0001,3748.0,12.978970146179202,0.9391706919670105
0.0001,3749.0,12.978970298767091,0.9391701984405518
0.0001,3750.0,12.97897029876709,0.9391698241233826
0.0001,3751.0,12.978969993591312,0.9391693305969239
0.0001,3752.0,12.978969993591308,0.9391690874099732
0.0001,3753.0,12.978969650268557,0.9391687130928039
0.0001,3754.0,12.978969841003419,0.9391683983802795
0.0001,3755.0,12.978970413208007,0.9391679382324218
0.0001,3756.0,12.97897003173828,0.9391676616668702
0.0001,3757.0,12.978969993591312,0.9391672229766845
0.0001,3758.0,12.978969841003417,0.9391667723655701
0.0001,3759.0,12.97896968841553,0.9391665124893188
0.0001,3760.0,12.97896953582764,0.9391661453247071
0.0001,3761.0,12.978969383239749,0.9391657972335815
0.0001,3762.0,12.978969383239749,0.9391654443740844
0.0001,3763.0,12.978969955444338,0.9391650652885437
0.0001,3764.0,12.97896987915039,0.9391647291183471
0.0001,3765.0,12.97896953582764,0.9391642904281616
0.0001,3766.0,12.978969573974611,0.9391639876365663
0.0001,3767.0,12.978969230651858,0.9391636562347412
0.0001,3768.0,12.978969726562502,0.9391631627082825
0.0001,3769.0,12.97896984100342,0.9391628646850585
0.0001,3770.0,12.978969764709475,0.9391624855995178
0.0001,3771.0,12.978969726562502,0.9391620898246766
0.0001,3772.0,12.97896942138672,0.9391618514060974
0.0001,3773.0,12.97896926879883,0.9391614222526551
0.0001,3774.0,12.97896926879883,0.9391610813140869
0.0001,3775.0,12.978968811035157,0.9391606473922729
0.0001,3776.0,12.97896942138672,0.9391602897644042
0.0001,3777.0,12.978969573974611,0.9391600847244262
0.0001,3778.0,12.978969764709475,0.9391596508026123
0.0001,3779.0,12.97896942138672,0.9391592884063722
0.0001,3780.0,12.978969154357912,0.9391589951515198
0.0001,3781.0,12.978968963623048,0.9391586637496949
0.0001,3782.0,12.978969306945803,0.9391583013534546
0.0001,3783.0,12.978969726562502,0.9391579270362854
0.0001,3784.0,12.978969497680666,0.9391576671600341
0.0001,3785.0,12.978969306945803,0.9391570973396302
0.0001,3786.0,12.978969497680666,0.939156858921051
0.0001,3787.0,12.978969001770022,0.9391566371917726
0.0001,3788.0,12.97896869659424,0.9391561985015869
0.0001,3789.0,12.978968849182131,0.9391558837890626
0.0001,3790.0,12.978969001770022,0.9391554164886475
0.0001,3791.0,12.978969612121585,0.9391552281379699
0.0001,3792.0,12.978969192504884,0.9391546964645386
0.0001,3793.0,12.978969192504884,0.9391544365882873
0.0001,3794.0,12.978969039916993,0.9391540622711181
0.0001,3795.0,12.978968887329103,0.9391537690162659
0.0001,3796.0,12.978969039916993,0.9391534328460693
0.0001,3797.0,12.978969039916993,0.9391531085968017
0.0001,3798.0,12.978969535827638,0.9391527724266052
0.0001,3799.0,12.978969039916993,0.9391523933410644
0.0001,3800.0,12.978968772888184,0.9391520786285401
0.0001,3801.0,12.978968887329103,0.9391516995429993
0.0001,3802.0,12.97896842956543,0.9391513466835022
0.0001,3803.0,12.978968582153321,0.9391509723663329
0.0001,3804.0,12.978968124389649,0.9391506958007813
0.0001,3805.0,12.978968734741212,0.9391503119468689
0.0001,3806.0,12.978968887329103,0.9391500568389892
0.0001,3807.0,12.978968925476075,0.9391496992111206
0.0001,3808.0,12.978968734741212,0.9391494274139405
0.0001,3809.0,12.978968467712402,0.9391490912437439
0.0001,3810.0,12.97896842956543,0.9391487121582032
0.0001,3811.0,12.97896816253662,0.9391483759880066
0.0001,3812.0,12.97896827697754,0.9391479420661926
0.0001,3813.0,12.978968315124511,0.9391476011276245
0.0001,3814.0,12.978968582153321,0.9391473078727722
0.0001,3815.0,12.978968811035157,0.9391470098495482
0.0001,3816.0,12.978968620300293,0.9391466140747071
0.0001,3817.0,12.978968200683594,0.9391462731361389
0.0001,3818.0,12.97896816253662,0.9391460347175599
0.0001,3819.0,12.978968200683594,0.9391457152366638
0.0001,3820.0,12.978968620300293,0.9391453576087951
0.0001,3821.0,12.978968467712402,0.9391450047492981
0.0001,3822.0,12.978968658447267,0.9391446137428283
0.0001,3823.0,12.978968353271485,0.9391443538665771
0.0001,3824.0,12.978968353271485,0.9391439747810364
0.0001,3825.0,12.978968048095703,0.9391436600685119
0.0001,3826.0,12.978967895507813,0.9391433620452881
0.0001,3827.0,12.978967895507813,0.93914302110672
0.0001,3828.0,12.978968048095703,0.939142804145813
0.0001,3829.0,12.978968620300293,0.9391423654556275
0.0001,3830.0,12.978968238830566,0.9391421270370484
0.0001,3831.0,12.978968048095703,0.9391417527198791
0.0001,3832.0,12.978968048095703,0.9391414546966552
0.0001,3833.0,12.978967895507813,0.9391410636901856
0.0001,3834.0,12.978967590332031,0.9391407108306885
0.0001,3835.0,12.978968505859376,0.9391404843330383
0.0001,3836.0,12.978968353271485,0.9391400933265686
0.0001,3837.0,12.978968238830566,0.9391397953033447
0.0001,3838.0,12.978968238830566,0.939139416217804
0.0001,3839.0,12.978967933654785,0.9391391611099243
0.0001,3840.0,12.978967933654785,0.9391388034820557
0.0001,3841.0,12.978967781066894,0.9391384673118592
0.0001,3842.0,12.978967475891112,0.939138147830963
0.0001,3843.0,12.978967323303221,0.9391379046440125
0.0001,3844.0,12.978968086242675,0.9391374969482422
0.0001,3845.0,12.978968200683594,0.9391371941566466
0.0001,3846.0,12.978967971801758,0.9391368961334228
0.0001,3847.0,12.978967933654785,0.9391365599632263
0.0001,3848.0,12.978967666625977,0.9391362619400025
0.0001,3849.0,12.978967475891112,0.9391359853744506
0.0001,3850.0,12.978967819213867,0.9391356706619263
0.0001,3851.0,12.978967781066894,0.9391351985931397
0.0001,3852.0,12.978967933654785,0.9391350364685058
0.0001,3853.0,12.978967971801758,0.9391346836090089
0.0001,3854.0,12.978967666625977,0.9391344571113587
0.0001,3855.0,12.978967514038086,0.9391341042518616
0.0001,3856.0,12.978967666625977,0.9391337633132935
0.0001,3857.0,12.978967208862304,0.9391334652900696
0.0001,3858.0,12.978967361450195,0.9391331338882446
0.0001,3859.0,12.978967361450195,0.9391328358650208
0.0001,3860.0,12.978967666625977,0.9391324400901795
0.0001,3861.0,12.978967514038086,0.939132125377655
0.0001,3862.0,12.978967704772948,0.9391319417953492
0.0001,3863.0,12.978967514038086,0.939131453037262
0.0001,3864.0,12.978967399597167,0.9391312527656556
0.0001,3865.0,12.978967361450195,0.9391309547424316
0.0001,3866.0,12.978967094421385,0.9391306734085083
0.0001,3867.0,12.978966789245604,0.9391304135322571
0.0001,3868.0,12.978966751098634,0.9391300010681152
0.0001,3869.0,12.978967399597167,0.9391298389434815
0.0001,3870.0,12.978967361450195,0.9391294860839843
0.0001,3871.0,12.97896743774414,0.9391292095184327
0.0001,3872.0,12.978967094421385,0.9391288304328919
0.0001,3873.0,12.97896728515625,0.9391285157203675
0.0001,3874.0,12.978966941833495,0.9391282558441162
0.0001,3875.0,12.978966789245604,0.9391278600692748
0.0001,3876.0,12.978967399597167,0.9391274857521057
0.0001,3877.0,12.978967399597167,0.9391273403167725
0.0001,3878.0,12.97896743774414,0.9391270685195923
0.0001,3879.0,12.97896728515625,0.939126787185669
0.0001,3880.0,12.978967132568359,0.9391263914108277
0.0001,3881.0,12.978966827392577,0.9391261863708495
0.0001,3882.0,12.978966636657713,0.9391258549690247
0.0001,3883.0,12.978966827392577,0.9391255235671996
0.0001,3884.0,12.978966369628905,0.9391251707077026
0.0001,3885.0,12.978966827392577,0.9391248726844788
0.0001,3886.0,12.978966979980468,0.9391246128082276
0.0001,3887.0,12.978967323303221,0.9391242718696594
0.0001,3888.0,12.97896701812744,0.9391240549087524
0.0001,3889.0,12.978966827392577,0.9391237735748291
0.0001,3890.0,12.97896686553955,0.9391234588623047
0.0001,3891.0,12.978966522216796,0.9391231441497803
0.0001,3892.0,12.97896686553955,0.9391228032112122
0.0001,3893.0,12.978967132568359,0.9391226077079773
0.0001,3894.0,12.978967132568359,0.939122326374054
0.0001,3895.0,12.97896701812744,0.9391219353675841
0.0001,3896.0,12.97896701812744,0.9391216373443604
0.0001,3897.0,12.97896686553955,0.9391212630271912
0.0001,3898.0,12.97896686553955,0.939121024608612
0.0001,3899.0,12.978966560363768,0.9391207051277161
0.0001,3900.0,12.978966255187986,0.939120488166809
0.0001,3901.0,12.978966217041016,0.9391202068328858
0.0001,3902.0,12.97896686553955,0.9391198873519897
0.0001,3903.0,12.97896701812744,0.9391196322441102
0.0001,3904.0,12.978966903686523,0.9391193556785583
0.0001,3905.0,12.978966598510741,0.9391190195083619
0.0001,3906.0,12.978966407775877,0.939118776321411
0.0001,3907.0,12.978966598510741,0.9391183519363403
0.0001,3908.0,12.978966407775877,0.939118070602417
0.0001,3909.0,12.978966445922852,0.9391178321838378
0.0001,3910.0,12.978966751098632,0.9391175937652587
0.0001,3911.0,12.978966712951658,0.9391173934936523
0.0001,3912.0,12.978966903686523,0.9391169762611389
0.0001,3913.0,12.978966598510741,0.9391166996955871
0.0001,3914.0,12.978966484069824,0.939116461277008
0.0001,3915.0,12.97896629333496,0.9391161632537841
0.0001,3916.0,12.97896614074707,0.9391158056259156
0.0001,3917.0,12.97896629333496,0.9391155719757079
0.0001,3918.0,12.97896598815918,0.9391152906417847
0.0001,3919.0,12.978966293334961,0.9391150307655334
0.0001,3920.0,12.97896629333496,0.9391146993637085
0.0001,3921.0,12.978966293334961,0.9391144609451294
0.0001,3922.0,12.978966636657713,0.9391142439842224
0.0001,3923.0,12.978966178894042,0.939113793373108
0.0001,3924.0,12.978966331481933,0.9391135883331299
0.0001,3925.0,12.978965873718261,0.9391132307052612
0.0001,3926.0,12.97896598815918,0.9391130256652832
0.0001,3927.0,12.978965873718261,0.9391127753257751
0.0001,3928.0,12.97896583557129,0.9391124773025512
0.0001,3929.0,12.978965873718261,0.9391121578216552
0.0001,3930.0,12.97896617889404,0.9391119956970215
0.0001,3931.0,12.97896614074707,0.9391116261482239
0.0001,3932.0,12.978966217041016,0.9391114473342895
0.0001,3933.0,12.978966178894042,0.9391110682487488
0.0001,3934.0,12.978965759277344,0.9391108465194702
0.0001,3935.0,12.97896572113037,0.9391105318069458
0.0001,3936.0,12.978965415954589,0.9391103315353393
0.0001,3937.0,12.978966369628905,0.9391100764274598
0.0001,3938.0,12.978966331481933,0.9391097235679626
0.0001,3939.0,12.978966255187988,0.9391093707084656
0.0001,3940.0,12.978965911865235,0.9391090679168701
0.0001,3941.0,12.978966217041016,0.939108829498291
0.0001,3942.0,12.978965759277344,0.9391086292266846
0.0001,3943.0,12.978965911865235,0.9391083741188049
0.0001,3944.0,12.978965454101562,0.9391080379486083
0.0001,3945.0,12.978965606689453,0.9391077780723571
0.0001,3946.0,12.978965454101562,0.9391075396537781
0.0001,3947.0,12.978965606689453,0.9391073179244995
0.0001,3948.0,12.978965759277344,0.9391069650650025
0.0001,3949.0,12.978965911865235,0.9391067266464233
0.0001,3950.0,12.978965797424316,0.9391065311431884
0.0001,3951.0,12.978965644836425,0.9391061687469482
0.0001,3952.0,12.978965454101562,0.9391058158874511
0.0001,3953.0,12.978965492248534,0.9391056156158447
0.0001,3954.0,12.978965454101562,0.9391053771972655
0.0001,3955.0,12.978965339660645,0.9391051006317139
0.0001,3956.0,12.978965606689453,0.9391048288345336
0.0001,3957.0,12.978965759277344,0.9391045475006103
0.0001,3958.0,12.97896614074707,0.9391043472290039
0.0001,3959.0,12.978965797424316,0.9391040706634521
0.0001,3960.0,12.978965682983398,0.9391037511825562
0.0001,3961.0,12.978965492248534,0.9391035556793212
0.0001,3962.0,12.978965339660643,0.9391032314300537
0.0001,3963.0,12.978965225219728,0.9391029810905457
0.0001,3964.0,12.978965187072754,0.9391027593612671
0.0001,3965.0,12.978965034484863,0.9391024446487427
0.0001,3966.0,12.978965492248534,0.9391020703315736
0.0001,3967.0,12.978965797424316,0.9391019344329834
0.0001,3968.0,12.978965721130372,0.9391016149520874
0.0001,3969.0,12.978965682983398,0.939101414680481
0.0001,3970.0,12.97896553039551,0.9391011762619019
0.0001,3971.0,12.978965377807619,0.9391009593009949
0.0001,3972.0,12.978965072631837,0.9391007161140441
0.0001,3973.0,12.978964920043946,0.9391004824638367
0.0001,3974.0,12.978965225219726,0.939100103378296
0.0001,3975.0,12.97896553039551,0.9390998482704163
0.0001,3976.0,12.978965644836427,0.939099588394165
0.0001,3977.0,12.978965721130372,0.9390993118286133
0.0001,3978.0,12.978965377807619,0.9390990734100342
0.0001,3979.0,12.9789652633667,0.9390987586975097
0.0001,3980.0,12.978965110778809,0.9390985369682312
0.0001,3981.0,12.978965072631837,0.9390982818603516
0.0001,3982.0,12.978965110778809,0.9390978908538818
0.0001,3983.0,12.978964767456056,0.9390976524353027
0.0001,3984.0,12.978964614868165,0.9390974307060242
0.0001,3985.0,12.978965110778809,0.9390972089767456
0.0001,3986.0,12.978965377807619,0.9390970516204835
0.0001,3987.0,12.978965225219728,0.9390966391563416
0.0001,3988.0,12.97896541595459,0.9390964388847352
0.0001,3989.0,12.9789652633667,0.9390962386131287
0.0001,3990.0,12.978965148925782,0.9390960216522217
0.0001,3991.0,12.978964805603027,0.9390956807136536
0.0001,3992.0,12.978964805603027,0.9390954804420472
0.0001,3993.0,12.97896469116211,0.9390952634811401
0.0001,3994.0,12.978964653015137,0.9390950298309326
0.0001,3995.0,12.978964500427246,0.9390947103500367
0.0001,3996.0,12.978964653015137,0.9390944385528563
0.0001,3997.0,12.978965110778809,0.9390942168235779
0.0001,3998.0,12.978965110778809,0.9390939784049988
0.0001,3999.0,12.978964996337892,0.939093599319458
0.0001,4000.0,12.978964996337892,0.9390934634208679
0.0001,4001.0,12.978964500427246,0.9390931487083435
0.0001,4002.0,12.97896469116211,0.9390929102897645
0.0001,4003.0,12.97896469116211,0.9390925908088683
0.0001,4004.0,12.978964385986329,0.9390925097465516
0.0001,4005.0,12.978964996337892,0.9390920972824097
0.0001,4006.0,12.9789652633667,0.9390918755531311
0.0001,4007.0,12.978965034484863,0.9390917134284973
0.0001,4008.0,12.978964881896973,0.939091501235962
0.0001,4009.0,12.97896469116211,0.9390912413597108
0.0001,4010.0,12.978964881896973,0.9390909433364868
0.0001,4011.0,12.97896469116211,0.9390907263755798
0.0001,4012.0,12.97896453857422,0.9390904498100281
0.0001,4013.0,12.9789644241333,0.9390900754928588
0.0001,4014.0,12.978964385986329,0.9390898966789245
0.0001,4015.0,12.978964080810547,0.9390896368026733
0.0001,4016.0,12.97896427154541,0.9390895175933838
0.0001,4017.0,12.97896453857422,0.939089241027832
0.0001,4018.0,12.97896469116211,0.9390891003608703
0.0001,4019.0,12.978964614868165,0.9390888237953186
0.0001,4020.0,12.978964576721191,0.9390885639190674
0.0001,4021.0,12.97896427154541,0.9390883255004883
0.0001,4022.0,12.97896427154541,0.9390880274772644
0.0001,4023.0,12.97896427154541,0.939087746143341
0.0001,4024.0,12.978963966369628,0.9390875339508057
0.0001,4025.0,12.978964881896973,0.9390872788429261
0.0001,4026.0,12.978964729309082,0.9390870571136475
0.0001,4027.0,12.97896469116211,0.9390868568420411
0.0001,4028.0,12.978964767456056,0.939086639881134
0.0001,4029.0,12.978964614868165,0.9390863418579101
0.0001,4030.0,12.9789644241333,0.9390860486030579
0.0001,4031.0,12.978964462280274,0.9390858316421509
0.0001,4032.0,12.978964614868165,0.9390855884552003
0.0001,4033.0,12.978963813781737,0.939085328578949
0.0001,4034.0,12.978964309692383,0.9390851330757142
0.0001,4035.0,12.978963851928711,0.9390849328041077
0.0001,4036.0,12.978963661193847,0.9390847373008728
0.0001,4037.0,12.978964309692383,0.9390845036506652
0.0001,4038.0,12.978964614868165,0.9390842223167419
0.0001,4039.0,12.978963966369628,0.9390838861465454
0.0001,4040.0,12.978964500427246,0.9390837240219116
0.0001,4041.0,12.978964309692383,0.9390834307670594
0.0001,4042.0,12.978964004516602,0.9390832686424255
0.0001,4043.0,12.978964195251464,0.9390830683708191
0.0001,4044.0,12.978964157104492,0.9390827751159667
0.0001,4045.0,12.97896354675293,0.939082612991333
0.0001,4046.0,12.978964614868165,0.9390823793411256
0.0001,4047.0,12.978964309692383,0.9390820121765138
0.0001,4048.0,12.978964309692383,0.9390817999839782
0.0001,4049.0,12.978964500427246,0.9390815448760986
0.0001,4050.0,12.978964195251464,0.9390813493728638
0.0001,4051.0,12.978964042663574,0.939081072807312
0.0001,4052.0,12.978964347839355,0.939080855846405
0.0001,4053.0,12.978964042663574,0.9390806603431701
0.0001,4054.0,12.978963890075683,0.9390804982185363
0.0001,4055.0,12.978963737487792,0.9390801787376404
0.0001,4056.0,12.978963737487792,0.9390798974037171
0.0001,4057.0,12.97896343231201,0.9390797019004822
0.0001,4058.0,12.978963584899901,0.9390795230865479
0.0001,4059.0,12.978964195251464,0.9390793228149414
0.0001,4060.0,12.978964157104492,0.9390790843963623
0.0001,4061.0,12.978964080810547,0.9390788674354553
0.0001,4062.0,12.978964233398438,0.9390787267684937
0.0001,4063.0,12.978963775634766,0.9390784120559692
0.0001,4064.0,12.978963775634766,0.9390781736373902
0.0001,4065.0,12.978963470458984,0.9390779566764832
0.0001,4066.0,12.978963584899901,0.9390776586532592
0.0001,4067.0,12.978963623046875,0.939077501296997
0.0001,4068.0,12.978963470458984,0.9390772247314454
0.0001,4069.0,12.978963584899901,0.9390769863128662
0.0001,4070.0,12.978963623046875,0.9390768122673034
0.0001,4071.0,12.978963928222656,0.9390766167640686
0.0001,4072.0,12.978964042663574,0.9390763521194458
0.0001,4073.0,12.978963737487792,0.939076075553894
0.0001,4074.0,12.978963928222656,0.9390759730339051
0.0001,4075.0,12.978963775634766,0.9390756964683533
0.0001,4076.0,12.978963317871093,0.939075517654419
0.0001,4077.0,12.978963813781737,0.9390752577781678
0.0001,4078.0,12.978963317871093,0.9390750789642335
0.0001,4079.0,12.978963317871093,0.9390748667716979
0.0001,4080.0,12.978963966369628,0.9390746235847474
0.0001,4081.0,12.978963928222656,0.9390743255615235
0.0001,4082.0,12.978963775634766,0.939074010848999
0.0001,4083.0,12.978963851928711,0.9390738534927369
0.0001,4084.0,12.978963661193847,0.9390737509727478
0.0001,4085.0,12.978963508605956,0.9390734529495239
0.0001,4086.0,12.97896354675293,0.9390732574462891
0.0001,4087.0,12.978963508605956,0.9390730571746826
0.0001,4088.0,12.978963508605956,0.9390728020668029
0.0001,4089.0,12.978963050842285,0.9390725255012513
0.0001,4090.0,12.978963508605956,0.9390724611282348
0.0001,4091.0,12.978963050842284,0.9390722823143005
0.0001,4092.0,12.978963012695313,0.9390719842910766
0.0001,4093.0,12.978963813781737,0.9390717124938964
0.0001,4094.0,12.978963813781737,0.9390714740753174
0.0001,4095.0,12.978963508605956,0.9390712356567383
0.0001,4096.0,12.97896339416504,0.9390711331367492
0.0001,4097.0,12.978963394165039,0.9390708780288697
0.0001,4098.0,12.978963508605956,0.9390706181526184
0.0001,4099.0,12.978963088989259,0.9390704393386841
0.0001,4100.0,12.978963241577148,0.9390701246261597
0.0001,4101.0,12.978963050842285,0.9390699672698974
0.0001,4102.0,12.978962745666504,0.9390697503089904
0.0001,4103.0,12.978963851928711,0.9390695118904114
0.0001,4104.0,12.978963241577148,0.9390693879127503
0.0001,4105.0,12.978963508605956,0.9390691709518433
0.0001,4106.0,12.978963890075683,0.939069046974182
0.0001,4107.0,12.97896343231201,0.9390687918663025
0.0001,4108.0,12.97896324157715,0.9390685153007508
0.0001,4109.0,12.978963584899901,0.939068238735199
0.0001,4110.0,12.978963088989257,0.9390681195259094
0.0001,4111.0,12.97896324157715,0.9390678811073303
0.0001,4112.0,12.97896293640137,0.9390676641464233
0.0001,4113.0,12.978963127136229,0.9390674638748169
0.0001,4114.0,12.97896293640137,0.9390672850608826
0.0001,4115.0,12.978962478637698,0.939067029953003
0.0001,4116.0,12.978962974548338,0.9390667700767517
0.0001,4117.0,12.978963088989257,0.9390665531158449
0.0001,4118.0,12.97896324157715,0.9390663361549378
0.0001,4119.0,12.978963317871093,0.9390661191940308
0.0001,4120.0,12.97896327972412,0.9390660381317137
0.0001,4121.0,12.978963127136232,0.9390658378601073
0.0001,4122.0,12.978962860107425,0.9390654850006104
0.0001,4123.0,12.97896312713623,0.939065318107605
0.0001,4124.0,12.978962821960451,0.9390651607513427
0.0001,4125.0,12.97896266937256,0.9390650248527528
0.0001,4126.0,12.978962974548338,0.9390647649765014
0.0001,4127.0,12.97896343231201,0.9390645909309387
0.0001,4128.0,12.97896343231201,0.9390644717216492
0.0001,4129.0,12.978963356018065,0.9390642118453979
0.0001,4130.0,12.978963317871093,0.939063880443573
0.0001,4131.0,12.978963165283206,0.9390636968612671
0.0001,4132.0,12.978962707519534,0.9390635180473328
0.0001,4133.0,12.978963012695312,0.9390633440017699
0.0001,4134.0,12.978963165283202,0.9390631818771362
0.0001,4135.0,12.978962707519534,0.9390629649162292
0.0001,4136.0,12.978962860107421,0.9390626668930053
0.0001,4137.0,12.978962707519534,0.9390624499320983
0.0001,4138.0,12.978962402343752,0.9390622878074646
0.0001,4139.0,12.978962211608888,0.939062032699585
0.0001,4140.0,12.978962707519534,0.9390618920326232
0.0001,4141.0,12.978963165283202,0.9390616965293883
0.0001,4142.0,12.978963165283202,0.9390614795684815
0.0001,4143.0,12.978963050842284,0.9390613174438476
0.0001,4144.0,12.978962898254396,0.9390611767768859
0.0001,4145.0,12.978963012695312,0.9390608620643616
0.0001,4146.0,12.978962554931643,0.9390606236457825
0.0001,4147.0,12.978962593078615,0.9390604662895202
0.0001,4148.0,12.978962898254396,0.9390602707862854
0.0001,4149.0,12.978962402343752,0.9390600919723511
0.0001,4150.0,12.978962287902833,0.9390598106384278
0.0001,4151.0,12.978962440490724,0.9390597295761108
0.0001,4152.0,12.97896209716797,0.9390594959259033
0.0001,4153.0,12.97896209716797,0.9390592575073242
0.0001,4154.0,12.978962440490724,0.9390590357780457
0.0001,4155.0,12.978962554931643,0.9390588569641114
0.0001,4156.0,12.978962860107425,0.9390585803985596
0.0001,4157.0,12.97896278381348,0.9390584444999694
0.0001,4158.0,12.97896278381348,0.9390582489967347
0.0001,4159.0,12.978962593078615,0.9390580487251282
0.0001,4160.0,12.978962440490724,0.9390578699111939
0.0001,4161.0,12.978962478637698,0.9390576481819153
0.0001,4162.0,12.978962287902833,0.9390575504302978
0.0001,4163.0,12.978962440490724,0.939057469367981
0.0001,4164.0,12.978962135314942,0.9390571713447571
0.0001,4165.0,12.978962326049807,0.939056932926178
0.0001,4166.0,12.978962745666506,0.9390567541122437
0.0001,4167.0,12.978962745666502,0.9390565752983093
0.0001,4168.0,12.978962745666506,0.9390563297271729
0.0001,4169.0,12.97896293640137,0.9390561628341675
0.0001,4170.0,12.978962326049807,0.9390559840202332
0.0001,4171.0,12.978962478637698,0.9390557622909546
0.0001,4172.0,12.978962326049807,0.9390555667877197
0.0001,4173.0,12.978962173461916,0.9390554857254028
0.0001,4174.0,12.978962478637698,0.939055290222168
0.0001,4175.0,12.978962173461916,0.9390550136566163
0.0001,4176.0,12.978962173461916,0.9390547752380372
0.0001,4177.0,12.978962173461916,0.9390545201301574
0.0001,4178.0,12.978961868286135,0.9390544390678406
0.0001,4179.0,12.978961715698244,0.939054319858551
0.0001,4180.0,12.978962631225588,0.939054102897644
0.0001,4181.0,12.978962478637698,0.9390538215637207
0.0001,4182.0,12.978962326049807,0.9390537023544312
0.0001,4183.0,12.97896251678467,0.939053566455841
0.0001,4184.0,12.978962211608888,0.9390533494949341
0.0001,4185.0,12.978962364196779,0.9390530681610108
0.0001,4186.0,12.978962173461916,0.9390529489517212
0.0001,4187.0,12.978962059020997,0.939052813053131
0.0001,4188.0,12.978962059020997,0.9390525913238525
0.0001,4189.0,12.978962020874025,0.9390524125099182
0.0001,4190.0,12.978962020874025,0.9390521955490112
0.0001,4191.0,12.97896266937256,0.9390520167350769
0.0001,4192.0,12.97896251678467,0.9390518546104432
0.0001,4193.0,12.978962478637698,0.9390515065193177
0.0001,4194.0,12.97896224975586,0.9390513706207275
0.0001,4195.0,12.978962554931641,0.9390512466430664
0.0001,4196.0,12.978962554931641,0.93905104637146
0.0001,4197.0,12.978962059020997,0.9390509438514709
0.0001,4198.0,12.97896224975586,0.9390507698059083
0.0001,4199.0,12.97896224975586,0.9390505313873292
0.0001,4200.0,12.978961906433106,0.9390503525733949
0.0001,4201.0,12.978961906433106,0.939050076007843
0.0001,4202.0,12.978961944580078,0.9390498757362366
0.0001,4203.0,12.978961791992187,0.9390498328208923
0.0001,4204.0,12.978961753845216,0.939049654006958
0.0001,4205.0,12.978961601257325,0.9390492677688598
0.0001,4206.0,12.978961791992187,0.939049186706543
0.0001,4207.0,12.978961944580078,0.9390490078926087
0.0001,4208.0,12.97896251678467,0.9390487909317017
0.0001,4209.0,12.978962059020997,0.9390486288070679
0.0001,4210.0,12.978961982727052,0.9390484929084777
0.0001,4211.0,12.97896224975586,0.9390483140945434
0.0001,4212.0,12.978962097167969,0.9390481567382812
0.0001,4213.0,12.978961791992187,0.9390479564666747
0.0001,4214.0,12.978961639404297,0.9390478539466858
0.0001,4215.0,12.978961791992187,0.9390477132797241
0.0001,4216.0,12.978961639404297,0.939047474861145
0.0001,4217.0,12.978961334228515,0.9390472745895385
0.0001,4218.0,12.978961791992187,0.939047040939331
0.0001,4219.0,12.978962097167969,0.9390468621253967
0.0001,4220.0,12.97896224975586,0.9390467429161072
0.0001,4221.0,12.97896224975586,0.9390466070175172
0.0001,4222.0,12.978962593078615,0.9390463900566102
0.0001,4223.0,12.978962135314942,0.9390462327003479
0.0001,4224.0,12.978962135314942,0.9390460324287415
0.0001,4225.0,12.978961791992187,0.9390458750724793
0.0001,4226.0,12.97896152496338,0.9390457725524902
0.0001,4227.0,12.97896167755127,0.9390456485748291
0.0001,4228.0,12.978961982727052,0.9390454697608948
0.0001,4229.0,12.978961639404297,0.9390452527999879
0.0001,4230.0,12.97896152496338,0.9390450954437256
0.0001,4231.0,12.978961830139161,0.9390448570251465
0.0001,4232.0,12.97896152496338,0.9390446615219117
0.0001,4233.0,12.978961029052734,0.9390445423126221
0.0001,4234.0,12.97896152496338,0.9390444016456603
0.0001,4235.0,12.97896152496338,0.9390441036224365
0.0001,4236.0,12.978961944580078,0.9390440821647643
0.0001,4237.0,12.978962097167969,0.9390438103675842
0.0001,4238.0,12.978961868286133,0.9390435886383057
0.0001,4239.0,12.978962020874024,0.9390434861183166
0.0001,4240.0,12.978962020874024,0.9390432524681092
0.0001,4241.0,12.978961372375489,0.9390430188179015
0.0001,4242.0,12.978961563110351,0.9390428829193115
0.0001,4243.0,12.978961563110351,0.9390426993370056
0.0001,4244.0,12.978961372375489,0.9390425419807433
0.0001,4245.0,12.978961372375489,0.9390423417091369
0.0001,4246.0,12.97896125793457,0.9390421581268311
0.0001,4247.0,12.978961105346679,0.939042022228241
0.0001,4248.0,12.978961372375489,0.9390419411659241
0.0001,4249.0,12.978960914611816,0.9390417456626892
0.0001,4250.0,12.978961105346679,0.9390415668487548
0.0001,4251.0,12.978961563110351,0.9390414261817932
0.0001,4252.0,12.97896167755127,0.9390412855148316
0.0001,4253.0,12.978961372375489,0.9390410685539246
0.0001,4254.0,12.978961601257325,0.9390409111976623
0.0001,4255.0,12.978961868286133,0.9390407109260559
0.0001,4256.0,12.97896125793457,0.9390406513214111
0.0001,4257.0,12.97896125793457,0.939040412902832
0.0001,4258.0,12.978961601257325,0.9390402770042419
0.0001,4259.0,12.978961296081543,0.9390401196479797
0.0001,4260.0,12.978961105346679,0.9390398812294005
0.0001,4261.0,12.97896125793457,0.939039604663849
0.0001,4262.0,12.97896125793457,0.9390394258499146
0.0001,4263.0,12.978961715698242,0.9390392637252808
0.0001,4264.0,12.978961715698242,0.9390391659736633
0.0001,4265.0,12.978961563110351,0.9390390086174011
0.0001,4266.0,12.97896141052246,0.9390388679504394
0.0001,4267.0,12.978961791992187,0.9390387272834778
0.0001,4268.0,12.978961601257325,0.9390385150909424
0.0001,4269.0,12.978961448669434,0.9390383362770081
0.0001,4270.0,12.978961448669434,0.9390382003784179
0.0001,4271.0,12.978961181640624,0.9390379619598388
0.0001,4272.0,12.978961296081543,0.9390378642082214
0.0001,4273.0,12.978961296081543,0.9390376210212708
0.0001,4274.0,12.978960990905762,0.9390375995635987
0.0001,4275.0,12.978961143493652,0.9390373659133912
0.0001,4276.0,12.978960990905762,0.9390371656417846
0.0001,4277.0,12.978960838317871,0.939037024974823
0.0001,4278.0,12.97896053314209,0.939036910533905
0.0001,4279.0,12.978961105346679,0.9390366673469543
0.0001,4280.0,12.978961601257325,0.9390365266799927
0.0001,4281.0,12.978961448669434,0.9390364074707032
0.0001,4282.0,12.978961448669434,0.9390361690521241
0.0001,4283.0,12.97896125793457,0.939036033153534
0.0001,4284.0,12.978961181640624,0.939035952091217
0.0001,4285.0,12.978961181640624,0.9390357732772827
0.0001,4286.0,12.978961334228515,0.9390355348587036
0.0001,4287.0,12.978960838317871,0.9390353560447693
0.0001,4288.0,12.978961029052734,0.9390352416038513
0.0001,4289.0,12.978961181640624,0.9390351390838623
0.0001,4290.0,12.978960723876952,0.9390350246429443
0.0001,4291.0,12.978960876464843,0.9390347647666932
0.0001,4292.0,12.978960838317871,0.9390346026420593
0.0001,4293.0,12.978961639404297,0.939034445285797
0.0001,4294.0,12.978961486816406,0.9390343809127808
0.0001,4295.0,12.978961486816406,0.93903422832489
0.0001,4296.0,12.978961448669434,0.9390340495109557
0.0001,4297.0,12.978961219787598,0.9390338659286499
0.0001,4298.0,12.978961372375489,0.9390337467193604
0.0001,4299.0,12.978961181640624,0.939033567905426
0.0001,4300.0,12.978961029052734,0.9390332961082459
0.0001,4301.0,12.978961219787598,0.9390331935882568
0.0001,4302.0,12.978961067199707,0.939033133983612
0.0001,4303.0,12.978960914611816,0.9390329003334046
0.0001,4304.0,12.978960876464843,0.9390327167510986
0.0001,4305.0,12.978960723876952,0.939032564163208
0.0001,4306.0,12.978960609436035,0.9390324401855469
0.0001,4307.0,12.978960609436035,0.9390322232246399
0.0001,4308.0,12.978960571289061,0.9390320491790771
0.0001,4309.0,12.978960571289061,0.9390319418907166
0.0001,4310.0,12.978960609436035,0.9390318608283996
0.0001,4311.0,12.978961219787598,0.9390316653251647
0.0001,4312.0,12.978961181640624,0.9390314865112305
0.0001,4313.0,12.978960876464843,0.9390313673019409
0.0001,4314.0,12.978961029052734,0.9390311717987061
0.0001,4315.0,12.97896125793457,0.9390310192108153
0.0001,4316.0,12.978960952758788,0.9390308785438537
0.0001,4317.0,12.978960762023926,0.9390306353569031
0.0001,4318.0,12.978960914611816,0.9390304398536682
0.0001,4319.0,12.978960647583007,0.9390303373336792
0.0001,4320.0,12.978960800170897,0.9390301418304443
0.0001,4321.0,12.978960762023926,0.9390300822257995
0.0001,4322.0,12.978960609436035,0.9390299201011658
0.0001,4323.0,12.978960456848144,0.9390298223495483
0.0001,4324.0,12.978960800170897,0.9390297031402588
0.0001,4325.0,12.978961105346679,0.9390295243263245
0.0001,4326.0,12.978960914611816,0.9390292263031006
0.0001,4327.0,12.978961067199707,0.9390291666984558
0.0001,4328.0,12.978961143493652,0.93902898311615
0.0001,4329.0,12.978961296081543,0.9390287876129151
0.0001,4330.0,12.978960952758788,0.9390285921096801
0.0001,4331.0,12.978960952758788,0.9390285110473633
0.0001,4332.0,12.978960952758788,0.9390284729003906
0.0001,4333.0,12.978960838317871,0.9390282940864563
0.0001,4334.0,12.978960647583007,0.9390281534194946
0.0001,4335.0,12.978960800170897,0.9390279793739319
0.0001,4336.0,12.978960494995116,0.939027795791626
0.0001,4337.0,12.978960189819334,0.9390276050567627
0.0001,4338.0,12.978960342407225,0.9390275025367736
0.0001,4339.0,12.978960647583007,0.939027442932129
0.0001,4340.0,12.978960342407225,0.9390272808074951
0.0001,4341.0,12.978960037231444,0.9390270853042604
0.0001,4342.0,12.978960647583007,0.9390270042419433
0.0001,4343.0,12.978960800170897,0.9390267658233642
0.0001,4344.0,12.978960800170897,0.9390266466140748
0.0001,4345.0,12.978960952758788,0.9390265440940857
0.0001,4346.0,12.978960647583007,0.9390264201164245
0.0001,4347.0,12.97896068572998,0.939026186466217
0.0001,4348.0,12.978960838317871,0.9390260076522827
0.0001,4349.0,12.978960838317871,0.9390258336067199
0.0001,4350.0,12.978960380554199,0.9390257143974304
0.0001,4351.0,12.97896053314209,0.9390256166458131
0.0001,4352.0,12.978960227966308,0.9390254759788512
0.0001,4353.0,12.97896053314209,0.9390253400802613
0.0001,4354.0,12.978960227966308,0.9390252590179443
0.0001,4355.0,12.978960380554199,0.9390250205993653
0.0001,4356.0,12.978960189819334,0.9390249180793762
0.0001,4357.0,12.978960075378417,0.939024624824524
0.0001,4358.0,12.978960075378417,0.9390245056152344
0.0001,4359.0,12.978960075378417,0.9390243434906005
0.0001,4360.0,12.978959922790526,0.9390242457389832
0.0001,4361.0,12.978960189819334,0.939024088382721
0.0001,4362.0,12.97896053314209,0.9390239095687867
0.0001,4363.0,12.978960838317871,0.939023790359497
0.0001,4364.0,12.978960838317871,0.9390236926078797
0.0001,4365.0,12.978960189819334,0.9390235304832459
0.0001,4366.0,12.978960571289061,0.9390233898162841
0.0001,4367.0,12.978960876464843,0.9390232706069946
0.0001,4368.0,12.97896026611328,0.9390231132507325
0.0001,4369.0,12.97896026611328,0.9390230321884154
0.0001,4370.0,12.978960227966308,0.9390228366851807
0.0001,4371.0,12.97896041870117,0.9390227222442628
0.0001,4372.0,12.978959960937498,0.9390225219726562
0.0001,4373.0,12.978960113525389,0.9390223813056946
0.0001,4374.0,12.97896026611328,0.9390222835540771
0.0001,4375.0,12.978959922790528,0.939022126197815
0.0001,4376.0,12.97896011352539,0.9390219640731812
0.0001,4377.0,12.978960571289061,0.9390218234062195
0.0001,4378.0,12.978960723876952,0.9390215468406677
0.0001,4379.0,12.97896068572998,0.9390214323997499
0.0001,4380.0,12.978960380554199,0.9390213680267334
0.0001,4381.0,12.978960609436035,0.9390211939811707
0.0001,4382.0,12.978960609436035,0.9390210366249085
0.0001,4383.0,12.978960571289061,0.9390209341049194
0.0001,4384.0,12.97896041870117,0.9390207982063293
0.0001,4385.0,12.97896011352539,0.9390206575393677
0.0001,4386.0,12.978960151672364,0.9390204191207886
0.0001,4387.0,12.978960304260253,0.939020299911499
0.0001,4388.0,12.9789599609375,0.9390202403068543
0.0001,4389.0,12.97896011352539,0.9390201210975647
0.0001,4390.0,12.9789599609375,0.939019980430603
0.0001,4391.0,12.978959846496583,0.9390198230743407
0.0001,4392.0,12.978959846496583,0.9390197038650513
0.0001,4393.0,12.978959655761718,0.9390195679664612
0.0001,4394.0,12.978959655761718,0.9390193891525269
0.0001,4395.0,12.978959503173828,0.93901930809021
0.0001,4396.0,12.978960151672364,0.939019124507904
0.0001,4397.0,12.97896026611328,0.9390190219879151
0.0001,4398.0,12.978960266113281,0.9390189242362976
0.0001,4399.0,12.97896041870117,0.9390187072753906
0.0001,4400.0,12.97896041870117,0.9390186262130737
0.0001,4401.0,12.978960189819336,0.9390184354782105
0.0001,4402.0,12.978960342407227,0.9390182399749756
0.0001,4403.0,12.978960304260255,0.9390182185173035
0.0001,4404.0,12.978960304260253,0.9390180349349976
0.0001,4405.0,12.978959693908692,0.9390178990364075
0.0001,4406.0,12.978959846496583,0.9390177798271179
0.0001,4407.0,12.978960037231445,0.9390176010131835
0.0001,4408.0,12.978959846496583,0.9390174984931946
0.0001,4409.0,12.978959693908692,0.9390173625946046
0.0001,4410.0,12.978959693908692,0.9390172600746155
0.0001,4411.0,12.978960151672364,0.9390170431137085
0.0001,4412.0,12.978960494995118,0.939016923904419
0.0001,4413.0,12.978960456848146,0.9390168857574464
0.0001,4414.0,12.978960151672364,0.9390167284011841
0.0001,4415.0,12.978960304260253,0.9390166091918946
0.0001,4416.0,12.978959999084472,0.9390164518356323
0.0001,4417.0,12.978960342407225,0.939016273021698
0.0001,4418.0,12.978960189819336,0.9390161490440369
0.0001,4419.0,12.978960037231445,0.9390159702301025
0.0001,4420.0,12.978960189819334,0.9390159106254578
0.0001,4421.0,12.978959884643553,0.9390158510208131
0.0001,4422.0,12.978959884643555,0.9390157699584961
0.0001,4423.0,12.978959884643555,0.939015519618988
0.0001,4424.0,12.978959884643555,0.939015417098999
0.0001,4425.0,12.978959884643553,0.9390152812004089
0.0001,4426.0,12.978959884643553,0.9390150809288025
0.0001,4427.0,12.978959579467773,0.9390149235725402
0.0001,4428.0,12.978959426879882,0.9390147447586059
0.0001,4429.0,12.978959579467773,0.9390146470069886
0.0001,4430.0,12.978959732055664,0.9390145063400268
0.0001,4431.0,12.978959274291991,0.9390143871307373
0.0001,4432.0,12.978959541320801,0.9390142464637756
0.0001,4433.0,12.978959884643555,0.9390141439437867
0.0001,4434.0,12.978960189819336,0.9390140247344971
0.0001,4435.0,12.978959884643555,0.9390139651298524
0.0001,4436.0,12.978959884643553,0.9390138077735901
0.0001,4437.0,12.978959846496581,0.939013671875
0.0001,4438.0,12.978960227966308,0.9390135908126831
0.0001,4439.0,12.978960075378419,0.9390134501457215
0.0001,4440.0,12.978959770202637,0.9390132117271424
0.0001,4441.0,12.978959770202637,0.9390130543708801
0.0001,4442.0,12.978959770202636,0.9390128588676452
0.0001,4443.0,12.978959884643553,0.9390128374099731
0.0001,4444.0,12.978959770202637,0.939012701511383
0.0001,4445.0,12.978959617614747,0.9390125823020935
0.0001,4446.0,12.978959465026856,0.9390124416351319
0.0001,4447.0,12.978959617614745,0.9390123057365417
0.0001,4448.0,12.978959121704102,0.9390122032165528
0.0001,4449.0,12.978959770202637,0.9390120029449462
0.0001,4450.0,12.978960075378419,0.9390119218826294
0.0001,4451.0,12.97896022796631,0.9390118026733398
0.0001,4452.0,12.978960037231444,0.9390116453170776
0.0001,4453.0,12.978959732055662,0.9390115642547607
0.0001,4454.0,12.978959884643553,0.9390114450454712
0.0001,4455.0,12.97896026611328,0.939011287689209
0.0001,4456.0,12.978959960937498,0.9390112113952637
0.0001,4457.0,12.97895980834961,0.9390110540390014
0.0001,4458.0,12.978959770202636,0.9390109729766847
0.0001,4459.0,12.978959617614745,0.9390107941627501
0.0001,4460.0,12.978959808349607,0.9390106749534607
0.0001,4461.0,12.978959655761718,0.9390106153488158
0.0001,4462.0,12.97895980834961,0.9390104961395264
0.0001,4463.0,12.978959465026856,0.9390102958679198
0.0001,4464.0,12.978959465026854,0.9390102362632751
0.0001,4465.0,12.978959465026854,0.9390100574493407
0.0001,4466.0,12.978959655761718,0.9390099811553956
0.0001,4467.0,12.978959350585937,0.9390097856521606
0.0001,4468.0,12.978959159851074,0.9390097641944886
0.0001,4469.0,12.978959159851076,0.9390095806121826
0.0001,4470.0,12.978959159851076,0.939009439945221
0.0001,4471.0,12.978959350585937,0.939009358882904
0.0001,4472.0,12.97895980834961,0.9390091633796691
0.0001,4473.0,12.97895980834961,0.9390090441703797
0.0001,4474.0,12.978959770202637,0.9390089464187621
0.0001,4475.0,12.978959770202636,0.9390088653564453
0.0001,4476.0,12.978959770202636,0.9390086650848388
0.0001,4477.0,12.97895969390869,0.9390084862709046
0.0001,4478.0,12.978959846496581,0.939008333683014
0.0001,4479.0,12.97895969390869,0.9390082740783692
0.0001,4480.0,12.978959655761717,0.9390081119537353
0.0001,4481.0,12.978959503173826,0.9390080738067627
0.0001,4482.0,12.978959197998048,0.9390079164505005
0.0001,4483.0,12.978959388732909,0.9390078735351562
0.0001,4484.0,12.978959503173826,0.9390076613426208
0.0001,4485.0,12.978959503173828,0.9390075588226319
0.0001,4486.0,12.978959197998044,0.9390073966979982
0.0001,4487.0,12.978959045410157,0.9390074181556702
0.0001,4488.0,12.978959197998048,0.9390073370933533
0.0001,4489.0,12.9789595413208,0.9390071249008178
0.0001,4490.0,12.978959197998046,0.9390070223808289
0.0001,4491.0,12.978958892822266,0.939006848335266
0.0001,4492.0,12.978958892822266,0.9390066432952882
0.0001,4493.0,12.978958892822266,0.9390065622329712
0.0001,4494.0,12.978959083557129,0.9390065026283265
0.0001,4495.0,12.97895923614502,0.9390063071250916
0.0001,4496.0,12.978959503173828,0.9390062475204468
0.0001,4497.0,12.978959503173828,0.9390060901641846
0.0001,4498.0,12.978959503173826,0.9390060257911682
0.0001,4499.0,12.978959350585939,0.9390059280395509
0.0001,4500.0,12.978959579467771,0.9390056729316711
0.0001,4501.0,12.97895942687988,0.9390056133270264
0.0001,4502.0,12.9789595413208,0.939005537033081
0.0001,4503.0,12.978959388732909,0.9390054178237914
0.0001,4504.0,12.978959388732909,0.9390053367614746
0.0001,4505.0,12.97895908355713,0.9390051794052123
0.0001,4506.0,12.978959121704102,0.9390050601959229
0.0001,4507.0,12.978959236145021,0.9390049791336059
0.0001,4508.0,12.978959388732909,0.9390048766136169
0.0001,4509.0,12.97895908355713,0.9390047359466553
0.0001,4510.0,12.97895877838135,0.9390045833587646
0.0001,4511.0,12.97895893096924,0.9390044856071472
0.0001,4512.0,12.978959236145018,0.9390043997764588
0.0001,4513.0,12.9789595413208,0.9390042591094971
0.0001,4514.0,12.978959541320801,0.9390042376518251
0.0001,4515.0,12.978959541320801,0.9390040636062622
0.0001,4516.0,12.9789595413208,0.9390038633346558
0.0001,4517.0,12.978959388732909,0.9390037488937378
0.0001,4518.0,12.978959465026854,0.9390036463737488
0.0001,4519.0,12.978959579467771,0.9390035486221313
0.0001,4520.0,12.978959579467771,0.9390035319328308
0.0001,4521.0,12.97895942687988,0.9390033531188965
0.0001,4522.0,12.97895942687988,0.9390032720565795
0.0001,4523.0,12.978958969116212,0.9390030717849731
0.0001,4524.0,12.97895927429199,0.9390029525756836
0.0001,4525.0,12.97895942687988,0.9390028882026673
0.0001,4526.0,12.978959121704102,0.9390027523040771
0.0001,4527.0,12.978959121704102,0.9390026545524597
0.0001,4528.0,12.978958969116212,0.9390025186538697
0.0001,4529.0,12.978958816528321,0.9390024757385254
0.0001,4530.0,12.978958816528321,0.9390023183822632
0.0001,4531.0,12.978959121704099,0.9390021395683289
0.0001,4532.0,12.978958816528321,0.9390021347999573
0.0001,4533.0,12.97895866394043,0.9390019774436951
0.0001,4534.0,12.97895866394043,0.9390019392967224
0.0001,4535.0,12.97895866394043,0.9390017223358155
0.0001,4536.0,12.978958816528317,0.9390015053749085
0.0001,4537.0,12.978958969116208,0.9390014457702636
0.0001,4538.0,12.9789591217041,0.9390014028549194
0.0001,4539.0,12.978959274291991,0.9390013813972473
0.0001,4540.0,12.978959579467771,0.939001202583313
0.0001,4541.0,12.97895942687988,0.9390011215209961
0.0001,4542.0,12.978958816528321,0.9390010237693787
0.0001,4543.0,12.978959159851073,0.9390010237693787
0.0001,4544.0,12.978959312438963,0.9390008449554443
0.0001,4545.0,12.978959312438963,0.9390006875991821
0.0001,4546.0,12.978959159851073,0.939000551700592
0.0001,4547.0,12.978959007263185,0.9390004873275757
0.0001,4548.0,12.978958702087404,0.9390003514289855
0.0001,4549.0,12.978958969116208,0.9390003299713134
0.0001,4550.0,12.978959159851073,0.9390001511573791
0.0001,4551.0,12.978959159851073,0.9390000152587891
0.0001,4552.0,12.978958854675295,0.9389999175071717
0.0001,4553.0,12.978958702087404,0.9389997768402099
0.0001,4554.0,12.978958549499513,0.9389995431900025
0.0001,4555.0,12.978958816528321,0.9389995217323304
0.0001,4556.0,12.978958854675291,0.9389994025230408
0.0001,4557.0,12.978959007263182,0.9389992237091065
0.0001,4558.0,12.978959159851074,0.9389991641044617
0.0001,4559.0,12.978959159851074,0.9389990234375
0.0001,4560.0,12.978959465026854,0.9389989638328553
0.0001,4561.0,12.978959121704102,0.9389988279342651
0.0001,4562.0,12.978959197998044,0.938998785018921
0.0001,4563.0,12.978959197998044,0.9389987421035767
0.0001,4564.0,12.978959350585935,0.9389985466003419
0.0001,4565.0,12.978959197998044,0.9389984273910523
0.0001,4566.0,12.978959045410157,0.9389982318878174
0.0001,4567.0,12.978958854675295,0.9389982104301453
0.0001,4568.0,12.978958854675295,0.9389980912208558
0.0001,4569.0,12.978958892822263,0.9389980483055116
0.0001,4570.0,12.978958892822263,0.9389979672431945
0.0001,4571.0,12.978958892822266,0.9389977931976319
0.0001,4572.0,12.978958740234376,0.9389976358413696
0.0001,4573.0,12.978958854675295,0.9389975929260254
0.0001,4574.0,12.978958396911622,0.9389973759651183
0.0001,4575.0,12.978958549499513,0.9389973759651183
0.0001,4576.0,12.978958740234376,0.9389972734451294
0.0001,4577.0,12.978958740234376,0.938997197151184
0.0001,4578.0,12.978958740234376,0.9389970564842225
0.0001,4579.0,12.978958435058594,0.9389969968795776
0.0001,4580.0,12.978958244323731,0.9389968776702882
0.0001,4581.0,12.978958396911622,0.9389967370033265
0.0001,4582.0,12.978958587646485,0.938996639251709
0.0001,4583.0,12.978959045410154,0.9389965200424195
0.0001,4584.0,12.978959197998044,0.9389963245391846
0.0001,4585.0,12.978958892822265,0.9389962267875671
0.0001,4586.0,12.978959007263182,0.9389962267875671
0.0001,4587.0,12.978958702087404,0.9389961075782776
0.0001,4588.0,12.978959007263185,0.9389960098266601
0.0001,4589.0,12.97895908355713,0.9389958906173707
0.0001,4590.0,12.978959083557127,0.938995771408081
0.0001,4591.0,12.97895877838135,0.9389956903457641
0.0001,4592.0,12.978958740234376,0.9389956092834473
0.0001,4593.0,12.978958740234376,0.938995430469513
0.0001,4594.0,12.978958587646485,0.9389953708648682
0.0001,4595.0,12.97895893096924,0.9389951920509338
0.0001,4596.0,12.978958320617677,0.9389950895309449
0.0001,4597.0,12.978958473205568,0.9389950299263001
0.0001,4598.0,12.978958625793458,0.9389949703216552
0.0001,4599.0,12.978958587646485,0.93899489402771
0.0001,4600.0,12.978958587646485,0.9389948725700379
0.0001,4601.0,12.978958435058594,0.938994677066803
0.0001,4602.0,12.978958473205568,0.9389946341514588
0.0001,4603.0,12.978959083557127,0.9389944767951965
0.0001,4604.0,12.978959388732909,0.9389943027496337
0.0001,4605.0,12.978959045410157,0.9389942383766174
0.0001,4606.0,12.978959350585939,0.9389940977096558
0.0001,4607.0,12.978958740234376,0.9389941143989564
0.0001,4608.0,12.978958892822266,0.9389939403533936
0.0001,4609.0,12.978958816528321,0.9389939785003663
0.0001,4610.0,12.978959121704102,0.9389938426017761
0.0001,4611.0,12.978959121704102,0.9389937448501586
0.0001,4612.0,12.978958969116212,0.9389936637878418
0.0001,4613.0,12.97895877838135,0.9389935231208801
0.0001,4614.0,12.978958473205568,0.9389934635162354
0.0001,4615.0,12.978958625793458,0.9389933061599731
0.0001,4616.0,12.978958816528321,0.9389932250976563
0.0001,4617.0,12.97895866394043,0.9389931058883667
0.0001,4618.0,12.97895866394043,0.9389930629730224
0.0001,4619.0,12.97895851135254,0.9389928841590881
0.0001,4620.0,12.978958473205568,0.938992760181427
0.0001,4621.0,12.978958473205568,0.9389926624298095
0.0001,4622.0,12.978958320617677,0.9389926028251648
0.0001,4623.0,12.978958206176758,0.9389925861358643
0.0001,4624.0,12.978958206176758,0.9389923477172851
0.0001,4625.0,12.978958168029786,0.9389923095703125
0.0001,4626.0,12.978958320617677,0.9389922499656678
0.0001,4627.0,12.978958168029786,0.9389921355247497
0.0001,4628.0,12.978958015441895,0.9389920163154603
0.0001,4629.0,12.978958168029786,0.9389919948577881
0.0001,4630.0,12.978958473205568,0.9389918971061706
0.0001,4631.0,12.978958816528321,0.9389918160438537
0.0001,4632.0,12.978958816528321,0.9389916920661927
0.0001,4633.0,12.978958816528321,0.9389915943145751
0.0001,4634.0,12.97895893096924,0.9389914751052857
0.0001,4635.0,12.97895877838135,0.9389914155006408
0.0001,4636.0,12.978958473205568,0.938991334438324
0.0001,4637.0,12.978958625793458,0.9389911770820618
0.0001,4638.0,12.978958702087404,0.9389910411834717
0.0001,4639.0,12.97895866394043,0.938991003036499
0.0001,4640.0,12.978958816528321,0.9389908885955811
0.0001,4641.0,12.97895851135254,0.9389907097816468
0.0001,4642.0,12.97895851135254,0.9389905691146851
0.0001,4643.0,12.978958358764649,0.9389905261993409
0.0001,4644.0,12.97895866394043,0.9389905047416687
0.0001,4645.0,12.978958549499513,0.9389904069900512
0.0001,4646.0,12.978958358764649,0.9389903092384339
0.0001,4647.0,12.978958358764649,0.9389901518821717
0.0001,4648.0,12.978958358764649,0.9389899730682374
0.0001,4649.0,12.978958358764649,0.9389899516105652
0.0001,4650.0,12.978958206176758,0.9389898324012755
0.0001,4651.0,12.978958053588867,0.9389897084236145
0.0001,4652.0,12.978958244323731,0.9389896917343139
0.0001,4653.0,12.97895809173584,0.938989610671997
0.0001,4654.0,12.978958053588867,0.9389895129203796
0.0001,4655.0,12.978957901000976,0.9389893770217896
0.0001,4656.0,12.978957748413086,0.9389893341064453
0.0001,4657.0,12.978957748413086,0.9389892148971558
0.0001,4658.0,12.978957748413086,0.9389891552925109
0.0001,4659.0,12.978958206176758,0.9389890742301941
0.0001,4660.0,12.978958206176758,0.9389890360832215
0.0001,4661.0,12.978958358764649,0.9389888405799867
0.0001,4662.0,12.978958358764649,0.9389887213706969
0.0001,4663.0,12.978958358764649,0.9389886403083801
0.0001,4664.0,12.97895866394043,0.9389885807037354
0.0001,4665.0,12.97895866394043,0.9389885210990905
0.0001,4666.0,12.97895851135254,0.9389883804321288
0.0001,4667.0,12.978958129882812,0.9389882612228394
0.0001,4668.0,12.978958244323731,0.9389881253242494
0.0001,4669.0,12.978958396911622,0.9389881038665772
0.0001,4670.0,12.978958549499513,0.9389880013465881
0.0001,4671.0,12.978958244323731,0.9389880061149597
0.0001,4672.0,12.97895809173584,0.9389878439903259
0.0001,4673.0,12.978958244323731,0.9389877843856811
0.0001,4674.0,12.97895809173584,0.9389876270294188
0.0001,4675.0,12.978958282470703,0.9389876055717468
0.0001,4676.0,12.978958244323731,0.9389875078201294
0.0001,4677.0,12.97895809173584,0.9389874649047851
0.0001,4678.0,12.97895793914795,0.9389873838424683
0.0001,4679.0,12.97895793914795,0.9389872312545775
0.0001,4680.0,12.978957633972168,0.9389870572090149
0.0001,4681.0,12.978957633972168,0.9389869546890259
0.0001,4682.0,12.978958282470703,0.938986895084381
0.0001,4683.0,12.978958396911622,0.9389867758750916
0.0001,4684.0,12.978958549499513,0.93898663520813
0.0001,4685.0,12.978958396911622,0.9389866733551024
0.0001,4686.0,12.978958396911622,0.9389865970611573
0.0001,4687.0,12.978958549499513,0.9389864993095398
0.0001,4688.0,12.978958396911622,0.938986418247223
0.0001,4689.0,12.978958549499513,0.9389862775802613
0.0001,4690.0,12.978958282470703,0.9389862012863159
0.0001,4691.0,12.978958435058594,0.9389861202239991
0.0001,4692.0,12.978958587646485,0.9389860391616822
0.0001,4693.0,12.978958435058594,0.9389859628677368
0.0001,4694.0,12.978958435058594,0.9389859199523927
0.0001,4695.0,12.978958282470703,0.9389858055114746
0.0001,4696.0,12.978957824707031,0.938985719680786
0.0001,4697.0,12.978957977294922,0.9389856004714966
0.0001,4698.0,12.978958129882812,0.9389855194091796
0.0001,4699.0,12.978958282470703,0.9389854383468628
0.0001,4700.0,12.978958129882812,0.9389854168891907
0.0001,4701.0,12.978958129882812,0.9389853954315186
0.0001,4702.0,12.97895767211914,0.938985161781311
0.0001,4703.0,12.978957824707031,0.9389850854873657
0.0001,4704.0,12.978957824707031,0.9389850640296936
0.0001,4705.0,12.97895809173584,0.9389849281311036
0.0001,4706.0,12.978957977294922,0.9389848470687866
0.0001,4707.0,12.978957824707031,0.9389848470687866
0.0001,4708.0,12.97895767211914,0.9389847278594972
0.0001,4709.0,12.97895767211914,0.938984625339508
0.0001,4710.0,12.978957824707031,0.9389845705032349
0.0001,4711.0,12.97895767211914,0.938984489440918
0.0001,4712.0,12.97895751953125,0.9389843273162841
0.0001,4713.0,12.97895751953125,0.9389842510223387
0.0001,4714.0,12.97895767211914,0.9389840769767761
0.0001,4715.0,12.978958129882812,0.9389840126037599
0.0001,4716.0,12.978957977294922,0.9389838933944702
0.0001,4717.0,12.978958129882812,0.938983871936798
0.0001,4718.0,12.978958129882812,0.9389837789535522
0.0001,4719.0,12.978958282470703,0.938983736038208
0.0001,4720.0,12.978958282470703,0.9389836549758912
0.0001,4721.0,12.978958244323731,0.9389835953712463
0.0001,4722.0,12.978958168029786,0.9389834761619569
0.0001,4723.0,12.978958168029786,0.9389834332466126
0.0001,4724.0,12.978958320617677,0.9389832973480225
0.0001,4725.0,12.978958168029786,0.9389831995964051
0.0001,4726.0,12.978958168029786,0.9389830422401428
0.0001,4727.0,12.978957862854005,0.9389829444885254
0.0001,4728.0,12.978957862854005,0.9389828848838806
0.0001,4729.0,12.978957824707031,0.9389828419685364
0.0001,4730.0,12.978957710266114,0.9389827823638915
0.0001,4731.0,12.978958015441895,0.9389825654029846
0.0001,4732.0,12.978957862854005,0.9389824628829956
0.0001,4733.0,12.978957862854005,0.9389823865890503
0.0001,4734.0,12.978957862854005,0.9389823436737061
0.0001,4735.0,12.978957710266114,0.9389822673797608
0.0001,4736.0,12.97895751953125,0.9389822244644165
0.0001,4737.0,12.97895751953125,0.9389821481704712
0.0001,4738.0,12.978957824707031,0.9389820885658264
0.0001,4739.0,12.978958015441895,0.938981990814209
0.0001,4740.0,12.978958168029786,0.9389819312095642
0.0001,4741.0,12.978958320617677,0.9389818334579467
0.0001,4742.0,12.978958015441895,0.9389817905426026
0.0001,4743.0,12.978958168029786,0.9389817094802857
0.0001,4744.0,12.978958129882812,0.9389815735816955
0.0001,4745.0,12.978958129882812,0.9389815306663514
0.0001,4746.0,12.978958129882812,0.938981487751007
0.0001,4747.0,12.978958358764649,0.9389814114570618
0.0001,4748.0,12.978958206176758,0.9389813899993897
0.0001,4749.0,12.978957901000976,0.9389812541007996
0.0001,4750.0,12.978958053588867,0.9389810371398926
0.0001,4751.0,12.978958053588867,0.9389809942245484
0.0001,4752.0,12.978958015441895,0.938980917930603
0.0001,4753.0,12.978958015441895,0.9389807772636414
0.0001,4754.0,12.978958015441895,0.9389807343482971
0.0001,4755.0,12.978957710266114,0.9389807128906249
0.0001,4756.0,12.978958053588867,0.9389805936813355
0.0001,4757.0,12.978957901000976,0.9389805555343628
0.0001,4758.0,12.978958053588867,0.9389803767204284
0.0001,4759.0,12.978957901000976,0.9389804148674011
0.0001,4760.0,12.978957901000976,0.9389803934097289
0.0001,4761.0,12.978957557678223,0.9389802956581117
0.0001,4762.0,12.978957557678223,0.9389801597595215
0.0001,4763.0,12.978957405090332,0.9389800786972047
0.0001,4764.0,12.978957443237304,0.9389799594879151
0.0001,4765.0,12.978957443237304,0.9389799118041993
0.0001,4766.0,12.978957595825195,0.938979721069336
0.0001,4767.0,12.978957595825195,0.9389796781539917
0.0001,4768.0,12.978957595825195,0.9389796566963196
0.0001,4769.0,12.978957443237304,0.9389796400070191
0.0001,4770.0,12.978957252502441,0.9389794826507568
0.0001,4771.0,12.978957405090332,0.9389793896675109
0.0001,4772.0,12.978957710266114,0.9389793682098388
0.0001,4773.0,12.978957901000976,0.9389793086051941
0.0001,4774.0,12.978958053588867,0.9389792108535766
0.0001,4775.0,12.978958206176758,0.9389791679382324
0.0001,4776.0,12.978957901000976,0.9389791035652161
0.0001,4777.0,12.978957748413086,0.9389789295196533
0.0001,4778.0,12.978958015441895,0.9389788150787353
0.0001,4779.0,12.978957862854005,0.9389787769317628
0.0001,4780.0,12.978957862854005,0.9389787340164185
0.0001,4781.0,12.97895793914795,0.9389786481857301
0.0001,4782.0,12.97895793914795,0.9389786100387574
0.0001,4783.0,12.97895809173584,0.9389785289764404
0.0001,4784.0,12.97895793914795,0.9389784908294678
0.0001,4785.0,12.97895793914795,0.9389784145355224
0.0001,4786.0,12.97895778656006,0.9389782738685608
0.0001,4787.0,12.978957595825195,0.9389782357215881
0.0001,4788.0,12.978957443237304,0.9389780354499817
0.0001,4789.0,12.978957595825195,0.9389780139923096
0.0001,4790.0,12.978957748413086,0.9389779496192932
0.0001,4791.0,12.97895778656006,0.9389778566360474
0.0001,4792.0,12.978957633972168,0.9389776992797851
0.0001,4793.0,12.978957633972168,0.9389776182174683
0.0001,4794.0,12.978957328796387,0.9389776182174683
0.0001,4795.0,12.978957290649413,0.9389775371551514
0.0001,4796.0,12.978957443237304,0.9389774227142335
0.0001,4797.0,12.978957443237304,0.9389773583412171
0.0001,4798.0,12.978957748413086,0.9389772772789002
0.0001,4799.0,12.97895778656006,0.9389772605895996
0.0001,4800.0,12.97895778656006,0.9389772176742553
0.0001,4801.0,12.97895778656006,0.9389771366119386
0.0001,4802.0,12.97895809173584,0.9389770221710205
0.0001,4803.0,12.978958053588867,0.9389769577980043
0.0001,4804.0,12.978958053588867,0.9389768600463867
0.0001,4805.0,12.978958053588867,0.9389767837524414
0.0001,4806.0,12.978957901000976,0.9389766645431519
0.0001,4807.0,12.978957748413086,0.9389766645431519
0.0001,4808.0,12.978957901000976,0.9389766216278076
0.0001,4809.0,12.978957977294922,0.9389765453338623
0.0001,4810.0,12.978958129882812,0.9389765238761902
0.0001,4811.0,12.978958129882812,0.9389764261245728
0.0001,4812.0,12.978958129882812,0.9389764261245728
0.0001,4813.0,12.978957977294922,0.9389763402938843
0.0001,4814.0,12.97895778656006,0.9389761877059937
0.0001,4815.0,12.978957481384278,0.938976149559021
0.0001,4816.0,12.978957481384278,0.9389759492874146
0.0001,4817.0,12.978957481384278,0.9389759659767152
0.0001,4818.0,12.97895767211914,0.9389759063720703
0.0001,4819.0,12.978957824707031,0.9389758467674256
0.0001,4820.0,12.978957824707031,0.938975727558136
0.0001,4821.0,12.978957481384278,0.9389756298065186
0.0001,4822.0,12.978957481384278,0.9389755702018738
0.0001,4823.0,12.978957328796387,0.9389755487442016
0.0001,4824.0,12.978957328796387,0.938975489139557
0.0001,4825.0,12.978957328796387,0.9389753699302673
0.0001,4826.0,12.978957633972168,0.9389752507209779
0.0001,4827.0,12.97895751953125,0.938975191116333
0.0001,4828.0,12.978957366943359,0.938975076675415
0.0001,4829.0,12.978957214355468,0.9389749574661255
0.0001,4830.0,12.978957366943359,0.9389749574661255
0.0001,4831.0,12.978957176208496,0.9389748334884643
0.0001,4832.0,12.978957176208496,0.9389747524261474
0.0001,4833.0,12.978957328796387,0.9389746761322022
0.0001,4834.0,12.978957176208496,0.9389746761322022
0.0001,4835.0,12.978956871032715,0.9389745950698852
0.0001,4836.0,12.978957176208496,0.9389744806289673
0.0001,4837.0,12.978957214355468,0.9389743995666504
0.0001,4838.0,12.978957824707031,0.9389743399620056
0.0001,4839.0,12.978957824707031,0.9389742803573609
0.0001,4840.0,12.97895793914795,0.9389742803573609
0.0001,4841.0,12.978957481384278,0.9389741826057434
0.0001,4842.0,12.978957328796387,0.9389741611480713
0.0001,4843.0,12.978957481384278,0.9389740800857544
0.0001,4844.0,12.978957481384278,0.9389739775657655
0.0001,4845.0,12.97895778656006,0.9389738416671752
0.0001,4846.0,12.97895778656006,0.9389737224578858
0.0001,4847.0,12.978957862854003,0.9389736843109131
0.0001,4848.0,12.978957862854003,0.9389736247062683
0.0001,4849.0,12.97895767211914,0.9389735651016236
0.0001,4850.0,12.97895751953125,0.9389735054969788
0.0001,4851.0,12.978957366943359,0.9389734244346619
0.0001,4852.0,12.97895751953125,0.9389733648300171
0.0001,4853.0,12.97895751953125,0.938973343372345
0.0001,4854.0,12.978957366943359,0.9389732837677002
0.0001,4855.0,12.97895751953125,0.9389731645584106
0.0001,4856.0,12.97895740509033,0.9389731264114379
0.0001,4857.0,12.97895725250244,0.9389730238914491
0.0001,4858.0,12.978957366943359,0.9389729046821593
0.0001,4859.0,12.97895751953125,0.9389729046821593
0.0001,4860.0,12.978957214355468,0.9389727687835694
0.0001,4861.0,12.978957214355468,0.9389727687835694
0.0001,4862.0,12.978957366943359,0.938972725868225
0.0001,4863.0,12.978957214355468,0.9389726829528808
0.0001,4864.0,12.978957214355468,0.9389726448059083
0.0001,4865.0,12.978957061767577,0.9389724826812744
0.0001,4866.0,12.978957099914549,0.9389724826812744
0.0001,4867.0,12.978957061767577,0.938972406387329
0.0001,4868.0,12.978957061767577,0.9389723253250122
0.0001,4869.0,12.978957214355468,0.9389722490310669
0.0001,4870.0,12.978957061767577,0.9389721679687499
0.0001,4871.0,12.978957061767577,0.9389721083641052
0.0001,4872.0,12.978957061767577,0.9389720869064331
0.0001,4873.0,12.978956756591796,0.9389719891548156
0.0001,4874.0,12.978956604003905,0.9389719128608705
0.0001,4875.0,12.978957061767577,0.9389718151092529
0.0001,4876.0,12.978957099914549,0.9389717388153076
0.0001,4877.0,12.97895725250244,0.9389717173576355
0.0001,4878.0,12.97895751953125,0.9389716148376465
0.0001,4879.0,12.97895751953125,0.9389715766906739
0.0001,4880.0,12.978957366943359,0.9389713382720948
0.0001,4881.0,12.978957366943359,0.9389713382720948
0.0001,4882.0,12.97895751953125,0.9389713001251221
0.0001,4883.0,12.978957366943359,0.9389712023735046
0.0001,4884.0,12.97895751953125,0.9389710831642151
0.0001,4885.0,12.97895751953125,0.9389710402488709
0.0001,4886.0,12.978957366943359,0.9389709806442261
0.0001,4887.0,12.978957443237304,0.9389709377288818
0.0001,4888.0,12.97895740509033,0.9389709377288818
0.0001,4889.0,12.978957557678221,0.9389709162712097
0.0001,4890.0,12.978957557678221,0.9389707970619201
0.0001,4891.0,12.97895725250244,0.9389707207679748
0.0001,4892.0,12.97895725250244,0.9389705801010132
0.0001,4893.0,12.978957099914549,0.9389705371856689
0.0001,4894.0,12.978957099914549,0.9389704990386962
0.0001,4895.0,12.978957099914549,0.9389704227447511
0.0001,4896.0,12.978957290649413,0.9389703798294068
0.0001,4897.0,12.978957290649413,0.9389703416824341
0.0001,4898.0,12.97895725250244,0.9389703416824341
0.0001,4899.0,12.978957099914549,0.938970205783844
0.0001,4900.0,12.978957099914549,0.9389701247215271
0.0001,4901.0,12.978956947326658,0.9389700865745545
0.0001,4902.0,12.978956947326658,0.9389699292182923
0.0001,4903.0,12.978956947326658,0.9389698314666748
0.0001,4904.0,12.978956794738767,0.9389698100090027
0.0001,4905.0,12.978957099914549,0.9389697670936584
0.0001,4906.0,12.97895725250244,0.9389697241783141
0.0001,4907.0,12.978957099914549,0.9389696431159973
0.0001,4908.0,12.97895740509033,0.9389696431159973
0.0001,4909.0,12.97895740509033,0.9389695405960083
0.0001,4910.0,12.978957710266112,0.938969464302063
0.0001,4911.0,12.978957557678221,0.9389694094657898
0.0001,4912.0,12.978957557678221,0.9389693236351013
0.0001,4913.0,12.978957557678221,0.9389692854881286
0.0001,4914.0,12.978957557678221,0.9389692687988281
0.0001,4915.0,12.978957557678221,0.9389691495895385
0.0001,4916.0,12.978957557678221,0.9389691066741943
0.0001,4917.0,12.97895740509033,0.9389690685272217
0.0001,4918.0,12.978957290649413,0.9389689707756042
0.0001,4919.0,12.978957290649413,0.9389689707756042
0.0001,4920.0,12.978957290649413,0.9389687538146974
0.0001,4921.0,12.978957443237304,0.9389687323570252
0.0001,4922.0,12.978957443237304,0.9389686512947082
0.0001,4923.0,12.978957443237304,0.9389685916900634
0.0001,4924.0,12.978957595825195,0.9389686131477355
0.0001,4925.0,12.978957290649413,0.9389684939384461
0.0001,4926.0,12.978957138061523,0.9389684557914734
0.0001,4927.0,12.978957138061523,0.9389683532714844
0.0001,4928.0,12.978956985473632,0.9389682340621948
0.0001,4929.0,12.978957138061523,0.9389681959152223
0.0001,4930.0,12.978957290649413,0.9389681529998779
0.0001,4931.0,12.978957443237304,0.9389680004119874
0.0001,4932.0,12.978957443237304,0.9389680004119874
0.0001,4933.0,12.978957138061523,0.9389679360389709
0.0001,4934.0,12.978956985473632,0.9389679360389709
0.0001,4935.0,12.978956832885741,0.9389678168296813
0.0001,4936.0,12.978956832885741,0.938967752456665
0.0001,4937.0,12.97895668029785,0.9389677143096924
0.0001,4938.0,12.978956832885741,0.9389677143096924
0.0001,4939.0,12.978956832885741,0.9389675402641297
0.0001,4940.0,12.97895668029785,0.9389675617218017
0.0001,4941.0,12.978956832885741,0.9389674758911133
0.0001,4942.0,12.978956985473632,0.9389674425125123
0.0001,4943.0,12.978956985473632,0.938967399597168
0.0001,4944.0,12.978956832885741,0.9389673781394958
0.0001,4945.0,12.97895668029785,0.938967182636261
0.0001,4946.0,12.978956832885741,0.9389671230316161
0.0001,4947.0,12.978956375122069,0.9389670848846436
0.0001,4948.0,12.978956375122069,0.938967046737671
0.0001,4949.0,12.97895652770996,0.9389670038223267
0.0001,4950.0,12.978956794738767,0.9389668464660645
0.0001,4951.0,12.978957138061523,0.9389668464660645
0.0001,4952.0,12.978957443237304,0.9389668250083923
0.0001,4953.0,12.978957138061523,0.9389666891098023
0.0001,4954.0,12.978957290649413,0.9389666295051575
0.0001,4955.0,12.978957138061523,0.9389666295051575
0.0001,4956.0,12.978957138061523,0.9389665484428407
0.0001,4957.0,12.978957290649413,0.938966510295868
0.0001,4958.0,12.978957290649413,0.9389665269851686
0.0001,4959.0,12.978957138061523,0.938966326713562
0.0001,4960.0,12.978957290649413,0.9389662671089173
0.0001,4961.0,12.97895725250244,0.9389661908149719
0.0001,4962.0,12.978957176208494,0.9389661478996276
0.0001,4963.0,12.978957176208494,0.9389661478996276
0.0001,4964.0,12.978957023620604,0.9389660286903381
0.0001,4965.0,12.978957023620604,0.938966007232666
0.0001,4966.0,12.978957176208494,0.9389659476280212
0.0001,4967.0,12.978957023620604,0.9389658665657044
0.0001,4968.0,12.978957023620604,0.9389658665657044
0.0001,4969.0,12.978957176208494,0.9389657306671143
0.0001,4970.0,12.978957176208494,0.9389657306671143
0.0001,4971.0,12.978956718444822,0.9389656710624694
0.0001,4972.0,12.978956985473632,0.9389655947685243
0.0001,4973.0,12.97895668029785,0.9389654755592346
0.0001,4974.0,12.978956871032713,0.9389654326438903
0.0001,4975.0,12.978957023620604,0.9389653730392457
0.0001,4976.0,12.978957023620604,0.9389652752876281
0.0001,4977.0,12.978956871032713,0.9389651942253113
0.0001,4978.0,12.978956871032713,0.9389651560783386
0.0001,4979.0,12.978956871032713,0.938965151309967
0.0001,4980.0,12.978956871032713,0.9389649558067321
0.0001,4981.0,12.978956565856931,0.9389650368690492
0.0001,4982.0,12.978956565856931,0.9389649939537048
0.0001,4983.0,12.97895652770996,0.9389648747444153
0.0001,4984.0,12.978956527709963,0.9389648532867432
0.0001,4985.0,12.978956718444826,0.9389647936820984
0.0001,4986.0,12.978957023620607,0.9389648151397705
0.0001,4987.0,12.978957328796385,0.938964717388153
0.0001,4988.0,12.978957328796385,0.9389646363258362
0.0001,4989.0,12.978957481384276,0.9389646577835082
0.0001,4990.0,12.978957328796385,0.9389645767211914
0.0001,4991.0,12.978957176208494,0.9389644622802735
0.0001,4992.0,12.978957023620604,0.9389643859863281
0.0001,4993.0,12.978957176208494,0.9389643430709839
0.0001,4994.0,12.978957023620604,0.9389643430709839
0.0001,4995.0,12.978957138061523,0.9389643216133117
0.0001,4996.0,12.978957290649413,0.938964262008667
0.0001,4997.0,12.978957214355468,0.9389642405509949
0.0001,4998.0,12.978957366943359,0.9389641380310059
0.0001,4999.0,12.978957061767577,0.9389640021324157
0.0001,5000.0,12.978957214355468,0.9389638829231263
0.0001,5001.0,12.978957214355468,0.9389638018608093
0.0001,5002.0,12.978957214355468,0.9389638018608093
0.0001,5003.0,12.978957061767577,0.9389637041091919
0.0001,5004.0,12.978957061767577,0.9389637041091919
0.0001,5005.0,12.978957061767577,0.9389636611938477
0.0001,5006.0,12.978957061767577,0.9389635848999023
0.0001,5007.0,12.978957023620604,0.9389635467529298
0.0001,5008.0,12.978956871032716,0.9389634490013122
0.0001,5009.0,12.9789567565918,0.9389633893966673
0.0001,5010.0,12.97895690917969,0.9389632916450501
0.0001,5011.0,12.978957061767577,0.9389632701873779
0.0001,5012.0,12.978956909179686,0.9389631724357606
0.0001,5013.0,12.978957061767577,0.9389631128311158
0.0001,5014.0,12.978956909179686,0.9389631509780885
0.0001,5015.0,12.978956909179686,0.9389630699157715
0.0001,5016.0,12.978956604003908,0.9389630270004272
0.0001,5017.0,12.978956565856935,0.9389629888534545
0.0001,5018.0,12.978956565856935,0.9389629077911377
0.0001,5019.0,12.978956718444826,0.938962869644165
0.0001,5020.0,12.978956565856935,0.9389628100395202
0.0001,5021.0,12.978956565856935,0.9389628100395202
0.0001,5022.0,12.978956604003908,0.9389626860618592
0.0001,5023.0,12.9789567565918,0.9389626264572144
0.0001,5024.0,12.9789567565918,0.9389626264572144
0.0001,5025.0,12.9789567565918,0.9389625668525696
0.0001,5026.0,12.978956604003908,0.9389623928070069
0.0001,5027.0,12.978956451416018,0.9389624094963074
0.0001,5028.0,12.978956451416018,0.9389623498916626
0.0001,5029.0,12.978956451416018,0.9389622902870178
0.0001,5030.0,12.978956413269044,0.938962209224701
0.0001,5031.0,12.978956108093263,0.9389621543884277
0.0001,5032.0,12.978956413269044,0.9389621376991272
0.0001,5033.0,12.978956718444826,0.938962013721466
0.0001,5034.0,12.978956604003908,0.9389620566368104
0.0001,5035.0,12.9789567565918,0.938961992263794
0.0001,5036.0,12.978957061767577,0.9389619541168213
0.0001,5037.0,12.978956756591796,0.9389619159698486
0.0001,5038.0,12.978957061767577,0.9389619112014771
0.0001,5039.0,12.97895690917969,0.9389618515968323
0.0001,5040.0,12.97895690917969,0.9389617538452149
0.0001,5041.0,12.978956718444826,0.9389616560935974
0.0001,5042.0,12.978957023620607,0.9389615797996521
0.0001,5043.0,12.978956871032716,0.9389616131782531
0.0001,5044.0,12.978957023620607,0.9389615154266358
0.0001,5045.0,12.978957023620607,0.9389613628387451
0.0001,5046.0,12.978956718444826,0.9389612817764282
0.0001,5047.0,12.978956947326662,0.9389612007141113
0.0001,5048.0,12.978956947326662,0.9389612007141113
0.0001,5049.0,12.978956947326662,0.9389611625671386
0.0001,5050.0,12.978956947326662,0.9389611196517944
0.0001,5051.0,12.978956947326662,0.9389611196517944
0.0001,5052.0,12.978956947326662,0.9389610600471496
0.0001,5053.0,12.978956947326662,0.9389610600471496
0.0001,5054.0,12.978956947326662,0.938960919380188
0.0001,5055.0,12.9789567565918,0.9389608812332153
0.0001,5056.0,12.978956451416018,0.9389608001708984
0.0001,5057.0,12.978956451416018,0.9389607238769532
0.0001,5058.0,12.978956451416018,0.9389606642723083
0.0001,5059.0,12.97895648956299,0.9389606046676635
0.0001,5060.0,12.97895664215088,0.938960485458374
0.0001,5061.0,12.978956794738771,0.938960485458374
0.0001,5062.0,12.978956794738771,0.9389604043960571
0.0001,5063.0,12.97895664215088,0.9389603281021118
0.0001,5064.0,12.97895664215088,0.9389603281021118
0.0001,5065.0,12.97895664215088,0.9389603281021118
0.0001,5066.0,12.978956604003908,0.9389602088928222
0.0001,5067.0,12.978956604003908,0.9389602088928222
0.0001,5068.0,12.978956451416018,0.9389600896835327
0.0001,5069.0,12.978956298828127,0.9389600896835327
0.0001,5070.0,12.978956451416018,0.9389600253105164
0.0001,5071.0,12.9789567565918,0.9389599823951721
0.0001,5072.0,12.978956451416018,0.9389599442481994
0.0001,5073.0,12.978956794738771,0.9389598846435547
0.0001,5074.0,12.978957099914552,0.9389597868919373
0.0001,5075.0,12.978957405090334,0.9389597654342652
0.0001,5076.0,12.978957405090334,0.9389596462249756
0.0001,5077.0,12.978957252502443,0.9389595699310302
0.0001,5078.0,12.978957099914552,0.9389595317840576
0.0001,5079.0,12.978956947326662,0.9389594936370849
0.0001,5080.0,12.97895706176758,0.9389594888687134
0.0001,5081.0,12.97895690917969,0.9389594125747681
0.0001,5082.0,12.9789567565918,0.9389593911170959
0.0001,5083.0,12.9789567565918,0.9389592933654785
0.0001,5084.0,12.97895690917969,0.9389591956138611
0.0001,5085.0,12.978957138061526,0.9389591526985168
0.0001,5086.0,12.978957138061526,0.9389591145515441
0.0001,5087.0,12.978957290649417,0.938959093093872
0.0001,5088.0,12.978956985473635,0.9389590334892273
0.0001,5089.0,12.978956985473635,0.9389589953422546
0.0001,5090.0,12.978957138061526,0.9389589142799377
0.0001,5091.0,12.978956794738771,0.9389588928222656
0.0001,5092.0,12.97895664215088,0.9389588928222656
0.0001,5093.0,12.97895664215088,0.9389588713645936
0.0001,5094.0,12.978956794738771,0.9389587354660034
0.0001,5095.0,12.978956794738771,0.9389587736129761
0.0001,5096.0,12.978956794738771,0.938958752155304
0.0001,5097.0,12.978956947326662,0.9389586544036865
0.0001,5098.0,12.978956794738771,0.9389586329460143
0.0001,5099.0,12.97895648956299,0.9389586114883423
0.0001,5100.0,12.978956680297854,0.9389585185050964
0.0001,5101.0,12.978956832885745,0.9389584755897522
0.0001,5102.0,12.978956680297854,0.9389583778381347
0.0001,5103.0,12.978956680297854,0.9389583778381347
0.0001,5104.0,12.978956680297854,0.93895831823349
0.0001,5105.0,12.978956680297854,0.93895831823349
0.0001,5106.0,12.978956680297854,0.9389582967758179
0.0001,5107.0,12.97895648956299,0.938958215713501
0.0001,5108.0,12.97895648956299,0.9389581179618836
0.0001,5109.0,12.97895648956299,0.938958113193512
0.0001,5110.0,12.978956336975099,0.938958113193512
0.0001,5111.0,12.97895648956299,0.9389580154418946
0.0001,5112.0,12.97895648956299,0.9389579176902771
0.0001,5113.0,12.978956375122072,0.9389578795433045
0.0001,5114.0,12.978956527709963,0.9389578366279603
0.0001,5115.0,12.978956222534181,0.9389577984809876
0.0001,5116.0,12.978956375122072,0.9389577555656433
0.0001,5117.0,12.978956375122072,0.9389577174186706
0.0001,5118.0,12.978956527709963,0.9389576363563539
0.0001,5119.0,12.978956222534181,0.9389575600624085
0.0001,5120.0,12.978956222534181,0.9389574837684631
0.0001,5121.0,12.978956184387208,0.9389574837684631
0.0001,5122.0,12.978956336975099,0.938957462310791
0.0001,5123.0,12.978956184387208,0.9389573431015015
0.0001,5124.0,12.978956184387208,0.9389572834968567
0.0001,5125.0,12.978956031799317,0.938957245349884
0.0001,5126.0,12.978956336975099,0.9389572024345398
0.0001,5127.0,12.978956336975099,0.9389571857452392
0.0001,5128.0,12.978956680297854,0.9389571857452392
0.0001,5129.0,12.978956985473635,0.9389571642875671
0.0001,5130.0,12.978956832885745,0.9389571475982667
0.0001,5131.0,12.978957138061526,0.9389570665359497
0.0001,5132.0,12.978956985473635,0.9389570450782776
0.0001,5133.0,12.978956794738771,0.9389568543434144
0.0001,5134.0,12.97895664215088,0.9389568114280701
0.0001,5135.0,12.97895648956299,0.9389567685127258
0.0001,5136.0,12.978956794738771,0.938956708908081
0.0001,5137.0,12.978956794738771,0.9389566874504089
0.0001,5138.0,12.978956794738771,0.9389566874504089
0.0001,5139.0,12.978956794738771,0.9389566063880921
0.0001,5140.0,12.97895664215088,0.9389566063880921
0.0001,5141.0,12.978956794738771,0.938956491947174
0.0001,5142.0,12.978956871032716,0.9389564490318298
0.0001,5143.0,12.978956718444826,0.9389564275741578
0.0001,5144.0,12.978956871032716,0.9389563465118409
0.0001,5145.0,12.978956718444826,0.9389563083648682
0.0001,5146.0,12.978956718444826,0.9389563083648682
0.0001,5147.0,12.978956718444826,0.9389561939239501
0.0001,5148.0,12.978956680297854,0.9389561557769774
0.0001,5149.0,12.978956680297854,0.9389561128616333
0.0001,5150.0,12.978956680297854,0.9389561128616333
0.0001,5151.0,12.978956680297854,0.938955955505371
0.0001,5152.0,12.978956375122072,0.9389559125900269
0.0001,5153.0,12.978956222534181,0.9389558529853821
0.0001,5154.0,12.978956375122072,0.9389558148384094
0.0001,5155.0,12.978956375122072,0.9389557933807373
0.0001,5156.0,12.978956375122072,0.9389557933807373
0.0001,5157.0,12.978956413269044,0.9389557504653931
0.0001,5158.0,12.978956565856935,0.9389557123184205
0.0001,5159.0,12.978956565856935,0.9389556694030762
0.0001,5160.0,12.978956565856935,0.9389556694030762
0.0001,5161.0,12.978956565856935,0.9389556312561035
0.0001,5162.0,12.978956527709963,0.9389555668830871
0.0001,5163.0,12.978956527709963,0.9389554905891419
0.0001,5164.0,12.978956222534181,0.9389553761482239
0.0001,5165.0,12.978956222534181,0.9389553165435791
0.0001,5166.0,12.978956222534181,0.9389553165435791
0.0001,5167.0,12.97895606994629,0.938955295085907
0.0001,5168.0,12.97895606994629,0.9389552140235902
0.0001,5169.0,12.97895606994629,0.9389551758766175
0.0001,5170.0,12.97895606994629,0.9389551329612732
0.0001,5171.0,12.978956222534181,0.9389551162719727
0.0001,5172.0,12.978956260681153,0.9389550733566283
0.0001,5173.0,12.978956260681153,0.9389550566673279
0.0001,5174.0,12.978956413269044,0.9389550137519838
0.0001,5175.0,12.978956260681153,0.9389549756050111
0.0001,5176.0,12.978956108093263,0.9389548778533936
0.0001,5177.0,12.978956108093263,0.9389548778533936
0.0001,5178.0,12.978956108093263,0.9389548397064209
0.0001,5179.0,12.9789559173584,0.9389547419548034
0.0001,5180.0,12.9789559173584,0.9389547204971314
0.0001,5181.0,12.97895606994629,0.9389546608924866
0.0001,5182.0,12.97895576477051,0.9389546179771424
0.0001,5183.0,12.97895576477051,0.9389546179771424
0.0001,5184.0,12.97895576477051,0.9389544987678529
0.0001,5185.0,12.9789559173584,0.9389545369148254
0.0001,5186.0,12.978956222534181,0.9389545154571532
0.0001,5187.0,12.97895606994629,0.9389544391632081
0.0001,5188.0,12.978956260681153,0.9389544939994812
0.0001,5189.0,12.978956565856935,0.9389543795585632
0.0001,5190.0,12.978956413269044,0.9389543414115905
0.0001,5191.0,12.978956565856935,0.9389542269706725
0.0001,5192.0,12.978956527709963,0.9389541840553284
0.0001,5193.0,12.978956527709963,0.9389541625976562
0.0001,5194.0,12.978956527709963,0.9389541459083557
0.0001,5195.0,12.978956375122072,0.9389541029930115
0.0001,5196.0,12.978956680297854,0.9389540433883667
0.0001,5197.0,12.978956680297854,0.9389540219306945
0.0001,5198.0,12.978956680297854,0.9389539623260498
0.0001,5199.0,12.978956680297854,0.9389539194107055
0.0001,5200.0,12.978956527709963,0.9389538979530334
0.0001,5201.0,12.978956375122072,0.9389538216590881
0.0001,5202.0,12.978956222534181,0.9389538598060608
0.0001,5203.0,12.978956298828127,0.9389537787437439
0.0001,5204.0,12.978956451416018,0.9389537024497987
0.0001,5205.0,12.978956604003908,0.9389536428451538
0.0001,5206.0,12.978956451416018,0.9389536046981811
0.0001,5207.0,12.978956604003908,0.9389535665512085
0.0001,5208.0,12.978956604003908,0.9389535236358644
0.0001,5209.0,12.978956565856935,0.9389534854888917
0.0001,5210.0,12.978956604003908,0.9389533710479736
0.0001,5211.0,12.978956413269044,0.9389533710479736
0.0001,5212.0,12.978955955505372,0.9389532899856567
0.0001,5213.0,12.978956108093263,0.9389532899856567
0.0001,5214.0,12.978956108093263,0.9389532136917114
0.0001,5215.0,12.978956108093263,0.938953127861023
0.0001,5216.0,12.978956108093263,0.9389531159400941
0.0001,5217.0,12.978956108093263,0.9389530515670776
0.0001,5218.0,12.978956260681153,0.9389529705047608
0.0001,5219.0,12.978956451416018,0.9389529323577881
0.0001,5220.0,12.978956298828127,0.9389529705047608
0.0001,5221.0,12.978956451416018,0.9389528512954711
0.0001,5222.0,12.978956451416018,0.9389528512954711
0.0001,5223.0,12.978956146240236,0.9389528512954711
0.0001,5224.0,12.978955993652345,0.9389528512954711
0.0001,5225.0,12.978955955505372,0.9389528512954711
0.0001,5226.0,12.978955955505372,0.9389527487754822
0.0001,5227.0,12.978955955505372,0.9389527487754822
0.0001,5228.0,12.978956108093263,0.9389526724815368
0.0001,5229.0,12.978956108093263,0.9389525961875915
0.0001,5230.0,12.978955955505372,0.9389525580406188
0.0001,5231.0,12.978955955505372,0.9389524173736572
0.0001,5232.0,12.978955955505372,0.9389524173736572
0.0001,5233.0,12.978956108093263,0.9389524555206299
0.0001,5234.0,12.978955955505372,0.938952353000641
0.0001,5235.0,12.978955993652345,0.9389523315429688
0.0001,5236.0,12.978956298828127,0.9389523100852966
0.0001,5237.0,12.978956146240236,0.9389523482322693
0.0001,5238.0,12.978956451416018,0.9389522719383239
0.0001,5239.0,12.978956451416018,0.9389522123336793
0.0001,5240.0,12.978956718444826,0.9389521312713622
0.0001,5241.0,12.978956718444826,0.9389521694183349
0.0001,5242.0,12.978956718444826,0.9389520931243895
0.0001,5243.0,12.978956718444826,0.9389520716667175
0.0001,5244.0,12.978956413269044,0.9389520502090454
0.0001,5245.0,12.978956260681153,0.9389520120620728
0.0001,5246.0,12.978956565856935,0.9389519357681274
0.0001,5247.0,12.978956565856935,0.9389518761634827
0.0001,5248.0,12.978956413269044,0.9389518761634827
0.0001,5249.0,12.978956260681153,0.9389518547058107
0.0001,5250.0,12.978956413269044,0.9389517402648926
0.0001,5251.0,12.978956413269044,0.9389516425132751
0.0001,5252.0,12.978956413269044,0.9389515447616577
0.0001,5253.0,12.97895664215088,0.938951506614685
0.0001,5254.0,12.978956794738771,0.9389514470100402
0.0001,5255.0,12.97895664215088,0.9389514636993408
0.0001,5256.0,12.978956794738771,0.9389513874053955
0.0001,5257.0,12.978956794738771,0.9389514255523681
0.0001,5258.0,12.978956604003908,0.9389513826370239
0.0001,5259.0,12.978956451416018,0.9389513015747071
0.0001,5260.0,12.978956451416018,0.938951280117035
0.0001,5261.0,12.978956451416018,0.9389512038230896
0.0001,5262.0,12.978956298828127,0.9389512038230896
0.0001,5263.0,12.978956298828127,0.9389511656761169
0.0001,5264.0,12.978956146240236,0.9389510846138001
0.0001,5265.0,12.978955993652345,0.9389511227607727
0.0001,5266.0,12.978955993652345,0.9389510679244994
0.0001,5267.0,12.978956146240236,0.9389510297775269
0.0001,5268.0,12.978956298828127,0.9389510035514831
0.0001,5269.0,12.978956336975099,0.9389509224891663
0.0001,5270.0,12.97895648956299,0.938950846195221
0.0001,5271.0,12.97895648956299,0.9389508247375489
0.0001,5272.0,12.97895648956299,0.938950846195221
0.0001,5273.0,12.978956146240236,0.9389507651329041
0.0001,5274.0,12.978956146240236,0.9389507651329041
0.0001,5275.0,12.978956146240236,0.9389507222175599
0.0001,5276.0,12.978955841064455,0.9389506888389587
0.0001,5277.0,12.978955841064455,0.9389506244659424
0.0001,5278.0,12.978955841064455,0.9389506244659424
0.0001,5279.0,12.978955841064455,0.9389505648612977
0.0001,5280.0,12.978955993652345,0.9389504885673523
0.0001,5281.0,12.978955993652345,0.938950445652008
0.0001,5282.0,12.978955993652345,0.9389504122734069
0.0001,5283.0,12.978956146240236,0.9389504075050354
0.0001,5284.0,12.978956146240236,0.9389504289627075
0.0001,5285.0,12.978956298828127,0.9389503860473634
0.0001,5286.0,12.978956146240236,0.9389503264427186
0.0001,5287.0,12.978956031799317,0.9389503645896913
0.0001,5288.0,12.978955879211426,0.9389502501487732
0.0001,5289.0,12.978955688476564,0.938950207233429
0.0001,5290.0,12.978955688476564,0.938950207233429
0.0001,5291.0,12.978955841064455,0.9389501476287843
0.0001,5292.0,12.978955841064455,0.9389500498771668
0.0001,5293.0,12.978955841064455,0.938949990272522
0.0001,5294.0,12.978955841064455,0.9389499521255493
0.0001,5295.0,12.978955841064455,0.938949875831604
0.0001,5296.0,12.978955841064455,0.938949875831604
0.0001,5297.0,12.978955841064455,0.9389498162269592
0.0001,5298.0,12.978955841064455,0.938949909210205
0.0001,5299.0,12.978955688476564,0.9389497137069702
0.0001,5300.0,12.978955535888673,0.9389497137069702
0.0001,5301.0,12.978955535888673,0.9389497137069702
0.0001,5302.0,12.978955841064455,0.9389495944976807
0.0001,5303.0,12.978955841064455,0.9389495944976807
0.0001,5304.0,12.978955879211426,0.938949556350708
0.0001,5305.0,12.978955879211426,0.9389495944976807
0.0001,5306.0,12.978956031799317,0.9389495182037354
0.0001,5307.0,12.978956298828127,0.9389494585990905
0.0001,5308.0,12.978956298828127,0.9389494371414184
0.0001,5309.0,12.978956298828127,0.9389493775367737
0.0001,5310.0,12.978956451416018,0.9389494156837463
0.0001,5311.0,12.978956451416018,0.9389492964744568
0.0001,5312.0,12.978956298828127,0.93894935131073
0.0001,5313.0,12.978956298828127,0.9389493131637573
0.0001,5314.0,12.978956298828127,0.9389491939544679
0.0001,5315.0,12.978956298828127,0.938949270248413
0.0001,5316.0,12.978956604003907,0.9389492321014405
0.0001,5317.0,12.978956298828127,0.9389491891860962
0.0001,5318.0,12.978956146240236,0.9389491724967957
0.0001,5319.0,12.978956146240236,0.9389490962028504
0.0001,5320.0,12.978956298828127,0.9389489936828613
0.0001,5321.0,12.978956298828127,0.9389489722251891
0.0001,5322.0,12.978956298828127,0.9389489936828613
0.0001,5323.0,12.978956298828127,0.9389489722251891
0.0001,5324.0,12.978956375122072,0.9389488577842713
0.0001,5325.0,12.978956375122072,0.938948814868927
0.0001,5326.0,12.978956375122072,0.938948814868927
0.0001,5327.0,12.978956375122072,0.9389487171173097
0.0001,5328.0,12.978956336975099,0.9389486956596376
0.0001,5329.0,12.978956336975099,0.9389486575126649
0.0001,5330.0,12.978956184387208,0.9389486575126649
0.0001,5331.0,12.978956184387208,0.9389486193656922
0.0001,5332.0,12.978956031799317,0.93894859790802
0.0001,5333.0,12.978955879211426,0.9389485812187195
0.0001,5334.0,12.978956031799317,0.938948483467102
0.0001,5335.0,12.978956031799317,0.938948483467102
0.0001,5336.0,12.978955879211426,0.9389483976364136
0.0001,5337.0,12.978955879211426,0.9389483857154847
0.0001,5338.0,12.978955879211426,0.9389482069015503
0.0001,5339.0,12.978955879211426,0.9389482235908508
0.0001,5340.0,12.978955879211426,0.9389481639862061
0.0001,5341.0,12.978956031799317,0.9389481258392334
0.0001,5342.0,12.97895606994629,0.938948142528534
0.0001,5343.0,12.97895606994629,0.9389481043815613
0.0001,5344.0,12.978956184387208,0.9389480996131897
0.0001,5345.0,12.978956336975099,0.938948061466217
0.0001,5346.0,12.978956031799317,0.9389480447769165
0.0001,5347.0,12.978956031799317,0.9389480400085449
0.0001,5348.0,12.978955879211426,0.9389480781555176
0.0001,5349.0,12.978955879211426,0.9389479041099549
0.0001,5350.0,12.978955879211426,0.9389479422569276
0.0001,5351.0,12.978955879211426,0.9389479207992555
0.0001,5352.0,12.978955726623536,0.9389478826522828
0.0001,5353.0,12.978955726623536,0.9389477634429932
0.0001,5354.0,12.978955726623536,0.9389477634429932
0.0001,5355.0,12.978955726623536,0.9389477252960206
0.0001,5356.0,12.978955726623536,0.9389477849006653
0.0001,5357.0,12.978955726623536,0.9389477252960206
0.0001,5358.0,12.978956031799317,0.9389476108551025
0.0001,5359.0,12.978956031799317,0.9389476108551025
0.0001,5360.0,12.978955879211426,0.9389475679397583
0.0001,5361.0,12.978955879211426,0.9389475679397583
0.0001,5362.0,12.978956222534181,0.9389475250244141
0.0001,5363.0,12.97895606994629,0.9389474272727967
0.0001,5364.0,12.978956336975099,0.938947389125824
0.0001,5365.0,12.978956336975099,0.9389473676681519
0.0001,5366.0,12.978956336975099,0.9389473462104798
0.0001,5367.0,12.97895664215088,0.9389473247528076
0.0001,5368.0,12.97895648956299,0.9389472651481627
0.0001,5369.0,12.97895648956299,0.9389472866058349
0.0001,5370.0,12.97895648956299,0.9389472866058349
