lr,epoch,train_loss,val_loss
0.0001,0.0,119.94861602783203,2.3008978366851807
0.0001,1.0,119.94772338867188,2.3004403114318848
0.0001,2.0,119.94683837890625,2.299983263015747
0.0001,3.0,119.94593811035156,2.299525737762451
0.0001,4.0,119.9450454711914,2.2990689277648926
0.0001,5.0,119.94416809082031,2.298611879348755
0.0001,6.0,119.94327545166016,2.298154830932617
0.0001,7.0,119.94239044189453,2.2976982593536377
0.0001,8.0,119.94149780273438,2.2972421646118164
0.0001,9.0,119.94062042236328,2.296786308288574
0.0001,10.0,119.93975067138672,2.296330690383911
0.0001,11.0,119.93885803222656,2.295875310897827
0.0001,12.0,119.93798828125,2.2954201698303223
0.0001,13.0,119.93711853027344,2.2949652671813965
0.0001,14.0,119.93623352050781,2.294511318206787
0.0001,15.0,119.93536376953125,2.2940573692321777
0.0001,16.0,119.93449401855469,2.2936034202575684
0.0001,17.0,119.93363189697266,2.2931504249572754
0.0001,18.0,119.9327621459961,2.2926974296569824
0.0001,19.0,119.93189239501953,2.2922451496124268
0.0001,20.0,119.9310302734375,2.291792869567871
0.0001,21.0,119.93018341064453,2.2913413047790527
0.0001,22.0,119.9293212890625,2.2908895015716553
0.0001,23.0,119.92845916748047,2.2904388904571533
0.0001,24.0,119.92759704589844,2.2899880409240723
0.0001,25.0,119.92675018310547,2.2895383834838867
0.0001,26.0,119.9259033203125,2.2890889644622803
0.0001,27.0,119.925048828125,2.2886404991149902
0.0001,28.0,119.92420196533203,2.2881920337677
0.0001,29.0,119.9233627319336,2.2877442836761475
0.0001,30.0,119.9225082397461,2.287297010421753
0.0001,31.0,119.92167663574219,2.286850929260254
0.0001,32.0,119.92082214355469,2.286404848098755
0.0001,33.0,119.91998291015625,2.2859597206115723
0.0001,34.0,119.91915130615234,2.2855148315429688
0.0001,35.0,119.91831970214844,2.2850704193115234
0.0001,36.0,119.91748046875,2.2846274375915527
0.0001,37.0,119.9166488647461,2.284184217453003
0.0001,38.0,119.91581726074219,2.2837421894073486
0.0001,39.0,119.91500091552734,2.2833001613616943
0.0001,40.0,119.91416931152344,2.2828590869903564
0.0001,41.0,119.91336059570312,2.2824182510375977
0.0001,42.0,119.91252899169922,2.281978130340576
0.0001,43.0,119.91170501708984,2.281538724899292
0.0001,44.0,119.91089630126953,2.281099796295166
0.0001,45.0,119.91007995605469,2.280661106109619
0.0001,46.0,119.90925598144531,2.2802228927612305
0.0001,47.0,119.90846252441406,2.279784917831421
0.0001,48.0,119.90764617919922,2.279348134994507
0.0001,49.0,119.9068374633789,2.2789111137390137
0.0001,50.0,119.90602111816406,2.278475046157837
0.0001,51.0,119.90521240234375,2.278038740158081
0.0001,52.0,119.9044189453125,2.2776036262512207
0.0001,53.0,119.90361022949219,2.2771687507629395
0.0001,54.0,119.90281677246094,2.2767341136932373
0.0001,55.0,119.90202331542969,2.2762999534606934
0.0001,56.0,119.9012222290039,2.275866746902466
0.0001,57.0,119.90042877197266,2.2754335403442383
0.0001,58.0,119.8996353149414,2.275001049041748
0.0001,59.0,119.89884185791016,2.274569034576416
0.0001,60.0,119.89806365966797,2.274137258529663
0.0001,61.0,119.89727020263672,2.2737066745758057
0.0001,62.0,119.896484375,2.273275852203369
0.0001,63.0,119.89570617675781,2.27284574508667
0.0001,64.0,119.8949203491211,2.272416591644287
0.0001,65.0,119.89413452148438,2.2719874382019043
0.0001,66.0,119.89336395263672,2.271559476852417
0.0001,67.0,119.8926010131836,2.2711312770843506
0.0001,68.0,119.89181518554688,2.2707037925720215
0.0001,69.0,119.89104461669922,2.2702765464782715
0.0001,70.0,119.8902816772461,2.269850015640259
0.0001,71.0,119.8895034790039,2.2694242000579834
0.0001,72.0,119.88874053955078,2.268998622894287
0.0001,73.0,119.88797760009766,2.2685739994049072
0.0001,74.0,119.88721466064453,2.2681493759155273
0.0001,75.0,119.8864517211914,2.2677254676818848
0.0001,76.0,119.88568115234375,2.2673022747039795
0.0001,77.0,119.88491821289062,2.2668795585632324
0.0001,78.0,119.8841781616211,2.2664570808410645
0.0001,79.0,119.88340759277344,2.2660348415374756
0.0001,80.0,119.8826675415039,2.2656137943267822
0.0001,81.0,119.88191223144531,2.265192747116089
0.0001,82.0,119.88116455078125,2.264772415161133
0.0001,83.0,119.88041687011719,2.264352798461914
0.0001,84.0,119.87967681884766,2.2639334201812744
0.0001,85.0,119.87892150878906,2.263514518737793
0.0001,86.0,119.878173828125,2.263096332550049
0.0001,87.0,119.87743377685547,2.2626781463623047
0.0001,88.0,119.87669372558594,2.262260913848877
0.0001,89.0,119.87596893310547,2.2618441581726074
0.0001,90.0,119.8752212524414,2.2614283561706543
0.0001,91.0,119.8744888305664,2.261012554168701
0.0001,92.0,119.87374877929688,2.2605974674224854
0.0001,93.0,119.8730239868164,2.2601828575134277
0.0001,94.0,119.87228393554688,2.25976824760437
0.0001,95.0,119.87156677246094,2.259355068206787
0.0001,96.0,119.87083435058594,2.258941650390625
0.0001,97.0,119.8701171875,2.2585291862487793
0.0001,98.0,119.86939239501953,2.2581169605255127
0.0001,99.0,119.8686752319336,2.2577052116394043
0.0001,100.0,119.86795806884766,2.257293939590454
0.0001,101.0,119.86722564697266,2.256883144378662
0.0001,102.0,119.86650848388672,2.2564730644226074
0.0001,103.0,119.86580657958984,2.256063222885132
0.0001,104.0,119.8650894165039,2.2556543350219727
0.0001,105.0,119.8643798828125,2.2552456855773926
0.0001,106.0,119.86366271972656,2.2548372745513916
0.0001,107.0,119.86295318603516,2.254429340362549
0.0001,108.0,119.86225128173828,2.2540221214294434
0.0001,109.0,119.86153411865234,2.253615379333496
0.0001,110.0,119.86083984375,2.253208637237549
0.0001,111.0,119.8601303100586,2.252803325653076
0.0001,112.0,119.85944366455078,2.2523980140686035
0.0001,113.0,119.85873413085938,2.251992702484131
0.0001,114.0,119.8580322265625,2.2515883445739746
0.0001,115.0,119.85734558105469,2.2511844635009766
0.0001,116.0,119.85664367675781,2.2507810592651367
0.0001,117.0,119.85595703125,2.250378131866455
0.0001,118.0,119.85527038574219,2.2499756813049316
0.0001,119.0,119.85457611083984,2.2495734691619873
0.0001,120.0,119.85388946533203,2.249171733856201
0.0001,121.0,119.85319519042969,2.2487709522247314
0.0001,122.0,119.85250854492188,2.248370409011841
0.0001,123.0,119.85182189941406,2.2479701042175293
0.0001,124.0,119.85115051269531,2.247570037841797
0.0001,125.0,119.85045623779297,2.247170925140381
0.0001,126.0,119.84977722167969,2.246771812438965
0.0001,127.0,119.84910583496094,2.2463738918304443
0.0001,128.0,119.84842681884766,2.245975971221924
0.0001,129.0,119.8477554321289,2.2455785274505615
0.0001,130.0,119.84708404541016,2.2451815605163574
0.0001,131.0,119.84640502929688,2.2447853088378906
0.0001,132.0,119.84573364257812,2.244389057159424
0.0001,133.0,119.8450698852539,2.2439935207366943
0.0001,134.0,119.84439849853516,2.243598222732544
0.0001,135.0,119.84374237060547,2.2432034015655518
0.0001,136.0,119.84306335449219,2.2428090572357178
0.0001,137.0,119.84239196777344,2.242415428161621
0.0001,138.0,119.84174346923828,2.2420220375061035
0.0001,139.0,119.8410873413086,2.241629123687744
0.0001,140.0,119.8404312133789,2.241236925125122
0.0001,141.0,119.83976745605469,2.240844964981079
0.0001,142.0,119.83910369873047,2.2404532432556152
0.0001,143.0,119.83846282958984,2.2400622367858887
0.0001,144.0,119.83779907226562,2.239671230316162
0.0001,145.0,119.837158203125,2.239281415939331
0.0001,146.0,119.83650207519531,2.2388916015625
0.0001,147.0,119.83586120605469,2.238502025604248
0.0001,148.0,119.835205078125,2.2381129264831543
0.0001,149.0,119.83456420898438,2.237724781036377
0.0001,150.0,119.83390808105469,2.2373366355895996
0.0001,151.0,119.83326721191406,2.2369487285614014
0.0001,152.0,119.83263397216797,2.2365617752075195
0.0001,153.0,119.83198547363281,2.236175060272217
0.0001,154.0,119.83135223388672,2.2357895374298096
0.0001,155.0,119.83071899414062,2.235403299331665
0.0001,156.0,119.830078125,2.235017776489258
0.0001,157.0,119.8294448852539,2.234632968902588
0.0001,158.0,119.82881164550781,2.234248638153076
0.0001,159.0,119.82817840576172,2.2338640689849854
0.0001,160.0,119.82754516601562,2.23348069190979
0.0001,161.0,119.82691192626953,2.2330973148345947
0.0001,162.0,119.82628631591797,2.2327141761779785
0.0001,163.0,119.8256607055664,2.232332229614258
0.0001,164.0,119.82503509521484,2.231950044631958
0.0001,165.0,119.82441711425781,2.2315685749053955
0.0001,166.0,119.82379150390625,2.2311878204345703
0.0001,167.0,119.82317352294922,2.230806827545166
0.0001,168.0,119.82254791259766,2.230426549911499
0.0001,169.0,119.82193756103516,2.2300467491149902
0.0001,170.0,119.82130432128906,2.2296676635742188
0.0001,171.0,119.8207015991211,2.2292885780334473
0.0001,172.0,119.82008361816406,2.228909969329834
0.0001,173.0,119.81946563720703,2.228531837463379
0.0001,174.0,119.81884765625,2.228154182434082
0.0001,175.0,119.81824493408203,2.2277770042419434
0.0001,176.0,119.81763458251953,2.227400064468384
0.0001,177.0,119.81703186035156,2.2270236015319824
0.0001,178.0,119.81642150878906,2.2266476154327393
0.0001,179.0,119.81581115722656,2.2262723445892334
0.0001,180.0,119.81521606445312,2.2258973121643066
0.0001,181.0,119.81460571289062,2.22552227973938
0.0001,182.0,119.81401062011719,2.2251479625701904
0.0001,183.0,119.81341552734375,2.22477388381958
0.0001,184.0,119.81281280517578,2.224400758743286
0.0001,185.0,119.81221008300781,2.224027633666992
0.0001,186.0,119.8116226196289,2.2236545085906982
0.0001,187.0,119.81102752685547,2.2232823371887207
0.0001,188.0,119.8104248046875,2.2229104042053223
0.0001,189.0,119.8098373413086,2.222539186477661
0.0001,190.0,119.80924987792969,2.222168207168579
0.0001,191.0,119.80866241455078,2.221797466278076
0.0001,192.0,119.80805969238281,2.2214274406433105
0.0001,193.0,119.80747985839844,2.2210581302642822
0.0001,194.0,119.80690002441406,2.220688581466675
0.0001,195.0,119.80630493164062,2.2203197479248047
0.0001,196.0,119.80572509765625,2.2199511528015137
0.0001,197.0,119.80514526367188,2.219583034515381
0.0001,198.0,119.8045654296875,2.219215154647827
0.0001,199.0,119.80398559570312,2.21884822845459
0.0001,200.0,119.80340576171875,2.2184810638427734
0.0001,201.0,119.8028335571289,2.2181143760681152
0.0001,202.0,119.80225372314453,2.2177486419677734
0.0001,203.0,119.80168151855469,2.2173826694488525
0.0001,204.0,119.80110931396484,2.217017650604248
0.0001,205.0,119.800537109375,2.2166526317596436
0.0001,206.0,119.79996490478516,2.2162880897521973
0.0001,207.0,119.79939270019531,2.2159242630004883
0.0001,208.0,119.79882049560547,2.2155606746673584
0.0001,209.0,119.79826354980469,2.2151975631713867
0.0001,210.0,119.79769134521484,2.214834690093994
0.0001,211.0,119.79712677001953,2.2144720554351807
0.0001,212.0,119.79656982421875,2.2141103744506836
0.0001,213.0,119.79600524902344,2.2137484550476074
0.0001,214.0,119.79544067382812,2.2133872509002686
0.0001,215.0,119.79488372802734,2.213026523590088
0.0001,216.0,119.79431915283203,2.2126660346984863
0.0001,217.0,119.79376983642578,2.212305784225464
0.0001,218.0,119.79320526123047,2.211946487426758
0.0001,219.0,119.79264831542969,2.211587429046631
0.0001,220.0,119.79209899902344,2.211228132247925
0.0001,221.0,119.79154205322266,2.2108702659606934
0.0001,222.0,119.7909927368164,2.210512161254883
0.0001,223.0,119.79044342041016,2.2101542949676514
0.0001,224.0,119.78990173339844,2.2097973823547363
0.0001,225.0,119.78934478759766,2.2094407081604004
0.0001,226.0,119.78878784179688,2.2090840339660645
0.0001,227.0,119.78824615478516,2.208728313446045
0.0001,228.0,119.78770446777344,2.2083723545074463
0.0001,229.0,119.78716278076172,2.208017349243164
0.0001,230.0,119.78662109375,2.207662582397461
0.0001,231.0,119.78607177734375,2.207308053970337
0.0001,232.0,119.78553771972656,2.206954002380371
0.0001,233.0,119.78500366210938,2.2066004276275635
0.0001,234.0,119.78446960449219,2.206247091293335
0.0001,235.0,119.78392791748047,2.2058944702148438
0.0001,236.0,119.78339385986328,2.2055420875549316
0.0001,237.0,119.7828598022461,2.2051901817321777
0.0001,238.0,119.78231811523438,2.2048380374908447
0.0001,239.0,119.78179168701172,2.204486846923828
0.0001,240.0,119.78126525878906,2.204136371612549
0.0001,241.0,119.78073120117188,2.2037854194641113
0.0001,242.0,119.78020477294922,2.2034354209899902
0.0001,243.0,119.77967071533203,2.2030858993530273
0.0001,244.0,119.77915954589844,2.2027363777160645
0.0001,245.0,119.77862548828125,2.202387571334839
0.0001,246.0,119.7780990600586,2.2020390033721924
0.0001,247.0,119.77757263183594,2.201691150665283
0.0001,248.0,119.77705383300781,2.201343059539795
0.0001,249.0,119.77654266357422,2.200995683670044
0.0001,250.0,119.77601623535156,2.200648546218872
0.0001,251.0,119.77549743652344,2.2003023624420166
0.0001,252.0,119.77498626708984,2.199955940246582
0.0001,253.0,119.77445983886719,2.1996102333068848
0.0001,254.0,119.7739486694336,2.1992650032043457
0.0001,255.0,119.7734375,2.1989197731018066
0.0001,256.0,119.7729263305664,2.198575496673584
0.0001,257.0,119.77241516113281,2.198230743408203
0.0001,258.0,119.77188873291016,2.1978869438171387
0.0001,259.0,119.7713851928711,2.1975433826446533
0.0001,260.0,119.77088165283203,2.197200298309326
0.0001,261.0,119.77037048339844,2.196857452392578
0.0001,262.0,119.76985931396484,2.1965155601501465
0.0001,263.0,119.76935577392578,2.1961731910705566
0.0001,264.0,119.76885986328125,2.195831775665283
0.0001,265.0,119.76834869384766,2.195490598678589
0.0001,266.0,119.76786041259766,2.1951498985290527
0.0001,267.0,119.7673568725586,2.194809675216675
0.0001,268.0,119.76685333251953,2.1944692134857178
0.0001,269.0,119.76634979248047,2.1941299438476562
0.0001,270.0,119.7658462524414,2.1937906742095947
0.0001,271.0,119.7653579711914,2.1934516429901123
0.0001,272.0,119.76486206054688,2.193112850189209
0.0001,273.0,119.76436614990234,2.192775011062622
0.0001,274.0,119.76387023925781,2.192437171936035
0.0001,275.0,119.76338195800781,2.1920995712280273
0.0001,276.0,119.76288604736328,2.191762924194336
0.0001,277.0,119.76240539550781,2.1914260387420654
0.0001,278.0,119.76190948486328,2.1910901069641113
0.0001,279.0,119.76141357421875,2.1907544136047363
0.0001,280.0,119.76093292236328,2.1904187202453613
0.0001,281.0,119.76043701171875,2.1900837421417236
0.0001,282.0,119.75995635986328,2.189749240875244
0.0001,283.0,119.75948333740234,2.1894145011901855
0.0001,284.0,119.75898742675781,2.1890809535980225
0.0001,285.0,119.75851440429688,2.188746929168701
0.0001,286.0,119.75802612304688,2.188413619995117
0.0001,287.0,119.7575454711914,2.1880810260772705
0.0001,288.0,119.75706481933594,2.187748670578003
0.0001,289.0,119.756591796875,2.1874165534973145
0.0001,290.0,119.756103515625,2.187084674835205
0.0001,291.0,119.75563049316406,2.186753273010254
0.0001,292.0,119.75515747070312,2.186422348022461
0.0001,293.0,119.75469207763672,2.186091899871826
0.0001,294.0,119.75420379638672,2.1857616901397705
0.0001,295.0,119.75373840332031,2.185431957244873
0.0001,296.0,119.75326538085938,2.1851019859313965
0.0001,297.0,119.75279235839844,2.1847732067108154
0.0001,298.0,119.75232696533203,2.1844449043273926
0.0001,299.0,119.75186157226562,2.1841161251068115
0.0001,300.0,119.75139617919922,2.1837880611419678
0.0001,301.0,119.75093078613281,2.1834607124328613
0.0001,302.0,119.75045776367188,2.183133125305176
0.0001,303.0,119.74999237060547,2.1828064918518066
0.0001,304.0,119.74952697753906,2.1824800968170166
0.0001,305.0,119.74906921386719,2.1821539402008057
0.0001,306.0,119.74860382080078,2.181828022003174
0.0001,307.0,119.74815368652344,2.1815028190612793
0.0001,308.0,119.74769592285156,2.181177854537964
0.0001,309.0,119.74723052978516,2.1808531284332275
0.0001,310.0,119.74676513671875,2.1805288791656494
0.0001,311.0,119.74630737304688,2.1802048683166504
0.0001,312.0,119.74586486816406,2.1798813343048096
0.0001,313.0,119.74539947509766,2.179558277130127
0.0001,314.0,119.74494934082031,2.1792352199554443
0.0001,315.0,119.74449157714844,2.178912878036499
0.0001,316.0,119.7440414428711,2.178590774536133
0.0001,317.0,119.74359130859375,2.1782689094543457
0.0001,318.0,119.74313354492188,2.177947521209717
0.0001,319.0,119.74269104003906,2.177626609802246
0.0001,320.0,119.74224090576172,2.1773059368133545
0.0001,321.0,119.74180603027344,2.176985740661621
0.0001,322.0,119.74134826660156,2.176665782928467
0.0001,323.0,119.74091339111328,2.1763463020324707
0.0001,324.0,119.74046325683594,2.1760270595550537
0.0001,325.0,119.74002075195312,2.175708055496216
0.0001,326.0,119.73957824707031,2.1753897666931152
0.0001,327.0,119.7391357421875,2.1750714778900146
0.0001,328.0,119.73869323730469,2.1747539043426514
0.0001,329.0,119.73825073242188,2.1744368076324463
0.0001,330.0,119.73782348632812,2.174119472503662
0.0001,331.0,119.73738098144531,2.1738033294677734
0.0001,332.0,119.7369384765625,2.1734867095947266
0.0001,333.0,119.73650360107422,2.173171043395996
0.0001,334.0,119.7360610961914,2.1728553771972656
0.0001,335.0,119.73563385009766,2.172539710998535
0.0001,336.0,119.7352066040039,2.1722252368927
0.0001,337.0,119.7347640991211,2.171910524368286
0.0001,338.0,119.73432922363281,2.1715962886810303
0.0001,339.0,119.7339096069336,2.1712827682495117
0.0001,340.0,119.73347473144531,2.1709694862365723
0.0001,341.0,119.73304748535156,2.170656204223633
0.0001,342.0,119.73262786865234,2.1703433990478516
0.0001,343.0,119.73219299316406,2.1700310707092285
0.0001,344.0,119.73176574707031,2.1697192192077637
0.0001,345.0,119.73133850097656,2.169407606124878
0.0001,346.0,119.73091888427734,2.1690964698791504
0.0001,347.0,119.7304916381836,2.168785333633423
0.0001,348.0,119.73007202148438,2.1684746742248535
0.0001,349.0,119.72965240478516,2.1681647300720215
0.0001,350.0,119.7292251586914,2.1678547859191895
0.0001,351.0,119.72881317138672,2.1675453186035156
0.0001,352.0,119.72838592529297,2.167235851287842
0.0001,353.0,119.72797393798828,2.1669270992279053
0.0001,354.0,119.72755432128906,2.166618824005127
0.0001,355.0,119.72713470458984,2.1663105487823486
0.0001,356.0,119.72672271728516,2.1660027503967285
0.0001,357.0,119.72630310058594,2.1656954288482666
0.0001,358.0,119.72589111328125,2.165388345718384
0.0001,359.0,119.7254867553711,2.16508150100708
0.0001,360.0,119.72506713867188,2.1647751331329346
0.0001,361.0,119.72465515136719,2.1644694805145264
0.0001,362.0,119.7242431640625,2.1641640663146973
0.0001,363.0,119.72383117675781,2.1638588905334473
0.0001,364.0,119.72342681884766,2.1635537147521973
0.0001,365.0,119.7230224609375,2.1632485389709473
0.0001,366.0,119.72261047363281,2.1629443168640137
0.0001,367.0,119.72219848632812,2.162640333175659
0.0001,368.0,119.72179412841797,2.162337064743042
0.0001,369.0,119.72139739990234,2.1620335578918457
0.0001,370.0,119.72098541259766,2.1617307662963867
0.0001,371.0,119.72058868408203,2.161428451538086
0.0001,372.0,119.7201919555664,2.161126136779785
0.0001,373.0,119.71978759765625,2.1608242988586426
0.0001,374.0,119.71937561035156,2.160522937774658
0.0001,375.0,119.71898651123047,2.160221576690674
0.0001,376.0,119.71858215332031,2.1599209308624268
0.0001,377.0,119.71819305419922,2.159620523452759
0.0001,378.0,119.71778869628906,2.15932035446167
0.0001,379.0,119.71739196777344,2.15902042388916
0.0001,380.0,119.71700286865234,2.1587212085723877
0.0001,381.0,119.71659851074219,2.1584222316741943
0.0001,382.0,119.71621704101562,2.158123254776001
0.0001,383.0,119.71581268310547,2.157824754714966
0.0001,384.0,119.71542358398438,2.157526731491089
0.0001,385.0,119.71503448486328,2.157228946685791
0.0001,386.0,119.71464538574219,2.1569316387176514
0.0001,387.0,119.71424865722656,2.156634569168091
0.0001,388.0,119.7138671875,2.1563379764556885
0.0001,389.0,119.7134780883789,2.1560416221618652
0.0001,390.0,119.71308898925781,2.155745506286621
0.0001,391.0,119.71270751953125,2.155449628829956
0.0001,392.0,119.71231079101562,2.1551544666290283
0.0001,393.0,119.71192932128906,2.1548590660095215
0.0001,394.0,119.71155548095703,2.154564380645752
0.0001,395.0,119.7111587524414,2.1542704105377197
0.0001,396.0,119.71077728271484,2.1539762020111084
0.0001,397.0,119.71040344238281,2.1536827087402344
0.0001,398.0,119.71001434326172,2.1533889770507812
0.0001,399.0,119.70964050292969,2.1530961990356445
0.0001,400.0,119.70926666259766,2.152803421020508
0.0001,401.0,119.70889282226562,2.1525111198425293
0.0001,402.0,119.70850372314453,2.15221905708313
0.0001,403.0,119.7081298828125,2.1519274711608887
0.0001,404.0,119.70775604248047,2.1516361236572266
0.0001,405.0,119.70738220214844,2.1513452529907227
0.0001,406.0,119.70700073242188,2.151054859161377
0.0001,407.0,119.70662689208984,2.150763988494873
0.0001,408.0,119.70626068115234,2.1504743099212646
0.0001,409.0,119.70588684082031,2.1501846313476562
0.0001,410.0,119.70552062988281,2.149895429611206
0.0001,411.0,119.70513916015625,2.1496059894561768
0.0001,412.0,119.70476531982422,2.149317502975464
0.0001,413.0,119.70439910888672,2.14902925491333
0.0001,414.0,119.70403289794922,2.1487412452697754
0.0001,415.0,119.70366668701172,2.1484532356262207
0.0001,416.0,119.70330047607422,2.1481661796569824
0.0001,417.0,119.70293426513672,2.147879123687744
0.0001,418.0,119.70256805419922,2.147592544555664
0.0001,419.0,119.70220947265625,2.147305965423584
0.0001,420.0,119.70184326171875,2.147020101547241
0.0001,421.0,119.70146942138672,2.1467344760894775
0.0001,422.0,119.70110321044922,2.146449089050293
0.0001,423.0,119.70074462890625,2.1461639404296875
0.0001,424.0,119.70037841796875,2.1458792686462402
0.0001,425.0,119.70001983642578,2.145595073699951
0.0001,426.0,119.69966125488281,2.145310640335083
0.0001,427.0,119.69930267333984,2.145026683807373
0.0001,428.0,119.69894409179688,2.1447434425354004
0.0001,429.0,119.6985855102539,2.144460678100586
0.0001,430.0,119.69823455810547,2.1441776752471924
0.0001,431.0,119.69789123535156,2.143895387649536
0.0001,432.0,119.6975326538086,2.14361310005188
0.0001,433.0,119.69718170166016,2.143331527709961
0.0001,434.0,119.69682312011719,2.143049716949463
0.0001,435.0,119.69647216796875,2.142768383026123
0.0001,436.0,119.69612121582031,2.1424877643585205
0.0001,437.0,119.69576263427734,2.142207384109497
0.0001,438.0,119.6954116821289,2.1419272422790527
0.0001,439.0,119.69506072998047,2.1416468620300293
0.0001,440.0,119.69470977783203,2.1413676738739014
0.0001,441.0,119.69437408447266,2.1410882472991943
0.0001,442.0,119.69402313232422,2.1408095359802246
0.0001,443.0,119.69367980957031,2.140530824661255
0.0001,444.0,119.69332885742188,2.1402523517608643
0.0001,445.0,119.69297790527344,2.139974355697632
0.0001,446.0,119.69263458251953,2.1396965980529785
0.0001,447.0,119.69229888916016,2.1394195556640625
0.0001,448.0,119.69194793701172,2.1391425132751465
0.0001,449.0,119.69160461425781,2.1388659477233887
0.0001,450.0,119.6912612915039,2.13858962059021
0.0001,451.0,119.69091796875,2.1383135318756104
0.0001,452.0,119.69058990478516,2.138037919998169
0.0001,453.0,119.69024658203125,2.1377623081207275
0.0001,454.0,119.68990325927734,2.1374871730804443
0.0001,455.0,119.68955993652344,2.1372122764587402
0.0001,456.0,119.68922424316406,2.1369380950927734
0.0001,457.0,119.68888854980469,2.1366639137268066
0.0001,458.0,119.68854522705078,2.136390209197998
0.0001,459.0,119.6882095336914,2.1361165046691895
0.0001,460.0,119.68788146972656,2.13584303855896
0.0001,461.0,119.68754577636719,2.1355700492858887
0.0001,462.0,119.68721008300781,2.1352975368499756
0.0001,463.0,119.6868896484375,2.1350252628326416
0.0001,464.0,119.68655395507812,2.134753704071045
0.0001,465.0,119.68621826171875,2.134481906890869
0.0001,466.0,119.6858901977539,2.1342101097106934
0.0001,467.0,119.68555450439453,2.133939266204834
0.0001,468.0,119.68521881103516,2.1336684226989746
0.0001,469.0,119.68489837646484,2.1333980560302734
0.0001,470.0,119.6845703125,2.1331279277801514
0.0001,471.0,119.68423461914062,2.1328582763671875
0.0001,472.0,119.68391418457031,2.1325888633728027
0.0001,473.0,119.68357849121094,2.132319688796997
0.0001,474.0,119.68326568603516,2.1320507526397705
0.0001,475.0,119.68293762207031,2.131782054901123
0.0001,476.0,119.68260955810547,2.131514072418213
0.0001,477.0,119.68229675292969,2.1312460899353027
0.0001,478.0,119.68196868896484,2.1309783458709717
0.0001,479.0,119.68164825439453,2.130711078643799
0.0001,480.0,119.68132019042969,2.130444049835205
0.0001,481.0,119.68099212646484,2.1301772594451904
0.0001,482.0,119.6806869506836,2.129910707473755
0.0001,483.0,119.68035888671875,2.1296448707580566
0.0001,484.0,119.68003845214844,2.1293787956237793
0.0001,485.0,119.67971801757812,2.1291134357452393
0.0001,486.0,119.67941284179688,2.128848075866699
0.0001,487.0,119.67908477783203,2.1285831928253174
0.0001,488.0,119.67877960205078,2.1283183097839355
0.0001,489.0,119.67845916748047,2.12805438041687
0.0001,490.0,119.67813873291016,2.1277902126312256
0.0001,491.0,119.67782592773438,2.1275265216827393
0.0001,492.0,119.67750549316406,2.127263069152832
0.0001,493.0,119.67720031738281,2.127000331878662
0.0001,494.0,119.67688751220703,2.126737356185913
0.0001,495.0,119.67657470703125,2.126474618911743
0.0001,496.0,119.67625427246094,2.1262125968933105
0.0001,497.0,119.67595672607422,2.125950813293457
0.0001,498.0,119.6756362915039,2.1256892681121826
0.0001,499.0,119.67533874511719,2.125427722930908
0.0001,500.0,119.67503356933594,2.12516713142395
0.0001,501.0,119.67471313476562,2.124906301498413
0.0001,502.0,119.6744155883789,2.124645709991455
0.0001,503.0,119.67410278320312,2.124385356903076
0.0001,504.0,119.67379760742188,2.1241259574890137
0.0001,505.0,119.6734848022461,2.123866319656372
0.0001,506.0,119.67318725585938,2.1236073970794678
0.0001,507.0,119.67288208007812,2.1233479976654053
0.0001,508.0,119.6725845336914,2.1230897903442383
0.0001,509.0,119.67227172851562,2.122831344604492
0.0001,510.0,119.6719741821289,2.1225736141204834
0.0001,511.0,119.67167663574219,2.1223158836364746
0.0001,512.0,119.67137145996094,2.122058153152466
0.0001,513.0,119.67107391357422,2.1218013763427734
0.0001,514.0,119.67076110839844,2.121544361114502
0.0001,515.0,119.67047119140625,2.1212878227233887
0.0001,516.0,119.670166015625,2.1210315227508545
0.0001,517.0,119.66987609863281,2.1207754611968994
0.0001,518.0,119.6695785522461,2.1205201148986816
0.0001,519.0,119.66927337646484,2.120264768600464
0.0001,520.0,119.66898345947266,2.120009422302246
0.0001,521.0,119.66868591308594,2.1197545528411865
0.0001,522.0,119.66838836669922,2.119499921798706
0.0001,523.0,119.66810607910156,2.119246244430542
0.0001,524.0,119.66780090332031,2.1189920902252197
0.0001,525.0,119.66751861572266,2.1187379360198975
0.0001,526.0,119.66722106933594,2.11848521232605
0.0001,527.0,119.66692352294922,2.118232011795044
0.0001,528.0,119.66664123535156,2.1179792881011963
0.0001,529.0,119.66634368896484,2.1177268028259277
0.0001,530.0,119.66604614257812,2.1174745559692383
0.0001,531.0,119.665771484375,2.117222785949707
0.0001,532.0,119.66547393798828,2.116971492767334
0.0001,533.0,119.66519165039062,2.116719961166382
0.0001,534.0,119.66490173339844,2.116468906402588
0.0001,535.0,119.66460418701172,2.116218090057373
0.0001,536.0,119.6643295288086,2.1159677505493164
0.0001,537.0,119.6640396118164,2.1157174110412598
0.0001,538.0,119.66374969482422,2.1154675483703613
0.0001,539.0,119.66346740722656,2.115217924118042
0.0001,540.0,119.66319274902344,2.1149685382843018
0.0001,541.0,119.66290283203125,2.114719867706299
0.0001,542.0,119.66261291503906,2.1144707202911377
0.0001,543.0,119.66232299804688,2.114222526550293
0.0001,544.0,119.66204833984375,2.1139743328094482
0.0001,545.0,119.6617660522461,2.113726854324341
0.0001,546.0,119.66148376464844,2.113478660583496
0.0001,547.0,119.66120910644531,2.1132314205169678
0.0001,548.0,119.66093444824219,2.1129844188690186
0.0001,549.0,119.66065216064453,2.1127378940582275
0.0001,550.0,119.66036987304688,2.1124913692474365
0.0001,551.0,119.66009521484375,2.1122448444366455
0.0001,552.0,119.65982055664062,2.111999034881592
0.0001,553.0,119.65953063964844,2.111753463745117
0.0001,554.0,119.65926361083984,2.1115078926086426
0.0001,555.0,119.65899658203125,2.1112630367279053
0.0001,556.0,119.65870666503906,2.111018419265747
0.0001,557.0,119.65843200683594,2.1107735633850098
0.0001,558.0,119.65816497802734,2.1105294227600098
0.0001,559.0,119.65788269042969,2.110285758972168
0.0001,560.0,119.65760803222656,2.110042095184326
0.0001,561.0,119.6573486328125,2.1097986698150635
0.0001,562.0,119.65706634521484,2.10955548286438
0.0001,563.0,119.65679931640625,2.1093125343322754
0.0001,564.0,119.65653228759766,2.109070062637329
0.0001,565.0,119.65625,2.108827829360962
0.0001,566.0,119.65599060058594,2.108585834503174
0.0001,567.0,119.65571594238281,2.1083438396453857
0.0001,568.0,119.65545654296875,2.108102560043335
0.0001,569.0,119.65518188476562,2.1078617572784424
0.0001,570.0,119.65491485595703,2.1076204776763916
0.0001,571.0,119.65464782714844,2.107379913330078
0.0001,572.0,119.65437316894531,2.1071393489837646
0.0001,573.0,119.65411376953125,2.1068997383117676
0.0001,574.0,119.65384674072266,2.106659412384033
0.0001,575.0,119.65357971191406,2.1064202785491943
0.0001,576.0,119.6533203125,2.1061806678771973
0.0001,577.0,119.65306091308594,2.1059417724609375
0.0001,578.0,119.65280151367188,2.1057028770446777
0.0001,579.0,119.65252685546875,2.1054646968841553
0.0001,580.0,119.65226745605469,2.105226516723633
0.0001,581.0,119.65200805664062,2.1049885749816895
0.0001,582.0,119.65174102783203,2.1047511100769043
0.0001,583.0,119.65148162841797,2.104513645172119
0.0001,584.0,119.65122985839844,2.104276180267334
0.0001,585.0,119.65096282958984,2.1040396690368652
0.0001,586.0,119.65070343017578,2.1038031578063965
0.0001,587.0,119.65045166015625,2.103566884994507
0.0001,588.0,119.65019226074219,2.1033310890197754
0.0001,589.0,119.6499252319336,2.103095293045044
0.0001,590.0,119.64967346191406,2.1028597354888916
0.0001,591.0,119.64942932128906,2.1026244163513184
0.0001,592.0,119.64916229248047,2.1023898124694824
0.0001,593.0,119.6489028930664,2.1021549701690674
0.0001,594.0,119.6486587524414,2.1019208431243896
0.0001,595.0,119.64839935302734,2.101686477661133
0.0001,596.0,119.64813995361328,2.101452589035034
0.0001,597.0,119.64789581298828,2.1012191772460938
0.0001,598.0,119.64763641357422,2.1009860038757324
0.0001,599.0,119.64738464355469,2.100752353668213
0.0001,600.0,119.64713287353516,2.100519895553589
0.0001,601.0,119.64688873291016,2.1002871990203857
0.0001,602.0,119.6466293334961,2.10005521774292
0.0001,603.0,119.64637756347656,2.099823236465454
0.0001,604.0,119.6461410522461,2.0995917320251465
0.0001,605.0,119.64588165283203,2.0993599891662598
0.0001,606.0,119.64563751220703,2.0991289615631104
0.0001,607.0,119.64539337158203,2.0988974571228027
0.0001,608.0,119.64513397216797,2.0986671447753906
0.0001,609.0,119.64488983154297,2.0984370708465576
0.0001,610.0,119.64464569091797,2.0982065200805664
0.0001,611.0,119.64439392089844,2.0979766845703125
0.0001,612.0,119.64414978027344,2.097747325897217
0.0001,613.0,119.64391326904297,2.097517728805542
0.0001,614.0,119.64366149902344,2.0972886085510254
0.0001,615.0,119.64341735839844,2.097059965133667
0.0001,616.0,119.64318084716797,2.0968313217163086
0.0001,617.0,119.64292907714844,2.0966029167175293
0.0001,618.0,119.64268493652344,2.096374750137329
0.0001,619.0,119.64244842529297,2.096147298812866
0.0001,620.0,119.64219665527344,2.095919609069824
0.0001,621.0,119.6419677734375,2.0956923961639404
0.0001,622.0,119.6417236328125,2.0954654216766357
0.0001,623.0,119.6414794921875,2.095238447189331
0.0001,624.0,119.64124298095703,2.0950121879577637
0.0001,625.0,119.64100646972656,2.0947859287261963
0.0001,626.0,119.64075469970703,2.094560146331787
0.0001,627.0,119.6405258178711,2.094334125518799
0.0001,628.0,119.64029693603516,2.094109058380127
0.0001,629.0,119.64005279541016,2.093883514404297
0.0001,630.0,119.63981628417969,2.093658447265625
0.0001,631.0,119.63958740234375,2.0934338569641113
0.0001,632.0,119.63934326171875,2.0932092666625977
0.0001,633.0,119.63910675048828,2.092985153198242
0.0001,634.0,119.63887786865234,2.092761278152466
0.0001,635.0,119.63863372802734,2.0925374031066895
0.0001,636.0,119.6384048461914,2.0923142433166504
0.0001,637.0,119.63817596435547,2.0920908451080322
0.0001,638.0,119.63793182373047,2.0918684005737305
0.0001,639.0,119.63771057128906,2.0916457176208496
0.0001,640.0,119.63746643066406,2.091423273086548
0.0001,641.0,119.63723754882812,2.091201066970825
0.0001,642.0,119.63701629638672,2.0909790992736816
0.0001,643.0,119.63677978515625,2.090757369995117
0.0001,644.0,119.63655090332031,2.090535879135132
0.0001,645.0,119.63631439208984,2.090315103530884
0.0001,646.0,119.6360855102539,2.0900938510894775
0.0001,647.0,119.6358642578125,2.0898735523223877
0.0001,648.0,119.63562774658203,2.089653253555298
0.0001,649.0,119.6353988647461,2.089433193206787
0.0001,650.0,119.63516998291016,2.0892131328582764
0.0001,651.0,119.63494873046875,2.088993787765503
0.0001,652.0,119.63472747802734,2.0887739658355713
0.0001,653.0,119.6344985961914,2.088554859161377
0.0001,654.0,119.63426971435547,2.08833646774292
0.0001,655.0,119.63404083251953,2.0881175994873047
0.0001,656.0,119.63381958007812,2.0878992080688477
0.0001,657.0,119.63359832763672,2.0876810550689697
0.0001,658.0,119.63336944580078,2.087462902069092
0.0001,659.0,119.6331558227539,2.087245464324951
0.0001,660.0,119.63291931152344,2.0870282649993896
0.0001,661.0,119.63270568847656,2.086811065673828
0.0001,662.0,119.63247680664062,2.086594343185425
0.0001,663.0,119.63225555419922,2.0863776206970215
0.0001,664.0,119.63204956054688,2.0861611366271973
0.0001,665.0,119.63182067871094,2.085944890975952
0.0001,666.0,119.63159942626953,2.0857291221618652
0.0001,667.0,119.6313705444336,2.0855135917663574
0.0001,668.0,119.63116455078125,2.0852980613708496
0.0001,669.0,119.63093566894531,2.085082530975342
0.0001,670.0,119.63072967529297,2.0848679542541504
0.0001,671.0,119.63050079345703,2.084653377532959
0.0001,672.0,119.63028717041016,2.0844388008117676
0.0001,673.0,119.63005828857422,2.0842244625091553
0.0001,674.0,119.62985229492188,2.084010601043701
0.0001,675.0,119.62963104248047,2.083796977996826
0.0001,676.0,119.6294174194336,2.0835835933685303
0.0001,677.0,119.62919616699219,2.0833704471588135
0.0001,678.0,119.62899017333984,2.083157539367676
0.0001,679.0,119.62876892089844,2.082944631576538
0.0001,680.0,119.6285629272461,2.0827322006225586
0.0001,681.0,119.62834167480469,2.082520008087158
0.0001,682.0,119.62813568115234,2.082308053970337
0.0001,683.0,119.62791442871094,2.0820963382720947
0.0001,684.0,119.6277084350586,2.0818848609924316
0.0001,685.0,119.62749481201172,2.0816731452941895
0.0001,686.0,119.62728118896484,2.0814623832702637
0.0001,687.0,119.62706756591797,2.081251621246338
0.0001,688.0,119.62686157226562,2.081041097640991
0.0001,689.0,119.62664794921875,2.0808305740356445
0.0001,690.0,119.62644958496094,2.080620288848877
0.0001,691.0,119.62623596191406,2.0804104804992676
0.0001,692.0,119.62602233886719,2.0802011489868164
0.0001,693.0,119.62580871582031,2.0799918174743652
0.0001,694.0,119.6256103515625,2.0797829627990723
0.0001,695.0,119.62539672851562,2.0795741081237793
0.0001,696.0,119.62519073486328,2.0793652534484863
0.0001,697.0,119.62498474121094,2.0791573524475098
0.0001,698.0,119.62477111816406,2.078948736190796
0.0001,699.0,119.62457275390625,2.0787408351898193
0.0001,700.0,119.6243667602539,2.078533172607422
0.0001,701.0,119.6241683959961,2.0783257484436035
0.0001,702.0,119.62396240234375,2.078118324279785
0.0001,703.0,119.62374877929688,2.077911615371704
0.0001,704.0,119.62355041503906,2.077704906463623
0.0001,705.0,119.62333679199219,2.077498435974121
0.0001,706.0,119.6231460571289,2.077291965484619
0.0001,707.0,119.62294006347656,2.0770859718322754
0.0001,708.0,119.62273406982422,2.0768799781799316
0.0001,709.0,119.6225357055664,2.076674461364746
0.0001,710.0,119.62232971191406,2.0764691829681396
0.0001,711.0,119.62212371826172,2.076263904571533
0.0001,712.0,119.62193298339844,2.076059341430664
0.0001,713.0,119.6217269897461,2.075854778289795
0.0001,714.0,119.62152099609375,2.075650453567505
0.0001,715.0,119.621337890625,2.0754458904266357
0.0001,716.0,119.62113189697266,2.075242042541504
0.0001,717.0,119.62092590332031,2.075038433074951
0.0001,718.0,119.62073516845703,2.0748348236083984
0.0001,719.0,119.62052917480469,2.074631690979004
0.0001,720.0,119.62033081054688,2.0744287967681885
0.0001,721.0,119.62014770507812,2.0742263793945312
0.0001,722.0,119.61994171142578,2.0740230083465576
0.0001,723.0,119.61974334716797,2.0738210678100586
0.0001,724.0,119.61955261230469,2.0736191272735596
0.0001,725.0,119.61935424804688,2.0734171867370605
0.0001,726.0,119.61915588378906,2.0732157230377197
0.0001,727.0,119.61897277832031,2.073014259338379
0.0001,728.0,119.6187744140625,2.072813034057617
0.0001,729.0,119.61857604980469,2.0726120471954346
0.0001,730.0,119.61837768554688,2.072411298751831
0.0001,731.0,119.61819458007812,2.0722107887268066
0.0001,732.0,119.61800384521484,2.0720105171203613
0.0001,733.0,119.61780548095703,2.071810245513916
0.0001,734.0,119.61760711669922,2.071610927581787
0.0001,735.0,119.61742401123047,2.071410894393921
0.0001,736.0,119.61722564697266,2.071211814880371
0.0001,737.0,119.61703491210938,2.0710127353668213
0.0001,738.0,119.6168441772461,2.0708141326904297
0.0001,739.0,119.61666107177734,2.070615291595459
0.0001,740.0,119.61647033691406,2.0704166889190674
0.0001,741.0,119.61627960205078,2.070218563079834
0.0001,742.0,119.6160888671875,2.0700204372406006
0.0001,743.0,119.61589813232422,2.0698230266571045
0.0001,744.0,119.61571502685547,2.06962513923645
0.0001,745.0,119.61552429199219,2.069427967071533
0.0001,746.0,119.6153335571289,2.0692310333251953
0.0001,747.0,119.61514282226562,2.0690340995788574
0.0001,748.0,119.61495208740234,2.0688376426696777
0.0001,749.0,119.6147689819336,2.068641185760498
0.0001,750.0,119.61459350585938,2.0684447288513184
0.0001,751.0,119.6144027709961,2.068249225616455
0.0001,752.0,119.61421966552734,2.0680534839630127
0.0001,753.0,119.61402893066406,2.0678577423095703
0.0001,754.0,119.61384582519531,2.067662477493286
0.0001,755.0,119.61366271972656,2.067467212677002
0.0001,756.0,119.61347198486328,2.067272663116455
0.0001,757.0,119.6133041381836,2.067078113555908
0.0001,758.0,119.61312103271484,2.0668835639953613
0.0001,759.0,119.6129379272461,2.0666890144348145
0.0001,760.0,119.61275482177734,2.066495656967163
0.0001,761.0,119.6125717163086,2.0663018226623535
0.0001,762.0,119.61238861083984,2.066108226776123
0.0001,763.0,119.6122055053711,2.0659148693084717
0.0001,764.0,119.61202239990234,2.0657217502593994
0.0001,765.0,119.6118392944336,2.0655291080474854
0.0001,766.0,119.61166381835938,2.065336227416992
0.0001,767.0,119.61148071289062,2.0651438236236572
0.0001,768.0,119.61129760742188,2.0649518966674805
0.0001,769.0,119.61112976074219,2.0647597312927246
0.0001,770.0,119.61094665527344,2.064568042755127
0.0001,771.0,119.61077117919922,2.06437611579895
0.0001,772.0,119.61058807373047,2.0641846656799316
0.0001,773.0,119.61041259765625,2.0639939308166504
0.0001,774.0,119.61023712158203,2.063803195953369
0.0001,775.0,119.61006164550781,2.063612461090088
0.0001,776.0,119.60987854003906,2.063422203063965
0.0001,777.0,119.60970306396484,2.0632317066192627
0.0001,778.0,119.60952758789062,2.0630416870117188
0.0001,779.0,119.6093521118164,2.062852144241333
0.0001,780.0,119.60917663574219,2.0626626014709473
0.0001,781.0,119.6090087890625,2.0624732971191406
0.0001,782.0,119.60883331298828,2.062283992767334
0.0001,783.0,119.60865020751953,2.0620949268341064
0.0001,784.0,119.60847473144531,2.061906099319458
0.0001,785.0,119.60830688476562,2.0617177486419678
0.0001,786.0,119.6081314086914,2.0615293979644775
0.0001,787.0,119.60795593261719,2.0613410472869873
0.0001,788.0,119.6077880859375,2.0611534118652344
0.0001,789.0,119.60762023925781,2.0609657764434814
0.0001,790.0,119.6074447631836,2.0607781410217285
0.0001,791.0,119.6072769165039,2.060591220855713
0.0001,792.0,119.60710906982422,2.0604043006896973
0.0001,793.0,119.60693359375,2.0602173805236816
0.0001,794.0,119.60676574707031,2.060030460357666
0.0001,795.0,119.60658264160156,2.0598440170288086
0.0001,796.0,119.60641479492188,2.0596582889556885
0.0001,797.0,119.60624694824219,2.0594723224639893
0.0001,798.0,119.6060791015625,2.059286594390869
0.0001,799.0,119.60591125488281,2.059101104736328
0.0001,800.0,119.60575103759766,2.0589160919189453
0.0001,801.0,119.60558319091797,2.0587306022644043
0.0001,802.0,119.60540008544922,2.0585458278656006
0.0001,803.0,119.60523223876953,2.0583608150482178
0.0001,804.0,119.60507202148438,2.0581765174865723
0.0001,805.0,119.60490417480469,2.0579922199249268
0.0001,806.0,119.60474395751953,2.0578081607818604
0.0001,807.0,119.60456848144531,2.057624340057373
0.0001,808.0,119.60440826416016,2.057440996170044
0.0001,809.0,119.604248046875,2.057257652282715
0.0001,810.0,119.60408020019531,2.0570740699768066
0.0001,811.0,119.60391998291016,2.0568909645080566
0.0001,812.0,119.60374450683594,2.056708574295044
0.0001,813.0,119.60358428955078,2.056525945663452
0.0001,814.0,119.60342407226562,2.0563433170318604
0.0001,815.0,119.60326385498047,2.056161403656006
0.0001,816.0,119.60309600830078,2.0559794902801514
0.0001,817.0,119.60293579101562,2.055797576904297
0.0001,818.0,119.60277557373047,2.0556159019470215
0.0001,819.0,119.60260009765625,2.0554347038269043
0.0001,820.0,119.60244750976562,2.055253744125366
0.0001,821.0,119.60228729248047,2.055072784423828
0.0001,822.0,119.60211181640625,2.054892063140869
0.0001,823.0,119.60195922851562,2.0547115802764893
0.0001,824.0,119.60179901123047,2.0545313358306885
0.0001,825.0,119.60163879394531,2.0543508529663086
0.0001,826.0,119.60147857666016,2.054171085357666
0.0001,827.0,119.60132598876953,2.0539915561676025
0.0001,828.0,119.60115814208984,2.053812265396118
0.0001,829.0,119.60099792480469,2.0536324977874756
0.0001,830.0,119.60084533691406,2.0534536838531494
0.0001,831.0,119.6006851196289,2.053274631500244
0.0001,832.0,119.60053253173828,2.053096294403076
0.0001,833.0,119.60037994384766,2.05291748046875
0.0001,834.0,119.60021209716797,2.052739381790161
0.0001,835.0,119.60005950927734,2.0525612831115723
0.0001,836.0,119.59989166259766,2.0523834228515625
0.0001,837.0,119.59973907470703,2.052205801010132
0.0001,838.0,119.5995864868164,2.0520286560058594
0.0001,839.0,119.59943389892578,2.0518510341644287
0.0001,840.0,119.59928131103516,2.0516738891601562
0.0001,841.0,119.59912109375,2.051497220993042
0.0001,842.0,119.59896850585938,2.0513205528259277
0.0001,843.0,119.59880828857422,2.0511441230773926
0.0001,844.0,119.59866333007812,2.0509676933288574
0.0001,845.0,119.59850311279297,2.0507919788360596
0.0001,846.0,119.59835052490234,2.0506160259246826
0.0001,847.0,119.59819030761719,2.0504403114318848
0.0001,848.0,119.5980453491211,2.050264835357666
0.0001,849.0,119.59788513183594,2.0500895977020264
0.0001,850.0,119.59774017333984,2.049914836883545
0.0001,851.0,119.59757995605469,2.0497398376464844
0.0001,852.0,119.5974349975586,2.049565076828003
0.0001,853.0,119.59728240966797,2.049391031265259
0.0001,854.0,119.59713745117188,2.0492165088653564
0.0001,855.0,119.59697723388672,2.0490424633026123
0.0001,856.0,119.59681701660156,2.0488686561584473
0.0001,857.0,119.5966796875,2.0486948490142822
0.0001,858.0,119.59652709960938,2.0485217571258545
0.0001,859.0,119.59638214111328,2.0483481884002686
0.0001,860.0,119.59622955322266,2.04817533493042
0.0001,861.0,119.59607696533203,2.0480024814605713
0.0001,862.0,119.59593963623047,2.0478296279907227
0.0001,863.0,119.59577941894531,2.0476577281951904
0.0001,864.0,119.59564208984375,2.047485113143921
0.0001,865.0,119.5954818725586,2.0473132133483887
0.0001,866.0,119.5953369140625,2.0471408367156982
0.0001,867.0,119.59519958496094,2.046969413757324
0.0001,868.0,119.59503936767578,2.0467982292175293
0.0001,869.0,119.59489440917969,2.046626567840576
0.0001,870.0,119.59475708007812,2.0464558601379395
0.0001,871.0,119.5946044921875,2.0462849140167236
0.0001,872.0,119.59445190429688,2.046113967895508
0.0001,873.0,119.59431457519531,2.0459437370300293
0.0001,874.0,119.59416961669922,2.0457732677459717
0.0001,875.0,119.5940170288086,2.0456032752990723
0.0001,876.0,119.5938720703125,2.045433282852173
0.0001,877.0,119.59374237060547,2.0452635288238525
0.0001,878.0,119.59358978271484,2.0450940132141113
0.0001,879.0,119.59343719482422,2.0449249744415283
0.0001,880.0,119.59329986572266,2.044755458831787
0.0001,881.0,119.5931625366211,2.044586420059204
0.0001,882.0,119.593017578125,2.0444178581237793
0.0001,883.0,119.5928726196289,2.0442490577697754
0.0001,884.0,119.59272766113281,2.0440807342529297
0.0001,885.0,119.59257507324219,2.043912649154663
0.0001,886.0,119.59244537353516,2.0437448024749756
0.0001,887.0,119.5923080444336,2.043576717376709
0.0001,888.0,119.5921630859375,2.0434093475341797
0.0001,889.0,119.59202575683594,2.0432417392730713
0.0001,890.0,119.59187316894531,2.043074607849121
0.0001,891.0,119.59174346923828,2.042907476425171
0.0001,892.0,119.59159851074219,2.0427405834198
0.0001,893.0,119.59146118164062,2.042574167251587
0.0001,894.0,119.59131622314453,2.042407512664795
0.0001,895.0,119.5911865234375,2.0422415733337402
0.0001,896.0,119.5910415649414,2.0420753955841064
0.0001,897.0,119.59089660644531,2.041909694671631
0.0001,898.0,119.59075927734375,2.041743755340576
0.0001,899.0,119.59062194824219,2.041578769683838
0.0001,900.0,119.59049224853516,2.041412830352783
0.0001,901.0,119.5903549194336,2.041248083114624
0.0001,902.0,119.59021759033203,2.0410828590393066
0.0001,903.0,119.59007263183594,2.0409183502197266
0.0001,904.0,119.5899429321289,2.0407538414001465
0.0001,905.0,119.58980560302734,2.0405893325805664
0.0001,906.0,119.58966827392578,2.0404248237609863
0.0001,907.0,119.58953094482422,2.0402612686157227
0.0001,908.0,119.58939361572266,2.040097236633301
0.0001,909.0,119.58926391601562,2.039933681488037
0.0001,910.0,119.58911895751953,2.0397701263427734
0.0001,911.0,119.5889892578125,2.039607048034668
0.0001,912.0,119.58885192871094,2.0394437313079834
0.0001,913.0,119.58871459960938,2.039281129837036
0.0001,914.0,119.58858489990234,2.0391182899475098
0.0001,915.0,119.58845520019531,2.0389556884765625
0.0001,916.0,119.58832550048828,2.0387933254241943
0.0001,917.0,119.58818817138672,2.0386314392089844
0.0001,918.0,119.58804321289062,2.0384695529937744
0.0001,919.0,119.58790588378906,2.0383076667785645
0.0001,920.0,119.58778381347656,2.0381460189819336
0.0001,921.0,119.587646484375,2.037984609603882
0.0001,922.0,119.58751678466797,2.037823438644409
0.0001,923.0,119.58738708496094,2.0376622676849365
0.0001,924.0,119.5872573852539,2.037501573562622
0.0001,925.0,119.58712768554688,2.0373408794403076
0.0001,926.0,119.58699798583984,2.0371804237365723
0.0001,927.0,119.58686065673828,2.037020206451416
0.0001,928.0,119.58672332763672,2.0368599891662598
0.0001,929.0,119.58660125732422,2.0367000102996826
0.0001,930.0,119.58647155761719,2.0365405082702637
0.0001,931.0,119.58634185791016,2.0363805294036865
0.0001,932.0,119.58621978759766,2.0362212657928467
0.0001,933.0,119.5860824584961,2.036062240600586
0.0001,934.0,119.58595275878906,2.035903215408325
0.0001,935.0,119.58582305908203,2.0357441902160645
0.0001,936.0,119.58570098876953,2.035585880279541
0.0001,937.0,119.58556365966797,2.0354273319244385
0.0001,938.0,119.58543395996094,2.035268783569336
0.0001,939.0,119.58531188964844,2.0351109504699707
0.0001,940.0,119.58518981933594,2.0349528789520264
0.0001,941.0,119.58505249023438,2.034795045852661
0.0001,942.0,119.58493041992188,2.034637689590454
0.0001,943.0,119.58480072021484,2.034480094909668
0.0001,944.0,119.58466339111328,2.03432297706604
0.0001,945.0,119.58454895019531,2.034165859222412
0.0001,946.0,119.58442687988281,2.0340092182159424
0.0001,947.0,119.58429718017578,2.0338525772094727
0.0001,948.0,119.58416748046875,2.033696174621582
0.0001,949.0,119.58405303955078,2.0335400104522705
0.0001,950.0,119.58392333984375,2.033383369445801
0.0001,951.0,119.58379364013672,2.0332274436950684
0.0001,952.0,119.58367156982422,2.033071994781494
0.0001,953.0,119.58354187011719,2.0329160690307617
0.0001,954.0,119.58341979980469,2.0327608585357666
0.0001,955.0,119.58330535888672,2.0326056480407715
0.0001,956.0,119.58317565917969,2.0324504375457764
0.0001,957.0,119.58305358886719,2.0322957038879395
0.0001,958.0,119.58292388916016,2.0321409702301025
0.0001,959.0,119.58280181884766,2.0319862365722656
0.0001,960.0,119.58269500732422,2.031831979751587
0.0001,961.0,119.58255767822266,2.0316779613494873
0.0001,962.0,119.58244323730469,2.0315239429473877
0.0001,963.0,119.58232116699219,2.031369686126709
0.0001,964.0,119.58219909667969,2.0312163829803467
0.0001,965.0,119.58206939697266,2.0310630798339844
0.0001,966.0,119.58195495605469,2.030909538269043
0.0001,967.0,119.58182525634766,2.0307564735412598
0.0001,968.0,119.58171081542969,2.0306036472320557
0.0001,969.0,119.58158874511719,2.0304505825042725
0.0001,970.0,119.58147430419922,2.0302982330322266
0.0001,971.0,119.58134460449219,2.0301458835601807
0.0001,972.0,119.58123779296875,2.0299935340881348
0.0001,973.0,119.58111572265625,2.029841423034668
0.0001,974.0,119.58098602294922,2.0296897888183594
0.0001,975.0,119.58087158203125,2.0295379161834717
0.0001,976.0,119.58074951171875,2.029386520385742
0.0001,977.0,119.58063507080078,2.0292348861694336
0.0001,978.0,119.58052062988281,2.029083728790283
0.0001,979.0,119.58039855957031,2.028933048248291
0.0001,980.0,119.58028411865234,2.0287816524505615
0.0001,981.0,119.58016204833984,2.0286314487457275
0.0001,982.0,119.58004760742188,2.0284805297851562
0.0001,983.0,119.57992553710938,2.0283303260803223
0.0001,984.0,119.5798110961914,2.0281801223754883
0.0001,985.0,119.57969665527344,2.0280301570892334
0.0001,986.0,119.57957458496094,2.0278801918029785
0.0001,987.0,119.57946014404297,2.0277304649353027
0.0001,988.0,119.579345703125,2.0275816917419434
0.0001,989.0,119.57923126220703,2.0274317264556885
0.0001,990.0,119.57911682128906,2.027282953262329
0.0001,991.0,119.57899475097656,2.0271339416503906
0.0001,992.0,119.57888793945312,2.026984930038452
0.0001,993.0,119.57876586914062,2.026836633682251
0.0001,994.0,119.57865142822266,2.0266880989074707
0.0001,995.0,119.57852935791016,2.0265395641326904
0.0001,996.0,119.57843017578125,2.0263915061950684
0.0001,997.0,119.57831573486328,2.0262436866760254
0.0001,998.0,119.57819366455078,2.0260958671569824
0.0001,999.0,119.57807922363281,2.0259480476379395
0.0001,1000.0,119.5779800415039,2.0258007049560547
0.0001,1001.0,119.5778579711914,2.025653600692749
0.0001,1002.0,119.57774353027344,2.0255062580108643
0.0001,1003.0,119.57762908935547,2.025359869003296
0.0001,1004.0,119.5775146484375,2.0252127647399902
0.0001,1005.0,119.57740020751953,2.0250661373138428
0.0001,1006.0,119.57730102539062,2.0249199867248535
0.0001,1007.0,119.57718658447266,2.024773597717285
0.0001,1008.0,119.57707214355469,2.024627447128296
0.0001,1009.0,119.57695770263672,2.0244815349578857
0.0001,1010.0,119.57684326171875,2.0243356227874756
0.0001,1011.0,119.57673645019531,2.0241899490356445
0.0001,1012.0,119.57662200927734,2.0240445137023926
0.0001,1013.0,119.5765151977539,2.023899555206299
0.0001,1014.0,119.57640075683594,2.023754358291626
0.0001,1015.0,119.57628631591797,2.0236096382141113
0.0001,1016.0,119.57617950439453,2.0234646797180176
0.0001,1017.0,119.57608032226562,2.023319721221924
0.0001,1018.0,119.57596588134766,2.0231757164001465
0.0001,1019.0,119.57585906982422,2.02303147315979
0.0001,1020.0,119.57575225830078,2.022887706756592
0.0001,1021.0,119.57564544677734,2.0227434635162354
0.0001,1022.0,119.57553100585938,2.022599697113037
0.0001,1023.0,119.57542419433594,2.022455930709839
0.0001,1024.0,119.5753173828125,2.022312879562378
0.0001,1025.0,119.57521057128906,2.022169589996338
0.0001,1026.0,119.57510375976562,2.022026300430298
0.0001,1027.0,119.57498931884766,2.021883487701416
0.0001,1028.0,119.57488250732422,2.021740436553955
0.0001,1029.0,119.57476806640625,2.0215978622436523
0.0001,1030.0,119.57466125488281,2.0214552879333496
0.0001,1031.0,119.5745620727539,2.021313190460205
0.0001,1032.0,119.57445526123047,2.0211710929870605
0.0001,1033.0,119.57435607910156,2.021028995513916
0.0001,1034.0,119.5742416381836,2.0208873748779297
0.0001,1035.0,119.57414245605469,2.0207457542419434
0.0001,1036.0,119.57403564453125,2.020604133605957
0.0001,1037.0,119.57392120361328,2.020462989807129
0.0001,1038.0,119.57381439208984,2.0203216075897217
0.0001,1039.0,119.57371520996094,2.020181179046631
0.0001,1040.0,119.57361602783203,2.020040273666382
0.0001,1041.0,119.5735092163086,2.019899368286133
0.0001,1042.0,119.57341003417969,2.019758701324463
0.0001,1043.0,119.57328796386719,2.019618511199951
0.0001,1044.0,119.57318878173828,2.0194785594940186
0.0001,1045.0,119.57308959960938,2.0193381309509277
0.0001,1046.0,119.57299041748047,2.019198417663574
0.0001,1047.0,119.57289123535156,2.0190587043762207
0.0001,1048.0,119.5727767944336,2.0189194679260254
0.0001,1049.0,119.57267761230469,2.018779993057251
0.0001,1050.0,119.57257080078125,2.0186409950256348
0.0001,1051.0,119.57247161865234,2.0185017585754395
0.0001,1052.0,119.5723648071289,2.018362522125244
0.0001,1053.0,119.572265625,2.018224000930786
0.0001,1054.0,119.57217407226562,2.0180857181549072
0.0001,1055.0,119.57205963134766,2.01794695854187
0.0001,1056.0,119.57196044921875,2.0178089141845703
0.0001,1057.0,119.57186889648438,2.0176708698272705
0.0001,1058.0,119.5717544555664,2.0175328254699707
0.0001,1059.0,119.57166290283203,2.01739501953125
0.0001,1060.0,119.57156372070312,2.0172572135925293
0.0001,1061.0,119.57145690917969,2.017119884490967
0.0001,1062.0,119.57135772705078,2.0169825553894043
0.0001,1063.0,119.57125091552734,2.016845703125
0.0001,1064.0,119.57115936279297,2.0167088508605957
0.0001,1065.0,119.57106018066406,2.0165717601776123
0.0001,1066.0,119.57095336914062,2.016435146331787
0.0001,1067.0,119.57085418701172,2.016298532485962
0.0001,1068.0,119.57075500488281,2.016162395477295
0.0001,1069.0,119.5706558227539,2.016026020050049
0.0001,1070.0,119.570556640625,2.015890121459961
0.0001,1071.0,119.5704574584961,2.015754222869873
0.0001,1072.0,119.57036590576172,2.0156185626983643
0.0001,1073.0,119.57025909423828,2.0154826641082764
0.0001,1074.0,119.5701675415039,2.015347480773926
0.0001,1075.0,119.570068359375,2.015212059020996
0.0001,1076.0,119.56997680664062,2.0150771141052246
0.0001,1077.0,119.56986999511719,2.0149424076080322
0.0001,1078.0,119.56977844238281,2.0148072242736816
0.0001,1079.0,119.5696792602539,2.0146727561950684
0.0001,1080.0,119.569580078125,2.014538288116455
0.0001,1081.0,119.5694808959961,2.014403820037842
0.0001,1082.0,119.56938934326172,2.0142695903778076
0.0001,1083.0,119.56929016113281,2.0141353607177734
0.0001,1084.0,119.56919860839844,2.0140016078948975
0.0001,1085.0,119.56909942626953,2.0138678550720215
0.0001,1086.0,119.56900787353516,2.0137343406677246
0.0001,1087.0,119.56890869140625,2.013601303100586
0.0001,1088.0,119.56881713867188,2.013467788696289
0.0001,1089.0,119.56871795654297,2.0133349895477295
0.0001,1090.0,119.56861877441406,2.013201951980591
0.0001,1091.0,119.56853485107422,2.013068914413452
0.0001,1092.0,119.56842803955078,2.01293683052063
0.0001,1093.0,119.56834411621094,2.0128040313720703
0.0001,1094.0,119.56824493408203,2.012671709060669
0.0001,1095.0,119.56814575195312,2.0125393867492676
0.0001,1096.0,119.56804656982422,2.0124075412750244
0.0001,1097.0,119.56796264648438,2.0122756958007812
0.0001,1098.0,119.56786346435547,2.012143611907959
0.0001,1099.0,119.5677719116211,2.012012481689453
0.0001,1100.0,119.56768798828125,2.01188063621521
0.0001,1101.0,119.56759643554688,2.011749744415283
0.0001,1102.0,119.56749725341797,2.0116186141967773
0.0001,1103.0,119.56739807128906,2.0114872455596924
0.0001,1104.0,119.56732177734375,2.0113565921783447
0.0001,1105.0,119.56722259521484,2.011226177215576
0.0001,1106.0,119.56712341308594,2.0110950469970703
0.0001,1107.0,119.56703186035156,2.01096510887146
0.0001,1108.0,119.56694030761719,2.0108349323272705
0.0001,1109.0,119.56685638427734,2.01070499420166
0.0001,1110.0,119.56676483154297,2.0105748176574707
0.0001,1111.0,119.5666732788086,2.0104451179504395
0.0001,1112.0,119.56657409667969,2.010315418243408
0.0001,1113.0,119.56648254394531,2.010186195373535
0.0001,1114.0,119.56639099121094,2.010056734085083
0.0001,1115.0,119.5663070678711,2.009927272796631
0.0001,1116.0,119.56621551513672,2.009798765182495
0.0001,1117.0,119.56613159179688,2.009669780731201
0.0001,1118.0,119.5660400390625,2.0095410346984863
0.0001,1119.0,119.56594848632812,2.0094122886657715
0.0001,1120.0,119.56585693359375,2.009284019470215
0.0001,1121.0,119.56576538085938,2.009155750274658
0.0001,1122.0,119.56568145751953,2.0090274810791016
0.0001,1123.0,119.56558990478516,2.008899211883545
0.0001,1124.0,119.56549835205078,2.0087718963623047
0.0001,1125.0,119.5654067993164,2.0086441040039062
0.0001,1126.0,119.56531524658203,2.008516788482666
0.0001,1127.0,119.56523132324219,2.0083892345428467
0.0001,1128.0,119.56514739990234,2.0082619190216064
0.0001,1129.0,119.56505584716797,2.0081350803375244
0.0001,1130.0,119.5649642944336,2.008007764816284
0.0001,1131.0,119.56488037109375,2.0078814029693604
0.0001,1132.0,119.5647964477539,2.0077545642852783
0.0001,1133.0,119.56470489501953,2.0076279640197754
0.0001,1134.0,119.56462097167969,2.0075013637542725
0.0001,1135.0,119.56452941894531,2.0073752403259277
0.0001,1136.0,119.56444549560547,2.007249116897583
0.0001,1137.0,119.56436157226562,2.0071234703063965
0.0001,1138.0,119.56427764892578,2.006997585296631
0.0001,1139.0,119.56417846679688,2.0068719387054443
0.0001,1140.0,119.56409454345703,2.006746292114258
0.0001,1141.0,119.56401062011719,2.0066211223602295
0.0001,1142.0,119.56392669677734,2.0064961910247803
0.0001,1143.0,119.5638427734375,2.006371021270752
0.0001,1144.0,119.56375122070312,2.0062460899353027
0.0001,1145.0,119.56367492675781,2.0061211585998535
0.0001,1146.0,119.5635757446289,2.0059967041015625
0.0001,1147.0,119.56349182128906,2.0058722496032715
0.0001,1148.0,119.56341552734375,2.0057475566864014
0.0001,1149.0,119.5633316040039,2.0056235790252686
0.0001,1150.0,119.56324768066406,2.0054993629455566
0.0001,1151.0,119.56315612792969,2.005375862121582
0.0001,1152.0,119.56307220458984,2.0052521228790283
0.0001,1153.0,119.56298828125,2.0051283836364746
0.0001,1154.0,119.56291198730469,2.0050048828125
0.0001,1155.0,119.56282043457031,2.0048813819885254
0.0001,1156.0,119.56273651123047,2.004757881164551
0.0001,1157.0,119.56265258789062,2.0046353340148926
0.0001,1158.0,119.56257629394531,2.004512310028076
0.0001,1159.0,119.56248474121094,2.004389524459839
0.0001,1160.0,119.56240844726562,2.0042669773101807
0.0001,1161.0,119.56232452392578,2.0041444301605225
0.0001,1162.0,119.56224060058594,2.0040221214294434
0.0001,1163.0,119.5621566772461,2.0038998126983643
0.0001,1164.0,119.56208038330078,2.0037777423858643
0.0001,1165.0,119.5619888305664,2.0036559104919434
0.0001,1166.0,119.5619125366211,2.0035340785980225
0.0001,1167.0,119.56183624267578,2.0034127235412598
0.0001,1168.0,119.5617446899414,2.003290891647339
0.0001,1169.0,119.5616683959961,2.0031697750091553
0.0001,1170.0,119.56158447265625,2.0030484199523926
0.0001,1171.0,119.56150817871094,2.002927541732788
0.0001,1172.0,119.5614242553711,2.0028069019317627
0.0001,1173.0,119.56134033203125,2.002685546875
0.0001,1174.0,119.56126403808594,2.0025649070739746
0.0001,1175.0,119.5611801147461,2.0024445056915283
0.0001,1176.0,119.56110382080078,2.002324342727661
0.0001,1177.0,119.5610122680664,2.002203941345215
0.0001,1178.0,119.56094360351562,2.0020840167999268
0.0001,1179.0,119.56085205078125,2.0019638538360596
0.0001,1180.0,119.56077575683594,2.0018441677093506
0.0001,1181.0,119.56069946289062,2.0017244815826416
0.0001,1182.0,119.56062316894531,2.0016047954559326
0.0001,1183.0,119.56053924560547,2.001485586166382
0.0001,1184.0,119.56046295166016,2.001366138458252
0.0001,1185.0,119.56038665771484,2.0012471675872803
0.0001,1186.0,119.56031036376953,2.0011281967163086
0.0001,1187.0,119.56021881103516,2.001009464263916
0.0001,1188.0,119.5601577758789,2.0008904933929443
0.0001,1189.0,119.56006622314453,2.000771999359131
0.0001,1190.0,119.55998992919922,2.0006537437438965
0.0001,1191.0,119.5599136352539,2.000535488128662
0.0001,1192.0,119.5598373413086,2.0004172325134277
0.0001,1193.0,119.55976104736328,2.0002989768981934
0.0001,1194.0,119.55967712402344,2.0001814365386963
0.0001,1195.0,119.55960083007812,2.000063419342041
0.0001,1196.0,119.55952453613281,1.999945878982544
0.0001,1197.0,119.5594482421875,1.9998283386230469
0.0001,1198.0,119.55936431884766,1.999711275100708
0.0001,1199.0,119.5593032836914,1.9995940923690796
0.0001,1200.0,119.55921936035156,1.999476671218872
0.0001,1201.0,119.55913543701172,1.9993597269058228
0.0001,1202.0,119.55906677246094,1.999243140220642
0.0001,1203.0,119.55899047851562,1.9991264343261719
0.0001,1204.0,119.55890655517578,1.9990098476409912
0.0001,1205.0,119.55883026123047,1.9988934993743896
0.0001,1206.0,119.55876159667969,1.998777151107788
0.0001,1207.0,119.55868530273438,1.9986610412597656
0.0001,1208.0,119.55860900878906,1.9985452890396118
0.0001,1209.0,119.55853271484375,1.9984290599822998
0.0001,1210.0,119.55846405029297,1.998313546180725
0.0001,1211.0,119.55838775634766,1.9981977939605713
0.0001,1212.0,119.55830383300781,1.9980827569961548
0.0001,1213.0,119.55823516845703,1.9979673624038696
0.0001,1214.0,119.55815124511719,1.997852087020874
0.0001,1215.0,119.55809020996094,1.997737169265747
0.0001,1216.0,119.55801391601562,1.9976222515106201
0.0001,1217.0,119.55793762207031,1.9975073337554932
0.0001,1218.0,119.55785369873047,1.9973926544189453
0.0001,1219.0,119.55778503417969,1.9972782135009766
0.0001,1220.0,119.55770874023438,1.997164011001587
0.0001,1221.0,119.55763244628906,1.9970499277114868
0.0001,1222.0,119.55757141113281,1.9969356060028076
0.0001,1223.0,119.5574951171875,1.996821641921997
0.0001,1224.0,119.55742645263672,1.9967076778411865
0.0001,1225.0,119.5573501586914,1.9965938329696655
0.0001,1226.0,119.5572738647461,1.9964805841445923
0.0001,1227.0,119.55719757080078,1.9963668584823608
0.0001,1228.0,119.55712890625,1.9962536096572876
0.0001,1229.0,119.55706024169922,1.996140480041504
0.0001,1230.0,119.55697631835938,1.9960272312164307
0.0001,1231.0,119.5569076538086,1.9959142208099365
0.0001,1232.0,119.55683135986328,1.9958019256591797
0.0001,1233.0,119.5567626953125,1.9956891536712646
0.0001,1234.0,119.55669403076172,1.9955765008926392
0.0001,1235.0,119.5566177368164,1.9954643249511719
0.0001,1236.0,119.55654907226562,1.995352029800415
0.0001,1237.0,119.55647277832031,1.9952398538589478
0.0001,1238.0,119.55641174316406,1.9951276779174805
0.0001,1239.0,119.55634307861328,1.9950158596038818
0.0001,1240.0,119.55626678466797,1.9949039220809937
0.0001,1241.0,119.55619812011719,1.9947923421859741
0.0001,1242.0,119.55612182617188,1.9946810007095337
0.0001,1243.0,119.55606079101562,1.9945695400238037
0.0001,1244.0,119.55599212646484,1.9944584369659424
0.0001,1245.0,119.555908203125,1.994347333908081
0.0001,1246.0,119.55583953857422,1.9942359924316406
0.0001,1247.0,119.55577087402344,1.9941256046295166
0.0001,1248.0,119.55570220947266,1.9940147399902344
0.0001,1249.0,119.55563354492188,1.9939038753509521
0.0001,1250.0,119.55557250976562,1.9937937259674072
0.0001,1251.0,119.55549621582031,1.993683099746704
0.0001,1252.0,119.555419921875,1.9935729503631592
0.0001,1253.0,119.55535125732422,1.993463158607483
0.0001,1254.0,119.55528259277344,1.9933531284332275
0.0001,1255.0,119.55522155761719,1.9932432174682617
0.0001,1256.0,119.5551528930664,1.993133544921875
0.0001,1257.0,119.5550765991211,1.9930236339569092
0.0001,1258.0,119.55500793457031,1.9929144382476807
0.0001,1259.0,119.55494689941406,1.9928054809570312
0.0001,1260.0,119.55487823486328,1.9926961660385132
0.0001,1261.0,119.55479431152344,1.9925873279571533
0.0001,1262.0,119.55473327636719,1.9924781322479248
0.0001,1263.0,119.55467224121094,1.9923694133758545
0.0001,1264.0,119.55460357666016,1.9922609329223633
0.0001,1265.0,119.55452728271484,1.992152452468872
0.0001,1266.0,119.5544662475586,1.9920437335968018
0.0001,1267.0,119.55439758300781,1.9919354915618896
0.0001,1268.0,119.5543212890625,1.9918272495269775
0.0001,1269.0,119.55426788330078,1.9917190074920654
0.0001,1270.0,119.55420684814453,1.9916112422943115
0.0001,1271.0,119.55413055419922,1.9915034770965576
0.0001,1272.0,119.55406188964844,1.991396188735962
0.0001,1273.0,119.55398559570312,1.9912885427474976
0.0001,1274.0,119.5539321899414,1.9911807775497437
0.0001,1275.0,119.55386352539062,1.9910739660263062
0.0001,1276.0,119.55378723144531,1.990966558456421
0.0001,1277.0,119.5537338256836,1.9908596277236938
0.0001,1278.0,119.55365753173828,1.9907528162002563
0.0001,1279.0,119.55360412597656,1.9906460046768188
0.0001,1280.0,119.55353546142578,1.9905389547348022
0.0001,1281.0,119.553466796875,1.9904327392578125
0.0001,1282.0,119.55340576171875,1.9903262853622437
0.0001,1283.0,119.55333709716797,1.9902198314666748
0.0001,1284.0,119.55326843261719,1.9901138544082642
0.0001,1285.0,119.5531997680664,1.9900076389312744
0.0001,1286.0,119.55314636230469,1.9899017810821533
0.0001,1287.0,119.55307006835938,1.9897959232330322
0.0001,1288.0,119.55301666259766,1.9896904230117798
0.0001,1289.0,119.55294799804688,1.9895849227905273
0.0001,1290.0,119.55288696289062,1.989479422569275
0.0001,1291.0,119.55281066894531,1.9893739223480225
0.0001,1292.0,119.5527572631836,1.9892688989639282
0.0001,1293.0,119.55268859863281,1.9891637563705444
0.0001,1294.0,119.55262756347656,1.9890587329864502
0.0001,1295.0,119.55255889892578,1.9889543056488037
0.0001,1296.0,119.552490234375,1.9888496398925781
0.0001,1297.0,119.55243682861328,1.9887449741363525
0.0001,1298.0,119.5523681640625,1.988640546798706
0.0001,1299.0,119.55231475830078,1.9885361194610596
0.0001,1300.0,119.55224609375,1.9884321689605713
0.0001,1301.0,119.55217742919922,1.988327980041504
0.0001,1302.0,119.5521240234375,1.9882237911224365
0.0001,1303.0,119.55205535888672,1.9881203174591064
0.0001,1304.0,119.55198669433594,1.9880164861679077
0.0001,1305.0,119.55193328857422,1.9879131317138672
0.0001,1306.0,119.55187225341797,1.9878095388412476
0.0001,1307.0,119.55180358886719,1.987705945968628
0.0001,1308.0,119.55174255371094,1.9876028299331665
0.0001,1309.0,119.55168151855469,1.9874995946884155
0.0001,1310.0,119.5516128540039,1.9873968362808228
0.0001,1311.0,119.55154418945312,1.9872938394546509
0.0001,1312.0,119.55149841308594,1.9871914386749268
0.0001,1313.0,119.55142974853516,1.9870884418487549
0.0001,1314.0,119.5513687133789,1.9869858026504517
0.0001,1315.0,119.55130004882812,1.986883521080017
0.0001,1316.0,119.55125427246094,1.986781358718872
0.0001,1317.0,119.55119323730469,1.9866793155670166
0.0001,1318.0,119.5511245727539,1.9865773916244507
0.0001,1319.0,119.55106353759766,1.9864753484725952
0.0001,1320.0,119.5510025024414,1.9863735437393188
0.0001,1321.0,119.55094909667969,1.986271858215332
0.0001,1322.0,119.5508804321289,1.9861701726913452
0.0001,1323.0,119.55081939697266,1.9860687255859375
0.0001,1324.0,119.5507583618164,1.9859676361083984
0.0001,1325.0,119.55069732666016,1.9858667850494385
0.0001,1326.0,119.5506362915039,1.9857652187347412
0.0001,1327.0,119.55059051513672,1.9856641292572021
0.0001,1328.0,119.55052185058594,1.9855632781982422
0.0001,1329.0,119.55046081542969,1.9854627847671509
0.0001,1330.0,119.55039978027344,1.9853620529174805
0.0001,1331.0,119.55034637451172,1.9852615594863892
0.0001,1332.0,119.55028533935547,1.9851611852645874
0.0001,1333.0,119.55022430419922,1.9850610494613647
0.0001,1334.0,119.55016326904297,1.984960913658142
0.0001,1335.0,119.55010223388672,1.9848606586456299
0.0001,1336.0,119.55004119873047,1.9847609996795654
0.0001,1337.0,119.54998016357422,1.9846614599227905
0.0001,1338.0,119.5499267578125,1.984561562538147
0.0001,1339.0,119.54986572265625,1.9844621419906616
0.0001,1340.0,119.5498046875,1.9843628406524658
0.0001,1341.0,119.54975128173828,1.9842631816864014
0.0001,1342.0,119.54969024658203,1.9841639995574951
0.0001,1343.0,119.54962921142578,1.984065055847168
0.0001,1344.0,119.54957580566406,1.9839661121368408
0.0001,1345.0,119.54951477050781,1.9838672876358032
0.0001,1346.0,119.5494613647461,1.9837687015533447
0.0001,1347.0,119.54940032958984,1.9836698770523071
0.0001,1348.0,119.54934692382812,1.9835714101791382
0.0001,1349.0,119.54928588867188,1.9834730625152588
0.0001,1350.0,119.54923248291016,1.983374834060669
0.0001,1351.0,119.54917907714844,1.983276605606079
0.0001,1352.0,119.54911804199219,1.9831784963607788
0.0001,1353.0,119.54906463623047,1.9830806255340576
0.0001,1354.0,119.54901123046875,1.9829829931259155
0.0001,1355.0,119.54893493652344,1.9828851222991943
0.0001,1356.0,119.54888153076172,1.9827877283096313
0.0001,1357.0,119.548828125,1.9826902151107788
0.0001,1358.0,119.54877471923828,1.9825928211212158
0.0001,1359.0,119.54872131347656,1.9824955463409424
0.0001,1360.0,119.54866027832031,1.9823986291885376
0.0001,1361.0,119.54859924316406,1.982301115989685
0.0001,1362.0,119.54854583740234,1.9822046756744385
0.0001,1363.0,119.54849243164062,1.9821075201034546
0.0001,1364.0,119.5484390258789,1.982011079788208
0.0001,1365.0,119.54838562011719,1.981914758682251
0.0001,1366.0,119.5483169555664,1.9818179607391357
0.0001,1367.0,119.54826354980469,1.9817218780517578
0.0001,1368.0,119.5482177734375,1.9816255569458008
0.0001,1369.0,119.54816436767578,1.9815292358398438
0.0001,1370.0,119.548095703125,1.9814335107803345
0.0001,1371.0,119.54804229736328,1.981337547302246
0.0001,1372.0,119.54798889160156,1.9812419414520264
0.0001,1373.0,119.54794311523438,1.9811460971832275
0.0001,1374.0,119.54788208007812,1.9810504913330078
0.0001,1375.0,119.5478286743164,1.9809551239013672
0.0001,1376.0,119.54777526855469,1.9808599948883057
0.0001,1377.0,119.54771423339844,1.980764627456665
0.0001,1378.0,119.54766082763672,1.9806697368621826
0.0001,1379.0,119.54761505126953,1.980574369430542
0.0001,1380.0,119.54755401611328,1.9804798364639282
0.0001,1381.0,119.5475082397461,1.980385422706604
0.0001,1382.0,119.54745483398438,1.980290412902832
0.0001,1383.0,119.54739379882812,1.9801956415176392
0.0001,1384.0,119.5473403930664,1.9801015853881836
0.0001,1385.0,119.54727935791016,1.9800071716308594
0.0001,1386.0,119.54722595214844,1.9799129962921143
0.0001,1387.0,119.54718017578125,1.9798187017440796
0.0001,1388.0,119.54712677001953,1.9797248840332031
0.0001,1389.0,119.54707336425781,1.9796308279037476
0.0001,1390.0,119.54701232910156,1.9795372486114502
0.0001,1391.0,119.54696655273438,1.9794435501098633
0.0001,1392.0,119.54691314697266,1.9793503284454346
0.0001,1393.0,119.54685974121094,1.9792563915252686
0.0001,1394.0,119.54679870605469,1.979163408279419
0.0001,1395.0,119.5467529296875,1.9790699481964111
0.0001,1396.0,119.54669189453125,1.9789772033691406
0.0001,1397.0,119.54664611816406,1.9788843393325806
0.0001,1398.0,119.54659271240234,1.9787912368774414
0.0001,1399.0,119.54654693603516,1.978698492050171
0.0001,1400.0,119.5464859008789,1.9786056280136108
0.0001,1401.0,119.54644012451172,1.9785133600234985
0.0001,1402.0,119.54638671875,1.9784208536148071
0.0001,1403.0,119.54634094238281,1.9783283472061157
0.0001,1404.0,119.54627990722656,1.9782359600067139
0.0001,1405.0,119.54623413085938,1.9781440496444702
0.0001,1406.0,119.54618072509766,1.9780519008636475
0.0001,1407.0,119.54612731933594,1.9779603481292725
0.0001,1408.0,119.54608154296875,1.9778684377670288
0.0001,1409.0,119.5460205078125,1.9777767658233643
0.0001,1410.0,119.54597473144531,1.9776853322982788
0.0001,1411.0,119.54592895507812,1.977594017982483
0.0001,1412.0,119.54586791992188,1.9775025844573975
0.0001,1413.0,119.54582214355469,1.9774110317230225
0.0001,1414.0,119.54576873779297,1.9773199558258057
0.0001,1415.0,119.54571533203125,1.9772288799285889
0.0001,1416.0,119.5456771850586,1.9771381616592407
0.0001,1417.0,119.54561614990234,1.9770472049713135
0.0001,1418.0,119.54557037353516,1.9769567251205444
0.0001,1419.0,119.54552459716797,1.9768660068511963
0.0001,1420.0,119.54547119140625,1.9767757654190063
0.0001,1421.0,119.54541015625,1.9766849279403687
0.0001,1422.0,119.54536437988281,1.9765945672988892
0.0001,1423.0,119.54531860351562,1.9765046834945679
0.0001,1424.0,119.5452651977539,1.976414680480957
0.0001,1425.0,119.54521942138672,1.9763246774673462
0.0001,1426.0,119.545166015625,1.976234793663025
0.0001,1427.0,119.54512023925781,1.9761451482772827
0.0001,1428.0,119.5450668334961,1.976055383682251
0.0001,1429.0,119.5450210571289,1.9759654998779297
0.0001,1430.0,119.54496765136719,1.9758764505386353
0.0001,1431.0,119.544921875,1.975786566734314
0.0001,1432.0,119.54487609863281,1.9756977558135986
0.0001,1433.0,119.5448226928711,1.9756088256835938
0.0001,1434.0,119.54476928710938,1.9755197763442993
0.0001,1435.0,119.54472351074219,1.9754307270050049
0.0001,1436.0,119.54467010498047,1.975341796875
0.0001,1437.0,119.54463195800781,1.9752531051635742
0.0001,1438.0,119.54458618164062,1.9751646518707275
0.0001,1439.0,119.5445327758789,1.9750763177871704
0.0001,1440.0,119.54447937011719,1.9749877452850342
0.0001,1441.0,119.54443359375,1.9748996496200562
0.0001,1442.0,119.54438018798828,1.974811315536499
0.0001,1443.0,119.54434204101562,1.9747234582901
0.0001,1444.0,119.5442886352539,1.974635362625122
0.0001,1445.0,119.54423522949219,1.9745476245880127
0.0001,1446.0,119.544189453125,1.9744596481323242
0.0001,1447.0,119.54413604736328,1.974372148513794
0.0001,1448.0,119.54410552978516,1.9742845296859741
0.0001,1449.0,119.54405975341797,1.9741970300674438
0.0001,1450.0,119.54400634765625,1.9741098880767822
0.0001,1451.0,119.54396057128906,1.9740222692489624
0.0001,1452.0,119.54391479492188,1.9739353656768799
0.0001,1453.0,119.54386138916016,1.9738483428955078
0.0001,1454.0,119.5438232421875,1.9737613201141357
0.0001,1455.0,119.54376983642578,1.9736745357513428
0.0001,1456.0,119.5437240600586,1.973587989807129
0.0001,1457.0,119.5436782836914,1.973501205444336
0.0001,1458.0,119.54363250732422,1.9734147787094116
0.0001,1459.0,119.54358673095703,1.9733282327651978
0.0001,1460.0,119.54352569580078,1.9732420444488525
0.0001,1461.0,119.54348754882812,1.9731557369232178
0.0001,1462.0,119.5434341430664,1.9730697870254517
0.0001,1463.0,119.54339599609375,1.9729835987091064
0.0001,1464.0,119.54335021972656,1.9728978872299194
0.0001,1465.0,119.54329681396484,1.9728116989135742
0.0001,1466.0,119.54325866699219,1.9727261066436768
0.0001,1467.0,119.543212890625,1.9726403951644897
0.0001,1468.0,119.54317474365234,1.972555160522461
0.0001,1469.0,119.54312133789062,1.972469687461853
0.0001,1470.0,119.5430679321289,1.9723846912384033
0.0001,1471.0,119.54302215576172,1.9722992181777954
0.0001,1472.0,119.54298400878906,1.9722141027450562
0.0001,1473.0,119.54293823242188,1.972129225730896
0.0001,1474.0,119.54289245605469,1.9720442295074463
0.0001,1475.0,119.54285430908203,1.9719593524932861
0.0001,1476.0,119.54280090332031,1.9718749523162842
0.0001,1477.0,119.54275512695312,1.9717903137207031
0.0001,1478.0,119.54270935058594,1.9717057943344116
0.0001,1479.0,119.54267120361328,1.9716212749481201
0.0001,1480.0,119.5426254272461,1.9715369939804077
0.0001,1481.0,119.54257202148438,1.9714527130126953
0.0001,1482.0,119.54252624511719,1.9713687896728516
0.0001,1483.0,119.54248809814453,1.9712845087051392
0.0001,1484.0,119.54244995117188,1.971200942993164
0.0001,1485.0,119.54239654541016,1.9711170196533203
0.0001,1486.0,119.54235076904297,1.9710334539413452
0.0001,1487.0,119.54231262207031,1.9709497690200806
0.0001,1488.0,119.54226684570312,1.9708664417266846
0.0001,1489.0,119.54222106933594,1.970782995223999
0.0001,1490.0,119.54217529296875,1.9706995487213135
0.0001,1491.0,119.54214477539062,1.970616340637207
0.0001,1492.0,119.5420913696289,1.9705333709716797
0.0001,1493.0,119.54204559326172,1.9704504013061523
0.0001,1494.0,119.54199981689453,1.970367431640625
0.0001,1495.0,119.54195404052734,1.9702847003936768
0.0001,1496.0,119.54192352294922,1.970202088356018
0.0001,1497.0,119.54186248779297,1.9701192378997803
0.0001,1498.0,119.54183197021484,1.9700367450714111
0.0001,1499.0,119.54178619384766,1.9699541330337524
0.0001,1500.0,119.54174041748047,1.9698721170425415
0.0001,1501.0,119.54169464111328,1.9697898626327515
0.0001,1502.0,119.5416488647461,1.969707727432251
0.0001,1503.0,119.54161834716797,1.96962571144104
0.0001,1504.0,119.54157257080078,1.969543695449829
0.0001,1505.0,119.5415267944336,1.9694620370864868
0.0001,1506.0,119.54148864746094,1.9693801403045654
0.0001,1507.0,119.54144287109375,1.9692987203598022
0.0001,1508.0,119.54139709472656,1.96921706199646
0.0001,1509.0,119.54135131835938,1.9691358804702759
0.0001,1510.0,119.54132080078125,1.9690544605255127
0.0001,1511.0,119.54126739501953,1.96897292137146
0.0001,1512.0,119.5412368774414,1.9688918590545654
0.0001,1513.0,119.54119110107422,1.968810796737671
0.0001,1514.0,119.54114532470703,1.9687297344207764
0.0001,1515.0,119.54109954833984,1.968648910522461
0.0001,1516.0,119.54106140136719,1.9685684442520142
0.0001,1517.0,119.541015625,1.9684879779815674
0.0001,1518.0,119.54097747802734,1.9684070348739624
0.0001,1519.0,119.54093170166016,1.9683265686035156
0.0001,1520.0,119.54090118408203,1.9682464599609375
0.0001,1521.0,119.54084777832031,1.9681661128997803
0.0001,1522.0,119.54080963134766,1.9680856466293335
0.0001,1523.0,119.54077911376953,1.9680057764053345
0.0001,1524.0,119.54072570800781,1.9679254293441772
0.0001,1525.0,119.54069519042969,1.9678456783294678
0.0001,1526.0,119.5406494140625,1.9677658081054688
0.0001,1527.0,119.54059600830078,1.9676860570907593
0.0001,1528.0,119.54057312011719,1.967606544494629
0.0001,1529.0,119.54052734375,1.9675270318984985
0.0001,1530.0,119.54048919677734,1.9674478769302368
0.0001,1531.0,119.54045104980469,1.9673683643341064
0.0001,1532.0,119.5404052734375,1.9672893285751343
0.0001,1533.0,119.54036712646484,1.967209815979004
0.0001,1534.0,119.54032897949219,1.9671306610107422
0.0001,1535.0,119.540283203125,1.9670518636703491
0.0001,1536.0,119.54024505615234,1.966973066329956
0.0001,1537.0,119.54020690917969,1.9668941497802734
0.0001,1538.0,119.5401611328125,1.966815710067749
0.0001,1539.0,119.54011535644531,1.9667373895645142
0.0001,1540.0,119.54008483886719,1.966658353805542
0.0001,1541.0,119.54004669189453,1.9665803909301758
0.0001,1542.0,119.54000091552734,1.9665019512176514
0.0001,1543.0,119.53995513916016,1.9664236307144165
0.0001,1544.0,119.53993225097656,1.9663454294204712
0.0001,1545.0,119.53987884521484,1.9662678241729736
0.0001,1546.0,119.53984069824219,1.9661897420883179
0.0001,1547.0,119.53980255126953,1.9661117792129517
0.0001,1548.0,119.53976440429688,1.966033935546875
0.0001,1549.0,119.53972625732422,1.965956449508667
0.0001,1550.0,119.53968811035156,1.9658788442611694
0.0001,1551.0,119.5396499633789,1.9658015966415405
0.0001,1552.0,119.53960418701172,1.965723991394043
0.0001,1553.0,119.53955841064453,1.965646505355835
0.0001,1554.0,119.53953552246094,1.9655698537826538
0.0001,1555.0,119.53949737548828,1.965492606163025
0.0001,1556.0,119.5394515991211,1.965415596961975
0.0001,1557.0,119.53941345214844,1.9653387069702148
0.0001,1558.0,119.53937530517578,1.9652618169784546
0.0001,1559.0,119.53933715820312,1.9651849269866943
0.0001,1560.0,119.53929901123047,1.9651085138320923
0.0001,1561.0,119.53926849365234,1.9650318622589111
0.0001,1562.0,119.53923034667969,1.9649553298950195
0.0001,1563.0,119.53919219970703,1.964878797531128
0.0001,1564.0,119.53914642333984,1.9648029804229736
0.0001,1565.0,119.53910827636719,1.9647266864776611
0.0001,1566.0,119.53907012939453,1.9646505117416382
0.0001,1567.0,119.53903198242188,1.9645744562149048
0.0001,1568.0,119.53899383544922,1.96449875831604
0.0001,1569.0,119.53894805908203,1.9644228219985962
0.0001,1570.0,119.5389175415039,1.964347243309021
0.0001,1571.0,119.53887939453125,1.9642715454101562
0.0001,1572.0,119.5388412475586,1.964195966720581
0.0001,1573.0,119.53880310058594,1.9641205072402954
0.0001,1574.0,119.53876495361328,1.9640449285507202
0.0001,1575.0,119.53872680664062,1.9639698266983032
0.0001,1576.0,119.53868865966797,1.9638948440551758
0.0001,1577.0,119.53865814208984,1.9638192653656006
0.0001,1578.0,119.53861999511719,1.9637447595596313
0.0001,1579.0,119.53857421875,1.9636695384979248
0.0001,1580.0,119.53854370117188,1.9635950326919556
0.0001,1581.0,119.53850555419922,1.9635202884674072
0.0001,1582.0,119.5384750366211,1.9634454250335693
0.0001,1583.0,119.53843688964844,1.9633709192276
0.0001,1584.0,119.53839874267578,1.9632965326309204
0.0001,1585.0,119.53836059570312,1.9632221460342407
0.0001,1586.0,119.538330078125,1.963147759437561
0.0001,1587.0,119.53827667236328,1.963073492050171
0.0001,1588.0,119.53824615478516,1.9629993438720703
0.0001,1589.0,119.53821563720703,1.9629255533218384
0.0001,1590.0,119.53817749023438,1.9628515243530273
0.0001,1591.0,119.53813934326172,1.9627777338027954
0.0001,1592.0,119.5381088256836,1.9627039432525635
0.0001,1593.0,119.53807067871094,1.962630271911621
0.0001,1594.0,119.53802490234375,1.9625568389892578
0.0001,1595.0,119.53799438476562,1.9624831676483154
0.0001,1596.0,119.5379638671875,1.9624097347259521
0.0001,1597.0,119.53792572021484,1.9623363018035889
0.0001,1598.0,119.53788757324219,1.9622633457183838
0.0001,1599.0,119.53785705566406,1.9621899127960205
0.0001,1600.0,119.53781127929688,1.9621169567108154
0.0001,1601.0,119.53778076171875,1.9620441198349
0.0001,1602.0,119.53775024414062,1.9619710445404053
0.0001,1603.0,119.5377197265625,1.9618984460830688
0.0001,1604.0,119.53767395019531,1.9618257284164429
0.0001,1605.0,119.53764343261719,1.9617531299591064
0.0001,1606.0,119.53760528564453,1.9616807699203491
0.0001,1607.0,119.53756713867188,1.9616081714630127
0.0001,1608.0,119.53753662109375,1.9615360498428345
0.0001,1609.0,119.5374984741211,1.9614635705947876
0.0001,1610.0,119.53746795654297,1.9613916873931885
0.0001,1611.0,119.53743743896484,1.9613192081451416
0.0001,1612.0,119.53739166259766,1.961247205734253
0.0001,1613.0,119.53736114501953,1.961175560951233
0.0001,1614.0,119.5373306274414,1.9611034393310547
0.0001,1615.0,119.53728485107422,1.9610316753387451
0.0001,1616.0,119.53726196289062,1.9609601497650146
0.0001,1617.0,119.5372314453125,1.9608888626098633
0.0001,1618.0,119.53718566894531,1.960816740989685
0.0001,1619.0,119.53715515136719,1.9607454538345337
0.0001,1620.0,119.53712463378906,1.960674524307251
0.0001,1621.0,119.5370864868164,1.9606029987335205
0.0001,1622.0,119.53704833984375,1.9605318307876587
0.0001,1623.0,119.5370101928711,1.960460901260376
0.0001,1624.0,119.53697967529297,1.9603897333145142
0.0001,1625.0,119.53694915771484,1.9603188037872314
0.0001,1626.0,119.53691101074219,1.960248351097107
0.0001,1627.0,119.53688049316406,1.9601774215698242
0.0001,1628.0,119.53683471679688,1.9601068496704102
0.0001,1629.0,119.53681182861328,1.9600359201431274
0.0001,1630.0,119.5367660522461,1.9599659442901611
0.0001,1631.0,119.5367431640625,1.959895133972168
0.0001,1632.0,119.53671264648438,1.9598249197006226
0.0001,1633.0,119.53667449951172,1.9597551822662354
0.0001,1634.0,119.53665161132812,1.9596846103668213
0.0001,1635.0,119.53660583496094,1.9596145153045654
0.0001,1636.0,119.53658294677734,1.9595448970794678
0.0001,1637.0,119.53653717041016,1.9594749212265015
0.0001,1638.0,119.53651428222656,1.9594049453735352
0.0001,1639.0,119.5364761352539,1.9593350887298584
0.0001,1640.0,119.53644561767578,1.9592657089233398
0.0001,1641.0,119.53640747070312,1.9591963291168213
0.0001,1642.0,119.53638458251953,1.9591268301010132
0.0001,1643.0,119.53634643554688,1.959057092666626
0.0001,1644.0,119.53631591796875,1.958987832069397
0.0001,1645.0,119.5362777709961,1.958918809890747
0.0001,1646.0,119.53623962402344,1.9588496685028076
0.0001,1647.0,119.53621673583984,1.9587806463241577
0.0001,1648.0,119.53617858886719,1.9587116241455078
0.0001,1649.0,119.5361557006836,1.9586427211761475
0.0001,1650.0,119.5361099243164,1.9585740566253662
0.0001,1651.0,119.53607940673828,1.958505392074585
0.0001,1652.0,119.53604888916016,1.9584369659423828
0.0001,1653.0,119.53601837158203,1.9583680629730225
0.0001,1654.0,119.5359878540039,1.9582996368408203
0.0001,1655.0,119.53595733642578,1.9582312107086182
0.0001,1656.0,119.53591918945312,1.9581629037857056
0.0001,1657.0,119.53589630126953,1.958094596862793
0.0001,1658.0,119.53585815429688,1.9580268859863281
0.0001,1659.0,119.53582000732422,1.957958459854126
0.0001,1660.0,119.53580474853516,1.957890510559082
0.0001,1661.0,119.5357666015625,1.957822561264038
0.0001,1662.0,119.53572845458984,1.9577553272247314
0.0001,1663.0,119.53570556640625,1.9576871395111084
0.0001,1664.0,119.5356674194336,1.9576196670532227
0.0001,1665.0,119.53562927246094,1.9575517177581787
0.0001,1666.0,119.53561401367188,1.9574846029281616
0.0001,1667.0,119.53557586669922,1.9574168920516968
0.0001,1668.0,119.5355453491211,1.9573500156402588
0.0001,1669.0,119.53550720214844,1.9572824239730835
0.0001,1670.0,119.53549194335938,1.9572153091430664
0.0001,1671.0,119.53545379638672,1.9571483135223389
0.0001,1672.0,119.53541564941406,1.9570814371109009
0.0001,1673.0,119.53538513183594,1.9570144414901733
0.0001,1674.0,119.53536224365234,1.9569475650787354
0.0001,1675.0,119.53532409667969,1.9568805694580078
0.0001,1676.0,119.53529357910156,1.956814169883728
0.0001,1677.0,119.53526306152344,1.9567477703094482
0.0001,1678.0,119.53523254394531,1.956681251525879
0.0001,1679.0,119.53520965576172,1.9566147327423096
0.0001,1680.0,119.5351791381836,1.9565483331680298
0.0001,1681.0,119.53514099121094,1.95648193359375
0.0001,1682.0,119.53511047363281,1.9564158916473389
0.0001,1683.0,119.53507232666016,1.9563499689102173
0.0001,1684.0,119.53504943847656,1.9562835693359375
0.0001,1685.0,119.53501892089844,1.9562175273895264
0.0001,1686.0,119.53499603271484,1.9561516046524048
0.0001,1687.0,119.53496551513672,1.9560861587524414
0.0001,1688.0,119.53492736816406,1.9560201168060303
0.0001,1689.0,119.53489685058594,1.9559545516967773
0.0001,1690.0,119.53486633300781,1.9558889865875244
0.0001,1691.0,119.53483581542969,1.9558238983154297
0.0001,1692.0,119.53480529785156,1.9557584524154663
0.0001,1693.0,119.5347900390625,1.955693006515503
0.0001,1694.0,119.53475952148438,1.9556277990341187
0.0001,1695.0,119.53472137451172,1.9555625915527344
0.0001,1696.0,119.5346908569336,1.9554975032806396
0.0001,1697.0,119.53466033935547,1.955432653427124
0.0001,1698.0,119.53463745117188,1.9553676843643188
0.0001,1699.0,119.53460693359375,1.9553025960922241
0.0001,1700.0,119.53457641601562,1.9552379846572876
0.0001,1701.0,119.53453826904297,1.955173134803772
0.0001,1702.0,119.53450775146484,1.955108642578125
0.0001,1703.0,119.53448486328125,1.955044150352478
0.0001,1704.0,119.53445434570312,1.954979658126831
0.0001,1705.0,119.534423828125,1.9549152851104736
0.0001,1706.0,119.53439331054688,1.9548509120941162
0.0001,1707.0,119.53436279296875,1.9547866582870483
0.0001,1708.0,119.53433990478516,1.9547227621078491
0.0001,1709.0,119.53430938720703,1.9546587467193604
0.0001,1710.0,119.5342788696289,1.954594612121582
0.0001,1711.0,119.53424835205078,1.9545304775238037
0.0001,1712.0,119.53422546386719,1.9544671773910522
0.0001,1713.0,119.5342025756836,1.9544029235839844
0.0001,1714.0,119.53417205810547,1.9543393850326538
0.0001,1715.0,119.53414154052734,1.9542758464813232
0.0001,1716.0,119.53411102294922,1.9542121887207031
0.0001,1717.0,119.53407287597656,1.9541490077972412
0.0001,1718.0,119.53404998779297,1.9540855884552002
0.0001,1719.0,119.53401947021484,1.9540221691131592
0.0001,1720.0,119.53398895263672,1.9539591073989868
0.0001,1721.0,119.53396606445312,1.953895926475525
0.0001,1722.0,119.53394317626953,1.9538326263427734
0.0001,1723.0,119.5339126586914,1.9537699222564697
0.0001,1724.0,119.53388214111328,1.953706979751587
0.0001,1725.0,119.53385162353516,1.9536441564559937
0.0001,1726.0,119.53382110595703,1.9535812139511108
0.0001,1727.0,119.5337905883789,1.9535186290740967
0.0001,1728.0,119.53376770019531,1.953455924987793
0.0001,1729.0,119.53374481201172,1.953393578529358
0.0001,1730.0,119.53372192382812,1.9533307552337646
0.0001,1731.0,119.53367614746094,1.9532687664031982
0.0001,1732.0,119.53365325927734,1.9532064199447632
0.0001,1733.0,119.53363037109375,1.9531440734863281
0.0001,1734.0,119.53359985351562,1.9530820846557617
0.0001,1735.0,119.53357696533203,1.9530198574066162
0.0001,1736.0,119.53353881835938,1.9529578685760498
0.0001,1737.0,119.53351593017578,1.9528957605361938
0.0001,1738.0,119.53349304199219,1.952833890914917
0.0001,1739.0,119.53346252441406,1.9527723789215088
0.0001,1740.0,119.53343200683594,1.9527103900909424
0.0001,1741.0,119.53340148925781,1.9526488780975342
0.0001,1742.0,119.53337860107422,1.952587366104126
0.0001,1743.0,119.53336334228516,1.9525258541107178
0.0001,1744.0,119.5333251953125,1.9524643421173096
0.0001,1745.0,119.53329467773438,1.9524030685424805
0.0001,1746.0,119.53327941894531,1.9523417949676514
0.0001,1747.0,119.53325653076172,1.9522807598114014
0.0001,1748.0,119.53321075439453,1.9522197246551514
0.0001,1749.0,119.53319549560547,1.9521585702896118
0.0001,1750.0,119.53317260742188,1.9520975351333618
0.0001,1751.0,119.53313446044922,1.9520366191864014
0.0001,1752.0,119.53311920166016,1.9519760608673096
0.0001,1753.0,119.53308868408203,1.9519153833389282
0.0001,1754.0,119.53305053710938,1.9518543481826782
0.0001,1755.0,119.53303527832031,1.9517936706542969
0.0001,1756.0,119.53299713134766,1.9517332315444946
0.0001,1757.0,119.53297424316406,1.9516727924346924
0.0001,1758.0,119.532958984375,1.9516122341156006
0.0001,1759.0,119.53292083740234,1.9515520334243774
0.0001,1760.0,119.53289794921875,1.9514919519424438
0.0001,1761.0,119.53288269042969,1.9514318704605103
0.0001,1762.0,119.53284454345703,1.9513719081878662
0.0001,1763.0,119.53282165527344,1.9513120651245117
0.0001,1764.0,119.53279113769531,1.9512519836425781
0.0001,1765.0,119.53276824951172,1.9511919021606445
0.0001,1766.0,119.5327377319336,1.9511321783065796
0.0001,1767.0,119.53271484375,1.951072335243225
0.0001,1768.0,119.5326919555664,1.9510128498077393
0.0001,1769.0,119.53266906738281,1.9509532451629639
0.0001,1770.0,119.53264617919922,1.950893759727478
0.0001,1771.0,119.5326156616211,1.9508346319198608
0.0001,1772.0,119.5325927734375,1.950775146484375
0.0001,1773.0,119.53255462646484,1.9507157802581787
0.0001,1774.0,119.53253936767578,1.9506562948226929
0.0001,1775.0,119.53250885009766,1.9505974054336548
0.0001,1776.0,119.53248596191406,1.9505382776260376
0.0001,1777.0,119.53245544433594,1.95047926902771
0.0001,1778.0,119.53244018554688,1.9504203796386719
0.0001,1779.0,119.53240966796875,1.9503614902496338
0.0001,1780.0,119.53238677978516,1.9503027200698853
0.0001,1781.0,119.53235626220703,1.9502439498901367
0.0001,1782.0,119.53234100341797,1.9501855373382568
0.0001,1783.0,119.53230285644531,1.9501270055770874
0.0001,1784.0,119.53229522705078,1.9500681161880493
0.0001,1785.0,119.53225708007812,1.9500099420547485
0.0001,1786.0,119.5322265625,1.949951410293579
0.0001,1787.0,119.53221130371094,1.9498932361602783
0.0001,1788.0,119.53218078613281,1.9498350620269775
0.0001,1789.0,119.53216552734375,1.9497768878936768
0.0001,1790.0,119.5321273803711,1.949718713760376
0.0001,1791.0,119.5321044921875,1.9496606588363647
0.0001,1792.0,119.5320816040039,1.9496030807495117
0.0001,1793.0,119.53205871582031,1.9495452642440796
0.0001,1794.0,119.53203582763672,1.9494874477386475
0.0001,1795.0,119.53201293945312,1.9494292736053467
0.0001,1796.0,119.531982421875,1.9493719339370728
0.0001,1797.0,119.5319595336914,1.9493143558502197
0.0001,1798.0,119.53193664550781,1.9492566585540771
0.0001,1799.0,119.53190612792969,1.9491994380950928
0.0001,1800.0,119.53189086914062,1.9491420984268188
0.0001,1801.0,119.5318603515625,1.9490846395492554
0.0001,1802.0,119.5318374633789,1.949027419090271
0.0001,1803.0,119.53181457519531,1.9489704370498657
0.0001,1804.0,119.53179168701172,1.9489132165908813
0.0001,1805.0,119.5317611694336,1.9488563537597656
0.0001,1806.0,119.53175354003906,1.9487993717193604
0.0001,1807.0,119.5317153930664,1.948742151260376
0.0001,1808.0,119.53169250488281,1.9486854076385498
0.0001,1809.0,119.53166198730469,1.9486286640167236
0.0001,1810.0,119.53165435791016,1.9485721588134766
0.0001,1811.0,119.53162384033203,1.94851553440094
0.0001,1812.0,119.5315933227539,1.9484590291976929
0.0001,1813.0,119.53156280517578,1.9484026432037354
0.0001,1814.0,119.53155517578125,1.9483458995819092
0.0001,1815.0,119.53152465820312,1.9482896327972412
0.0001,1816.0,119.53150177001953,1.9482333660125732
0.0001,1817.0,119.5314712524414,1.9481773376464844
0.0001,1818.0,119.53146362304688,1.9481213092803955
0.0001,1819.0,119.53143310546875,1.948065161705017
0.0001,1820.0,119.53141021728516,1.9480091333389282
0.0001,1821.0,119.53137969970703,1.947953224182129
0.0001,1822.0,119.53135681152344,1.9478975534439087
0.0001,1823.0,119.53134155273438,1.9478418827056885
0.0001,1824.0,119.53131866455078,1.9477859735488892
0.0001,1825.0,119.53128814697266,1.947730302810669
0.0001,1826.0,119.53126525878906,1.9476745128631592
0.0001,1827.0,119.53124237060547,1.9476194381713867
0.0001,1828.0,119.53121185302734,1.947563886642456
0.0001,1829.0,119.53120422363281,1.9475082159042358
0.0001,1830.0,119.53118133544922,1.9474529027938843
0.0001,1831.0,119.53115844726562,1.9473978281021118
0.0001,1832.0,119.5311279296875,1.947343111038208
0.0001,1833.0,119.5311050415039,1.9472875595092773
0.0001,1834.0,119.53108215332031,1.9472326040267944
0.0001,1835.0,119.53105926513672,1.9471776485443115
0.0001,1836.0,119.53103637695312,1.947122573852539
0.0001,1837.0,119.531005859375,1.9470678567886353
0.0001,1838.0,119.53099822998047,1.947013258934021
0.0001,1839.0,119.53097534179688,1.946958303451538
0.0001,1840.0,119.53095245361328,1.9469035863876343
0.0001,1841.0,119.53092956542969,1.9468491077423096
0.0001,1842.0,119.5309066772461,1.946794867515564
0.0001,1843.0,119.53087615966797,1.9467405080795288
0.0001,1844.0,119.5308609008789,1.946685791015625
0.0001,1845.0,119.53083801269531,1.9466314315795898
0.0001,1846.0,119.53080749511719,1.9465774297714233
0.0001,1847.0,119.53079223632812,1.9465229511260986
0.0001,1848.0,119.53076171875,1.9464693069458008
0.0001,1849.0,119.53074645996094,1.9464149475097656
0.0001,1850.0,119.53072357177734,1.9463609457015991
0.0001,1851.0,119.53070068359375,1.9463074207305908
0.0001,1852.0,119.53067779541016,1.9462531805038452
0.0001,1853.0,119.53065490722656,1.946199655532837
0.0001,1854.0,119.53063201904297,1.946146011352539
0.0001,1855.0,119.5306167602539,1.9460920095443726
0.0001,1856.0,119.53059387207031,1.9460386037826538
0.0001,1857.0,119.53057098388672,1.945985198020935
0.0001,1858.0,119.53054809570312,1.9459314346313477
0.0001,1859.0,119.53052520751953,1.9458783864974976
0.0001,1860.0,119.53050994873047,1.9458249807357788
0.0001,1861.0,119.53048706054688,1.9457714557647705
0.0001,1862.0,119.53046417236328,1.9457184076309204
0.0001,1863.0,119.53044128417969,1.9456653594970703
0.0001,1864.0,119.53041076660156,1.9456123113632202
0.0001,1865.0,119.53038787841797,1.9455592632293701
0.0001,1866.0,119.5303726196289,1.9455064535140991
0.0001,1867.0,119.53034973144531,1.9454532861709595
0.0001,1868.0,119.53033447265625,1.9454008340835571
0.0001,1869.0,119.53030395507812,1.9453480243682861
0.0001,1870.0,119.53028869628906,1.9452953338623047
0.0001,1871.0,119.5302734375,1.9452426433563232
0.0001,1872.0,119.5302505493164,1.945190191268921
0.0001,1873.0,119.53022003173828,1.9451377391815186
0.0001,1874.0,119.53019714355469,1.9450852870941162
0.0001,1875.0,119.5301742553711,1.9450328350067139
0.0001,1876.0,119.53015899658203,1.9449806213378906
0.0001,1877.0,119.53014373779297,1.944928765296936
0.0001,1878.0,119.53012084960938,1.9448763132095337
0.0001,1879.0,119.53009033203125,1.944824457168579
0.0001,1880.0,119.53007507324219,1.9447721242904663
0.0001,1881.0,119.5300521850586,1.9447205066680908
0.0001,1882.0,119.53003692626953,1.9446684122085571
0.0001,1883.0,119.53002166748047,1.9446165561676025
0.0001,1884.0,119.52999114990234,1.9445648193359375
0.0001,1885.0,119.52996826171875,1.944512963294983
0.0001,1886.0,119.52995300292969,1.9444612264633179
0.0001,1887.0,119.5299301147461,1.944409728050232
0.0001,1888.0,119.52991485595703,1.944358229637146
0.0001,1889.0,119.5298843383789,1.9443066120147705
0.0001,1890.0,119.52986907958984,1.9442554712295532
0.0001,1891.0,119.52984619140625,1.9442040920257568
0.0001,1892.0,119.52983093261719,1.944152593612671
0.0001,1893.0,119.5298080444336,1.9441016912460327
0.0001,1894.0,119.52978515625,1.9440504312515259
0.0001,1895.0,119.52976989746094,1.9439992904663086
0.0001,1896.0,119.52973937988281,1.94394850730896
0.0001,1897.0,119.52972412109375,1.9438974857330322
0.0001,1898.0,119.52970886230469,1.9438469409942627
0.0001,1899.0,119.52969360351562,1.9437958002090454
0.0001,1900.0,119.5296630859375,1.9437450170516968
0.0001,1901.0,119.5296401977539,1.9436941146850586
0.0001,1902.0,119.52963256835938,1.943643569946289
0.0001,1903.0,119.52960205078125,1.9435927867889404
0.0001,1904.0,119.52958679199219,1.94354248046875
0.0001,1905.0,119.5295639038086,1.9434921741485596
0.0001,1906.0,119.529541015625,1.94344162940979
0.0001,1907.0,119.52952575683594,1.94339120388031
0.0001,1908.0,119.52950286865234,1.9433410167694092
0.0001,1909.0,119.52947998046875,1.9432909488677979
0.0001,1910.0,119.52946472167969,1.9432408809661865
0.0001,1911.0,119.5294418334961,1.9431908130645752
0.0001,1912.0,119.52942657470703,1.9431403875350952
0.0001,1913.0,119.52941131591797,1.9430904388427734
0.0001,1914.0,119.52938079833984,1.9430406093597412
0.0001,1915.0,119.52936553955078,1.9429908990859985
0.0001,1916.0,119.52934265136719,1.9429410696029663
0.0001,1917.0,119.5293197631836,1.9428914785385132
0.0001,1918.0,119.52931213378906,1.9428415298461914
0.0001,1919.0,119.52928161621094,1.9427921772003174
0.0001,1920.0,119.5292739868164,1.9427425861358643
0.0001,1921.0,119.52925109863281,1.9426929950714111
0.0001,1922.0,119.52922821044922,1.9426437616348267
0.0001,1923.0,119.52920532226562,1.9425945281982422
0.0001,1924.0,119.52919006347656,1.9425451755523682
0.0001,1925.0,119.5291748046875,1.9424957036972046
0.0001,1926.0,119.5291519165039,1.9424470663070679
0.0001,1927.0,119.52913665771484,1.9423978328704834
0.0001,1928.0,119.52911376953125,1.9423484802246094
0.0001,1929.0,119.52909851074219,1.9422996044158936
0.0001,1930.0,119.5290756225586,1.9422506093978882
0.0001,1931.0,119.52906036376953,1.942201852798462
0.0001,1932.0,119.52903747558594,1.942152976989746
0.0001,1933.0,119.52902221679688,1.9421041011810303
0.0001,1934.0,119.52899932861328,1.9420554637908936
0.0001,1935.0,119.52898406982422,1.9420068264007568
0.0001,1936.0,119.52896118164062,1.9419584274291992
0.0001,1937.0,119.52894592285156,1.9419100284576416
0.0001,1938.0,119.52892303466797,1.9418615102767944
0.0001,1939.0,119.52890014648438,1.9418131113052368
0.0001,1940.0,119.52889251708984,1.9417645931243896
0.0001,1941.0,119.52886962890625,1.9417164325714111
0.0001,1942.0,119.52884674072266,1.941668152809143
0.0001,1943.0,119.52882385253906,1.941620111465454
0.0001,1944.0,119.52881622314453,1.9415719509124756
0.0001,1945.0,119.52879333496094,1.941523551940918
0.0001,1946.0,119.52877044677734,1.9414758682250977
0.0001,1947.0,119.52875518798828,1.9414279460906982
0.0001,1948.0,119.52873229980469,1.9413801431655884
0.0001,1949.0,119.52872467041016,1.941332459449768
0.0001,1950.0,119.52870178222656,1.9412845373153687
0.0001,1951.0,119.52867889404297,1.9412367343902588
0.0001,1952.0,119.52867126464844,1.9411894083023071
0.0001,1953.0,119.52864837646484,1.9411417245864868
0.0001,1954.0,119.52863311767578,1.941094160079956
0.0001,1955.0,119.52861022949219,1.9410464763641357
0.0001,1956.0,119.5285873413086,1.9409992694854736
0.0001,1957.0,119.52857971191406,1.940951943397522
0.0001,1958.0,119.52855682373047,1.940904974937439
0.0001,1959.0,119.52853393554688,1.9408575296401978
0.0001,1960.0,119.52851867675781,1.9408104419708252
0.0001,1961.0,119.52849578857422,1.940763235092163
0.0001,1962.0,119.52847290039062,1.9407161474227905
0.0001,1963.0,119.52847290039062,1.940669298171997
0.0001,1964.0,119.52845001220703,1.940622091293335
0.0001,1965.0,119.52842712402344,1.9405755996704102
0.0001,1966.0,119.52840423583984,1.9405286312103271
0.0001,1967.0,119.52839660644531,1.9404821395874023
0.0001,1968.0,119.52838134765625,1.9404351711273193
0.0001,1969.0,119.52835845947266,1.9403886795043945
0.0001,1970.0,119.5283432006836,1.9403419494628906
0.0001,1971.0,119.5283203125,1.9402958154678345
0.0001,1972.0,119.52830505371094,1.9402492046356201
0.0001,1973.0,119.52828216552734,1.9402029514312744
0.0001,1974.0,119.52827453613281,1.94015634059906
0.0001,1975.0,119.52825927734375,1.9401099681854248
0.0001,1976.0,119.52823638916016,1.9400638341903687
0.0001,1977.0,119.52821350097656,1.9400177001953125
0.0001,1978.0,119.52820587158203,1.9399715662002563
0.0001,1979.0,119.52818298339844,1.9399254322052002
0.0001,1980.0,119.52816009521484,1.9398796558380127
0.0001,1981.0,119.52814483642578,1.939833402633667
0.0001,1982.0,119.52812194824219,1.93978750705719
0.0001,1983.0,119.52811431884766,1.9397417306900024
0.0001,1984.0,119.5280990600586,1.939695954322815
0.0001,1985.0,119.528076171875,1.9396501779556274
0.0001,1986.0,119.52806091308594,1.9396045207977295
0.0001,1987.0,119.52803802490234,1.939558744430542
0.0001,1988.0,119.52803802490234,1.9395134449005127
0.0001,1989.0,119.52801513671875,1.9394680261611938
0.0001,1990.0,119.52799987792969,1.939422369003296
0.0001,1991.0,119.5279769897461,1.9393771886825562
0.0001,1992.0,119.52796173095703,1.9393317699432373
0.0001,1993.0,119.52793884277344,1.939286470413208
0.0001,1994.0,119.52792358398438,1.9392411708831787
0.0001,1995.0,119.52791595458984,1.939195990562439
0.0001,1996.0,119.52789306640625,1.9391508102416992
0.0001,1997.0,119.52787780761719,1.9391059875488281
0.0001,1998.0,119.5278549194336,1.939060926437378
0.0001,1999.0,119.52783966064453,1.9390161037445068
0.0001,2000.0,119.52782440185547,1.9389711618423462
0.0001,2001.0,119.52780151367188,1.9389264583587646
0.0001,2002.0,119.52778625488281,1.9388816356658936
0.0001,2003.0,119.52777099609375,1.9388368129730225
0.0001,2004.0,119.52774810791016,1.9387919902801514
0.0001,2005.0,119.52774810791016,1.9387476444244385
0.0001,2006.0,119.5277328491211,1.938703179359436
0.0001,2007.0,119.52771759033203,1.9386584758758545
0.0001,2008.0,119.52769470214844,1.9386142492294312
0.0001,2009.0,119.52767944335938,1.9385697841644287
0.0001,2010.0,119.52766418457031,1.9385254383087158
0.0001,2011.0,119.52764892578125,1.9384809732437134
0.0001,2012.0,119.52762603759766,1.93843674659729
0.0001,2013.0,119.5276107788086,1.9383924007415771
0.0001,2014.0,119.52759552001953,1.9383485317230225
0.0001,2015.0,119.52758026123047,1.9383043050765991
0.0001,2016.0,119.5275650024414,1.9382603168487549
0.0001,2017.0,119.52754974365234,1.9382164478302002
0.0001,2018.0,119.52752685546875,1.938172698020935
0.0001,2019.0,119.52751159667969,1.9381287097930908
0.0001,2020.0,119.52749633789062,1.9380849599838257
0.0001,2021.0,119.52748107910156,1.938041090965271
0.0001,2022.0,119.5274658203125,1.937997579574585
0.0001,2023.0,119.52745056152344,1.9379539489746094
0.0001,2024.0,119.52743530273438,1.9379104375839233
0.0001,2025.0,119.52742004394531,1.9378669261932373
0.0001,2026.0,119.52740478515625,1.9378235340118408
0.0001,2027.0,119.52738952636719,1.9377797842025757
0.0001,2028.0,119.52737426757812,1.9377365112304688
0.0001,2029.0,119.52735900878906,1.9376933574676514
0.0001,2030.0,119.52734375,1.9376500844955444
0.0001,2031.0,119.52732849121094,1.9376070499420166
0.0001,2032.0,119.52729797363281,1.9375636577606201
0.0001,2033.0,119.52728271484375,1.9375206232070923
0.0001,2034.0,119.52726745605469,1.937477707862854
0.0001,2035.0,119.52725219726562,1.9374347925186157
0.0001,2036.0,119.5272445678711,1.9373916387557983
0.0001,2037.0,119.52722930908203,1.93734872341156
0.0001,2038.0,119.52721405029297,1.9373060464859009
0.0001,2039.0,119.5271987915039,1.9372632503509521
0.0001,2040.0,119.52718353271484,1.9372203350067139
0.0001,2041.0,119.52716064453125,1.9371780157089233
0.0001,2042.0,119.52714538574219,1.9371353387832642
0.0001,2043.0,119.52713775634766,1.9370925426483154
0.0001,2044.0,119.5271224975586,1.937050223350525
0.0001,2045.0,119.52710723876953,1.9370075464248657
0.0001,2046.0,119.52709197998047,1.936964988708496
0.0001,2047.0,119.52708435058594,1.9369232654571533
0.0001,2048.0,119.52705383300781,1.9368807077407837
0.0001,2049.0,119.52703857421875,1.9368385076522827
0.0001,2050.0,119.52702331542969,1.9367964267730713
0.0001,2051.0,119.52701568603516,1.9367544651031494
0.0001,2052.0,119.5270004272461,1.9367120265960693
0.0001,2053.0,119.52698516845703,1.936669945716858
0.0001,2054.0,119.52696228027344,1.9366281032562256
0.0001,2055.0,119.52694702148438,1.9365860223770142
0.0001,2056.0,119.52693176269531,1.9365441799163818
0.0001,2057.0,119.52692413330078,1.9365020990371704
0.0001,2058.0,119.52690887451172,1.9364607334136963
0.0001,2059.0,119.52688598632812,1.936418890953064
0.0001,2060.0,119.5268783569336,1.9363771677017212
0.0001,2061.0,119.52686309814453,1.936335802078247
0.0001,2062.0,119.52685546875,1.9362941980361938
0.0001,2063.0,119.52682495117188,1.9362525939941406
0.0001,2064.0,119.52681732177734,1.936211347579956
0.0001,2065.0,119.52680206298828,1.9361693859100342
0.0001,2066.0,119.52679443359375,1.9361283779144287
0.0001,2067.0,119.52677154541016,1.9360872507095337
0.0001,2068.0,119.52676391601562,1.9360456466674805
0.0001,2069.0,119.52674865722656,1.936004638671875
0.0001,2070.0,119.52674102783203,1.9359632730484009
0.0001,2071.0,119.5267105102539,1.9359222650527954
0.0001,2072.0,119.52670288085938,1.9358810186386108
0.0001,2073.0,119.52668762207031,1.9358402490615845
0.0001,2074.0,119.52666473388672,1.935799241065979
0.0001,2075.0,119.52664947509766,1.9357582330703735
0.0001,2076.0,119.52664184570312,1.9357175827026367
0.0001,2077.0,119.52662658691406,1.9356765747070312
0.0001,2078.0,119.526611328125,1.9356359243392944
0.0001,2079.0,119.52660369873047,1.935595154762268
0.0001,2080.0,119.52658081054688,1.9355545043945312
0.0001,2081.0,119.52656555175781,1.9355138540267944
0.0001,2082.0,119.52655792236328,1.9354734420776367
0.0001,2083.0,119.52654266357422,1.9354327917099
0.0001,2084.0,119.52652740478516,1.9353923797607422
0.0001,2085.0,119.52651977539062,1.935352087020874
0.0001,2086.0,119.52649688720703,1.9353119134902954
0.0001,2087.0,119.52648162841797,1.9352712631225586
0.0001,2088.0,119.52647399902344,1.9352312088012695
0.0001,2089.0,119.52645111083984,1.9351909160614014
0.0001,2090.0,119.52644348144531,1.9351511001586914
0.0001,2091.0,119.52642059326172,1.9351108074188232
0.0001,2092.0,119.52641296386719,1.9350707530975342
0.0001,2093.0,119.52640533447266,1.9350306987762451
0.0001,2094.0,119.52638244628906,1.9349908828735352
0.0001,2095.0,119.52637481689453,1.9349510669708252
0.0001,2096.0,119.52635955810547,1.9349111318588257
0.0001,2097.0,119.5263442993164,1.9348710775375366
0.0001,2098.0,119.52633666992188,1.9348312616348267
0.0001,2099.0,119.52631378173828,1.9347918033599854
0.0001,2100.0,119.52630615234375,1.9347518682479858
0.0001,2101.0,119.52628326416016,1.9347124099731445
0.0001,2102.0,119.52627563476562,1.9346730709075928
0.0001,2103.0,119.52626037597656,1.934633493423462
0.0001,2104.0,119.52625274658203,1.9345937967300415
0.0001,2105.0,119.52622985839844,1.9345546960830688
0.0001,2106.0,119.5262222290039,1.9345152378082275
0.0001,2107.0,119.52619934082031,1.9344758987426758
0.0001,2108.0,119.52619171142578,1.934436559677124
0.0001,2109.0,119.52618408203125,1.9343973398208618
0.0001,2110.0,119.52616882324219,1.93435800075531
0.0001,2111.0,119.52615356445312,1.9343194961547852
0.0001,2112.0,119.52613067626953,1.9342801570892334
0.0001,2113.0,119.52613067626953,1.9342410564422607
0.0001,2114.0,119.52611541748047,1.9342021942138672
0.0001,2115.0,119.52610778808594,1.9341628551483154
0.0001,2116.0,119.52608489990234,1.934124231338501
0.0001,2117.0,119.52606964111328,1.9340856075286865
0.0001,2118.0,119.52606201171875,1.934046745300293
0.0001,2119.0,119.52603912353516,1.934008002281189
0.0001,2120.0,119.52603149414062,1.933969497680664
0.0001,2121.0,119.52600860595703,1.9339306354522705
0.0001,2122.0,119.5260009765625,1.9338918924331665
0.0001,2123.0,119.52599334716797,1.9338537454605103
0.0001,2124.0,119.52598571777344,1.9338150024414062
0.0001,2125.0,119.52596282958984,1.933776617050171
0.0001,2126.0,119.52595520019531,1.933738350868225
0.0001,2127.0,119.52593994140625,1.9336998462677002
0.0001,2128.0,119.52591705322266,1.933661699295044
0.0001,2129.0,119.52591705322266,1.9336236715316772
0.0001,2130.0,119.52589416503906,1.9335849285125732
0.0001,2131.0,119.52588653564453,1.9335472583770752
0.0001,2132.0,119.52587127685547,1.933509111404419
0.0001,2133.0,119.5258560180664,1.9334709644317627
0.0001,2134.0,119.52584838867188,1.9334328174591064
0.0001,2135.0,119.52583312988281,1.9333947896957397
0.0001,2136.0,119.52582550048828,1.9333568811416626
0.0001,2137.0,119.52581024169922,1.933319330215454
0.0001,2138.0,119.52578735351562,1.9332811832427979
0.0001,2139.0,119.5257797241211,1.933243989944458
0.0001,2140.0,119.52577209472656,1.9332056045532227
0.0001,2141.0,119.52574920654297,1.9331681728363037
0.0001,2142.0,119.52574157714844,1.9331302642822266
0.0001,2143.0,119.5257339477539,1.9330928325653076
0.0001,2144.0,119.52571105957031,1.9330555200576782
0.0001,2145.0,119.52571105957031,1.9330179691314697
0.0001,2146.0,119.52568817138672,1.9329805374145508
0.0001,2147.0,119.52567291259766,1.9329429864883423
0.0001,2148.0,119.52567291259766,1.9329055547714233
0.0001,2149.0,119.52565002441406,1.9328683614730835
0.0001,2150.0,119.52564239501953,1.9328314065933228
0.0001,2151.0,119.525634765625,1.932794213294983
0.0001,2152.0,119.52561950683594,1.932756781578064
0.0001,2153.0,119.52559661865234,1.9327198266983032
0.0001,2154.0,119.52559661865234,1.932682752609253
0.0001,2155.0,119.52558135986328,1.9326457977294922
0.0001,2156.0,119.52556610107422,1.9326086044311523
0.0001,2157.0,119.52555084228516,1.9325714111328125
0.0001,2158.0,119.52555084228516,1.9325348138809204
0.0001,2159.0,119.52552795410156,1.9324979782104492
0.0001,2160.0,119.5255126953125,1.9324613809585571
0.0001,2161.0,119.52550506591797,1.932424545288086
0.0001,2162.0,119.52549743652344,1.9323879480361938
0.0001,2163.0,119.52548217773438,1.9323513507843018
0.0001,2164.0,119.52546691894531,1.9323145151138306
0.0001,2165.0,119.52546691894531,1.9322779178619385
0.0001,2166.0,119.52544403076172,1.9322412014007568
0.0001,2167.0,119.52542877197266,1.9322048425674438
0.0001,2168.0,119.52542114257812,1.9321686029434204
0.0001,2169.0,119.52539825439453,1.9321321249008179
0.0001,2170.0,119.52539825439453,1.9320958852767944
0.0001,2171.0,119.525390625,1.9320595264434814
0.0001,2172.0,119.5253677368164,1.932023286819458
0.0001,2173.0,119.52535247802734,1.9319870471954346
0.0001,2174.0,119.52534484863281,1.931950569152832
0.0001,2175.0,119.52533721923828,1.9319149255752563
0.0001,2176.0,119.52532196044922,1.931878685951233
0.0001,2177.0,119.52531433105469,1.931842565536499
0.0001,2178.0,119.52529907226562,1.9318069219589233
0.0001,2179.0,119.52527618408203,1.931770920753479
0.0001,2180.0,119.52527618408203,1.9317350387573242
0.0001,2181.0,119.5252685546875,1.9316990375518799
0.0001,2182.0,119.52525329589844,1.9316635131835938
0.0001,2183.0,119.5252456665039,1.9316275119781494
0.0001,2184.0,119.52522277832031,1.9315917491912842
0.0001,2185.0,119.52520751953125,1.931555986404419
0.0001,2186.0,119.52519989013672,1.9315204620361328
0.0001,2187.0,119.52519989013672,1.9314849376678467
0.0001,2188.0,119.52518463134766,1.931449294090271
0.0001,2189.0,119.52517700195312,1.931414008140564
0.0001,2190.0,119.52516174316406,1.9313783645629883
0.0001,2191.0,119.52513885498047,1.9313428401947021
0.0001,2192.0,119.52513122558594,1.9313074350357056
0.0001,2193.0,119.52511596679688,1.931272268295288
0.0001,2194.0,119.52510833740234,1.9312372207641602
0.0001,2195.0,119.52510833740234,1.9312019348144531
0.0001,2196.0,119.52509307861328,1.931166648864746
0.0001,2197.0,119.52507781982422,1.9311316013336182
0.0001,2198.0,119.52507019042969,1.9310963153839111
0.0001,2199.0,119.52505493164062,1.9310615062713623
0.0001,2200.0,119.5250473022461,1.9310264587402344
0.0001,2201.0,119.52503204345703,1.930991530418396
0.0001,2202.0,119.52501678466797,1.9309566020965576
0.0001,2203.0,119.52500915527344,1.9309215545654297
0.0001,2204.0,119.52499389648438,1.9308868646621704
0.0001,2205.0,119.52498626708984,1.9308525323867798
0.0001,2206.0,119.52497100830078,1.9308172464370728
0.0001,2207.0,119.52495574951172,1.9307825565338135
0.0001,2208.0,119.52494812011719,1.9307482242584229
0.0001,2209.0,119.52493286132812,1.930713415145874
0.0001,2210.0,119.5249252319336,1.9306787252426147
0.0001,2211.0,119.52490997314453,1.9306443929672241
0.0001,2212.0,119.52490997314453,1.9306100606918335
0.0001,2213.0,119.52490234375,1.9305756092071533
0.0001,2214.0,119.52489471435547,1.9305408000946045
0.0001,2215.0,119.5248794555664,1.930506706237793
0.0001,2216.0,119.52487182617188,1.9304723739624023
0.0001,2217.0,119.52485656738281,1.9304380416870117
0.0001,2218.0,119.52484130859375,1.9304040670394897
0.0001,2219.0,119.52483367919922,1.9303699731826782
0.0001,2220.0,119.52481842041016,1.9303356409072876
0.0001,2221.0,119.5248031616211,1.9303014278411865
0.0001,2222.0,119.52478790283203,1.930267333984375
0.0001,2223.0,119.5247802734375,1.930233359336853
0.0001,2224.0,119.52476501464844,1.930199384689331
0.0001,2225.0,119.52476501464844,1.9301655292510986
0.0001,2226.0,119.52474975585938,1.9301316738128662
0.0001,2227.0,119.52473449707031,1.9300979375839233
0.0001,2228.0,119.52472686767578,1.9300638437271118
0.0001,2229.0,119.52471923828125,1.9300304651260376
0.0001,2230.0,119.52471160888672,1.9299962520599365
0.0001,2231.0,119.52469635009766,1.9299631118774414
0.0001,2232.0,119.5246810913086,1.9299293756484985
0.0001,2233.0,119.5246810913086,1.9298957586288452
0.0001,2234.0,119.52466583251953,1.9298620223999023
0.0001,2235.0,119.524658203125,1.929828405380249
0.0001,2236.0,119.52465057373047,1.929795265197754
0.0001,2237.0,119.5246353149414,1.9297616481781006
0.0001,2238.0,119.52462005615234,1.9297282695770264
0.0001,2239.0,119.52461242675781,1.9296953678131104
0.0001,2240.0,119.52459716796875,1.929661750793457
0.0001,2241.0,119.52458953857422,1.9296287298202515
0.0001,2242.0,119.52458190917969,1.9295952320098877
0.0001,2243.0,119.52456665039062,1.9295622110366821
0.0001,2244.0,119.52456665039062,1.929528832435608
0.0001,2245.0,119.52455139160156,1.9294960498809814
0.0001,2246.0,119.5245361328125,1.9294630289077759
0.0001,2247.0,119.52452087402344,1.9294302463531494
0.0001,2248.0,119.52452087402344,1.9293969869613647
0.0001,2249.0,119.52450561523438,1.9293642044067383
0.0001,2250.0,119.52449798583984,1.9293311834335327
0.0001,2251.0,119.52449035644531,1.9292984008789062
0.0001,2252.0,119.52448272705078,1.9292656183242798
0.0001,2253.0,119.52445983886719,1.9292329549789429
0.0001,2254.0,119.52445220947266,1.9292001724243164
0.0001,2255.0,119.52444458007812,1.9291675090789795
0.0001,2256.0,119.5244369506836,1.9291349649429321
0.0001,2257.0,119.52442932128906,1.9291023015975952
0.0001,2258.0,119.52440643310547,1.9290697574615479
0.0001,2259.0,119.52439880371094,1.9290368556976318
0.0001,2260.0,119.5243911743164,1.929004430770874
0.0001,2261.0,119.5243911743164,1.9289722442626953
0.0001,2262.0,119.52437591552734,1.9289398193359375
0.0001,2263.0,119.52436065673828,1.9289076328277588
0.0001,2264.0,119.52434539794922,1.9288755655288696
0.0001,2265.0,119.52434539794922,1.9288431406021118
0.0001,2266.0,119.52433776855469,1.928810715675354
0.0001,2267.0,119.52432250976562,1.9287786483764648
0.0001,2268.0,119.52430725097656,1.9287464618682861
0.0001,2269.0,119.52430725097656,1.928714394569397
0.0001,2270.0,119.5242919921875,1.9286823272705078
0.0001,2271.0,119.52428436279297,1.9286504983901978
0.0001,2272.0,119.5242691040039,1.9286184310913086
0.0001,2273.0,119.52426147460938,1.9285863637924194
0.0001,2274.0,119.52425384521484,1.928554892539978
0.0001,2275.0,119.52424621582031,1.9285227060317993
0.0001,2276.0,119.52422332763672,1.9284909963607788
0.0001,2277.0,119.52422332763672,1.9284589290618896
0.0001,2278.0,119.52421569824219,1.9284274578094482
0.0001,2279.0,119.52420806884766,1.9283958673477173
0.0001,2280.0,119.52418518066406,1.9283640384674072
0.0001,2281.0,119.52418518066406,1.9283323287963867
0.0001,2282.0,119.52417755126953,1.9283010959625244
0.0001,2283.0,119.52416229248047,1.9282691478729248
0.0001,2284.0,119.52415466308594,1.9282379150390625
0.0001,2285.0,119.5241470336914,1.928206443786621
0.0001,2286.0,119.52412414550781,1.9281752109527588
0.0001,2287.0,119.52412414550781,1.9281431436538696
0.0001,2288.0,119.52411651611328,1.9281120300292969
0.0001,2289.0,119.52411651611328,1.9280809164047241
0.0001,2290.0,119.52409362792969,1.9280496835708618
0.0001,2291.0,119.52408599853516,1.92801833152771
0.0001,2292.0,119.52407836914062,1.9279873371124268
0.0001,2293.0,119.52406311035156,1.927956223487854
0.0001,2294.0,119.52405548095703,1.9279251098632812
0.0001,2295.0,119.52405548095703,1.9278939962387085
0.0001,2296.0,119.52404022216797,1.9278627634048462
0.0001,2297.0,119.52403259277344,1.927832007408142
0.0001,2298.0,119.52401733398438,1.9278013706207275
0.0001,2299.0,119.52400970458984,1.9277700185775757
0.0001,2300.0,119.52400970458984,1.927739143371582
0.0001,2301.0,119.52398681640625,1.9277082681655884
0.0001,2302.0,119.52398681640625,1.9276775121688843
0.0001,2303.0,119.52397918701172,1.9276468753814697
0.0001,2304.0,119.52395629882812,1.9276158809661865
0.0001,2305.0,119.52395629882812,1.9275853633880615
0.0001,2306.0,119.52394104003906,1.9275548458099365
0.0001,2307.0,119.52394104003906,1.9275239706039429
0.0001,2308.0,119.52393341064453,1.927493691444397
0.0001,2309.0,119.52391815185547,1.9274629354476929
0.0001,2310.0,119.52391052246094,1.9274324178695679
0.0001,2311.0,119.52389526367188,1.927402138710022
0.0001,2312.0,119.52388763427734,1.927371621131897
0.0001,2313.0,119.52388763427734,1.9273414611816406
0.0001,2314.0,119.52387237548828,1.9273111820220947
0.0001,2315.0,119.52386474609375,1.9272807836532593
0.0001,2316.0,119.52384948730469,1.9272505044937134
0.0001,2317.0,119.52384185791016,1.927220344543457
0.0001,2318.0,119.5238265991211,1.9271900653839111
0.0001,2319.0,119.52381896972656,1.9271600246429443
0.0001,2320.0,119.5238037109375,1.927130103111267
0.0001,2321.0,119.52381134033203,1.9270999431610107
0.0001,2322.0,119.5238037109375,1.927069902420044
0.0001,2323.0,119.52378845214844,1.9270397424697876
0.0001,2324.0,119.5237808227539,1.9270098209381104
0.0001,2325.0,119.52376556396484,1.9269800186157227
0.0001,2326.0,119.52375793457031,1.9269500970840454
0.0001,2327.0,119.52375030517578,1.9269202947616577
0.0001,2328.0,119.52375030517578,1.9268906116485596
0.0001,2329.0,119.52372741699219,1.926861047744751
0.0001,2330.0,119.52372741699219,1.9268310070037842
0.0001,2331.0,119.52371978759766,1.926801085472107
0.0001,2332.0,119.52371215820312,1.9267715215682983
0.0001,2333.0,119.52369689941406,1.9267419576644897
0.0001,2334.0,119.52368927001953,1.9267123937606812
0.0001,2335.0,119.523681640625,1.9266828298568726
0.0001,2336.0,119.52367401123047,1.926653504371643
0.0001,2337.0,119.5236587524414,1.9266239404678345
0.0001,2338.0,119.5236587524414,1.9265944957733154
0.0001,2339.0,119.52364349365234,1.926565170288086
0.0001,2340.0,119.52364349365234,1.9265358448028564
0.0001,2341.0,119.52362823486328,1.9265066385269165
0.0001,2342.0,119.52362823486328,1.926477074623108
0.0001,2343.0,119.52361297607422,1.926448106765747
0.0001,2344.0,119.52359771728516,1.9264189004898071
0.0001,2345.0,119.52359771728516,1.9263896942138672
0.0001,2346.0,119.5235824584961,1.9263603687286377
0.0001,2347.0,119.52357482910156,1.9263315200805664
0.0001,2348.0,119.52356719970703,1.9263023138046265
0.0001,2349.0,119.5235595703125,1.9262733459472656
0.0001,2350.0,119.52354431152344,1.9262441396713257
0.0001,2351.0,119.5235366821289,1.926215410232544
0.0001,2352.0,119.52352905273438,1.9261865615844727
0.0001,2353.0,119.52352142333984,1.9261573553085327
0.0001,2354.0,119.52352142333984,1.9261291027069092
0.0001,2355.0,119.52349853515625,1.9261000156402588
0.0001,2356.0,119.52350616455078,1.9260711669921875
0.0001,2357.0,119.52349090576172,1.9260423183441162
0.0001,2358.0,119.52347564697266,1.9260141849517822
0.0001,2359.0,119.52347564697266,1.925985336303711
0.0001,2360.0,119.52346801757812,1.9259564876556396
0.0001,2361.0,119.52344512939453,1.9259278774261475
0.0001,2362.0,119.52345275878906,1.9258995056152344
0.0001,2363.0,119.5234375,1.925870656967163
0.0001,2364.0,119.5234375,1.925842523574829
0.0001,2365.0,119.52342224121094,1.9258140325546265
0.0001,2366.0,119.5234146118164,1.9257856607437134
0.0001,2367.0,119.52340698242188,1.9257571697235107
0.0001,2368.0,119.52339935302734,1.9257287979125977
0.0001,2369.0,119.52338409423828,1.9257005453109741
0.0001,2370.0,119.52338409423828,1.9256722927093506
0.0001,2371.0,119.52337646484375,1.9256441593170166
0.0001,2372.0,119.52336120605469,1.925615906715393
0.0001,2373.0,119.52336120605469,1.9255880117416382
0.0001,2374.0,119.52334594726562,1.925559639930725
0.0001,2375.0,119.5233383178711,1.9255316257476807
0.0001,2376.0,119.5233383178711,1.9255034923553467
0.0001,2377.0,119.52332305908203,1.9254757165908813
0.0001,2378.0,119.5233154296875,1.9254474639892578
0.0001,2379.0,119.52330780029297,1.925419569015503
0.0001,2380.0,119.52330017089844,1.9253919124603271
0.0001,2381.0,119.5232925415039,1.9253638982772827
0.0001,2382.0,119.52328491210938,1.9253358840942383
0.0001,2383.0,119.52327728271484,1.9253082275390625
0.0001,2384.0,119.52326965332031,1.9252805709838867
0.0001,2385.0,119.52324676513672,1.9252526760101318
0.0001,2386.0,119.52325439453125,1.9252252578735352
0.0001,2387.0,119.52324676513672,1.9251976013183594
0.0001,2388.0,119.52322387695312,1.9251697063446045
0.0001,2389.0,119.52323150634766,1.925142526626587
0.0001,2390.0,119.52322387695312,1.9251149892807007
0.0001,2391.0,119.52320861816406,1.925087332725525
0.0001,2392.0,119.523193359375,1.9250596761703491
0.0001,2393.0,119.52320098876953,1.9250322580337524
0.0001,2394.0,119.52318572998047,1.9250047206878662
0.0001,2395.0,119.52317810058594,1.9249775409698486
0.0001,2396.0,119.52316284179688,1.924950361251831
0.0001,2397.0,119.52316284179688,1.9249229431152344
0.0001,2398.0,119.52315521240234,1.9248952865600586
0.0001,2399.0,119.52314758300781,1.9248683452606201
0.0001,2400.0,119.52313995361328,1.9248409271240234
0.0001,2401.0,119.52313232421875,1.9248138666152954
0.0001,2402.0,119.52312469482422,1.9247868061065674
0.0001,2403.0,119.52311706542969,1.9247596263885498
0.0001,2404.0,119.52310943603516,1.9247324466705322
0.0001,2405.0,119.5230941772461,1.9247057437896729
0.0001,2406.0,119.52310180664062,1.9246785640716553
0.0001,2407.0,119.52308654785156,1.9246517419815063
0.0001,2408.0,119.5230712890625,1.9246246814727783
0.0001,2409.0,119.52306365966797,1.9245977401733398
0.0001,2410.0,119.52305603027344,1.9245710372924805
0.0001,2411.0,119.52305603027344,1.924544095993042
0.0001,2412.0,119.5230484008789,1.924517273902893
0.0001,2413.0,119.52304077148438,1.9244905710220337
0.0001,2414.0,119.52303314208984,1.9244639873504639
0.0001,2415.0,119.52302551269531,1.9244372844696045
0.0001,2416.0,119.52302551269531,1.9244105815887451
0.0001,2417.0,119.52301025390625,1.9243841171264648
0.0001,2418.0,119.52300262451172,1.9243574142456055
0.0001,2419.0,119.52298736572266,1.924330711364746
0.0001,2420.0,119.52297973632812,1.9243042469024658
0.0001,2421.0,119.5229721069336,1.924277663230896
0.0001,2422.0,119.52296447753906,1.9242513179779053
0.0001,2423.0,119.52296447753906,1.924224853515625
0.0001,2424.0,119.52295684814453,1.9241983890533447
0.0001,2425.0,119.52294921875,1.924172043800354
0.0001,2426.0,119.52294158935547,1.9241454601287842
0.0001,2427.0,119.5229263305664,1.9241195917129517
0.0001,2428.0,119.52291870117188,1.9240928888320923
0.0001,2429.0,119.52291107177734,1.9240669012069702
0.0001,2430.0,119.52291107177734,1.9240411520004272
0.0001,2431.0,119.52290344238281,1.9240144491195679
0.0001,2432.0,119.52289581298828,1.9239885807037354
0.0001,2433.0,119.52289581298828,1.9239623546600342
0.0001,2434.0,119.52288818359375,1.9239366054534912
0.0001,2435.0,119.52287292480469,1.9239104986190796
0.0001,2436.0,119.52286529541016,1.923884391784668
0.0001,2437.0,119.52285766601562,1.923858404159546
0.0001,2438.0,119.5228500366211,1.9238325357437134
0.0001,2439.0,119.52284240722656,1.9238065481185913
0.0001,2440.0,119.52284240722656,1.9237810373306274
0.0001,2441.0,119.52283477783203,1.9237549304962158
0.0001,2442.0,119.5228271484375,1.9237293004989624
0.0001,2443.0,119.52281951904297,1.9237034320831299
0.0001,2444.0,119.52281188964844,1.923677682876587
0.0001,2445.0,119.5228042602539,1.9236520528793335
0.0001,2446.0,119.52279663085938,1.9236263036727905
0.0001,2447.0,119.52278900146484,1.9236009120941162
0.0001,2448.0,119.52277374267578,1.9235751628875732
0.0001,2449.0,119.52277374267578,1.9235492944717407
0.0001,2450.0,119.52276611328125,1.9235241413116455
0.0001,2451.0,119.52275848388672,1.923498511314392
0.0001,2452.0,119.52275085449219,1.9234731197357178
0.0001,2453.0,119.52273559570312,1.923447608947754
0.0001,2454.0,119.52273559570312,1.9234222173690796
0.0001,2455.0,119.5227279663086,1.9233968257904053
0.0001,2456.0,119.52272033691406,1.92337167263031
0.0001,2457.0,119.52271270751953,1.9233462810516357
0.0001,2458.0,119.522705078125,1.9233207702636719
0.0001,2459.0,119.52269744873047,1.9232956171035767
0.0001,2460.0,119.52268981933594,1.923270583152771
0.0001,2461.0,119.5226821899414,1.9232451915740967
0.0001,2462.0,119.5226821899414,1.9232202768325806
0.0001,2463.0,119.52266693115234,1.9231948852539062
0.0001,2464.0,119.52265930175781,1.9231700897216797
0.0001,2465.0,119.52265930175781,1.9231449365615845
0.0001,2466.0,119.52265167236328,1.9231199026107788
0.0001,2467.0,119.52264404296875,1.9230949878692627
0.0001,2468.0,119.52263641357422,1.923069715499878
0.0001,2469.0,119.52262878417969,1.9230451583862305
0.0001,2470.0,119.52262115478516,1.923020362854004
0.0001,2471.0,119.52262115478516,1.9229953289031982
0.0001,2472.0,119.52261352539062,1.9229705333709717
0.0001,2473.0,119.52259826660156,1.9229456186294556
0.0001,2474.0,119.52259826660156,1.9229211807250977
0.0001,2475.0,119.52259063720703,1.922896146774292
0.0001,2476.0,119.5225830078125,1.9228713512420654
0.0001,2477.0,119.5225830078125,1.922846794128418
0.0001,2478.0,119.52256774902344,1.9228222370147705
0.0001,2479.0,119.52256774902344,1.922797441482544
0.0001,2480.0,119.5225601196289,1.922773003578186
0.0001,2481.0,119.5225601196289,1.922748327255249
0.0001,2482.0,119.52255249023438,1.9227240085601807
0.0001,2483.0,119.52253723144531,1.9226995706558228
0.0001,2484.0,119.52253723144531,1.9226748943328857
0.0001,2485.0,119.52252960205078,1.9226505756378174
0.0001,2486.0,119.52251434326172,1.9226264953613281
0.0001,2487.0,119.52250671386719,1.9226019382476807
0.0001,2488.0,119.52250671386719,1.9225778579711914
0.0001,2489.0,119.52249908447266,1.922553300857544
0.0001,2490.0,119.52249145507812,1.922528862953186
0.0001,2491.0,119.5224838256836,1.9225047826766968
0.0001,2492.0,119.5224838256836,1.922480821609497
0.0001,2493.0,119.52247619628906,1.9224563837051392
0.0001,2494.0,119.52247619628906,1.922432541847229
0.0001,2495.0,119.5224609375,1.9224083423614502
0.0001,2496.0,119.52245330810547,1.9223840236663818
0.0001,2497.0,119.5224380493164,1.9223600625991821
0.0001,2498.0,119.5224380493164,1.9223359823226929
0.0001,2499.0,119.52243041992188,1.9223120212554932
0.0001,2500.0,119.52243041992188,1.922288179397583
0.0001,2501.0,119.52243041992188,1.9222644567489624
0.0001,2502.0,119.52241516113281,1.9222402572631836
0.0001,2503.0,119.52241516113281,1.9222164154052734
0.0001,2504.0,119.52239227294922,1.9221928119659424
0.0001,2505.0,119.52239227294922,1.9221689701080322
0.0001,2506.0,119.52238464355469,1.922144889831543
0.0001,2507.0,119.52238464355469,1.9221214056015015
0.0001,2508.0,119.52238464355469,1.9220974445343018
0.0001,2509.0,119.52236938476562,1.9220739603042603
0.0001,2510.0,119.5223617553711,1.9220504760742188
0.0001,2511.0,119.52235412597656,1.9220266342163086
0.0001,2512.0,119.52234649658203,1.9220033884048462
0.0001,2513.0,119.52234649658203,1.9219796657562256
0.0001,2514.0,119.52234649658203,1.9219558238983154
0.0001,2515.0,119.5223388671875,1.9219324588775635
0.0001,2516.0,119.52232360839844,1.921908974647522
0.0001,2517.0,119.52232360839844,1.9218857288360596
0.0001,2518.0,119.52230834960938,1.921862244606018
0.0001,2519.0,119.52230834960938,1.9218385219573975
0.0001,2520.0,119.52230834960938,1.921815276145935
0.0001,2521.0,119.52228546142578,1.9217920303344727
0.0001,2522.0,119.52228546142578,1.9217687845230103
0.0001,2523.0,119.52228546142578,1.9217456579208374
0.0001,2524.0,119.52228546142578,1.9217220544815063
0.0001,2525.0,119.52227020263672,1.9216992855072021
0.0001,2526.0,119.52226257324219,1.9216760396957397
0.0001,2527.0,119.52225494384766,1.9216530323028564
0.0001,2528.0,119.52225494384766,1.9216296672821045
0.0001,2529.0,119.52224731445312,1.9216066598892212
0.0001,2530.0,119.52223205566406,1.9215834140777588
0.0001,2531.0,119.52223205566406,1.9215606451034546
0.0001,2532.0,119.52223205566406,1.9215377569198608
0.0001,2533.0,119.52222442626953,1.9215147495269775
0.0001,2534.0,119.52220916748047,1.9214918613433838
0.0001,2535.0,119.52220916748047,1.9214684963226318
0.0001,2536.0,119.52220153808594,1.9214460849761963
0.0001,2537.0,119.52220153808594,1.9214227199554443
0.0001,2538.0,119.52218627929688,1.9214003086090088
0.0001,2539.0,119.52217864990234,1.921377182006836
0.0001,2540.0,119.52217864990234,1.9213546514511108
0.0001,2541.0,119.52217864990234,1.9213320016860962
0.0001,2542.0,119.52216339111328,1.921309471130371
0.0001,2543.0,119.52216339111328,1.9212868213653564
0.0001,2544.0,119.52216339111328,1.9212639331817627
0.0001,2545.0,119.52214813232422,1.9212415218353271
0.0001,2546.0,119.52214050292969,1.9212186336517334
0.0001,2547.0,119.52213287353516,1.9211962223052979
0.0001,2548.0,119.52213287353516,1.9211736917495728
0.0001,2549.0,119.5221176147461,1.921150803565979
0.0001,2550.0,119.5221176147461,1.9211286306381226
0.0001,2551.0,119.5221176147461,1.9211061000823975
0.0001,2552.0,119.5221176147461,1.921083688735962
0.0001,2553.0,119.52210235595703,1.9210612773895264
0.0001,2554.0,119.52210235595703,1.921039342880249
0.0001,2555.0,119.52210235595703,1.9210166931152344
0.0001,2556.0,119.52208709716797,1.920994520187378
0.0001,2557.0,119.52207946777344,1.920972466468811
0.0001,2558.0,119.5220718383789,1.920949935913086
0.0001,2559.0,119.52206420898438,1.9209277629852295
0.0001,2560.0,119.52205657958984,1.9209057092666626
0.0001,2561.0,119.52205657958984,1.9208835363388062
0.0001,2562.0,119.52204132080078,1.9208614826202393
0.0001,2563.0,119.52204132080078,1.9208390712738037
0.0001,2564.0,119.52204132080078,1.9208173751831055
0.0001,2565.0,119.52202606201172,1.920795202255249
0.0001,2566.0,119.52202606201172,1.920772910118103
0.0001,2567.0,119.52202606201172,1.9207512140274048
0.0001,2568.0,119.52201080322266,1.9207292795181274
0.0001,2569.0,119.52201080322266,1.92070734500885
0.0001,2570.0,119.52201080322266,1.9206851720809937
0.0001,2571.0,119.52200317382812,1.9206634759902954
0.0001,2572.0,119.52200317382812,1.9206416606903076
0.0001,2573.0,119.52198791503906,1.9206197261810303
0.0001,2574.0,119.52198791503906,1.920597791671753
0.0001,2575.0,119.52198028564453,1.9205760955810547
0.0001,2576.0,119.52197265625,1.920554518699646
0.0001,2577.0,119.52196502685547,1.9205329418182373
0.0001,2578.0,119.52196502685547,1.92051100730896
0.0001,2579.0,119.5219497680664,1.9204895496368408
0.0001,2580.0,119.5219497680664,1.9204679727554321
0.0001,2581.0,119.52193450927734,1.9204463958740234
0.0001,2582.0,119.52193450927734,1.9204246997833252
0.0001,2583.0,119.52194213867188,1.9204031229019165
0.0001,2584.0,119.52192687988281,1.920381784439087
0.0001,2585.0,119.52192687988281,1.9203602075576782
0.0001,2586.0,119.52191162109375,1.9203386306762695
0.0001,2587.0,119.52191162109375,1.92031729221344
0.0001,2588.0,119.52189636230469,1.9202959537506104
0.0001,2589.0,119.52189636230469,1.9202744960784912
0.0001,2590.0,119.52190399169922,1.9202533960342407
0.0001,2591.0,119.52188873291016,1.9202320575714111
0.0001,2592.0,119.52188873291016,1.920210599899292
0.0001,2593.0,119.5218734741211,1.9201894998550415
0.0001,2594.0,119.5218734741211,1.9201682806015015
0.0001,2595.0,119.52186584472656,1.9201469421386719
0.0001,2596.0,119.52186584472656,1.9201257228851318
0.0001,2597.0,119.52186584472656,1.9201046228408813
0.0001,2598.0,119.5218505859375,1.9200832843780518
0.0001,2599.0,119.5218505859375,1.9200624227523804
0.0001,2600.0,119.52184295654297,1.9200413227081299
0.0001,2601.0,119.52184295654297,1.9200201034545898
0.0001,2602.0,119.5218276977539,1.919999122619629
0.0001,2603.0,119.5218276977539,1.919978380203247
0.0001,2604.0,119.52182006835938,1.9199575185775757
0.0001,2605.0,119.52182006835938,1.9199365377426147
0.0001,2606.0,119.52180480957031,1.9199151992797852
0.0001,2607.0,119.52180480957031,1.9198945760726929
0.0001,2608.0,119.52179718017578,1.919873595237732
0.0001,2609.0,119.52179718017578,1.91985285282135
0.0001,2610.0,119.52178192138672,1.9198322296142578
0.0001,2611.0,119.52178955078125,1.919811487197876
0.0001,2612.0,119.52178192138672,1.919790267944336
0.0001,2613.0,119.52177429199219,1.9197696447372437
0.0001,2614.0,119.52176666259766,1.9197490215301514
0.0001,2615.0,119.52176666259766,1.9197285175323486
0.0001,2616.0,119.52175903320312,1.9197076559066772
0.0001,2617.0,119.5217514038086,1.9196869134902954
0.0001,2618.0,119.5217514038086,1.9196666479110718
0.0001,2619.0,119.52174377441406,1.91964590549469
0.0001,2620.0,119.52173614501953,1.9196255207061768
0.0001,2621.0,119.52173614501953,1.9196048974990845
0.0001,2622.0,119.52172088623047,1.9195846319198608
0.0001,2623.0,119.521728515625,1.9195636510849
0.0001,2624.0,119.52171325683594,1.9195435047149658
0.0001,2625.0,119.52171325683594,1.9195234775543213
0.0001,2626.0,119.5217056274414,1.91950261592865
0.0001,2627.0,119.5217056274414,1.9194819927215576
0.0001,2628.0,119.52169799804688,1.919461965560913
0.0001,2629.0,119.52169799804688,1.919441819190979
0.0001,2630.0,119.52168273925781,1.9194217920303345
0.0001,2631.0,119.52169036865234,1.9194015264511108
0.0001,2632.0,119.52167510986328,1.9193809032440186
0.0001,2633.0,119.52166748046875,1.919360876083374
0.0001,2634.0,119.52166748046875,1.91934072971344
0.0001,2635.0,119.52165985107422,1.9193203449249268
0.0001,2636.0,119.52165985107422,1.9193003177642822
0.0001,2637.0,119.52164459228516,1.9192804098129272
0.0001,2638.0,119.52165222167969,1.919260025024414
0.0001,2639.0,119.52163696289062,1.9192402362823486
0.0001,2640.0,119.52164459228516,1.919220209121704
0.0001,2641.0,119.5216293334961,1.9192001819610596
0.0001,2642.0,119.52162170410156,1.9191802740097046
0.0001,2643.0,119.52162170410156,1.9191601276397705
0.0001,2644.0,119.52161407470703,1.9191404581069946
0.0001,2645.0,119.52161407470703,1.9191205501556396
0.0001,2646.0,119.5216064453125,1.9191007614135742
0.0001,2647.0,119.52159118652344,1.9190807342529297
0.0001,2648.0,119.52159881591797,1.9190610647201538
0.0001,2649.0,119.5215835571289,1.9190412759780884
0.0001,2650.0,119.52159118652344,1.9190216064453125
0.0001,2651.0,119.5215835571289,1.919001817703247
0.0001,2652.0,119.52157592773438,1.9189821481704712
0.0001,2653.0,119.52157592773438,1.9189624786376953
0.0001,2654.0,119.52156829833984,1.9189426898956299
0.0001,2655.0,119.52156829833984,1.9189231395721436
0.0001,2656.0,119.52156066894531,1.9189035892486572
0.0001,2657.0,119.52155303955078,1.9188839197158813
0.0001,2658.0,119.52155303955078,1.9188640117645264
0.0001,2659.0,119.52154541015625,1.9188448190689087
0.0001,2660.0,119.52153778076172,1.9188251495361328
0.0001,2661.0,119.52153778076172,1.918805718421936
0.0001,2662.0,119.52153015136719,1.9187864065170288
0.0001,2663.0,119.52151489257812,1.918766975402832
0.0001,2664.0,119.52152252197266,1.9187475442886353
0.0001,2665.0,119.52151489257812,1.918728232383728
0.0001,2666.0,119.52151489257812,1.9187088012695312
0.0001,2667.0,119.5215072631836,1.9186897277832031
0.0001,2668.0,119.52149963378906,1.9186702966690063
0.0001,2669.0,119.52149963378906,1.9186508655548096
0.0001,2670.0,119.52149200439453,1.9186317920684814
0.0001,2671.0,119.52149200439453,1.9186121225357056
0.0001,2672.0,119.521484375,1.918593168258667
0.0001,2673.0,119.521484375,1.9185739755630493
0.0001,2674.0,119.52147674560547,1.9185550212860107
0.0001,2675.0,119.52147674560547,1.918535828590393
0.0001,2676.0,119.52146911621094,1.9185168743133545
0.0001,2677.0,119.5214614868164,1.9184976816177368
0.0001,2678.0,119.52144622802734,1.9184787273406982
0.0001,2679.0,119.52145385742188,1.9184596538543701
0.0001,2680.0,119.52144622802734,1.918440580368042
0.0001,2681.0,119.52143096923828,1.9184213876724243
0.0001,2682.0,119.52143859863281,1.9184026718139648
0.0001,2683.0,119.52143096923828,1.9183833599090576
0.0001,2684.0,119.52143096923828,1.9183647632598877
0.0001,2685.0,119.52142333984375,1.9183456897735596
0.0001,2686.0,119.52142333984375,1.9183269739151
0.0001,2687.0,119.52141571044922,1.9183080196380615
0.0001,2688.0,119.52140808105469,1.9182894229888916
0.0001,2689.0,119.52140808105469,1.918270468711853
0.0001,2690.0,119.52140045166016,1.9182517528533936
0.0001,2691.0,119.52139282226562,1.9182332754135132
0.0001,2692.0,119.52140045166016,1.9182144403457642
0.0001,2693.0,119.52139282226562,1.9181954860687256
0.0001,2694.0,119.52137756347656,1.9181766510009766
0.0001,2695.0,119.52137756347656,1.9181582927703857
0.0001,2696.0,119.52137756347656,1.9181394577026367
0.0001,2697.0,119.52137756347656,1.918121099472046
0.0001,2698.0,119.5213623046875,1.918102502822876
0.0001,2699.0,119.52135467529297,1.9180841445922852
0.0001,2700.0,119.5213623046875,1.9180654287338257
0.0001,2701.0,119.52135467529297,1.9180467128753662
0.0001,2702.0,119.52134704589844,1.918028473854065
0.0001,2703.0,119.5213394165039,1.9180101156234741
0.0001,2704.0,119.5213394165039,1.9179918766021729
0.0001,2705.0,119.52133178710938,1.917973279953003
0.0001,2706.0,119.52133178710938,1.9179550409317017
0.0001,2707.0,119.52132415771484,1.9179365634918213
0.0001,2708.0,119.52133178710938,1.9179179668426514
0.0001,2709.0,119.52132415771484,1.9179000854492188
0.0001,2710.0,119.52131652832031,1.9178816080093384
0.0001,2711.0,119.52130126953125,1.9178632497787476
0.0001,2712.0,119.52129364013672,1.9178451299667358
0.0001,2713.0,119.52130126953125,1.9178270101547241
0.0001,2714.0,119.52129364013672,1.9178087711334229
0.0001,2715.0,119.52129364013672,1.9177906513214111
0.0001,2716.0,119.52128601074219,1.9177719354629517
0.0001,2717.0,119.52129364013672,1.9177544116973877
0.0001,2718.0,119.52128601074219,1.9177360534667969
0.0001,2719.0,119.52127838134766,1.9177181720733643
0.0001,2720.0,119.52127075195312,1.9177000522613525
0.0001,2721.0,119.5212631225586,1.9176819324493408
0.0001,2722.0,119.52127075195312,1.9176641702651978
0.0001,2723.0,119.5212631225586,1.917646050453186
0.0001,2724.0,119.52125549316406,1.917628288269043
0.0001,2725.0,119.52124786376953,1.9176101684570312
0.0001,2726.0,119.521240234375,1.9175922870635986
0.0001,2727.0,119.52123260498047,1.9175745248794556
0.0001,2728.0,119.521240234375,1.9175567626953125
0.0001,2729.0,119.52123260498047,1.9175388813018799
0.0001,2730.0,119.52122497558594,1.9175208806991577
0.0001,2731.0,119.52122497558594,1.9175031185150146
0.0001,2732.0,119.5212173461914,1.917484998703003
0.0001,2733.0,119.52120971679688,1.917467713356018
0.0001,2734.0,119.5212173461914,1.917449712753296
0.0001,2735.0,119.52120971679688,1.9174320697784424
0.0001,2736.0,119.52120208740234,1.9174144268035889
0.0001,2737.0,119.52119445800781,1.917396903038025
0.0001,2738.0,119.52119445800781,1.9173791408538818
0.0001,2739.0,119.52118682861328,1.9173614978790283
0.0001,2740.0,119.52119445800781,1.9173438549041748
0.0001,2741.0,119.52118682861328,1.91732656955719
0.0001,2742.0,119.52118682861328,1.917309045791626
0.0001,2743.0,119.52117919921875,1.917291283607483
0.0001,2744.0,119.52117156982422,1.9172738790512085
0.0001,2745.0,119.52117156982422,1.9172565937042236
0.0001,2746.0,119.52116394042969,1.9172391891479492
0.0001,2747.0,119.52115631103516,1.9172214269638062
0.0001,2748.0,119.52116394042969,1.9172042608261108
0.0001,2749.0,119.52115631103516,1.9171867370605469
0.0001,2750.0,119.52114868164062,1.9171693325042725
0.0001,2751.0,119.5211410522461,1.9171521663665771
0.0001,2752.0,119.5211410522461,1.9171346426010132
0.0001,2753.0,119.52113342285156,1.9171174764633179
0.0001,2754.0,119.52113342285156,1.9171005487442017
0.0001,2755.0,119.52112579345703,1.9170830249786377
0.0001,2756.0,119.5211181640625,1.9170658588409424
0.0001,2757.0,119.52112579345703,1.917048692703247
0.0001,2758.0,119.5211181640625,1.9170315265655518
0.0001,2759.0,119.5211181640625,1.917014479637146
0.0001,2760.0,119.52111053466797,1.916996955871582
0.0001,2761.0,119.52110290527344,1.9169800281524658
0.0001,2762.0,119.52110290527344,1.9169632196426392
0.0001,2763.0,119.5210952758789,1.9169458150863647
0.0001,2764.0,119.5210952758789,1.916929006576538
0.0001,2765.0,119.52108764648438,1.9169120788574219
0.0001,2766.0,119.52108001708984,1.9168949127197266
0.0001,2767.0,119.52107238769531,1.9168777465820312
0.0001,2768.0,119.52107238769531,1.916860818862915
0.0001,2769.0,119.52108001708984,1.9168440103530884
0.0001,2770.0,119.52107238769531,1.9168269634246826
0.0001,2771.0,119.52107238769531,1.9168102741241455
0.0001,2772.0,119.52106475830078,1.9167932271957397
0.0001,2773.0,119.52106475830078,1.9167762994766235
0.0001,2774.0,119.52105712890625,1.916759729385376
0.0001,2775.0,119.52104949951172,1.9167430400848389
0.0001,2776.0,119.52104949951172,1.9167258739471436
0.0001,2777.0,119.52104187011719,1.916709303855896
0.0001,2778.0,119.52104187011719,1.9166927337646484
0.0001,2779.0,119.52103424072266,1.9166759252548218
0.0001,2780.0,119.52102661132812,1.9166589975357056
0.0001,2781.0,119.52102661132812,1.916642427444458
0.0001,2782.0,119.52102661132812,1.9166259765625
0.0001,2783.0,119.5210189819336,1.9166094064712524
0.0001,2784.0,119.52101135253906,1.9165925979614258
0.0001,2785.0,119.52101135253906,1.9165760278701782
0.0001,2786.0,119.52101135253906,1.9165594577789307
0.0001,2787.0,119.52100372314453,1.9165430068969727
0.0001,2788.0,119.52099609375,1.9165265560150146
0.0001,2789.0,119.52099609375,1.9165096282958984
0.0001,2790.0,119.52098846435547,1.9164936542510986
0.0001,2791.0,119.52098846435547,1.9164769649505615
0.0001,2792.0,119.52098846435547,1.9164607524871826
0.0001,2793.0,119.52098083496094,1.916444182395935
0.0001,2794.0,119.5209732055664,1.9164278507232666
0.0001,2795.0,119.52096557617188,1.9164113998413086
0.0001,2796.0,119.5209732055664,1.9163949489593506
0.0001,2797.0,119.52096557617188,1.9163787364959717
0.0001,2798.0,119.52096557617188,1.9163624048233032
0.0001,2799.0,119.52095794677734,1.9163461923599243
0.0001,2800.0,119.52095031738281,1.9163299798965454
0.0001,2801.0,119.52095794677734,1.916313886642456
0.0001,2802.0,119.52095031738281,1.9162973165512085
0.0001,2803.0,119.52094268798828,1.9162811040878296
0.0001,2804.0,119.52094268798828,1.9162648916244507
0.0001,2805.0,119.52093505859375,1.9162489175796509
0.0001,2806.0,119.52093505859375,1.9162328243255615
0.0001,2807.0,119.52093505859375,1.9162168502807617
0.0001,2808.0,119.52092742919922,1.9162006378173828
0.0001,2809.0,119.52091979980469,1.916184425354004
0.0001,2810.0,119.52091979980469,1.916168451309204
0.0001,2811.0,119.52091979980469,1.9161523580551147
0.0001,2812.0,119.52091979980469,1.9161365032196045
0.0001,2813.0,119.52091217041016,1.9161205291748047
0.0001,2814.0,119.52090454101562,1.9161045551300049
0.0001,2815.0,119.52090454101562,1.916088342666626
0.0001,2816.0,119.52090454101562,1.9160724878311157
0.0001,2817.0,119.52090454101562,1.9160566329956055
0.0001,2818.0,119.5208969116211,1.9160407781600952
0.0001,2819.0,119.5208969116211,1.9160248041152954
0.0001,2820.0,119.52088928222656,1.9160091876983643
0.0001,2821.0,119.52088928222656,1.915993332862854
0.0001,2822.0,119.52088928222656,1.9159774780273438
0.0001,2823.0,119.52086639404297,1.9159616231918335
0.0001,2824.0,119.5208740234375,1.9159460067749023
0.0001,2825.0,119.52086639404297,1.9159303903579712
0.0001,2826.0,119.52086639404297,1.915914535522461
0.0001,2827.0,119.52085876464844,1.9158989191055298
0.0001,2828.0,119.52085876464844,1.9158828258514404
0.0001,2829.0,119.52085876464844,1.915867567062378
0.0001,2830.0,119.52085876464844,1.9158518314361572
0.0001,2831.0,119.5208511352539,1.9158360958099365
0.0001,2832.0,119.5208511352539,1.9158207178115845
0.0001,2833.0,119.52084350585938,1.9158048629760742
0.0001,2834.0,119.5208511352539,1.9157896041870117
0.0001,2835.0,119.52084350585938,1.9157741069793701
0.0001,2836.0,119.52082824707031,1.915758728981018
0.0001,2837.0,119.52082824707031,1.915743112564087
0.0001,2838.0,119.52082824707031,1.9157276153564453
0.0001,2839.0,119.52082061767578,1.9157119989395142
0.0001,2840.0,119.52082061767578,1.9156967401504517
0.0001,2841.0,119.52081298828125,1.91568124294281
0.0001,2842.0,119.52082061767578,1.915665864944458
0.0001,2843.0,119.52081298828125,1.9156503677368164
0.0001,2844.0,119.52081298828125,1.915635108947754
0.0001,2845.0,119.52080535888672,1.9156196117401123
0.0001,2846.0,119.52079772949219,1.915604591369629
0.0001,2847.0,119.52079772949219,1.9155890941619873
0.0001,2848.0,119.52079010009766,1.9155737161636353
0.0001,2849.0,119.52079010009766,1.9155588150024414
0.0001,2850.0,119.52079010009766,1.9155433177947998
0.0001,2851.0,119.52079010009766,1.9155282974243164
0.0001,2852.0,119.52079010009766,1.915513038635254
0.0001,2853.0,119.5207748413086,1.9154977798461914
0.0001,2854.0,119.5207748413086,1.9154828786849976
0.0001,2855.0,119.52076721191406,1.915467619895935
0.0001,2856.0,119.52076721191406,1.9154523611068726
0.0001,2857.0,119.52076721191406,1.91543710231781
0.0001,2858.0,119.52076721191406,1.9154220819473267
0.0001,2859.0,119.520751953125,1.915407419204712
0.0001,2860.0,119.520751953125,1.915392279624939
0.0001,2861.0,119.520751953125,1.9153772592544556
0.0001,2862.0,119.520751953125,1.9153621196746826
0.0001,2863.0,119.52074432373047,1.9153473377227783
0.0001,2864.0,119.52074432373047,1.9153321981430054
0.0001,2865.0,119.52074432373047,1.9153175354003906
0.0001,2866.0,119.5207290649414,1.9153022766113281
0.0001,2867.0,119.5207290649414,1.9152873754501343
0.0001,2868.0,119.5207290649414,1.9152724742889404
0.0001,2869.0,119.5207290649414,1.9152578115463257
0.0001,2870.0,119.5207290649414,1.9152429103851318
0.0001,2871.0,119.52071380615234,1.9152281284332275
0.0001,2872.0,119.52071380615234,1.9152133464813232
0.0001,2873.0,119.52071380615234,1.9151986837387085
0.0001,2874.0,119.52071380615234,1.9151837825775146
0.0001,2875.0,119.52070617675781,1.9151691198349
0.0001,2876.0,119.52070617675781,1.9151544570922852
0.0001,2877.0,119.52069854736328,1.9151395559310913
0.0001,2878.0,119.52069854736328,1.9151248931884766
0.0001,2879.0,119.52069091796875,1.9151102304458618
0.0001,2880.0,119.52069854736328,1.9150956869125366
0.0001,2881.0,119.52069854736328,1.9150810241699219
0.0001,2882.0,119.52067565917969,1.9150663614273071
0.0001,2883.0,119.52068328857422,1.915051817893982
0.0001,2884.0,119.52068328857422,1.9150371551513672
0.0001,2885.0,119.52068328857422,1.915022611618042
0.0001,2886.0,119.52067565917969,1.9150079488754272
0.0001,2887.0,119.52066802978516,1.9149938821792603
0.0001,2888.0,119.52066802978516,1.914979338645935
0.0001,2889.0,119.52066802978516,1.9149646759033203
0.0001,2890.0,119.52066040039062,1.9149503707885742
0.0001,2891.0,119.5206527709961,1.9149360656738281
0.0001,2892.0,119.5206527709961,1.914921522140503
0.0001,2893.0,119.5206527709961,1.9149068593978882
0.0001,2894.0,119.52066040039062,1.9148929119110107
0.0001,2895.0,119.52063751220703,1.914878249168396
0.0001,2896.0,119.52063751220703,1.91486394405365
0.0001,2897.0,119.52064514160156,1.9148496389389038
0.0001,2898.0,119.52064514160156,1.9148353338241577
0.0001,2899.0,119.52063751220703,1.9148210287094116
0.0001,2900.0,119.5206298828125,1.9148067235946655
0.0001,2901.0,119.5206298828125,1.9147926568984985
0.0001,2902.0,119.5206298828125,1.9147783517837524
0.0001,2903.0,119.5206298828125,1.9147638082504272
0.0001,2904.0,119.52062225341797,1.9147498607635498
0.0001,2905.0,119.52061462402344,1.9147357940673828
0.0001,2906.0,119.52061462402344,1.9147214889526367
0.0001,2907.0,119.52061462402344,1.9147077798843384
0.0001,2908.0,119.5206069946289,1.9146935939788818
0.0001,2909.0,119.5206069946289,1.9146791696548462
0.0001,2910.0,119.5206069946289,1.9146652221679688
0.0001,2911.0,119.52059173583984,1.9146511554718018
0.0001,2912.0,119.52059173583984,1.9146372079849243
0.0001,2913.0,119.52059173583984,1.9146230220794678
0.0001,2914.0,119.52059936523438,1.9146091938018799
0.0001,2915.0,119.52058410644531,1.9145952463150024
0.0001,2916.0,119.52058410644531,1.914581060409546
0.0001,2917.0,119.52059173583984,1.9145675897598267
0.0001,2918.0,119.52056884765625,1.9145532846450806
0.0001,2919.0,119.52056884765625,1.9145393371582031
0.0001,2920.0,119.52057647705078,1.9145253896713257
0.0001,2921.0,119.52057647705078,1.9145119190216064
0.0001,2922.0,119.52056121826172,1.9144976139068604
0.0001,2923.0,119.52056884765625,1.9144840240478516
0.0001,2924.0,119.52056884765625,1.9144699573516846
0.0001,2925.0,119.52055358886719,1.9144563674926758
0.0001,2926.0,119.52056121826172,1.9144424200057983
0.0001,2927.0,119.52056121826172,1.9144287109375
0.0001,2928.0,119.52056121826172,1.9144150018692017
0.0001,2929.0,119.52054595947266,1.9144012928009033
0.0001,2930.0,119.52054595947266,1.9143874645233154
0.0001,2931.0,119.52054595947266,1.9143741130828857
0.0001,2932.0,119.52053833007812,1.9143604040145874
0.0001,2933.0,119.52053833007812,1.914346694946289
0.0001,2934.0,119.52053833007812,1.9143329858779907
0.0001,2935.0,119.5205307006836,1.914319396018982
0.0001,2936.0,119.5205307006836,1.9143059253692627
0.0001,2937.0,119.5205307006836,1.9142920970916748
0.0001,2938.0,119.52052307128906,1.9142786264419556
0.0001,2939.0,119.52052307128906,1.9142650365829468
0.0001,2940.0,119.52052307128906,1.9142515659332275
0.0001,2941.0,119.52051544189453,1.9142382144927979
0.0001,2942.0,119.52051544189453,1.9142248630523682
0.0001,2943.0,119.52051544189453,1.9142112731933594
0.0001,2944.0,119.5205078125,1.914197564125061
0.0001,2945.0,119.5205078125,1.9141839742660522
0.0001,2946.0,119.5205078125,1.9141708612442017
0.0001,2947.0,119.52050018310547,1.914157509803772
0.0001,2948.0,119.52050018310547,1.9141439199447632
0.0001,2949.0,119.52050018310547,1.9141305685043335
0.0001,2950.0,119.52049255371094,1.9141172170639038
0.0001,2951.0,119.52049255371094,1.9141038656234741
0.0001,2952.0,119.52049255371094,1.9140905141830444
0.0001,2953.0,119.5204849243164,1.9140771627426147
0.0001,2954.0,119.5204849243164,1.914063811302185
0.0001,2955.0,119.52046966552734,1.914050817489624
0.0001,2956.0,119.52047729492188,1.9140377044677734
0.0001,2957.0,119.52047729492188,1.914023995399475
0.0001,2958.0,119.52046203613281,1.9140112400054932
0.0001,2959.0,119.52046966552734,1.913998007774353
0.0001,2960.0,119.52046966552734,1.9139846563339233
0.0001,2961.0,119.52045440673828,1.9139715433120728
0.0001,2962.0,119.52046203613281,1.9139583110809326
0.0001,2963.0,119.52044677734375,1.913945198059082
0.0001,2964.0,119.52044677734375,1.9139320850372314
0.0001,2965.0,119.52046203613281,1.9139190912246704
0.0001,2966.0,119.52044677734375,1.9139060974121094
0.0001,2967.0,119.52044677734375,1.9138929843902588
0.0001,2968.0,119.52045440673828,1.9138801097869873
0.0001,2969.0,119.52043914794922,1.9138669967651367
0.0001,2970.0,119.52043914794922,1.9138538837432861
0.0001,2971.0,119.52043151855469,1.9138410091400146
0.0001,2972.0,119.52043151855469,1.913827896118164
0.0001,2973.0,119.52043151855469,1.9138151407241821
0.0001,2974.0,119.52042388916016,1.9138017892837524
0.0001,2975.0,119.52043151855469,1.9137890338897705
0.0001,2976.0,119.52042388916016,1.913776159286499
0.0001,2977.0,119.52042388916016,1.9137632846832275
0.0001,2978.0,119.52041625976562,1.9137506484985352
0.0001,2979.0,119.52041625976562,1.9137378931045532
0.0001,2980.0,119.52041625976562,1.913724660873413
0.0001,2981.0,119.5204086303711,1.9137119054794312
0.0001,2982.0,119.5204086303711,1.9136991500854492
0.0001,2983.0,119.52040100097656,1.9136865139007568
0.0001,2984.0,119.5204086303711,1.913673758506775
0.0001,2985.0,119.5204086303711,1.913661241531372
0.0001,2986.0,119.52039337158203,1.9136478900909424
0.0001,2987.0,119.52040100097656,1.9136356115341187
0.0001,2988.0,119.5203857421875,1.9136228561401367
0.0001,2989.0,119.52039337158203,1.9136102199554443
0.0001,2990.0,119.5203857421875,1.9135977029800415
0.0001,2991.0,119.5203857421875,1.9135849475860596
0.0001,2992.0,119.5203857421875,1.9135723114013672
0.0001,2993.0,119.52037811279297,1.9135596752166748
0.0001,2994.0,119.52037811279297,1.913547158241272
0.0001,2995.0,119.52037811279297,1.9135347604751587
0.0001,2996.0,119.52037811279297,1.9135217666625977
0.0001,2997.0,119.52037048339844,1.9135093688964844
0.0001,2998.0,119.52037048339844,1.913496732711792
0.0001,2999.0,119.52035522460938,1.91348397731781
0.0001,3000.0,119.52037048339844,1.9134718179702759
0.0001,3001.0,119.52035522460938,1.9134594202041626
0.0001,3002.0,119.52035522460938,1.9134467840194702
0.0001,3003.0,119.5203628540039,1.9134342670440674
0.0001,3004.0,119.52035522460938,1.9134219884872437
0.0001,3005.0,119.52035522460938,1.9134094715118408
0.0001,3006.0,119.52034759521484,1.9133970737457275
0.0001,3007.0,119.52034759521484,1.9133846759796143
0.0001,3008.0,119.52033996582031,1.9133723974227905
0.0001,3009.0,119.52034759521484,1.9133602380752563
0.0001,3010.0,119.52033996582031,1.913347840309143
0.0001,3011.0,119.52033996582031,1.9133354425430298
0.0001,3012.0,119.52032470703125,1.9133230447769165
0.0001,3013.0,119.52033996582031,1.9133110046386719
0.0001,3014.0,119.52032470703125,1.9132983684539795
0.0001,3015.0,119.52032470703125,1.9132862091064453
0.0001,3016.0,119.52032470703125,1.9132740497589111
0.0001,3017.0,119.52032470703125,1.9132620096206665
0.0001,3018.0,119.52031707763672,1.9132497310638428
0.0001,3019.0,119.52031707763672,1.9132373332977295
0.0001,3020.0,119.52031707763672,1.913225531578064
0.0001,3021.0,119.52031707763672,1.9132134914398193
0.0001,3022.0,119.52030181884766,1.9132013320922852
0.0001,3023.0,119.52031707763672,1.913189172744751
0.0001,3024.0,119.52030181884766,1.9131768941879272
0.0001,3025.0,119.52030181884766,1.9131648540496826
0.0001,3026.0,119.52029418945312,1.9131526947021484
0.0001,3027.0,119.52030181884766,1.9131406545639038
0.0001,3028.0,119.52029418945312,1.9131284952163696
0.0001,3029.0,119.52029418945312,1.913116693496704
0.0001,3030.0,119.52029418945312,1.9131044149398804
0.0001,3031.0,119.52029418945312,1.9130926132202148
0.0001,3032.0,119.52027893066406,1.9130805730819702
0.0001,3033.0,119.52029418945312,1.9130687713623047
0.0001,3034.0,119.52027893066406,1.91305673122406
0.0001,3035.0,119.52027893066406,1.9130446910858154
0.0001,3036.0,119.52027893066406,1.91303288936615
0.0001,3037.0,119.52027893066406,1.9130210876464844
0.0001,3038.0,119.52027130126953,1.9130090475082397
0.0001,3039.0,119.52027893066406,1.9129972457885742
0.0001,3040.0,119.52027130126953,1.9129854440689087
0.0001,3041.0,119.52027893066406,1.9129739999771118
0.0001,3042.0,119.520263671875,1.912961721420288
0.0001,3043.0,119.52025604248047,1.9129501581192017
0.0001,3044.0,119.520263671875,1.9129384756088257
0.0001,3045.0,119.52025604248047,1.912926435470581
0.0001,3046.0,119.52025604248047,1.9129148721694946
0.0001,3047.0,119.52025604248047,1.912903070449829
0.0001,3048.0,119.52025604248047,1.9128910303115845
0.0001,3049.0,119.52024841308594,1.9128795862197876
0.0001,3050.0,119.52025604248047,1.9128679037094116
0.0001,3051.0,119.5202407836914,1.9128563404083252
0.0001,3052.0,119.52024841308594,1.9128444194793701
0.0001,3053.0,119.5202407836914,1.9128329753875732
0.0001,3054.0,119.5202407836914,1.9128210544586182
0.0001,3055.0,119.5202407836914,1.9128096103668213
0.0001,3056.0,119.52022552490234,1.9127979278564453
0.0001,3057.0,119.5202407836914,1.9127864837646484
0.0001,3058.0,119.52022552490234,1.9127750396728516
0.0001,3059.0,119.52023315429688,1.9127633571624756
0.0001,3060.0,119.52022552490234,1.9127517938613892
0.0001,3061.0,119.52022552490234,1.9127403497695923
0.0001,3062.0,119.52022552490234,1.9127289056777954
0.0001,3063.0,119.52021026611328,1.9127174615859985
0.0001,3064.0,119.52022552490234,1.9127057790756226
0.0001,3065.0,119.52021026611328,1.9126942157745361
0.0001,3066.0,119.52021789550781,1.9126828908920288
0.0001,3067.0,119.52021026611328,1.912671685218811
0.0001,3068.0,119.52021026611328,1.9126602411270142
0.0001,3069.0,119.52021026611328,1.9126485586166382
0.0001,3070.0,119.52020263671875,1.91263747215271
0.0001,3071.0,119.52021026611328,1.912626028060913
0.0001,3072.0,119.52020263671875,1.9126148223876953
0.0001,3073.0,119.52019500732422,1.9126036167144775
0.0001,3074.0,119.52019500732422,1.9125921726226807
0.0001,3075.0,119.52019500732422,1.9125808477401733
0.0001,3076.0,119.52019500732422,1.9125694036483765
0.0001,3077.0,119.52018737792969,1.9125583171844482
0.0001,3078.0,119.52017974853516,1.9125467538833618
0.0001,3079.0,119.52018737792969,1.9125356674194336
0.0001,3080.0,119.52017974853516,1.9125244617462158
0.0001,3081.0,119.52018737792969,1.9125131368637085
0.0001,3082.0,119.52017974853516,1.9125020503997803
0.0001,3083.0,119.52017211914062,1.9124906063079834
0.0001,3084.0,119.52017211914062,1.9124799966812134
0.0001,3085.0,119.52017211914062,1.9124685525894165
0.0001,3086.0,119.52017974853516,1.9124572277069092
0.0001,3087.0,119.52017211914062,1.91244637966156
0.0001,3088.0,119.5201644897461,1.9124349355697632
0.0001,3089.0,119.52017211914062,1.912424087524414
0.0001,3090.0,119.5201644897461,1.9124130010604858
0.0001,3091.0,119.52015686035156,1.912401795387268
0.0001,3092.0,119.5201644897461,1.912390947341919
0.0001,3093.0,119.52015686035156,1.9123798608779907
0.0001,3094.0,119.5201644897461,1.9123690128326416
0.0001,3095.0,119.52014923095703,1.9123576879501343
0.0001,3096.0,119.52014923095703,1.9123468399047852
0.0001,3097.0,119.52014923095703,1.912335991859436
0.0001,3098.0,119.52014923095703,1.912325143814087
0.0001,3099.0,119.5201416015625,1.91231369972229
0.0001,3100.0,119.52014923095703,1.9123029708862305
0.0001,3101.0,119.5201416015625,1.9122921228408813
0.0001,3102.0,119.52013397216797,1.9122812747955322
0.0001,3103.0,119.5201416015625,1.912270188331604
0.0001,3104.0,119.52013397216797,1.9122594594955444
0.0001,3105.0,119.52012634277344,1.9122486114501953
0.0001,3106.0,119.52013397216797,1.9122377634048462
0.0001,3107.0,119.52012634277344,1.912226915359497
0.0001,3108.0,119.52012634277344,1.9122161865234375
0.0001,3109.0,119.52012634277344,1.9122053384780884
0.0001,3110.0,119.5201187133789,1.9121946096420288
0.0001,3111.0,119.52013397216797,1.9121837615966797
0.0001,3112.0,119.5201187133789,1.9121729135513306
0.0001,3113.0,119.5201187133789,1.912162184715271
0.0001,3114.0,119.52012634277344,1.912151575088501
0.0001,3115.0,119.5201187133789,1.9121406078338623
0.0001,3116.0,119.52011108398438,1.9121299982070923
0.0001,3117.0,119.52010345458984,1.9121195077896118
0.0001,3118.0,119.52011108398438,1.9121086597442627
0.0001,3119.0,119.52011108398438,1.9120982885360718
0.0001,3120.0,119.52009582519531,1.9120872020721436
0.0001,3121.0,119.52010345458984,1.912076711654663
0.0001,3122.0,119.52010345458984,1.912066102027893
0.0001,3123.0,119.52009582519531,1.9120556116104126
0.0001,3124.0,119.52010345458984,1.912044882774353
0.0001,3125.0,119.52008819580078,1.9120343923568726
0.0001,3126.0,119.52008819580078,1.912023901939392
0.0001,3127.0,119.52009582519531,1.9120134115219116
0.0001,3128.0,119.52008819580078,1.9120025634765625
0.0001,3129.0,119.52008056640625,1.9119924306869507
0.0001,3130.0,119.52009582519531,1.9119818210601807
0.0001,3131.0,119.52008056640625,1.911971092224121
0.0001,3132.0,119.52008056640625,1.9119606018066406
0.0001,3133.0,119.52007293701172,1.9119503498077393
0.0001,3134.0,119.52008819580078,1.9119402170181274
0.0001,3135.0,119.52007293701172,1.911929726600647
0.0001,3136.0,119.52007293701172,1.9119188785552979
0.0001,3137.0,119.52008056640625,1.911908745765686
0.0001,3138.0,119.52007293701172,1.9118982553482056
0.0001,3139.0,119.52006530761719,1.9118881225585938
0.0001,3140.0,119.52007293701172,1.9118778705596924
0.0001,3141.0,119.52006530761719,1.9118667840957642
0.0001,3142.0,119.52006530761719,1.9118568897247314
0.0001,3143.0,119.52005767822266,1.9118465185165405
0.0001,3144.0,119.52005767822266,1.9118362665176392
0.0001,3145.0,119.52005767822266,1.9118261337280273
0.0001,3146.0,119.52005767822266,1.9118160009384155
0.0001,3147.0,119.52006530761719,1.911805510520935
0.0001,3148.0,119.52005004882812,1.911794900894165
0.0001,3149.0,119.52005004882812,1.9117848873138428
0.0001,3150.0,119.52005004882812,1.9117748737335205
0.0001,3151.0,119.52005767822266,1.9117647409439087
0.0001,3152.0,119.5200424194336,1.9117543697357178
0.0001,3153.0,119.5200424194336,1.9117441177368164
0.0001,3154.0,119.5200424194336,1.9117339849472046
0.0001,3155.0,119.52005004882812,1.9117240905761719
0.0001,3156.0,119.52003479003906,1.9117138385772705
0.0001,3157.0,119.52003479003906,1.9117038249969482
0.0001,3158.0,119.52003479003906,1.9116935729980469
0.0001,3159.0,119.5200424194336,1.9116833209991455
0.0001,3160.0,119.52002716064453,1.9116735458374023
0.0001,3161.0,119.52002716064453,1.911663293838501
0.0001,3162.0,119.52002716064453,1.9116531610488892
0.0001,3163.0,119.52003479003906,1.9116432666778564
0.0001,3164.0,119.52001953125,1.9116331338882446
0.0001,3165.0,119.52001953125,1.911623239517212
0.0001,3166.0,119.52001953125,1.9116131067276
0.0001,3167.0,119.52002716064453,1.9116029739379883
0.0001,3168.0,119.52001953125,1.9115930795669556
0.0001,3169.0,119.52001190185547,1.9115831851959229
0.0001,3170.0,119.52001190185547,1.9115731716156006
0.0001,3171.0,119.52001953125,1.911563515663147
0.0001,3172.0,119.52001190185547,1.9115533828735352
0.0001,3173.0,119.52001190185547,1.911543607711792
0.0001,3174.0,119.52000427246094,1.9115335941314697
0.0001,3175.0,119.52001190185547,1.9115238189697266
0.0001,3176.0,119.52000427246094,1.9115139245986938
0.0001,3177.0,119.52000427246094,1.9115041494369507
0.0001,3178.0,119.52000427246094,1.9114940166473389
0.0001,3179.0,119.51998901367188,1.9114841222763062
0.0001,3180.0,119.5199966430664,1.911474585533142
0.0001,3181.0,119.5199966430664,1.9114644527435303
0.0001,3182.0,119.5199966430664,1.9114547967910767
0.0001,3183.0,119.51998901367188,1.9114452600479126
0.0001,3184.0,119.5199966430664,1.9114354848861694
0.0001,3185.0,119.51998901367188,1.9114255905151367
0.0001,3186.0,119.51998901367188,1.9114158153533936
0.0001,3187.0,119.51998138427734,1.91140615940094
0.0001,3188.0,119.51998138427734,1.9113962650299072
0.0001,3189.0,119.51998901367188,1.9113868474960327
0.0001,3190.0,119.51998901367188,1.911376953125
0.0001,3191.0,119.51997375488281,1.911367654800415
0.0001,3192.0,119.51997375488281,1.911358118057251
0.0001,3193.0,119.51996612548828,1.9113481044769287
0.0001,3194.0,119.51998138427734,1.911338448524475
0.0001,3195.0,119.51997375488281,1.9113292694091797
0.0001,3196.0,119.51997375488281,1.9113191366195679
0.0001,3197.0,119.51996612548828,1.9113095998764038
0.0001,3198.0,119.51996612548828,1.9112999439239502
0.0001,3199.0,119.51996612548828,1.9112904071807861
0.0001,3200.0,119.51996612548828,1.9112809896469116
0.0001,3201.0,119.51995849609375,1.911271333694458
0.0001,3202.0,119.51995849609375,1.9112619161605835
0.0001,3203.0,119.51995849609375,1.9112523794174194
0.0001,3204.0,119.51995086669922,1.9112428426742554
0.0001,3205.0,119.51995849609375,1.9112335443496704
0.0001,3206.0,119.51995849609375,1.9112237691879272
0.0001,3207.0,119.51995849609375,1.9112144708633423
0.0001,3208.0,119.51995086669922,1.9112050533294678
0.0001,3209.0,119.51994323730469,1.9111955165863037
0.0001,3210.0,119.51995086669922,1.9111862182617188
0.0001,3211.0,119.51995086669922,1.9111769199371338
0.0001,3212.0,119.51994323730469,1.9111673831939697
0.0001,3213.0,119.51994323730469,1.9111579656600952
0.0001,3214.0,119.51993560791016,1.9111487865447998
0.0001,3215.0,119.51993560791016,1.9111392498016357
0.0001,3216.0,119.51994323730469,1.9111299514770508
0.0001,3217.0,119.51994323730469,1.9111206531524658
0.0001,3218.0,119.51993560791016,1.9111112356185913
0.0001,3219.0,119.51993560791016,1.911102056503296
0.0001,3220.0,119.51993560791016,1.91109299659729
0.0001,3221.0,119.51992797851562,1.911083459854126
0.0001,3222.0,119.51993560791016,1.9110740423202515
0.0001,3223.0,119.51992797851562,1.911064863204956
0.0001,3224.0,119.51992797851562,1.9110558032989502
0.0001,3225.0,119.5199203491211,1.9110463857650757
0.0001,3226.0,119.5199203491211,1.9110370874404907
0.0001,3227.0,119.51991271972656,1.9110281467437744
0.0001,3228.0,119.51991271972656,1.9110187292099
0.0001,3229.0,119.5199203491211,1.9110097885131836
0.0001,3230.0,119.5199203491211,1.9110002517700195
0.0001,3231.0,119.51991271972656,1.9109914302825928
0.0001,3232.0,119.51991271972656,1.910982370376587
0.0001,3233.0,119.51991271972656,1.9109728336334229
0.0001,3234.0,119.51990509033203,1.910964012145996
0.0001,3235.0,119.51990509033203,1.9109548330307007
0.0001,3236.0,119.51991271972656,1.9109458923339844
0.0001,3237.0,119.51991271972656,1.9109363555908203
0.0001,3238.0,119.51990509033203,1.910927414894104
0.0001,3239.0,119.51990509033203,1.9109184741973877
0.0001,3240.0,119.5198974609375,1.910909652709961
0.0001,3241.0,119.5198974609375,1.9109001159667969
0.0001,3242.0,119.5198974609375,1.9108912944793701
0.0001,3243.0,119.51988983154297,1.910882592201233
0.0001,3244.0,119.5198974609375,1.9108734130859375
0.0001,3245.0,119.5198974609375,1.9108645915985107
0.0001,3246.0,119.5198974609375,1.9108552932739258
0.0001,3247.0,119.51988983154297,1.910846471786499
0.0001,3248.0,119.51988983154297,1.9108374118804932
0.0001,3249.0,119.51988220214844,1.9108288288116455
0.0001,3250.0,119.51988220214844,1.9108197689056396
0.0001,3251.0,119.51988220214844,1.9108107089996338
0.0001,3252.0,119.5198745727539,1.910801649093628
0.0001,3253.0,119.51988220214844,1.9107929468154907
0.0001,3254.0,119.51988220214844,1.910784125328064
0.0001,3255.0,119.51988220214844,1.9107754230499268
0.0001,3256.0,119.5198745727539,1.910766363143921
0.0001,3257.0,119.51988220214844,1.9107576608657837
0.0001,3258.0,119.5198745727539,1.9107487201690674
0.0001,3259.0,119.5198745727539,1.9107396602630615
0.0001,3260.0,119.5198745727539,1.9107309579849243
0.0001,3261.0,119.51986694335938,1.9107224941253662
0.0001,3262.0,119.51986694335938,1.91071355342865
0.0001,3263.0,119.5198745727539,1.9107048511505127
0.0001,3264.0,119.5198745727539,1.9106957912445068
0.0001,3265.0,119.51986694335938,1.9106872081756592
0.0001,3266.0,119.51986694335938,1.910678505897522
0.0001,3267.0,119.51985931396484,1.9106699228286743
0.0001,3268.0,119.51985931396484,1.9106611013412476
0.0001,3269.0,119.51985931396484,1.9106521606445312
0.0001,3270.0,119.51985168457031,1.9106435775756836
0.0001,3271.0,119.51985168457031,1.910634994506836
0.0001,3272.0,119.51985168457031,1.9106266498565674
0.0001,3273.0,119.51985168457031,1.910617470741272
0.0001,3274.0,119.51985168457031,1.910609245300293
0.0001,3275.0,119.51985931396484,1.9106006622314453
0.0001,3276.0,119.51985168457031,1.910591721534729
0.0001,3277.0,119.51985168457031,1.9105831384658813
0.0001,3278.0,119.51985168457031,1.9105746746063232
0.0001,3279.0,119.51984405517578,1.9105660915374756
0.0001,3280.0,119.51984405517578,1.910557508468628
0.0001,3281.0,119.51984405517578,1.9105491638183594
0.0001,3282.0,119.51984405517578,1.9105403423309326
0.0001,3283.0,119.51984405517578,1.910531997680664
0.0001,3284.0,119.51983642578125,1.9105234146118164
0.0001,3285.0,119.51983642578125,1.9105150699615479
0.0001,3286.0,119.51982879638672,1.9105064868927002
0.0001,3287.0,119.51982879638672,1.9104979038238525
0.0001,3288.0,119.51982879638672,1.9104893207550049
0.0001,3289.0,119.51982116699219,1.9104810953140259
0.0001,3290.0,119.51983642578125,1.9104722738265991
0.0001,3291.0,119.51983642578125,1.9104640483856201
0.0001,3292.0,119.51983642578125,1.9104554653167725
0.0001,3293.0,119.51982879638672,1.910447359085083
0.0001,3294.0,119.51982879638672,1.9104387760162354
0.0001,3295.0,119.51982116699219,1.9104305505752563
0.0001,3296.0,119.51982879638672,1.9104220867156982
0.0001,3297.0,119.51982879638672,1.9104135036468506
0.0001,3298.0,119.51982116699219,1.9104053974151611
0.0001,3299.0,119.51982116699219,1.910396933555603
0.0001,3300.0,119.51981353759766,1.9103885889053345
0.0001,3301.0,119.51981353759766,1.9103803634643555
0.0001,3302.0,119.51981353759766,1.9103721380233765
0.0001,3303.0,119.51981353759766,1.9103639125823975
0.0001,3304.0,119.51981353759766,1.910355567932129
0.0001,3305.0,119.51980590820312,1.9103469848632812
0.0001,3306.0,119.51980590820312,1.9103387594223022
0.0001,3307.0,119.51980590820312,1.9103305339813232
0.0001,3308.0,119.51980590820312,1.9103219509124756
0.0001,3309.0,119.51980590820312,1.9103139638900757
0.0001,3310.0,119.5197982788086,1.9103057384490967
0.0001,3311.0,119.5197982788086,1.9102977514266968
0.0001,3312.0,119.5197982788086,1.9102894067764282
0.0001,3313.0,119.51979064941406,1.9102811813354492
0.0001,3314.0,119.5197982788086,1.9102729558944702
0.0001,3315.0,119.51979064941406,1.9102647304534912
0.0001,3316.0,119.51979064941406,1.9102567434310913
0.0001,3317.0,119.51979064941406,1.9102487564086914
0.0001,3318.0,119.51979064941406,1.9102405309677124
0.0001,3319.0,119.51979064941406,1.9102323055267334
0.0001,3320.0,119.51978302001953,1.9102243185043335
0.0001,3321.0,119.5197982788086,1.9102163314819336
0.0001,3322.0,119.51979064941406,1.9102083444595337
0.0001,3323.0,119.5197982788086,1.9102003574371338
0.0001,3324.0,119.51979064941406,1.9101918935775757
0.0001,3325.0,119.51979064941406,1.9101842641830444
0.0001,3326.0,119.51979064941406,1.9101760387420654
0.0001,3327.0,119.51979064941406,1.9101676940917969
0.0001,3328.0,119.51979064941406,1.9101600646972656
0.0001,3329.0,119.51978302001953,1.9101518392562866
0.0001,3330.0,119.51978302001953,1.9101438522338867
0.0001,3331.0,119.51978302001953,1.9101358652114868
0.0001,3332.0,119.51978302001953,1.9101279973983765
0.0001,3333.0,119.51978302001953,1.9101197719573975
0.0001,3334.0,119.519775390625,1.9101120233535767
0.0001,3335.0,119.519775390625,1.9101037979125977
0.0001,3336.0,119.51976776123047,1.9100961685180664
0.0001,3337.0,119.51976776123047,1.9100879430770874
0.0001,3338.0,119.51976013183594,1.9100801944732666
0.0001,3339.0,119.51976013183594,1.9100720882415771
0.0001,3340.0,119.51976013183594,1.910064697265625
0.0001,3341.0,119.51976013183594,1.910056710243225
0.0001,3342.0,119.51976013183594,1.9100488424301147
0.0001,3343.0,119.51976013183594,1.9100408554077148
0.0001,3344.0,119.51976013183594,1.910032868385315
0.0001,3345.0,119.5197525024414,1.9100252389907837
0.0001,3346.0,119.5197525024414,1.9100173711776733
0.0001,3347.0,119.51976013183594,1.9100093841552734
0.0001,3348.0,119.5197525024414,1.9100019931793213
0.0001,3349.0,119.5197525024414,1.9099938869476318
0.0001,3350.0,119.5197525024414,1.909986138343811
0.0001,3351.0,119.5197525024414,1.9099785089492798
0.0001,3352.0,119.5197525024414,1.9099706411361694
0.0001,3353.0,119.51974487304688,1.9099630117416382
0.0001,3354.0,119.5197525024414,1.9099550247192383
0.0001,3355.0,119.51974487304688,1.9099476337432861
0.0001,3356.0,119.51974487304688,1.9099395275115967
0.0001,3357.0,119.5197525024414,1.9099321365356445
0.0001,3358.0,119.51974487304688,1.9099241495132446
0.0001,3359.0,119.51974487304688,1.909916639328003
0.0001,3360.0,119.51974487304688,1.9099090099334717
0.0001,3361.0,119.51974487304688,1.9099013805389404
0.0001,3362.0,119.51974487304688,1.9098939895629883
0.0001,3363.0,119.51973724365234,1.9098860025405884
0.0001,3364.0,119.51974487304688,1.909878134727478
0.0001,3365.0,119.51973724365234,1.9098707437515259
0.0001,3366.0,119.51973724365234,1.9098632335662842
0.0001,3367.0,119.51974487304688,1.909855604171753
0.0001,3368.0,119.51973724365234,1.9098478555679321
0.0001,3369.0,119.51972198486328,1.9098405838012695
0.0001,3370.0,119.51972961425781,1.9098325967788696
0.0001,3371.0,119.51972198486328,1.9098249673843384
0.0001,3372.0,119.51972198486328,1.9098179340362549
0.0001,3373.0,119.51972961425781,1.9098103046417236
0.0001,3374.0,119.51972198486328,1.9098024368286133
0.0001,3375.0,119.51972198486328,1.9097951650619507
0.0001,3376.0,119.51972198486328,1.9097877740859985
0.0001,3377.0,119.51972198486328,1.9097801446914673
0.0001,3378.0,119.51972961425781,1.909772515296936
0.0001,3379.0,119.51972198486328,1.9097652435302734
0.0001,3380.0,119.51972198486328,1.9097579717636108
0.0001,3381.0,119.51972198486328,1.909749984741211
0.0001,3382.0,119.51972198486328,1.9097427129745483
0.0001,3383.0,119.51972198486328,1.9097354412078857
0.0001,3384.0,119.51971435546875,1.9097280502319336
0.0001,3385.0,119.51970672607422,1.9097206592559814
0.0001,3386.0,119.51970672607422,1.9097131490707397
0.0001,3387.0,119.51970672607422,1.9097055196762085
0.0001,3388.0,119.51970672607422,1.909698486328125
0.0001,3389.0,119.51971435546875,1.9096910953521729
0.0001,3390.0,119.51970672607422,1.9096835851669312
0.0001,3391.0,119.51970672607422,1.9096763134002686
0.0001,3392.0,119.51970672607422,1.9096686840057373
0.0001,3393.0,119.51970672607422,1.9096615314483643
0.0001,3394.0,119.51971435546875,1.9096542596817017
0.0001,3395.0,119.51970672607422,1.909646987915039
0.0001,3396.0,119.51970672607422,1.9096397161483765
0.0001,3397.0,119.51969909667969,1.9096323251724243
0.0001,3398.0,119.51969146728516,1.9096252918243408
0.0001,3399.0,119.51969909667969,1.9096180200576782
0.0001,3400.0,119.51969909667969,1.909610390663147
0.0001,3401.0,119.51969146728516,1.9096033573150635
0.0001,3402.0,119.51969909667969,1.9095962047576904
0.0001,3403.0,119.51969146728516,1.9095885753631592
0.0001,3404.0,119.51969909667969,1.9095815420150757
0.0001,3405.0,119.51969909667969,1.909574270248413
0.0001,3406.0,119.51969146728516,1.9095674753189087
0.0001,3407.0,119.51968383789062,1.9095598459243774
0.0001,3408.0,119.51968383789062,1.909552812576294
0.0001,3409.0,119.51968383789062,1.909545660018921
0.0001,3410.0,119.51968383789062,1.9095386266708374
0.0001,3411.0,119.51969146728516,1.9095313549041748
0.0001,3412.0,119.51968383789062,1.9095242023468018
0.0001,3413.0,119.51968383789062,1.9095170497894287
0.0001,3414.0,119.51968383789062,1.9095098972320557
0.0001,3415.0,119.51968383789062,1.9095027446746826
0.0001,3416.0,119.51969146728516,1.9094957113265991
0.0001,3417.0,119.5196762084961,1.9094886779785156
0.0001,3418.0,119.5196762084961,1.9094816446304321
0.0001,3419.0,119.5196762084961,1.9094747304916382
0.0001,3420.0,119.5196762084961,1.9094674587249756
0.0001,3421.0,119.5196762084961,1.9094606637954712
0.0001,3422.0,119.5196762084961,1.9094533920288086
0.0001,3423.0,119.5196762084961,1.909446120262146
0.0001,3424.0,119.5196762084961,1.9094393253326416
0.0001,3425.0,119.51966857910156,1.909432053565979
0.0001,3426.0,119.51966094970703,1.9094253778457642
0.0001,3427.0,119.51966857910156,1.9094183444976807
0.0001,3428.0,119.51966857910156,1.9094111919403076
0.0001,3429.0,119.51966857910156,1.9094043970108032
0.0001,3430.0,119.51966857910156,1.9093971252441406
0.0001,3431.0,119.51966857910156,1.9093902111053467
0.0001,3432.0,119.51966857910156,1.909383773803711
0.0001,3433.0,119.51966094970703,1.9093763828277588
0.0001,3434.0,119.51966094970703,1.909369707107544
0.0001,3435.0,119.51966094970703,1.909362554550171
0.0001,3436.0,119.51966094970703,1.9093557596206665
0.0001,3437.0,119.51966094970703,1.909348726272583
0.0001,3438.0,119.51966094970703,1.909341812133789
0.0001,3439.0,119.51966857910156,1.9093351364135742
0.0001,3440.0,119.5196533203125,1.9093282222747803
0.0001,3441.0,119.5196533203125,1.9093211889266968
0.0001,3442.0,119.5196533203125,1.9093143939971924
0.0001,3443.0,119.5196533203125,1.9093077182769775
0.0001,3444.0,119.5196533203125,1.9093008041381836
0.0001,3445.0,119.51966094970703,1.9092941284179688
0.0001,3446.0,119.5196533203125,1.909287452697754
0.0001,3447.0,119.51964569091797,1.90928053855896
0.0001,3448.0,119.51964569091797,1.909273386001587
0.0001,3449.0,119.51964569091797,1.909266710281372
0.0001,3450.0,119.51964569091797,1.9092600345611572
0.0001,3451.0,119.5196533203125,1.909253478050232
0.0001,3452.0,119.51964569091797,1.9092466831207275
0.0001,3453.0,119.5196533203125,1.9092397689819336
0.0001,3454.0,119.51963806152344,1.9092333316802979
0.0001,3455.0,119.51963806152344,1.909226417541504
0.0001,3456.0,119.51963806152344,1.909219741821289
0.0001,3457.0,119.51964569091797,1.9092128276824951
0.0001,3458.0,119.51963806152344,1.9092060327529907
0.0001,3459.0,119.51964569091797,1.9091997146606445
0.0001,3460.0,119.5196304321289,1.9091928005218506
0.0001,3461.0,119.5196304321289,1.9091861248016357
0.0001,3462.0,119.5196304321289,1.9091796875
0.0001,3463.0,119.51963806152344,1.909172773361206
0.0001,3464.0,119.51963806152344,1.9091663360595703
0.0001,3465.0,119.51963806152344,1.9091596603393555
0.0001,3466.0,119.5196304321289,1.9091532230377197
0.0001,3467.0,119.51962280273438,1.9091465473175049
0.0001,3468.0,119.5196304321289,1.90913987159729
0.0001,3469.0,119.5196304321289,1.9091331958770752
0.0001,3470.0,119.5196304321289,1.9091265201568604
0.0001,3471.0,119.51963806152344,1.9091198444366455
0.0001,3472.0,119.51962280273438,1.9091132879257202
0.0001,3473.0,119.51962280273438,1.909106969833374
0.0001,3474.0,119.51962280273438,1.9091001749038696
0.0001,3475.0,119.5196304321289,1.9090936183929443
0.0001,3476.0,119.51962280273438,1.9090871810913086
0.0001,3477.0,119.51961517333984,1.9090808629989624
0.0001,3478.0,119.51961517333984,1.9090741872787476
0.0001,3479.0,119.51961517333984,1.9090675115585327
0.0001,3480.0,119.51962280273438,1.9090611934661865
0.0001,3481.0,119.51962280273438,1.9090545177459717
0.0001,3482.0,119.51962280273438,1.9090484380722046
0.0001,3483.0,119.51960754394531,1.9090417623519897
0.0001,3484.0,119.51961517333984,1.9090354442596436
0.0001,3485.0,119.51961517333984,1.9090287685394287
0.0001,3486.0,119.51961517333984,1.9090220928192139
0.0001,3487.0,119.51962280273438,1.9090158939361572
0.0001,3488.0,119.51960754394531,1.909009575843811
0.0001,3489.0,119.51960754394531,1.9090032577514648
0.0001,3490.0,119.51961517333984,1.908996820449829
0.0001,3491.0,119.51960754394531,1.9089906215667725
0.0001,3492.0,119.51961517333984,1.9089839458465576
0.0001,3493.0,119.51959991455078,1.908977746963501
0.0001,3494.0,119.51960754394531,1.908970832824707
0.0001,3495.0,119.51960754394531,1.9089648723602295
0.0001,3496.0,119.51960754394531,1.9089584350585938
0.0001,3497.0,119.51960754394531,1.9089523553848267
0.0001,3498.0,119.51959228515625,1.9089457988739014
0.0001,3499.0,119.51959991455078,1.9089395999908447
0.0001,3500.0,119.51960754394531,1.9089332818984985
0.0001,3501.0,119.51959991455078,1.9089267253875732
0.0001,3502.0,119.51959228515625,1.9089202880859375
0.0001,3503.0,119.51959228515625,1.90891432762146
0.0001,3504.0,119.51959228515625,1.9089081287384033
0.0001,3505.0,119.51959991455078,1.9089018106460571
0.0001,3506.0,119.51959991455078,1.908895492553711
0.0001,3507.0,119.51959228515625,1.9088891744613647
0.0001,3508.0,119.51959228515625,1.9088828563690186
0.0001,3509.0,119.51959228515625,1.9088767766952515
0.0001,3510.0,119.51959228515625,1.9088704586029053
0.0001,3511.0,119.51959991455078,1.9088643789291382
0.0001,3512.0,119.51958465576172,1.9088579416275024
0.0001,3513.0,119.51959228515625,1.9088518619537354
0.0001,3514.0,119.51959228515625,1.9088456630706787
0.0001,3515.0,119.51959228515625,1.9088395833969116
0.0001,3516.0,119.51958465576172,1.9088335037231445
0.0001,3517.0,119.51957702636719,1.9088274240493774
0.0001,3518.0,119.51958465576172,1.9088213443756104
0.0001,3519.0,119.51959228515625,1.908814787864685
0.0001,3520.0,119.51957702636719,1.908808708190918
0.0001,3521.0,119.51957702636719,1.9088026285171509
0.0001,3522.0,119.51958465576172,1.9087966680526733
0.0001,3523.0,119.51957702636719,1.9087903499603271
0.0001,3524.0,119.51958465576172,1.9087845087051392
0.0001,3525.0,119.51957702636719,1.908778190612793
0.0001,3526.0,119.51957702636719,1.9087721109390259
0.0001,3527.0,119.51957702636719,1.9087660312652588
0.0001,3528.0,119.51958465576172,1.9087598323822021
0.0001,3529.0,119.51956939697266,1.9087539911270142
0.0001,3530.0,119.51956939697266,1.908747673034668
0.0001,3531.0,119.51957702636719,1.9087417125701904
0.0001,3532.0,119.51958465576172,1.9087356328964233
0.0001,3533.0,119.51956939697266,1.9087297916412354
0.0001,3534.0,119.51956939697266,1.9087238311767578
0.0001,3535.0,119.51957702636719,1.9087175130844116
0.0001,3536.0,119.51956939697266,1.9087116718292236
0.0001,3537.0,119.51956176757812,1.908705711364746
0.0001,3538.0,119.51956939697266,1.908699631690979
0.0001,3539.0,119.51956939697266,1.9086939096450806
0.0001,3540.0,119.51956939697266,1.9086878299713135
0.0001,3541.0,119.51956176757812,1.908681869506836
0.0001,3542.0,119.51956176757812,1.9086757898330688
0.0001,3543.0,119.51956176757812,1.9086698293685913
0.0001,3544.0,119.51956939697266,1.9086637496948242
0.0001,3545.0,119.51956176757812,1.9086577892303467
0.0001,3546.0,119.51956176757812,1.9086519479751587
0.0001,3547.0,119.51956176757812,1.9086462259292603
0.0001,3548.0,119.51956939697266,1.9086401462554932
0.0001,3549.0,119.5195541381836,1.9086341857910156
0.0001,3550.0,119.5195541381836,1.908628225326538
0.0001,3551.0,119.51956176757812,1.9086225032806396
0.0001,3552.0,119.51956939697266,1.9086166620254517
0.0001,3553.0,119.5195541381836,1.9086107015609741
0.0001,3554.0,119.5195541381836,1.9086049795150757
0.0001,3555.0,119.51956176757812,1.9085991382598877
0.0001,3556.0,119.5195541381836,1.9085934162139893
0.0001,3557.0,119.51954650878906,1.9085874557495117
0.0001,3558.0,119.5195541381836,1.9085814952850342
0.0001,3559.0,119.51956176757812,1.9085757732391357
0.0001,3560.0,119.51954650878906,1.9085699319839478
0.0001,3561.0,119.51954650878906,1.9085642099380493
0.0001,3562.0,119.5195541381836,1.9085586071014404
0.0001,3563.0,119.5195541381836,1.9085525274276733
0.0001,3564.0,119.51953887939453,1.908546805381775
0.0001,3565.0,119.51954650878906,1.9085410833358765
0.0001,3566.0,119.5195541381836,1.9085352420806885
0.0001,3567.0,119.51954650878906,1.9085296392440796
0.0001,3568.0,119.51953887939453,1.9085241556167603
0.0001,3569.0,119.51954650878906,1.9085181951522827
0.0001,3570.0,119.51954650878906,1.9085124731063843
0.0001,3571.0,119.51953887939453,1.9085067510604858
0.0001,3572.0,119.51953887939453,1.9085010290145874
0.0001,3573.0,119.51954650878906,1.908495545387268
0.0001,3574.0,119.51953887939453,1.9084895849227905
0.0001,3575.0,119.51953887939453,1.908483862876892
0.0001,3576.0,119.51953887939453,1.9084781408309937
0.0001,3577.0,119.51953887939453,1.9084726572036743
0.0001,3578.0,119.51953125,1.9084666967391968
0.0001,3579.0,119.51953887939453,1.9084612131118774
0.0001,3580.0,119.51954650878906,1.9084558486938477
0.0001,3581.0,119.51953125,1.9084498882293701
0.0001,3582.0,119.51953125,1.9084441661834717
0.0001,3583.0,119.51953887939453,1.9084386825561523
0.0001,3584.0,119.51953887939453,1.908433198928833
0.0001,3585.0,119.51952362060547,1.9084274768829346
0.0001,3586.0,119.51953125,1.9084217548370361
0.0001,3587.0,119.51953887939453,1.908416509628296
0.0001,3588.0,119.51953125,1.908410668373108
0.0001,3589.0,119.51953125,1.908405065536499
0.0001,3590.0,119.51953125,1.9083998203277588
0.0001,3591.0,119.51952362060547,1.9083940982818604
0.0001,3592.0,119.51952362060547,1.908388376235962
0.0001,3593.0,119.51953125,1.9083826541900635
0.0001,3594.0,119.51952362060547,1.9083774089813232
0.0001,3595.0,119.51952362060547,1.9083715677261353
0.0001,3596.0,119.51952362060547,1.9083664417266846
0.0001,3597.0,119.51953125,1.9083610773086548
0.0001,3598.0,119.51952362060547,1.9083551168441772
0.0001,3599.0,119.51952362060547,1.9083497524261475
0.0001,3600.0,119.51952362060547,1.9083446264266968
0.0001,3601.0,119.51951599121094,1.9083389043807983
0.0001,3602.0,119.51952362060547,1.9083335399627686
0.0001,3603.0,119.51952362060547,1.9083278179168701
0.0001,3604.0,119.51951599121094,1.9083226919174194
0.0001,3605.0,119.51951599121094,1.9083172082901
0.0001,3606.0,119.51951599121094,1.9083114862442017
0.0001,3607.0,119.5195083618164,1.9083061218261719
0.0001,3608.0,119.51951599121094,1.9083009958267212
0.0001,3609.0,119.51952362060547,1.9082952737808228
0.0001,3610.0,119.51951599121094,1.908289909362793
0.0001,3611.0,119.5195083618164,1.9082845449447632
0.0001,3612.0,119.51951599121094,1.9082791805267334
0.0001,3613.0,119.5195083618164,1.9082739353179932
0.0001,3614.0,119.5195083618164,1.9082683324813843
0.0001,3615.0,119.51951599121094,1.9082629680633545
0.0001,3616.0,119.5195083618164,1.9082578420639038
0.0001,3617.0,119.5195083618164,1.9082523584365845
0.0001,3618.0,119.5195083618164,1.9082469940185547
0.0001,3619.0,119.51950073242188,1.908241629600525
0.0001,3620.0,119.5195083618164,1.9082365036010742
0.0001,3621.0,119.5195083618164,1.9082311391830444
0.0001,3622.0,119.51950073242188,1.9082257747650146
0.0001,3623.0,119.51950073242188,1.9082202911376953
0.0001,3624.0,119.5195083618164,1.9082152843475342
0.0001,3625.0,119.51950073242188,1.9082098007202148
0.0001,3626.0,119.51950073242188,1.908204436302185
0.0001,3627.0,119.5195083618164,1.9081993103027344
0.0001,3628.0,119.51950073242188,1.908193826675415
0.0001,3629.0,119.51950073242188,1.908188819885254
0.0001,3630.0,119.51950073242188,1.9081834554672241
0.0001,3631.0,119.51949310302734,1.9081780910491943
0.0001,3632.0,119.51950073242188,1.9081729650497437
0.0001,3633.0,119.51950073242188,1.9081676006317139
0.0001,3634.0,119.51949310302734,1.9081624746322632
0.0001,3635.0,119.51950073242188,1.9081573486328125
0.0001,3636.0,119.51950073242188,1.9081518650054932
0.0001,3637.0,119.51948547363281,1.9081470966339111
0.0001,3638.0,119.51949310302734,1.9081414937973022
0.0001,3639.0,119.51950073242188,1.9081367254257202
0.0001,3640.0,119.51949310302734,1.9081310033798218
0.0001,3641.0,119.51949310302734,1.9081261157989502
0.0001,3642.0,119.51950073242188,1.908121109008789
0.0001,3643.0,119.51949310302734,1.9081159830093384
0.0001,3644.0,119.51949310302734,1.9081106185913086
0.0001,3645.0,119.51950073242188,1.9081056118011475
0.0001,3646.0,119.51948547363281,1.9081004858016968
0.0001,3647.0,119.51949310302734,1.908095121383667
0.0001,3648.0,119.51948547363281,1.9080899953842163
0.0001,3649.0,119.51948547363281,1.9080851078033447
0.0001,3650.0,119.51949310302734,1.9080801010131836
0.0001,3651.0,119.51948547363281,1.908074975013733
0.0001,3652.0,119.51948547363281,1.9080698490142822
0.0001,3653.0,119.51949310302734,1.908064603805542
0.0001,3654.0,119.51948547363281,1.9080594778060913
0.0001,3655.0,119.51948547363281,1.9080543518066406
0.0001,3656.0,119.51948547363281,1.9080495834350586
0.0001,3657.0,119.51947784423828,1.908044457435608
0.0001,3658.0,119.51948547363281,1.9080393314361572
0.0001,3659.0,119.51947784423828,1.908034324645996
0.0001,3660.0,119.51947784423828,1.908029317855835
0.0001,3661.0,119.51948547363281,1.9080241918563843
0.0001,3662.0,119.51947784423828,1.9080194234848022
0.0001,3663.0,119.51948547363281,1.9080140590667725
0.0001,3664.0,119.51948547363281,1.9080091714859009
0.0001,3665.0,119.51947784423828,1.9080040454864502
0.0001,3666.0,119.51947784423828,1.907999038696289
0.0001,3667.0,119.51947021484375,1.907994270324707
0.0001,3668.0,119.51947021484375,1.9079891443252563
0.0001,3669.0,119.51947784423828,1.9079844951629639
0.0001,3670.0,119.51947021484375,1.9079792499542236
0.0001,3671.0,119.51947784423828,1.9079742431640625
0.0001,3672.0,119.51947784423828,1.9079692363739014
0.0001,3673.0,119.51947021484375,1.9079643487930298
0.0001,3674.0,119.51947784423828,1.9079595804214478
0.0001,3675.0,119.51947021484375,1.9079545736312866
0.0001,3676.0,119.51947021484375,1.907949447631836
0.0001,3677.0,119.51947784423828,1.907944917678833
0.0001,3678.0,119.51947021484375,1.907940149307251
0.0001,3679.0,119.51947784423828,1.9079347848892212
0.0001,3680.0,119.51947784423828,1.9079300165176392
0.0001,3681.0,119.51946258544922,1.9079252481460571
0.0001,3682.0,119.51947021484375,1.907920241355896
0.0001,3683.0,119.51946258544922,1.907915472984314
0.0001,3684.0,119.51946258544922,1.9079105854034424
0.0001,3685.0,119.51947021484375,1.9079058170318604
0.0001,3686.0,119.51946258544922,1.9079008102416992
0.0001,3687.0,119.51947021484375,1.9078960418701172
0.0001,3688.0,119.51946258544922,1.9078909158706665
0.0001,3689.0,119.51946258544922,1.9078861474990845
0.0001,3690.0,119.51947021484375,1.907881498336792
0.0001,3691.0,119.51946258544922,1.9078766107559204
0.0001,3692.0,119.51946258544922,1.907871961593628
0.0001,3693.0,119.51945495605469,1.9078670740127563
0.0001,3694.0,119.51946258544922,1.9078624248504639
0.0001,3695.0,119.51947021484375,1.9078572988510132
0.0001,3696.0,119.51946258544922,1.9078527688980103
0.0001,3697.0,119.51946258544922,1.9078481197357178
0.0001,3698.0,119.51945495605469,1.907842993736267
0.0001,3699.0,119.51946258544922,1.9078378677368164
0.0001,3700.0,119.51946258544922,1.907833456993103
0.0001,3701.0,119.51945495605469,1.907828688621521
0.0001,3702.0,119.51946258544922,1.907824158668518
0.0001,3703.0,119.51945495605469,1.907819390296936
0.0001,3704.0,119.51946258544922,1.9078147411346436
0.0001,3705.0,119.51946258544922,1.9078102111816406
0.0001,3706.0,119.51945495605469,1.90780508518219
0.0001,3707.0,119.51946258544922,1.9078006744384766
0.0001,3708.0,119.51944732666016,1.9077959060668945
0.0001,3709.0,119.51944732666016,1.9077913761138916
0.0001,3710.0,119.51943969726562,1.9077866077423096
0.0001,3711.0,119.51944732666016,1.9077816009521484
0.0001,3712.0,119.51945495605469,1.907777190208435
0.0001,3713.0,119.51944732666016,1.9077723026275635
0.0001,3714.0,119.51944732666016,1.907767653465271
0.0001,3715.0,119.51943969726562,1.907762885093689
0.0001,3716.0,119.51944732666016,1.9077584743499756
0.0001,3717.0,119.51944732666016,1.9077539443969727
0.0001,3718.0,119.51943969726562,1.9077494144439697
0.0001,3719.0,119.51944732666016,1.9077446460723877
0.0001,3720.0,119.51943969726562,1.9077396392822266
0.0001,3721.0,119.51944732666016,1.9077352285385132
0.0001,3722.0,119.51943969726562,1.9077306985855103
0.0001,3723.0,119.51943969726562,1.9077259302139282
0.0001,3724.0,119.51944732666016,1.9077215194702148
0.0001,3725.0,119.51943969726562,1.907716989517212
0.0001,3726.0,119.51943969726562,1.9077123403549194
0.0001,3727.0,119.51943969726562,1.907707929611206
0.0001,3728.0,119.51943969726562,1.907703161239624
0.0001,3729.0,119.51943969726562,1.907698631286621
0.0001,3730.0,119.51944732666016,1.9076941013336182
0.0001,3731.0,119.51944732666016,1.9076896905899048
0.0001,3732.0,119.51943969726562,1.9076850414276123
0.0001,3733.0,119.51944732666016,1.9076805114746094
0.0001,3734.0,119.51943969726562,1.907676100730896
0.0001,3735.0,119.51943969726562,1.907671332359314
0.0001,3736.0,119.5194320678711,1.907666802406311
0.0001,3737.0,119.51943969726562,1.9076623916625977
0.0001,3738.0,119.51944732666016,1.9076579809188843
0.0001,3739.0,119.51943969726562,1.9076534509658813
0.0001,3740.0,119.51943969726562,1.907649040222168
0.0001,3741.0,119.5194320678711,1.907644271850586
0.0001,3742.0,119.51943969726562,1.907639741897583
0.0001,3743.0,119.5194320678711,1.9076354503631592
0.0001,3744.0,119.5194320678711,1.9076309204101562
0.0001,3745.0,119.51942443847656,1.9076265096664429
0.0001,3746.0,119.5194320678711,1.9076220989227295
0.0001,3747.0,119.51943969726562,1.9076175689697266
0.0001,3748.0,119.5194320678711,1.9076133966445923
0.0001,3749.0,119.5194320678711,1.9076087474822998
0.0001,3750.0,119.51942443847656,1.9076039791107178
0.0001,3751.0,119.5194320678711,1.9076001644134521
0.0001,3752.0,119.51942443847656,1.9075956344604492
0.0001,3753.0,119.51942443847656,1.9075911045074463
0.0001,3754.0,119.51941680908203,1.907586693763733
0.0001,3755.0,119.51942443847656,1.9075825214385986
0.0001,3756.0,119.51943969726562,1.9075781106948853
0.0001,3757.0,119.5194320678711,1.9075736999511719
0.0001,3758.0,119.5194320678711,1.9075692892074585
0.0001,3759.0,119.51942443847656,1.9075647592544556
0.0001,3760.0,119.5194320678711,1.90756094455719
0.0001,3761.0,119.51942443847656,1.9075562953948975
0.0001,3762.0,119.51942443847656,1.9075515270233154
0.0001,3763.0,119.51941680908203,1.9075475931167603
0.0001,3764.0,119.51942443847656,1.9075429439544678
0.0001,3765.0,119.51941680908203,1.9075387716293335
0.0001,3766.0,119.51942443847656,1.9075343608856201
0.0001,3767.0,119.51942443847656,1.9075301885604858
0.0001,3768.0,119.51941680908203,1.9075257778167725
0.0001,3769.0,119.51942443847656,1.9075214862823486
0.0001,3770.0,119.51941680908203,1.9075171947479248
0.0001,3771.0,119.51942443847656,1.9075130224227905
0.0001,3772.0,119.51941680908203,1.9075086116790771
0.0001,3773.0,119.51942443847656,1.9075043201446533
0.0001,3774.0,119.51941680908203,1.9075000286102295
0.0001,3775.0,119.51942443847656,1.9074957370758057
0.0001,3776.0,119.51941680908203,1.9074914455413818
0.0001,3777.0,119.51941680908203,1.9074872732162476
0.0001,3778.0,119.5194091796875,1.9074831008911133
0.0001,3779.0,119.51941680908203,1.9074786901474
0.0001,3780.0,119.51941680908203,1.9074745178222656
0.0001,3781.0,119.5194091796875,1.9074703454971313
0.0001,3782.0,119.51941680908203,1.907465934753418
0.0001,3783.0,119.51941680908203,1.9074618816375732
0.0001,3784.0,119.51942443847656,1.907457947731018
0.0001,3785.0,119.51941680908203,1.9074535369873047
0.0001,3786.0,119.51941680908203,1.9074493646621704
0.0001,3787.0,119.5194091796875,1.9074451923370361
0.0001,3788.0,119.51941680908203,1.9074409008026123
0.0001,3789.0,119.5194091796875,1.9074369668960571
0.0001,3790.0,119.5194091796875,1.9074325561523438
0.0001,3791.0,119.51940155029297,1.907428503036499
0.0001,3792.0,119.5194091796875,1.9074242115020752
0.0001,3793.0,119.5194091796875,1.9074201583862305
0.0001,3794.0,119.51941680908203,1.907415747642517
0.0001,3795.0,119.5194091796875,1.9074115753173828
0.0001,3796.0,119.5194091796875,1.9074077606201172
0.0001,3797.0,119.51940155029297,1.907403588294983
0.0001,3798.0,119.5194091796875,1.9073991775512695
0.0001,3799.0,119.51940155029297,1.9073951244354248
0.0001,3800.0,119.51940155029297,1.9073911905288696
0.0001,3801.0,119.51939392089844,1.907387137413025
0.0001,3802.0,119.5194091796875,1.9073829650878906
0.0001,3803.0,119.51940155029297,1.9073787927627563
0.0001,3804.0,119.5194091796875,1.9073747396469116
0.0001,3805.0,119.5194091796875,1.9073708057403564
0.0001,3806.0,119.51940155029297,1.907366394996643
0.0001,3807.0,119.5194091796875,1.9073623418807983
0.0001,3808.0,119.51940155029297,1.9073585271835327
0.0001,3809.0,119.51940155029297,1.9073545932769775
0.0001,3810.0,119.51940155029297,1.9073505401611328
0.0001,3811.0,119.5194091796875,1.9073461294174194
0.0001,3812.0,119.51940155029297,1.9073421955108643
0.0001,3813.0,119.5194091796875,1.9073379039764404
0.0001,3814.0,119.51940155029297,1.9073340892791748
0.0001,3815.0,119.51940155029297,1.9073302745819092
0.0001,3816.0,119.51939392089844,1.907326102256775
0.0001,3817.0,119.5194091796875,1.9073222875595093
0.0001,3818.0,119.51940155029297,1.907318115234375
0.0001,3819.0,119.51940155029297,1.9073140621185303
0.0001,3820.0,119.51939392089844,1.907309889793396
0.0001,3821.0,119.51940155029297,1.9073059558868408
0.0001,3822.0,119.51939392089844,1.9073021411895752
0.0001,3823.0,119.51940155029297,1.9072980880737305
0.0001,3824.0,119.51939392089844,1.9072942733764648
0.0001,3825.0,119.51940155029297,1.9072902202606201
0.0001,3826.0,119.51939392089844,1.907286286354065
0.0001,3827.0,119.51940155029297,1.9072824716567993
0.0001,3828.0,119.51939392089844,1.9072784185409546
0.0001,3829.0,119.51939392089844,1.9072744846343994
0.0001,3830.0,119.5193862915039,1.9072704315185547
0.0001,3831.0,119.51940155029297,1.90726637840271
0.0001,3832.0,119.51939392089844,1.9072624444961548
0.0001,3833.0,119.51940155029297,1.9072587490081787
0.0001,3834.0,119.51939392089844,1.907254934310913
0.0001,3835.0,119.5193862915039,1.907251000404358
0.0001,3836.0,119.5193862915039,1.9072471857070923
0.0001,3837.0,119.5193862915039,1.907242774963379
0.0001,3838.0,119.51939392089844,1.9072391986846924
0.0001,3839.0,119.5193862915039,1.9072353839874268
0.0001,3840.0,119.5193862915039,1.9072315692901611
0.0001,3841.0,119.51937866210938,1.9072277545928955
0.0001,3842.0,119.5193862915039,1.9072234630584717
0.0001,3843.0,119.5193862915039,1.9072195291519165
0.0001,3844.0,119.51939392089844,1.9072160720825195
0.0001,3845.0,119.5193862915039,1.907212257385254
0.0001,3846.0,119.5193862915039,1.9072080850601196
0.0001,3847.0,119.51937866210938,1.9072043895721436
0.0001,3848.0,119.5193862915039,1.907200574874878
0.0001,3849.0,119.5193862915039,1.9071969985961914
0.0001,3850.0,119.5193862915039,1.9071928262710571
0.0001,3851.0,119.51937866210938,1.9071890115737915
0.0001,3852.0,119.5193862915039,1.9071851968765259
0.0001,3853.0,119.51937866210938,1.907181739807129
0.0001,3854.0,119.51939392089844,1.9071776866912842
0.0001,3855.0,119.5193862915039,1.9071738719940186
0.0001,3856.0,119.5193862915039,1.9071699380874634
0.0001,3857.0,119.51937866210938,1.9071662425994873
0.0001,3858.0,119.5193862915039,1.9071624279022217
0.0001,3859.0,119.51937866210938,1.907158613204956
0.0001,3860.0,119.51937866210938,1.9071550369262695
0.0001,3861.0,119.51937866210938,1.907151222229004
0.0001,3862.0,119.51937103271484,1.9071476459503174
0.0001,3863.0,119.51937866210938,1.9071435928344727
0.0001,3864.0,119.51937103271484,1.9071400165557861
0.0001,3865.0,119.5193862915039,1.9071362018585205
0.0001,3866.0,119.51937866210938,1.9071323871612549
0.0001,3867.0,119.51937866210938,1.9071286916732788
0.0001,3868.0,119.51937103271484,1.9071248769760132
0.0001,3869.0,119.51937866210938,1.9071213006973267
0.0001,3870.0,119.51937866210938,1.9071176052093506
0.0001,3871.0,119.51937866210938,1.907114028930664
0.0001,3872.0,119.51937103271484,1.9071104526519775
0.0001,3873.0,119.51937866210938,1.9071061611175537
0.0001,3874.0,119.51937866210938,1.9071025848388672
0.0001,3875.0,119.51937103271484,1.9070991277694702
0.0001,3876.0,119.51937866210938,1.9070953130722046
0.0001,3877.0,119.51937103271484,1.9070918560028076
0.0001,3878.0,119.51937103271484,1.907088041305542
0.0001,3879.0,119.51937103271484,1.9070842266082764
0.0001,3880.0,119.51937866210938,1.907080888748169
0.0001,3881.0,119.51937103271484,1.9070771932601929
0.0001,3882.0,119.51937103271484,1.907073736190796
0.0001,3883.0,119.51936340332031,1.9070699214935303
0.0001,3884.0,119.51937866210938,1.907065987586975
0.0001,3885.0,119.51937103271484,1.9070625305175781
0.0001,3886.0,119.51936340332031,1.9070589542388916
0.0001,3887.0,119.51937103271484,1.9070552587509155
0.0001,3888.0,119.51937103271484,1.907051682472229
0.0001,3889.0,119.51937103271484,1.9070484638214111
0.0001,3890.0,119.51936340332031,1.9070444107055664
0.0001,3891.0,119.51937103271484,1.9070408344268799
0.0001,3892.0,119.51936340332031,1.907037377357483
0.0001,3893.0,119.51937103271484,1.9070335626602173
0.0001,3894.0,119.51936340332031,1.9070303440093994
0.0001,3895.0,119.51937103271484,1.9070268869400024
0.0001,3896.0,119.51936340332031,1.9070228338241577
0.0001,3897.0,119.51936340332031,1.9070193767547607
0.0001,3898.0,119.51937103271484,1.9070158004760742
0.0001,3899.0,119.51936340332031,1.9070119857788086
0.0001,3900.0,119.51936340332031,1.9070087671279907
0.0001,3901.0,119.51936340332031,1.907004952430725
0.0001,3902.0,119.51937103271484,1.9070014953613281
0.0001,3903.0,119.51936340332031,1.9069982767105103
0.0001,3904.0,119.51936340332031,1.9069944620132446
0.0001,3905.0,119.51936340332031,1.9069912433624268
0.0001,3906.0,119.51935577392578,1.9069874286651611
0.0001,3907.0,119.51936340332031,1.9069839715957642
0.0001,3908.0,119.51935577392578,1.906980276107788
0.0001,3909.0,119.51937103271484,1.9069769382476807
0.0001,3910.0,119.51936340332031,1.9069734811782837
0.0001,3911.0,119.51936340332031,1.9069700241088867
0.0001,3912.0,119.51935577392578,1.9069665670394897
0.0001,3913.0,119.51935577392578,1.9069631099700928
0.0001,3914.0,119.51936340332031,1.9069592952728271
0.0001,3915.0,119.51935577392578,1.9069563150405884
0.0001,3916.0,119.51935577392578,1.9069526195526123
0.0001,3917.0,119.51935577392578,1.9069490432739258
0.0001,3918.0,119.51936340332031,1.906945824623108
0.0001,3919.0,119.51935577392578,1.906942367553711
0.0001,3920.0,119.51934814453125,1.906938910484314
0.0001,3921.0,119.51936340332031,1.9069350957870483
0.0001,3922.0,119.51935577392578,1.9069316387176514
0.0001,3923.0,119.51935577392578,1.9069284200668335
0.0001,3924.0,119.51935577392578,1.906924843788147
0.0001,3925.0,119.51936340332031,1.906921625137329
0.0001,3926.0,119.51935577392578,1.906917929649353
0.0001,3927.0,119.51934814453125,1.906914472579956
0.0001,3928.0,119.51935577392578,1.9069111347198486
0.0001,3929.0,119.51934814453125,1.9069077968597412
0.0001,3930.0,119.51935577392578,1.9069045782089233
0.0001,3931.0,119.51934814453125,1.9069011211395264
0.0001,3932.0,119.51936340332031,1.9068975448608398
0.0001,3933.0,119.51935577392578,1.906894326210022
0.0001,3934.0,119.51934814453125,1.906891107559204
0.0001,3935.0,119.51935577392578,1.9068876504898071
0.0001,3936.0,119.51934814453125,1.9068841934204102
0.0001,3937.0,119.51935577392578,1.9068809747695923
0.0001,3938.0,119.51934814453125,1.9068775177001953
0.0001,3939.0,119.51935577392578,1.9068740606307983
0.0001,3940.0,119.51934814453125,1.9068708419799805
0.0001,3941.0,119.51934051513672,1.9068673849105835
0.0001,3942.0,119.51935577392578,1.9068641662597656
0.0001,3943.0,119.51934814453125,1.906860589981079
0.0001,3944.0,119.51935577392578,1.9068574905395508
0.0001,3945.0,119.51934814453125,1.9068540334701538
0.0001,3946.0,119.51934814453125,1.906850814819336
0.0001,3947.0,119.51934814453125,1.906847357749939
0.0001,3948.0,119.51934051513672,1.906844139099121
0.0001,3949.0,119.51935577392578,1.9068406820297241
0.0001,3950.0,119.51934814453125,1.9068374633789062
0.0001,3951.0,119.51934814453125,1.906834363937378
0.0001,3952.0,119.51934814453125,1.9068310260772705
0.0001,3953.0,119.51934051513672,1.906827688217163
0.0001,3954.0,119.51934814453125,1.9068247079849243
0.0001,3955.0,119.51934051513672,1.9068212509155273
0.0001,3956.0,119.51935577392578,1.906818151473999
0.0001,3957.0,119.51934814453125,1.9068145751953125
0.0001,3958.0,119.51934051513672,1.9068117141723633
0.0001,3959.0,119.51934814453125,1.9068082571029663
0.0001,3960.0,119.51934051513672,1.9068050384521484
0.0001,3961.0,119.51934814453125,1.9068018198013306
0.0001,3962.0,119.51934814453125,1.9067986011505127
0.0001,3963.0,119.51934051513672,1.9067949056625366
0.0001,3964.0,119.51934051513672,1.9067920446395874
0.0001,3965.0,119.51933288574219,1.9067885875701904
0.0001,3966.0,119.51934814453125,1.9067853689193726
0.0001,3967.0,119.51934051513672,1.9067823886871338
0.0001,3968.0,119.51933288574219,1.9067789316177368
0.0001,3969.0,119.51934814453125,1.906775712966919
0.0001,3970.0,119.51934051513672,1.9067723751068115
0.0001,3971.0,119.51934051513672,1.9067695140838623
0.0001,3972.0,119.51934051513672,1.9067661762237549
0.0001,3973.0,119.51933288574219,1.9067628383636475
0.0001,3974.0,119.51934051513672,1.9067599773406982
0.0001,3975.0,119.51934051513672,1.9067567586898804
0.0001,3976.0,119.51934051513672,1.9067535400390625
0.0001,3977.0,119.51933288574219,1.9067506790161133
0.0001,3978.0,119.51933288574219,1.9067472219467163
0.0001,3979.0,119.51934051513672,1.9067440032958984
0.0001,3980.0,119.51933288574219,1.9067407846450806
0.0001,3981.0,119.51934814453125,1.9067379236221313
0.0001,3982.0,119.51934051513672,1.9067344665527344
0.0001,3983.0,119.51933288574219,1.906731367111206
0.0001,3984.0,119.51934051513672,1.9067285060882568
0.0001,3985.0,119.51933288574219,1.9067249298095703
0.0001,3986.0,119.51934051513672,1.9067223072052002
0.0001,3987.0,119.51934051513672,1.9067186117172241
0.0001,3988.0,119.51933288574219,1.906715750694275
0.0001,3989.0,119.51933288574219,1.9067127704620361
0.0001,3990.0,119.51933288574219,1.906709909439087
0.0001,3991.0,119.51932525634766,1.90670645236969
0.0001,3992.0,119.51933288574219,1.9067033529281616
0.0001,3993.0,119.51933288574219,1.9067003726959229
0.0001,3994.0,119.51934051513672,1.9066972732543945
0.0001,3995.0,119.51933288574219,1.9066944122314453
0.0001,3996.0,119.51933288574219,1.9066909551620483
0.0001,3997.0,119.51933288574219,1.9066879749298096
0.0001,3998.0,119.51932525634766,1.9066846370697021
0.0001,3999.0,119.51934051513672,1.906681776046753
0.0001,4000.0,119.51933288574219,1.9066791534423828
0.0001,4001.0,119.51932525634766,1.9066756963729858
0.0001,4002.0,119.51933288574219,1.906672716140747
0.0001,4003.0,119.51932525634766,1.9066696166992188
0.0001,4004.0,119.51932525634766,1.9066667556762695
0.0001,4005.0,119.51933288574219,1.9066635370254517
0.0001,4006.0,119.51932525634766,1.9066606760025024
0.0001,4007.0,119.51934051513672,1.9066575765609741
0.0001,4008.0,119.51933288574219,1.9066543579101562
0.0001,4009.0,119.51932525634766,1.906651258468628
0.0001,4010.0,119.51933288574219,1.9066482782363892
0.0001,4011.0,119.51932525634766,1.9066455364227295
0.0001,4012.0,119.51931762695312,1.9066425561904907
0.0001,4013.0,119.51933288574219,1.9066393375396729
0.0001,4014.0,119.51932525634766,1.9066364765167236
0.0001,4015.0,119.51933288574219,1.9066336154937744
0.0001,4016.0,119.51932525634766,1.906630277633667
0.0001,4017.0,119.51931762695312,1.9066274166107178
0.0001,4018.0,119.51933288574219,1.9066245555877686
0.0001,4019.0,119.51932525634766,1.9066216945648193
0.0001,4020.0,119.51931762695312,1.9066187143325806
0.0001,4021.0,119.51933288574219,1.9066154956817627
0.0001,4022.0,119.51932525634766,1.9066123962402344
0.0001,4023.0,119.51932525634766,1.9066097736358643
0.0001,4024.0,119.51932525634766,1.906606912612915
0.0001,4025.0,119.51931762695312,1.9066035747528076
0.0001,4026.0,119.51933288574219,1.9066007137298584
0.0001,4027.0,119.51932525634766,1.9065980911254883
0.0001,4028.0,119.51931762695312,1.9065948724746704
0.0001,4029.0,119.51932525634766,1.906591773033142
0.0001,4030.0,119.51931762695312,1.906589150428772
0.0001,4031.0,119.51931762695312,1.9065860509872437
0.0001,4032.0,119.51932525634766,1.9065831899642944
0.0001,4033.0,119.51931762695312,1.9065803289413452
0.0001,4034.0,119.51933288574219,1.9065773487091064
0.0001,4035.0,119.51932525634766,1.9065744876861572
0.0001,4036.0,119.51931762695312,1.906571626663208
0.0001,4037.0,119.51932525634766,1.9065688848495483
0.0001,4038.0,119.51931762695312,1.9065656661987305
0.0001,4039.0,119.51931762695312,1.9065628051757812
0.0001,4040.0,119.51932525634766,1.9065601825714111
0.0001,4041.0,119.51931762695312,1.9065570831298828
0.0001,4042.0,119.51931762695312,1.9065544605255127
0.0001,4043.0,119.51931762695312,1.9065513610839844
0.0001,4044.0,119.51931762695312,1.9065485000610352
0.0001,4045.0,119.51932525634766,1.906545877456665
0.0001,4046.0,119.51931762695312,1.9065427780151367
0.0001,4047.0,119.51931762695312,1.9065401554107666
0.0001,4048.0,119.51932525634766,1.9065368175506592
0.0001,4049.0,119.51932525634766,1.9065344333648682
0.0001,4050.0,119.51931762695312,1.9065313339233398
0.0001,4051.0,119.51931762695312,1.9065287113189697
0.0001,4052.0,119.51931762695312,1.90652596950531
0.0001,4053.0,119.5193099975586,1.9065229892730713
0.0001,4054.0,119.51932525634766,1.906520128250122
0.0001,4055.0,119.51931762695312,1.9065173864364624
0.0001,4056.0,119.5193099975586,1.9065144062042236
0.0001,4057.0,119.51931762695312,1.906511664390564
0.0001,4058.0,119.5193099975586,1.9065090417861938
0.0001,4059.0,119.5193099975586,1.9065062999725342
0.0001,4060.0,119.51931762695312,1.9065033197402954
0.0001,4061.0,119.5193099975586,1.9065005779266357
0.0001,4062.0,119.5193099975586,1.9064977169036865
0.0001,4063.0,119.51931762695312,1.9064950942993164
0.0001,4064.0,119.51931762695312,1.9064922332763672
0.0001,4065.0,119.51931762695312,1.906489372253418
0.0001,4066.0,119.5193099975586,1.9064867496490479
0.0001,4067.0,119.5193099975586,1.9064836502075195
0.0001,4068.0,119.51931762695312,1.9064810276031494
0.0001,4069.0,119.51931762695312,1.9064782857894897
0.0001,4070.0,119.5193099975586,1.9064756631851196
0.0001,4071.0,119.51931762695312,1.9064728021621704
0.0001,4072.0,119.5193099975586,1.9064699411392212
0.0001,4073.0,119.51930236816406,1.9064674377441406
0.0001,4074.0,119.51931762695312,1.9064645767211914
0.0001,4075.0,119.5193099975586,1.9064619541168213
0.0001,4076.0,119.5193099975586,1.906459093093872
0.0001,4077.0,119.51931762695312,1.9064563512802124
0.0001,4078.0,119.5193099975586,1.9064537286758423
0.0001,4079.0,119.5193099975586,1.906450867652893
0.0001,4080.0,119.5193099975586,1.9064483642578125
0.0001,4081.0,119.5193099975586,1.9064455032348633
0.0001,4082.0,119.51930236816406,1.9064429998397827
0.0001,4083.0,119.51931762695312,1.906440019607544
0.0001,4084.0,119.5193099975586,1.906437635421753
0.0001,4085.0,119.51930236816406,1.9064350128173828
0.0001,4086.0,119.5193099975586,1.9064321517944336
0.0001,4087.0,119.51930236816406,1.9064290523529053
0.0001,4088.0,119.51930236816406,1.9064266681671143
0.0001,4089.0,119.5193099975586,1.9064241647720337
0.0001,4090.0,119.5193099975586,1.9064213037490845
0.0001,4091.0,119.51930236816406,1.9064185619354248
0.0001,4092.0,119.51931762695312,1.9064159393310547
0.0001,4093.0,119.5193099975586,1.9064134359359741
0.0001,4094.0,119.51930236816406,1.906410813331604
0.0001,4095.0,119.5193099975586,1.9064080715179443
0.0001,4096.0,119.51930236816406,1.9064052104949951
0.0001,4097.0,119.51930236816406,1.906402587890625
0.0001,4098.0,119.5193099975586,1.9064003229141235
0.0001,4099.0,119.5193099975586,1.9063972234725952
0.0001,4100.0,119.51930236816406,1.9063947200775146
0.0001,4101.0,119.5193099975586,1.9063923358917236
0.0001,4102.0,119.51930236816406,1.906389594078064
0.0001,4103.0,119.51929473876953,1.9063869714736938
0.0001,4104.0,119.5193099975586,1.9063844680786133
0.0001,4105.0,119.51930236816406,1.9063818454742432
0.0001,4106.0,119.51930236816406,1.9063791036605835
0.0001,4107.0,119.5193099975586,1.9063764810562134
0.0001,4108.0,119.5193099975586,1.9063739776611328
0.0001,4109.0,119.51930236816406,1.9063711166381836
0.0001,4110.0,119.5193099975586,1.9063688516616821
0.0001,4111.0,119.51930236816406,1.9063661098480225
0.0001,4112.0,119.51929473876953,1.9063632488250732
0.0001,4113.0,119.51929473876953,1.9063608646392822
0.0001,4114.0,119.51930236816406,1.9063581228256226
0.0001,4115.0,119.51930236816406,1.906355857849121
0.0001,4116.0,119.51929473876953,1.906353235244751
0.0001,4117.0,119.51930236816406,1.9063507318496704
0.0001,4118.0,119.51929473876953,1.9063479900360107
0.0001,4119.0,119.51929473876953,1.9063456058502197
0.0001,4120.0,119.51930236816406,1.90634286403656
0.0001,4121.0,119.51930236816406,1.9063403606414795
0.0001,4122.0,119.51929473876953,1.906338095664978
0.0001,4123.0,119.5193099975586,1.9063352346420288
0.0001,4124.0,119.51930236816406,1.9063327312469482
0.0001,4125.0,119.51929473876953,1.9063301086425781
0.0001,4126.0,119.51930236816406,1.9063278436660767
0.0001,4127.0,119.51929473876953,1.906325340270996
0.0001,4128.0,119.51929473876953,1.906322717666626
0.0001,4129.0,119.51930236816406,1.9063199758529663
0.0001,4130.0,119.51930236816406,1.9063174724578857
0.0001,4131.0,119.51929473876953,1.9063152074813843
0.0001,4132.0,119.51930236816406,1.9063125848770142
0.0001,4133.0,119.51929473876953,1.9063104391098022
0.0001,4134.0,119.51929473876953,1.9063078165054321
0.0001,4135.0,119.519287109375,1.9063055515289307
0.0001,4136.0,119.51930236816406,1.9063026905059814
0.0001,4137.0,119.51929473876953,1.9063001871109009
0.0001,4138.0,119.51929473876953,1.9062974452972412
0.0001,4139.0,119.51930236816406,1.9062951803207397
0.0001,4140.0,119.51930236816406,1.9062926769256592
0.0001,4141.0,119.51929473876953,1.9062904119491577
0.0001,4142.0,119.51930236816406,1.9062877893447876
0.0001,4143.0,119.51929473876953,1.906285285949707
0.0001,4144.0,119.519287109375,1.9062827825546265
0.0001,4145.0,119.51930236816406,1.906280517578125
0.0001,4146.0,119.51929473876953,1.9062780141830444
0.0001,4147.0,119.51929473876953,1.9062755107879639
0.0001,4148.0,119.519287109375,1.9062731266021729
0.0001,4149.0,119.51929473876953,1.9062707424163818
0.0001,4150.0,119.519287109375,1.9062683582305908
0.0001,4151.0,119.519287109375,1.9062658548355103
0.0001,4152.0,119.51929473876953,1.9062633514404297
0.0001,4153.0,119.51929473876953,1.9062610864639282
0.0001,4154.0,119.519287109375,1.9062585830688477
0.0001,4155.0,119.51930236816406,1.906256079673767
0.0001,4156.0,119.51929473876953,1.906253457069397
0.0001,4157.0,119.51929473876953,1.9062511920928955
0.0001,4158.0,119.519287109375,1.9062490463256836
0.0001,4159.0,119.51929473876953,1.906246542930603
0.0001,4160.0,119.519287109375,1.906243920326233
0.0001,4161.0,119.519287109375,1.906241774559021
0.0001,4162.0,119.51929473876953,1.9062392711639404
0.0001,4163.0,119.51929473876953,1.9062368869781494
0.0001,4164.0,119.519287109375,1.9062345027923584
0.0001,4165.0,119.51929473876953,1.9062321186065674
0.0001,4166.0,119.519287109375,1.9062297344207764
0.0001,4167.0,119.519287109375,1.9062271118164062
0.0001,4168.0,119.51927947998047,1.9062249660491943
0.0001,4169.0,119.51929473876953,1.9062225818634033
0.0001,4170.0,119.519287109375,1.9062201976776123
0.0001,4171.0,119.519287109375,1.9062179327011108
0.0001,4172.0,119.51929473876953,1.9062154293060303
0.0001,4173.0,119.51929473876953,1.9062131643295288
0.0001,4174.0,119.519287109375,1.9062108993530273
0.0001,4175.0,119.519287109375,1.9062083959579468
0.0001,4176.0,119.519287109375,1.9062061309814453
0.0001,4177.0,119.519287109375,1.9062038660049438
0.0001,4178.0,119.51927947998047,1.9062016010284424
0.0001,4179.0,119.51929473876953,1.9061990976333618
0.0001,4180.0,119.519287109375,1.9061968326568604
0.0001,4181.0,119.519287109375,1.9061940908432007
0.0001,4182.0,119.51927947998047,1.9061920642852783
0.0001,4183.0,119.519287109375,1.9061899185180664
0.0001,4184.0,119.51927947998047,1.9061874151229858
0.0001,4185.0,119.51927947998047,1.9061851501464844
0.0001,4186.0,119.519287109375,1.906182885169983
0.0001,4187.0,119.519287109375,1.9061806201934814
0.0001,4188.0,119.519287109375,1.9061781167984009
0.0001,4189.0,119.51927947998047,1.906175971031189
0.0001,4190.0,119.51929473876953,1.9061737060546875
0.0001,4191.0,119.519287109375,1.906171441078186
0.0001,4192.0,119.519287109375,1.9061691761016846
0.0001,4193.0,119.519287109375,1.9061670303344727
0.0001,4194.0,119.519287109375,1.9061644077301025
0.0001,4195.0,119.51927947998047,1.9061625003814697
0.0001,4196.0,119.51927947998047,1.9061603546142578
0.0001,4197.0,119.519287109375,1.9061578512191772
0.0001,4198.0,119.519287109375,1.9061555862426758
0.0001,4199.0,119.51927947998047,1.9061530828475952
0.0001,4200.0,119.519287109375,1.9061510562896729
0.0001,4201.0,119.51927947998047,1.906148910522461
0.0001,4202.0,119.51927947998047,1.9061464071273804
0.0001,4203.0,119.51927185058594,1.906144142150879
0.0001,4204.0,119.519287109375,1.9061418771743774
0.0001,4205.0,119.51927947998047,1.906139612197876
0.0001,4206.0,119.51927947998047,1.906137228012085
0.0001,4207.0,119.519287109375,1.9061355590820312
0.0001,4208.0,119.519287109375,1.9061329364776611
0.0001,4209.0,119.519287109375,1.9061310291290283
0.0001,4210.0,119.51927947998047,1.9061282873153687
0.0001,4211.0,119.519287109375,1.9061262607574463
0.0001,4212.0,119.51927947998047,1.9061238765716553
0.0001,4213.0,119.51927947998047,1.906121850013733
0.0001,4214.0,119.51927185058594,1.906119704246521
0.0001,4215.0,119.519287109375,1.9061174392700195
0.0001,4216.0,119.51927947998047,1.9061152935028076
0.0001,4217.0,119.51927947998047,1.9061129093170166
0.0001,4218.0,119.51927947998047,1.9061110019683838
0.0001,4219.0,119.51927947998047,1.9061084985733032
0.0001,4220.0,119.51927185058594,1.9061062335968018
0.0001,4221.0,119.51927185058594,1.906104326248169
0.0001,4222.0,119.519287109375,1.906101942062378
0.0001,4223.0,119.51927947998047,1.9060999155044556
0.0001,4224.0,119.51927947998047,1.9060977697372437
0.0001,4225.0,119.51927185058594,1.9060957431793213
0.0001,4226.0,119.519287109375,1.9060935974121094
0.0001,4227.0,119.51927947998047,1.906091332435608
0.0001,4228.0,119.51927947998047,1.906089186668396
0.0001,4229.0,119.51927947998047,1.9060871601104736
0.0001,4230.0,119.51927947998047,1.9060847759246826
0.0001,4231.0,119.51927185058594,1.9060825109481812
0.0001,4232.0,119.51927185058594,1.9060806035995483
0.0001,4233.0,119.519287109375,1.9060783386230469
0.0001,4234.0,119.51927947998047,1.906076431274414
0.0001,4235.0,119.51927947998047,1.9060742855072021
0.0001,4236.0,119.51927185058594,1.9060720205307007
0.0001,4237.0,119.51927947998047,1.9060699939727783
0.0001,4238.0,119.51927185058594,1.9060674905776978
0.0001,4239.0,119.51927185058594,1.9060657024383545
0.0001,4240.0,119.5192642211914,1.9060636758804321
0.0001,4241.0,119.51927947998047,1.9060614109039307
0.0001,4242.0,119.51927947998047,1.9060592651367188
0.0001,4243.0,119.51927185058594,1.9060571193695068
0.0001,4244.0,119.51927185058594,1.9060547351837158
0.0001,4245.0,119.51927947998047,1.906052589416504
0.0001,4246.0,119.51927947998047,1.906050682067871
0.0001,4247.0,119.51927185058594,1.9060487747192383
0.0001,4248.0,119.51927947998047,1.9060466289520264
0.0001,4249.0,119.51927947998047,1.906044602394104
0.0001,4250.0,119.51927185058594,1.906042456626892
0.0001,4251.0,119.51927185058594,1.9060404300689697
0.0001,4252.0,119.51927947998047,1.906038522720337
0.0001,4253.0,119.51927947998047,1.906036138534546
0.0001,4254.0,119.51927185058594,1.9060341119766235
0.0001,4255.0,119.51927185058594,1.9060319662094116
0.0001,4256.0,119.51927185058594,1.9060299396514893
0.0001,4257.0,119.51927185058594,1.906028151512146
0.0001,4258.0,119.51927185058594,1.9060258865356445
0.0001,4259.0,119.5192642211914,1.9060237407684326
0.0001,4260.0,119.51927947998047,1.9060217142105103
0.0001,4261.0,119.51927185058594,1.9060194492340088
0.0001,4262.0,119.51927185058594,1.9060176610946655
0.0001,4263.0,119.5192642211914,1.906015396118164
0.0001,4264.0,119.51927947998047,1.9060134887695312
0.0001,4265.0,119.51927947998047,1.9060115814208984
0.0001,4266.0,119.51927185058594,1.9060094356536865
0.0001,4267.0,119.51927185058594,1.9060075283050537
0.0001,4268.0,119.51927185058594,1.9060055017471313
0.0001,4269.0,119.51927185058594,1.9060032367706299
0.0001,4270.0,119.5192642211914,1.906001091003418
0.0001,4271.0,119.5192642211914,1.905998945236206
0.0001,4272.0,119.51927947998047,1.9059975147247314
0.0001,4273.0,119.51927185058594,1.9059950113296509
0.0001,4274.0,119.51927185058594,1.9059934616088867
0.0001,4275.0,119.5192642211914,1.9059911966323853
0.0001,4276.0,119.51927185058594,1.9059892892837524
0.0001,4277.0,119.51927185058594,1.9059873819351196
0.0001,4278.0,119.5192642211914,1.9059851169586182
0.0001,4279.0,119.5192642211914,1.905983328819275
0.0001,4280.0,119.51927185058594,1.9059813022613525
0.0001,4281.0,119.51927185058594,1.9059791564941406
0.0001,4282.0,119.51927185058594,1.9059772491455078
0.0001,4283.0,119.5192642211914,1.905975103378296
0.0001,4284.0,119.51927947998047,1.9059734344482422
0.0001,4285.0,119.51927185058594,1.9059715270996094
0.0001,4286.0,119.51927185058594,1.9059693813323975
0.0001,4287.0,119.5192642211914,1.905967354774475
0.0001,4288.0,119.51927185058594,1.9059654474258423
0.0001,4289.0,119.51927185058594,1.9059633016586304
0.0001,4290.0,119.5192642211914,1.9059613943099976
0.0001,4291.0,119.5192642211914,1.9059593677520752
0.0001,4292.0,119.51927185058594,1.905957579612732
0.0001,4293.0,119.51927185058594,1.9059556722640991
0.0001,4294.0,119.51927185058594,1.9059536457061768
0.0001,4295.0,119.5192642211914,1.905951738357544
0.0001,4296.0,119.5192642211914,1.905949592590332
0.0001,4297.0,119.5192642211914,1.9059474468231201
0.0001,4298.0,119.5192642211914,1.9059457778930664
0.0001,4299.0,119.5192642211914,1.9059441089630127
0.0001,4300.0,119.51925659179688,1.9059422016143799
0.0001,4301.0,119.51927185058594,1.905940294265747
0.0001,4302.0,119.5192642211914,1.9059383869171143
0.0001,4303.0,119.5192642211914,1.9059364795684814
0.0001,4304.0,119.5192642211914,1.9059340953826904
0.0001,4305.0,119.51927185058594,1.9059324264526367
0.0001,4306.0,119.51927185058594,1.9059302806854248
0.0001,4307.0,119.5192642211914,1.905928611755371
0.0001,4308.0,119.5192642211914,1.9059264659881592
0.0001,4309.0,119.51927185058594,1.9059247970581055
0.0001,4310.0,119.5192642211914,1.9059228897094727
0.0001,4311.0,119.5192642211914,1.905921220779419
0.0001,4312.0,119.51925659179688,1.905919075012207
0.0001,4313.0,119.51927185058594,1.9059174060821533
0.0001,4314.0,119.51927185058594,1.9059154987335205
0.0001,4315.0,119.5192642211914,1.9059135913848877
0.0001,4316.0,119.5192642211914,1.9059116840362549
0.0001,4317.0,119.51925659179688,1.905909538269043
0.0001,4318.0,119.5192642211914,1.9059078693389893
0.0001,4319.0,119.5192642211914,1.9059057235717773
0.0001,4320.0,119.51925659179688,1.9059041738510132
0.0001,4321.0,119.51925659179688,1.9059019088745117
0.0001,4322.0,119.5192642211914,1.9059003591537476
0.0001,4323.0,119.5192642211914,1.9058983325958252
0.0001,4324.0,119.5192642211914,1.905896544456482
0.0001,4325.0,119.51925659179688,1.9058948755264282
0.0001,4326.0,119.51927185058594,1.9058929681777954
0.0001,4327.0,119.51927185058594,1.9058910608291626
0.0001,4328.0,119.5192642211914,1.9058891534805298
0.0001,4329.0,119.5192642211914,1.9058876037597656
0.0001,4330.0,119.51925659179688,1.9058853387832642
0.0001,4331.0,119.5192642211914,1.9058837890625
0.0001,4332.0,119.5192642211914,1.9058818817138672
0.0001,4333.0,119.51925659179688,1.9058802127838135
0.0001,4334.0,119.51925659179688,1.9058780670166016
0.0001,4335.0,119.5192642211914,1.9058763980865479
0.0001,4336.0,119.5192642211914,1.905874490737915
0.0001,4337.0,119.5192642211914,1.9058729410171509
0.0001,4338.0,119.51925659179688,1.905870795249939
0.0001,4339.0,119.51925659179688,1.9058691263198853
0.0001,4340.0,119.5192642211914,1.9058669805526733
0.0001,4341.0,119.51925659179688,1.9058654308319092
0.0001,4342.0,119.51925659179688,1.9058635234832764
0.0001,4343.0,119.51924896240234,1.9058620929718018
0.0001,4344.0,119.5192642211914,1.9058599472045898
0.0001,4345.0,119.5192642211914,1.9058582782745361
0.0001,4346.0,119.51925659179688,1.9058564901351929
0.0001,4347.0,119.51925659179688,1.90585458278656
0.0001,4348.0,119.51925659179688,1.9058529138565063
0.0001,4349.0,119.5192642211914,1.9058510065078735
0.0001,4350.0,119.5192642211914,1.9058492183685303
0.0001,4351.0,119.51925659179688,1.9058475494384766
0.0001,4352.0,119.51925659179688,1.9058456420898438
0.0001,4353.0,119.5192642211914,1.905843734741211
0.0001,4354.0,119.51925659179688,1.9058420658111572
0.0001,4355.0,119.51925659179688,1.905840516090393
0.0001,4356.0,119.51925659179688,1.9058386087417603
0.0001,4357.0,119.51924896240234,1.905836820602417
0.0001,4358.0,119.5192642211914,1.9058351516723633
0.0001,4359.0,119.5192642211914,1.9058332443237305
0.0001,4360.0,119.51925659179688,1.9058316946029663
0.0001,4361.0,119.51925659179688,1.9058297872543335
0.0001,4362.0,119.51925659179688,1.9058278799057007
0.0001,4363.0,119.51925659179688,1.905826210975647
0.0001,4364.0,119.51925659179688,1.905824899673462
0.0001,4365.0,119.51924896240234,1.905822515487671
0.0001,4366.0,119.51924896240234,1.9058212041854858
0.0001,4367.0,119.5192642211914,1.9058195352554321
0.0001,4368.0,119.51925659179688,1.9058176279067993
0.0001,4369.0,119.51925659179688,1.9058157205581665
0.0001,4370.0,119.51925659179688,1.9058141708374023
0.0001,4371.0,119.51924896240234,1.9058122634887695
0.0001,4372.0,119.5192642211914,1.9058107137680054
0.0001,4373.0,119.51925659179688,1.9058090448379517
0.0001,4374.0,119.51925659179688,1.9058071374893188
0.0001,4375.0,119.51925659179688,1.9058055877685547
0.0001,4376.0,119.51925659179688,1.905803918838501
0.0001,4377.0,119.51925659179688,1.9058021306991577
0.0001,4378.0,119.51925659179688,1.905800461769104
0.0001,4379.0,119.51924896240234,1.9057986736297607
0.0001,4380.0,119.51924896240234,1.905797004699707
0.0001,4381.0,119.5192642211914,1.9057953357696533
0.0001,4382.0,119.51925659179688,1.9057937860488892
0.0001,4383.0,119.51925659179688,1.905791997909546
0.0001,4384.0,119.51925659179688,1.905790090560913
0.0001,4385.0,119.51924896240234,1.9057884216308594
0.0001,4386.0,119.51925659179688,1.9057871103286743
0.0001,4387.0,119.51925659179688,1.9057852029800415
0.0001,4388.0,119.51924896240234,1.9057834148406982
0.0001,4389.0,119.51924896240234,1.9057819843292236
0.0001,4390.0,119.51924896240234,1.9057800769805908
0.0001,4391.0,119.51925659179688,1.9057782888412476
0.0001,4392.0,119.51925659179688,1.9057767391204834
0.0001,4393.0,119.51924896240234,1.9057750701904297
0.0001,4394.0,119.51924896240234,1.9057735204696655
0.0001,4395.0,119.51924896240234,1.9057719707489014
0.0001,4396.0,119.51925659179688,1.905769944190979
0.0001,4397.0,119.51925659179688,1.9057687520980835
0.0001,4398.0,119.51925659179688,1.9057668447494507
0.0001,4399.0,119.51924896240234,1.9057655334472656
0.0001,4400.0,119.51925659179688,1.9057636260986328
0.0001,4401.0,119.51925659179688,1.9057620763778687
0.0001,4402.0,119.51924896240234,1.905760407447815
0.0001,4403.0,119.51924896240234,1.9057585000991821
0.0001,4404.0,119.51924896240234,1.905757188796997
0.0001,4405.0,119.51925659179688,1.9057554006576538
0.0001,4406.0,119.51925659179688,1.905753493309021
0.0001,4407.0,119.51925659179688,1.9057519435882568
0.0001,4408.0,119.51924896240234,1.9057505130767822
0.0001,4409.0,119.51924896240234,1.905748724937439
0.0001,4410.0,119.51925659179688,1.9057470560073853
0.0001,4411.0,119.51924896240234,1.9057457447052002
0.0001,4412.0,119.51924896240234,1.905744194984436
0.0001,4413.0,119.51924896240234,1.9057424068450928
0.0001,4414.0,119.51924133300781,1.905740737915039
0.0001,4415.0,119.51925659179688,1.905739188194275
0.0001,4416.0,119.51925659179688,1.9057376384735107
0.0001,4417.0,119.51924896240234,1.905735969543457
0.0001,4418.0,119.51924896240234,1.9057344198226929
0.0001,4419.0,119.51924896240234,1.9057327508926392
0.0001,4420.0,119.51924133300781,1.905730962753296
0.0001,4421.0,119.51925659179688,1.9057296514511108
0.0001,4422.0,119.51925659179688,1.9057281017303467
0.0001,4423.0,119.51924896240234,1.9057261943817139
0.0001,4424.0,119.51924896240234,1.9057247638702393
0.0001,4425.0,119.51924896240234,1.905723214149475
0.0001,4426.0,119.51924896240234,1.905721664428711
0.0001,4427.0,119.51924896240234,1.9057197570800781
0.0001,4428.0,119.51924896240234,1.9057185649871826
0.0001,4429.0,119.51924133300781,1.9057172536849976
0.0001,4430.0,119.51924133300781,1.9057152271270752
0.0001,4431.0,119.51925659179688,1.905713677406311
0.0001,4432.0,119.51924896240234,1.9057121276855469
0.0001,4433.0,119.51924896240234,1.9057105779647827
0.0001,4434.0,119.51924896240234,1.9057090282440186
0.0001,4435.0,119.51924896240234,1.905707597732544
0.0001,4436.0,119.51924896240234,1.9057058095932007
0.0001,4437.0,119.51924896240234,1.9057044982910156
0.0001,4438.0,119.51924896240234,1.9057029485702515
0.0001,4439.0,119.51924133300781,1.9057013988494873
0.0001,4440.0,119.51924133300781,1.9056997299194336
0.0001,4441.0,119.51925659179688,1.9056981801986694
0.0001,4442.0,119.51924896240234,1.9056968688964844
0.0001,4443.0,119.51924896240234,1.9056951999664307
0.0001,4444.0,119.51924896240234,1.9056936502456665
0.0001,4445.0,119.51924133300781,1.9056918621063232
0.0001,4446.0,119.51924133300781,1.9056905508041382
0.0001,4447.0,119.51925659179688,1.905689001083374
0.0001,4448.0,119.51924896240234,1.9056873321533203
0.0001,4449.0,119.51924896240234,1.905686378479004
0.0001,4450.0,119.51924896240234,1.9056847095489502
0.0001,4451.0,119.51924133300781,1.9056828022003174
0.0001,4452.0,119.51924896240234,1.9056813716888428
0.0001,4453.0,119.51924896240234,1.9056800603866577
0.0001,4454.0,119.51924896240234,1.905678391456604
0.0001,4455.0,119.51924133300781,1.905677080154419
0.0001,4456.0,119.51924133300781,1.9056755304336548
0.0001,4457.0,119.51925659179688,1.9056737422943115
0.0001,4458.0,119.51924896240234,1.9056726694107056
0.0001,4459.0,119.51924896240234,1.9056708812713623
0.0001,4460.0,119.51924896240234,1.9056694507598877
0.0001,4461.0,119.51924133300781,1.9056679010391235
0.0001,4462.0,119.51924133300781,1.9056663513183594
0.0001,4463.0,119.51924896240234,1.9056648015975952
0.0001,4464.0,119.51924133300781,1.9056634902954102
0.0001,4465.0,119.51924133300781,1.905661940574646
0.0001,4466.0,119.51924133300781,1.9056602716445923
0.0001,4467.0,119.51924133300781,1.9056590795516968
0.0001,4468.0,119.51924896240234,1.905657410621643
0.0001,4469.0,119.51924896240234,1.905656099319458
0.0001,4470.0,119.51924896240234,1.9056546688079834
0.0001,4471.0,119.51924133300781,1.9056529998779297
0.0001,4472.0,119.51924133300781,1.9056518077850342
0.0001,4473.0,119.51924133300781,1.9056499004364014
0.0001,4474.0,119.51924896240234,1.9056485891342163
0.0001,4475.0,119.51924896240234,1.9056472778320312
0.0001,4476.0,119.51924896240234,1.9056459665298462
0.0001,4477.0,119.51924133300781,1.905644416809082
0.0001,4478.0,119.51924133300781,1.9056428670883179
0.0001,4479.0,119.51924896240234,1.9056415557861328
0.0001,4480.0,119.51924896240234,1.9056396484375
0.0001,4481.0,119.51924133300781,1.9056384563446045
0.0001,4482.0,119.51924133300781,1.9056367874145508
0.0001,4483.0,119.51924133300781,1.9056358337402344
0.0001,4484.0,119.51923370361328,1.9056341648101807
0.0001,4485.0,119.51924896240234,1.905632734298706
0.0001,4486.0,119.51924896240234,1.905631422996521
0.0001,4487.0,119.51924896240234,1.9056298732757568
0.0001,4488.0,119.51924133300781,1.9056284427642822
0.0001,4489.0,119.51924133300781,1.9056272506713867
0.0001,4490.0,119.51924133300781,1.9056257009506226
0.0001,4491.0,119.51924133300781,1.9056243896484375
0.0001,4492.0,119.51924133300781,1.9056227207183838
0.0001,4493.0,119.51924133300781,1.9056212902069092
0.0001,4494.0,119.51923370361328,1.9056198596954346
0.0001,4495.0,119.51923370361328,1.90561842918396
0.0001,4496.0,119.51924896240234,1.905617117881775
0.0001,4497.0,119.51924896240234,1.9056155681610107
0.0001,4498.0,119.51924133300781,1.9056142568588257
0.0001,4499.0,119.51924133300781,1.9056131839752197
0.0001,4500.0,119.51924133300781,1.9056116342544556
0.0001,4501.0,119.51923370361328,1.9056103229522705
0.0001,4502.0,119.51924896240234,1.9056087732315063
0.0001,4503.0,119.51924896240234,1.9056074619293213
0.0001,4504.0,119.51924896240234,1.9056060314178467
0.0001,4505.0,119.51924133300781,1.905604600906372
0.0001,4506.0,119.51924133300781,1.9056031703948975
0.0001,4507.0,119.51924133300781,1.9056017398834229
0.0001,4508.0,119.51924133300781,1.9056003093719482
0.0001,4509.0,119.51924133300781,1.9055989980697632
0.0001,4510.0,119.51924133300781,1.9055976867675781
0.0001,4511.0,119.51924133300781,1.905596137046814
0.0001,4512.0,119.51923370361328,1.9055945873260498
0.0001,4513.0,119.51923370361328,1.9055935144424438
0.0001,4514.0,119.51924896240234,1.9055922031402588
0.0001,4515.0,119.51924133300781,1.9055910110473633
0.0001,4516.0,119.51924133300781,1.9055894613265991
0.0001,4517.0,119.51924133300781,1.905587911605835
0.0001,4518.0,119.51924133300781,1.90558660030365
0.0001,4519.0,119.51923370361328,1.9055852890014648
0.0001,4520.0,119.51924133300781,1.9055839776992798
0.0001,4521.0,119.51924133300781,1.9055827856063843
0.0001,4522.0,119.51924133300781,1.9055811166763306
0.0001,4523.0,119.51923370361328,1.9055801630020142
0.0001,4524.0,119.51923370361328,1.905578374862671
0.0001,4525.0,119.51923370361328,1.9055770635604858
0.0001,4526.0,119.51924133300781,1.9055759906768799
0.0001,4527.0,119.51924133300781,1.9055744409561157
0.0001,4528.0,119.51924133300781,1.9055732488632202
0.0001,4529.0,119.51924133300781,1.905571699142456
0.0001,4530.0,119.51923370361328,1.905570387840271
0.0001,4531.0,119.51923370361328,1.905569314956665
0.0001,4532.0,119.51924896240234,1.9055675268173218
0.0001,4533.0,119.51924133300781,1.9055665731430054
0.0001,4534.0,119.51924133300781,1.9055652618408203
0.0001,4535.0,119.51924133300781,1.9055640697479248
0.0001,4536.0,119.51924133300781,1.905562400817871
0.0001,4537.0,119.51923370361328,1.9055612087249756
0.0001,4538.0,119.51924133300781,1.9055601358413696
0.0001,4539.0,119.51924133300781,1.9055585861206055
0.0001,4540.0,119.51924133300781,1.90555739402771
0.0001,4541.0,119.51923370361328,1.9055559635162354
0.0001,4542.0,119.51923370361328,1.9055544137954712
0.0001,4543.0,119.51923370361328,1.9055532217025757
0.0001,4544.0,119.51924133300781,1.9055522680282593
0.0001,4545.0,119.51924133300781,1.9055505990982056
0.0001,4546.0,119.51924133300781,1.9055496454238892
0.0001,4547.0,119.51924133300781,1.905548334121704
0.0001,4548.0,119.51923370361328,1.9055469036102295
0.0001,4549.0,119.51923370361328,1.9055455923080444
0.0001,4550.0,119.51923370361328,1.9055440425872803
0.0001,4551.0,119.51924133300781,1.905543327331543
0.0001,4552.0,119.51923370361328,1.9055417776107788
0.0001,4553.0,119.51923370361328,1.9055404663085938
0.0001,4554.0,119.51923370361328,1.9055391550064087
0.0001,4555.0,119.51923370361328,1.9055382013320923
0.0001,4556.0,119.51922607421875,1.905536413192749
0.0001,4557.0,119.51924133300781,1.9055354595184326
0.0001,4558.0,119.51924133300781,1.905534029006958
0.0001,4559.0,119.51924133300781,1.9055325984954834
0.0001,4560.0,119.51923370361328,1.905531644821167
0.0001,4561.0,119.51923370361328,1.9055302143096924
0.0001,4562.0,119.51923370361328,1.9055290222167969
0.0001,4563.0,119.51924133300781,1.9055277109146118
0.0001,4564.0,119.51924133300781,1.9055263996124268
0.0001,4565.0,119.51924133300781,1.9055249691009521
0.0001,4566.0,119.51924133300781,1.9055240154266357
0.0001,4567.0,119.51923370361328,1.9055225849151611
0.0001,4568.0,119.51923370361328,1.9055216312408447
0.0001,4569.0,119.51923370361328,1.9055202007293701
0.0001,4570.0,119.51924133300781,1.9055191278457642
0.0001,4571.0,119.51923370361328,1.905517578125
0.0001,4572.0,119.51923370361328,1.905516266822815
0.0001,4573.0,119.51923370361328,1.9055153131484985
0.0001,4574.0,119.51923370361328,1.905514121055603
0.0001,4575.0,119.51922607421875,1.9055125713348389
0.0001,4576.0,119.51924133300781,1.905511498451233
0.0001,4577.0,119.51924133300781,1.9055101871490479
0.0001,4578.0,119.51924133300781,1.9055087566375732
0.0001,4579.0,119.51923370361328,1.905508041381836
0.0001,4580.0,119.51923370361328,1.9055063724517822
0.0001,4581.0,119.51923370361328,1.9055054187774658
0.0001,4582.0,119.51923370361328,1.9055042266845703
0.0001,4583.0,119.51923370361328,1.9055030345916748
0.0001,4584.0,119.51923370361328,1.9055017232894897
0.0001,4585.0,119.51923370361328,1.9055006504058838
0.0001,4586.0,119.51923370361328,1.9054991006851196
0.0001,4587.0,119.51922607421875,1.9054979085922241
0.0001,4588.0,119.51922607421875,1.9054969549179077
0.0001,4589.0,119.51922607421875,1.9054954051971436
0.0001,4590.0,119.51924133300781,1.9054943323135376
0.0001,4591.0,119.51923370361328,1.905493140220642
0.0001,4592.0,119.51923370361328,1.9054920673370361
0.0001,4593.0,119.51923370361328,1.9054908752441406
0.0001,4594.0,119.51923370361328,1.9054893255233765
0.0001,4595.0,119.51922607421875,1.9054882526397705
0.0001,4596.0,119.51922607421875,1.905487060546875
0.0001,4597.0,119.51924133300781,1.9054858684539795
0.0001,4598.0,119.51924133300781,1.9054847955703735
0.0001,4599.0,119.51923370361328,1.9054834842681885
0.0001,4600.0,119.51923370361328,1.9054820537567139
0.0001,4601.0,119.51923370361328,1.905480980873108
0.0001,4602.0,119.51923370361328,1.905480146408081
0.0001,4603.0,119.51924133300781,1.9054787158966064
0.0001,4604.0,119.51923370361328,1.905477523803711
0.0001,4605.0,119.51923370361328,1.9054765701293945
0.0001,4606.0,119.51923370361328,1.9054752588272095
0.0001,4607.0,119.51923370361328,1.905474066734314
0.0001,4608.0,119.51922607421875,1.905472993850708
0.0001,4609.0,119.51922607421875,1.9054715633392334
0.0001,4610.0,119.51924133300781,1.905470609664917
0.0001,4611.0,119.51924133300781,1.9054691791534424
0.0001,4612.0,119.51923370361328,1.9054683446884155
0.0001,4613.0,119.51923370361328,1.9054670333862305
0.0001,4614.0,119.51923370361328,1.905466079711914
0.0001,4615.0,119.51923370361328,1.90546452999115
0.0001,4616.0,119.51922607421875,1.9054638147354126
0.0001,4617.0,119.51923370361328,1.905462622642517
0.0001,4618.0,119.51923370361328,1.905461311340332
0.0001,4619.0,119.51923370361328,1.9054603576660156
0.0001,4620.0,119.51922607421875,1.9054590463638306
0.0001,4621.0,119.51922607421875,1.905457854270935
0.0001,4622.0,119.51922607421875,1.9054569005966187
0.0001,4623.0,119.51922607421875,1.9054553508758545
0.0001,4624.0,119.51924133300781,1.9054542779922485
0.0001,4625.0,119.51923370361328,1.9054534435272217
0.0001,4626.0,119.51923370361328,1.9054521322250366
0.0001,4627.0,119.51923370361328,1.9054510593414307
0.0001,4628.0,119.51923370361328,1.9054498672485352
0.0001,4629.0,119.51922607421875,1.90544855594635
0.0001,4630.0,119.51922607421875,1.9054476022720337
0.0001,4631.0,119.51922607421875,1.9054466485977173
0.0001,4632.0,119.51924133300781,1.9054454565048218
0.0001,4633.0,119.51923370361328,1.9054443836212158
0.0001,4634.0,119.51923370361328,1.9054431915283203
0.0001,4635.0,119.51923370361328,1.9054418802261353
0.0001,4636.0,119.51923370361328,1.9054409265518188
0.0001,4637.0,119.51922607421875,1.9054399728775024
0.0001,4638.0,119.51922607421875,1.9054384231567383
0.0001,4639.0,119.51923370361328,1.9054374694824219
0.0001,4640.0,119.51923370361328,1.9054365158081055
0.0001,4641.0,119.51923370361328,1.9054352045059204
0.0001,4642.0,119.51922607421875,1.9054343700408936
0.0001,4643.0,119.51922607421875,1.905432939529419
0.0001,4644.0,119.51922607421875,1.905432105064392
0.0001,4645.0,119.51922607421875,1.905430793762207
0.0001,4646.0,119.51924133300781,1.9054300785064697
0.0001,4647.0,119.51923370361328,1.9054288864135742
0.0001,4648.0,119.51923370361328,1.9054275751113892
0.0001,4649.0,119.51923370361328,1.9054266214370728
0.0001,4650.0,119.51923370361328,1.9054254293441772
0.0001,4651.0,119.51922607421875,1.9054241180419922
0.0001,4652.0,119.51922607421875,1.9054231643676758
0.0001,4653.0,119.51922607421875,1.905422568321228
0.0001,4654.0,119.51923370361328,1.9054210186004639
0.0001,4655.0,119.51922607421875,1.9054200649261475
0.0001,4656.0,119.51922607421875,1.9054189920425415
0.0001,4657.0,119.51922607421875,1.905417799949646
0.0001,4658.0,119.51922607421875,1.90541672706604
0.0001,4659.0,119.51922607421875,1.9054157733917236
0.0001,4660.0,119.51921844482422,1.905414342880249
0.0001,4661.0,119.51923370361328,1.9054133892059326
0.0001,4662.0,119.51923370361328,1.9054126739501953
0.0001,4663.0,119.51923370361328,1.9054113626480103
0.0001,4664.0,119.51922607421875,1.9054104089736938
0.0001,4665.0,119.51922607421875,1.9054092168807983
0.0001,4666.0,119.51922607421875,1.9054081439971924
0.0001,4667.0,119.51922607421875,1.9054069519042969
0.0001,4668.0,119.51922607421875,1.9054062366485596
0.0001,4669.0,119.51923370361328,1.905404806137085
0.0001,4670.0,119.51923370361328,1.9054038524627686
0.0001,4671.0,119.51923370361328,1.9054027795791626
0.0001,4672.0,119.51923370361328,1.9054018259048462
0.0001,4673.0,119.51923370361328,1.9054008722305298
0.0001,4674.0,119.51922607421875,1.9053996801376343
0.0001,4675.0,119.51922607421875,1.9053987264633179
0.0001,4676.0,119.51922607421875,1.9053974151611328
0.0001,4677.0,119.51923370361328,1.9053964614868164
0.0001,4678.0,119.51922607421875,1.9053955078125
0.0001,4679.0,119.51922607421875,1.9053943157196045
0.0001,4680.0,119.51922607421875,1.9053936004638672
0.0001,4681.0,119.51922607421875,1.9053924083709717
0.0001,4682.0,119.51922607421875,1.9053913354873657
0.0001,4683.0,119.51921844482422,1.9053901433944702
0.0001,4684.0,119.51921844482422,1.905389428138733
0.0001,4685.0,119.51923370361328,1.9053884744644165
0.0001,4686.0,119.51923370361328,1.9053871631622314
0.0001,4687.0,119.51923370361328,1.905386209487915
0.0001,4688.0,119.51922607421875,1.9053852558135986
0.0001,4689.0,119.51922607421875,1.9053843021392822
0.0001,4690.0,119.51922607421875,1.9053833484649658
0.0001,4691.0,119.51922607421875,1.9053823947906494
0.0001,4692.0,119.51922607421875,1.9053809642791748
0.0001,4693.0,119.51922607421875,1.9053800106048584
0.0001,4694.0,119.51922607421875,1.905379056930542
0.0001,4695.0,119.51922607421875,1.905377984046936
0.0001,4696.0,119.51922607421875,1.9053771495819092
0.0001,4697.0,119.51922607421875,1.9053758382797241
0.0001,4698.0,119.51921844482422,1.9053752422332764
0.0001,4699.0,119.51921844482422,1.9053739309310913
0.0001,4700.0,119.51921844482422,1.905372977256775
0.0001,4701.0,119.51923370361328,1.905371904373169
0.0001,4702.0,119.51922607421875,1.905371069908142
0.0001,4703.0,119.51922607421875,1.9053699970245361
0.0001,4704.0,119.51922607421875,1.9053690433502197
0.0001,4705.0,119.51922607421875,1.9053680896759033
0.0001,4706.0,119.51922607421875,1.9053668975830078
0.0001,4707.0,119.51921844482422,1.9053659439086914
0.0001,4708.0,119.51921844482422,1.905365228652954
0.0001,4709.0,119.51923370361328,1.9053637981414795
0.0001,4710.0,119.51923370361328,1.9053633213043213
0.0001,4711.0,119.51923370361328,1.9053621292114258
0.0001,4712.0,119.51922607421875,1.9053609371185303
0.0001,4713.0,119.51922607421875,1.905360221862793
0.0001,4714.0,119.51922607421875,1.9053592681884766
0.0001,4715.0,119.51922607421875,1.9053583145141602
0.0001,4716.0,119.51922607421875,1.905357003211975
0.0001,4717.0,119.51923370361328,1.9053560495376587
0.0001,4718.0,119.51922607421875,1.9053552150726318
0.0001,4719.0,119.51922607421875,1.9053541421890259
0.0001,4720.0,119.51922607421875,1.9053535461425781
0.0001,4721.0,119.51922607421875,1.905352234840393
0.0001,4722.0,119.51922607421875,1.9053512811660767
0.0001,4723.0,119.51921844482422,1.9053500890731812
0.0001,4724.0,119.51921844482422,1.9053493738174438
0.0001,4725.0,119.51921844482422,1.905348777770996
0.0001,4726.0,119.51923370361328,1.905347466468811
0.0001,4727.0,119.51923370361328,1.9053465127944946
0.0001,4728.0,119.51922607421875,1.9053455591201782
0.0001,4729.0,119.51922607421875,1.9053447246551514
0.0001,4730.0,119.51922607421875,1.905343770980835
0.0001,4731.0,119.51922607421875,1.9053430557250977
0.0001,4732.0,119.51922607421875,1.9053418636322021
0.0001,4733.0,119.51921844482422,1.9053407907485962
0.0001,4734.0,119.51922607421875,1.9053395986557007
0.0001,4735.0,119.51922607421875,1.9053388833999634
0.0001,4736.0,119.51922607421875,1.9053380489349365
0.0001,4737.0,119.51922607421875,1.9053369760513306
0.0001,4738.0,119.51921844482422,1.9053361415863037
0.0001,4739.0,119.51921844482422,1.9053350687026978
0.0001,4740.0,119.51921844482422,1.9053341150283813
0.0001,4741.0,119.51921844482422,1.9053332805633545
0.0001,4742.0,119.51921844482422,1.9053322076797485
0.0001,4743.0,119.51922607421875,1.9053313732147217
0.0001,4744.0,119.51922607421875,1.9053304195404053
0.0001,4745.0,119.51922607421875,1.9053294658660889
0.0001,4746.0,119.51922607421875,1.9053287506103516
0.0001,4747.0,119.51922607421875,1.9053274393081665
0.0001,4748.0,119.51922607421875,1.9053266048431396
0.0001,4749.0,119.51921844482422,1.9053261280059814
0.0001,4750.0,119.51921844482422,1.905324935913086
0.0001,4751.0,119.51921844482422,1.9053242206573486
0.0001,4752.0,119.51923370361328,1.905322790145874
0.0001,4753.0,119.51923370361328,1.9053220748901367
0.0001,4754.0,119.51922607421875,1.9053213596343994
0.0001,4755.0,119.51922607421875,1.905320167541504
0.0001,4756.0,119.51922607421875,1.9053194522857666
0.0001,4757.0,119.51922607421875,1.9053188562393188
0.0001,4758.0,119.51922607421875,1.9053173065185547
0.0001,4759.0,119.51921844482422,1.9053165912628174
0.0001,4760.0,119.51921844482422,1.9053157567977905
0.0001,4761.0,119.51922607421875,1.9053148031234741
0.0001,4762.0,119.51922607421875,1.9053140878677368
0.0001,4763.0,119.51922607421875,1.9053131341934204
0.0001,4764.0,119.51922607421875,1.9053122997283936
0.0001,4765.0,119.51921844482422,1.9053112268447876
0.0001,4766.0,119.51921844482422,1.9053102731704712
0.0001,4767.0,119.51921844482422,1.9053094387054443
0.0001,4768.0,119.51921844482422,1.905308723449707
0.0001,4769.0,119.51921844482422,1.9053077697753906
0.0001,4770.0,119.51922607421875,1.9053070545196533
0.0001,4771.0,119.51922607421875,1.9053056240081787
0.0001,4772.0,119.51922607421875,1.9053049087524414
0.0001,4773.0,119.51922607421875,1.905304193496704
0.0001,4774.0,119.51922607421875,1.9053032398223877
0.0001,4775.0,119.51922607421875,1.9053024053573608
0.0001,4776.0,119.51921844482422,1.9053016901016235
0.0001,4777.0,119.51921844482422,1.9053007364273071
0.0001,4778.0,119.51921844482422,1.9052995443344116
0.0001,4779.0,119.51922607421875,1.9052985906600952
0.0001,4780.0,119.51922607421875,1.9052982330322266
0.0001,4781.0,119.51921844482422,1.9052972793579102
0.0001,4782.0,119.51921844482422,1.9052960872650146
0.0001,4783.0,119.51921844482422,1.9052956104278564
0.0001,4784.0,119.51921844482422,1.905294418334961
0.0001,4785.0,119.51921844482422,1.9052932262420654
0.0001,4786.0,119.51921844482422,1.9052928686141968
0.0001,4787.0,119.51921081542969,1.9052919149398804
0.0001,4788.0,119.51922607421875,1.905290961265564
0.0001,4789.0,119.51922607421875,1.9052902460098267
0.0001,4790.0,119.51922607421875,1.9052894115447998
0.0001,4791.0,119.51922607421875,1.9052883386611938
0.0001,4792.0,119.51922607421875,1.9052873849868774
0.0001,4793.0,119.51921844482422,1.9052865505218506
0.0001,4794.0,119.51921844482422,1.9052858352661133
0.0001,4795.0,119.51921844482422,1.9052852392196655
0.0001,4796.0,119.51921844482422,1.9052839279174805
0.0001,4797.0,119.51921844482422,1.9052833318710327
0.0001,4798.0,119.51923370361328,1.9052823781967163
0.0001,4799.0,119.51922607421875,1.9052817821502686
0.0001,4800.0,119.51922607421875,1.9052807092666626
0.0001,4801.0,119.51922607421875,1.9052797555923462
0.0001,4802.0,119.51922607421875,1.9052791595458984
0.0001,4803.0,119.51922607421875,1.9052784442901611
0.0001,4804.0,119.51921844482422,1.9052774906158447
0.0001,4805.0,119.51921844482422,1.9052765369415283
0.0001,4806.0,119.51921844482422,1.905275583267212
0.0001,4807.0,119.51921844482422,1.9052749872207642
0.0001,4808.0,119.51922607421875,1.9052741527557373
0.0001,4809.0,119.51922607421875,1.905273199081421
0.0001,4810.0,119.51921844482422,1.9052724838256836
0.0001,4811.0,119.51921844482422,1.9052715301513672
0.0001,4812.0,119.51921844482422,1.9052705764770508
0.0001,4813.0,119.51921844482422,1.9052698612213135
0.0001,4814.0,119.51921844482422,1.9052690267562866
0.0001,4815.0,119.51921844482422,1.9052680730819702
0.0001,4816.0,119.51921081542969,1.9052674770355225
0.0001,4817.0,119.51921081542969,1.905266523361206
0.0001,4818.0,119.51922607421875,1.9052658081054688
0.0001,4819.0,119.51922607421875,1.9052650928497314
0.0001,4820.0,119.51922607421875,1.905264139175415
0.0001,4821.0,119.51922607421875,1.9052633047103882
0.0001,4822.0,119.51921844482422,1.9052625894546509
0.0001,4823.0,119.51921844482422,1.9052616357803345
0.0001,4824.0,119.51921844482422,1.905260682106018
0.0001,4825.0,119.51921844482422,1.9052600860595703
0.0001,4826.0,119.51921844482422,1.905259132385254
0.0001,4827.0,119.51921844482422,1.9052584171295166
0.0001,4828.0,119.51921844482422,1.9052575826644897
0.0001,4829.0,119.51921844482422,1.9052568674087524
0.0001,4830.0,119.51921844482422,1.9052560329437256
0.0001,4831.0,119.51921844482422,1.9052553176879883
0.0001,4832.0,119.51921844482422,1.905254602432251
0.0001,4833.0,119.51921844482422,1.9052536487579346
0.0001,4834.0,119.51921081542969,1.9052530527114868
0.0001,4835.0,119.51921081542969,1.9052520990371704
0.0001,4836.0,119.51921081542969,1.905251145362854
0.0001,4837.0,119.51921081542969,1.9052505493164062
0.0001,4838.0,119.51922607421875,1.905249834060669
0.0001,4839.0,119.51922607421875,1.905248999595642
0.0001,4840.0,119.51922607421875,1.9052480459213257
0.0001,4841.0,119.51921844482422,1.9052473306655884
0.0001,4842.0,119.51921844482422,1.905246376991272
0.0001,4843.0,119.51921844482422,1.9052457809448242
0.0001,4844.0,119.51921844482422,1.9052448272705078
0.0001,4845.0,119.51921844482422,1.9052438735961914
0.0001,4846.0,119.51921844482422,1.9052435159683228
0.0001,4847.0,119.51921081542969,1.905242681503296
0.0001,4848.0,119.51922607421875,1.9052419662475586
0.0001,4849.0,119.51922607421875,1.9052410125732422
0.0001,4850.0,119.51922607421875,1.9052402973175049
0.0001,4851.0,119.51922607421875,1.9052397012710571
0.0001,4852.0,119.51922607421875,1.9052385091781616
0.0001,4853.0,119.51921844482422,1.9052379131317139
0.0001,4854.0,119.51921844482422,1.9052371978759766
0.0001,4855.0,119.51921844482422,1.9052364826202393
0.0001,4856.0,119.51921844482422,1.9052356481552124
0.0001,4857.0,119.51921844482422,1.905234932899475
0.0001,4858.0,119.51921844482422,1.9052339792251587
0.0001,4859.0,119.51922607421875,1.9052331447601318
0.0001,4860.0,119.51921844482422,1.9052327871322632
0.0001,4861.0,119.51921844482422,1.9052317142486572
0.0001,4862.0,119.51921844482422,1.9052311182022095
0.0001,4863.0,119.51921844482422,1.9052305221557617
0.0001,4864.0,119.51921844482422,1.9052295684814453
0.0001,4865.0,119.51921844482422,1.905228853225708
0.0001,4866.0,119.51921081542969,1.9052280187606812
0.0001,4867.0,119.51921081542969,1.9052273035049438
0.0001,4868.0,119.51921081542969,1.905226469039917
0.0001,4869.0,119.51921081542969,1.9052261114120483
0.0001,4870.0,119.51922607421875,1.905225157737732
0.0001,4871.0,119.51922607421875,1.9052244424819946
0.0001,4872.0,119.51922607421875,1.9052232503890991
0.0001,4873.0,119.51921844482422,1.9052226543426514
0.0001,4874.0,119.51921844482422,1.905221939086914
0.0001,4875.0,119.51921844482422,1.9052212238311768
0.0001,4876.0,119.51921844482422,1.905220627784729
0.0001,4877.0,119.51921844482422,1.9052197933197021
0.0001,4878.0,119.51921844482422,1.9052190780639648
0.0001,4879.0,119.51921844482422,1.905218482017517
0.0001,4880.0,119.51921081542969,1.9052177667617798
0.0001,4881.0,119.51921844482422,1.905216932296753
0.0001,4882.0,119.51921844482422,1.9052162170410156
0.0001,4883.0,119.51921844482422,1.9052155017852783
0.0001,4884.0,119.51921844482422,1.9052146673202515
0.0001,4885.0,119.51921844482422,1.9052139520645142
0.0001,4886.0,119.51921081542969,1.9052135944366455
0.0001,4887.0,119.51921081542969,1.905212640762329
0.0001,4888.0,119.51921081542969,1.9052118062973022
0.0001,4889.0,119.51921081542969,1.905211091041565
0.0001,4890.0,119.51921081542969,1.905210256576538
0.0001,4891.0,119.51921081542969,1.9052097797393799
0.0001,4892.0,119.51922607421875,1.9052088260650635
0.0001,4893.0,119.51921844482422,1.9052082300186157
0.0001,4894.0,119.51921844482422,1.905207633972168
0.0001,4895.0,119.51921844482422,1.9052070379257202
0.0001,4896.0,119.51921844482422,1.9052059650421143
0.0001,4897.0,119.51921844482422,1.9052053689956665
0.0001,4898.0,119.51921844482422,1.9052045345306396
0.0001,4899.0,119.51921844482422,1.9052040576934814
0.0001,4900.0,119.51921081542969,1.9052032232284546
0.0001,4901.0,119.51921081542969,1.9052022695541382
0.0001,4902.0,119.51921081542969,1.9052019119262695
0.0001,4903.0,119.51921081542969,1.9052011966705322
0.0001,4904.0,119.51922607421875,1.9052003622055054
0.0001,4905.0,119.51922607421875,1.905199646949768
0.0001,4906.0,119.51922607421875,1.9051988124847412
0.0001,4907.0,119.51921844482422,1.905198097229004
0.0001,4908.0,119.51921844482422,1.9051977396011353
0.0001,4909.0,119.51921844482422,1.9051971435546875
0.0001,4910.0,119.51921844482422,1.905195951461792
0.0001,4911.0,119.51921844482422,1.9051954746246338
0.0001,4912.0,119.51921844482422,1.905194878578186
0.0001,4913.0,119.51921844482422,1.9051942825317383
0.0001,4914.0,119.51921081542969,1.9051930904388428
0.0001,4915.0,119.51921844482422,1.9051926136016846
0.0001,4916.0,119.51921844482422,1.9051921367645264
0.0001,4917.0,119.51921844482422,1.9051916599273682
0.0001,4918.0,119.51921844482422,1.9051907062530518
0.0001,4919.0,119.51921844482422,1.905189871788025
0.0001,4920.0,119.51921844482422,1.9051892757415771
0.0001,4921.0,119.51921081542969,1.9051885604858398
0.0001,4922.0,119.51921081542969,1.905187964439392
0.0001,4923.0,119.51921081542969,1.9051872491836548
0.0001,4924.0,119.51921081542969,1.905186414718628
0.0001,4925.0,119.51921081542969,1.9051856994628906
0.0001,4926.0,119.51921081542969,1.9051849842071533
0.0001,4927.0,119.51921081542969,1.9051845073699951
0.0001,4928.0,119.51922607421875,1.905184030532837
0.0001,4929.0,119.51921844482422,1.9051830768585205
0.0001,4930.0,119.51921844482422,1.9051824808120728
0.0001,4931.0,119.51921844482422,1.905181884765625
0.0001,4932.0,119.51921844482422,1.9051811695098877
0.0001,4933.0,119.51921844482422,1.9051803350448608
0.0001,4934.0,119.51921844482422,1.9051796197891235
0.0001,4935.0,119.51921844482422,1.9051792621612549
0.0001,4936.0,119.51921081542969,1.9051783084869385
0.0001,4937.0,119.51921081542969,1.9051778316497803
0.0001,4938.0,119.51921081542969,1.905177116394043
0.0001,4939.0,119.51921081542969,1.9051765203475952
0.0001,4940.0,119.51921844482422,1.9051755666732788
0.0001,4941.0,119.51921844482422,1.9051752090454102
0.0001,4942.0,119.51921844482422,1.9051746129989624
0.0001,4943.0,119.51921844482422,1.905173659324646
0.0001,4944.0,119.51921081542969,1.9051730632781982
0.0001,4945.0,119.51921081542969,1.90517258644104
0.0001,4946.0,119.51921081542969,1.9051721096038818
0.0001,4947.0,119.51921081542969,1.9051713943481445
0.0001,4948.0,119.51921081542969,1.9051706790924072
0.0001,4949.0,119.51921081542969,1.9051698446273804
0.0001,4950.0,119.51921081542969,1.905169129371643
0.0001,4951.0,119.51921081542969,1.9051687717437744
0.0001,4952.0,119.51921844482422,1.905167818069458
0.0001,4953.0,119.51921844482422,1.9051673412322998
0.0001,4954.0,119.51921844482422,1.9051668643951416
0.0001,4955.0,119.51921844482422,1.9051662683486938
0.0001,4956.0,119.51921844482422,1.905165433883667
0.0001,4957.0,119.51921844482422,1.9051647186279297
0.0001,4958.0,119.51921844482422,1.9051640033721924
0.0001,4959.0,119.51921081542969,1.9051634073257446
0.0001,4960.0,119.51921081542969,1.9051625728607178
0.0001,4961.0,119.51921081542969,1.9051620960235596
0.0001,4962.0,119.51921081542969,1.9051616191864014
0.0001,4963.0,119.51921081542969,1.905160903930664
0.0001,4964.0,119.51921081542969,1.9051601886749268
0.0001,4965.0,119.51922607421875,1.905159592628479
0.0001,4966.0,119.51922607421875,1.9051592350006104
0.0001,4967.0,119.51921844482422,1.9051584005355835
0.0001,4968.0,119.51921844482422,1.905157446861267
0.0001,4969.0,119.51921844482422,1.9051568508148193
0.0001,4970.0,119.51921844482422,1.9051564931869507
0.0001,4971.0,119.51921844482422,1.905155897140503
0.0001,4972.0,119.51921844482422,1.9051554203033447
0.0001,4973.0,119.51921844482422,1.9051545858383179
0.0001,4974.0,119.51921844482422,1.9051539897918701
0.0001,4975.0,119.51921081542969,1.9051536321640015
0.0001,4976.0,119.51921081542969,1.9051529169082642
0.0001,4977.0,119.51921081542969,1.9051523208618164
0.0001,4978.0,119.51921844482422,1.9051513671875
0.0001,4979.0,119.51921844482422,1.9051507711410522
0.0001,4980.0,119.51921844482422,1.9051501750946045
0.0001,4981.0,119.51921844482422,1.9051498174667358
0.0001,4982.0,119.51921844482422,1.9051491022109985
0.0001,4983.0,119.51921081542969,1.9051485061645508
0.0001,4984.0,119.51921081542969,1.905147910118103
0.0001,4985.0,119.51921081542969,1.9051473140716553
0.0001,4986.0,119.51921081542969,1.905146598815918
0.0001,4987.0,119.51921081542969,1.9051460027694702
0.0001,4988.0,119.51921081542969,1.905145287513733
0.0001,4989.0,119.51921081542969,1.9051449298858643
0.0001,4990.0,119.51921081542969,1.9051440954208374
0.0001,4991.0,119.51920318603516,1.9051434993743896
0.0001,4992.0,119.51921844482422,1.905143141746521
0.0001,4993.0,119.51921844482422,1.9051424264907837
0.0001,4994.0,119.51921844482422,1.9051415920257568
0.0001,4995.0,119.51921844482422,1.9051414728164673
0.0001,4996.0,119.51921844482422,1.9051405191421509
0.0001,4997.0,119.51921844482422,1.9051401615142822
0.0001,4998.0,119.51921844482422,1.9051389694213867
0.0001,4999.0,119.51921081542969,1.9051387310028076
0.0001,5000.0,119.51921081542969,1.9051382541656494
0.0001,5001.0,119.51921081542969,1.9051376581192017
0.0001,5002.0,119.51921081542969,1.905137300491333
0.0001,5003.0,119.51921081542969,1.9051364660263062
0.0001,5004.0,119.51921081542969,1.9051358699798584
0.0001,5005.0,119.51921844482422,1.9051353931427002
0.0001,5006.0,119.51921844482422,1.9051347970962524
0.0001,5007.0,119.51921844482422,1.905133843421936
0.0001,5008.0,119.51921081542969,1.905133605003357
0.0001,5009.0,119.51921081542969,1.9051328897476196
0.0001,5010.0,119.51921081542969,1.9051322937011719
0.0001,5011.0,119.51921081542969,1.9051316976547241
0.0001,5012.0,119.51921081542969,1.9051313400268555
0.0001,5013.0,119.51921081542969,1.9051307439804077
0.0001,5014.0,119.51921081542969,1.9051300287246704
0.0001,5015.0,119.51921081542969,1.9051296710968018
0.0001,5016.0,119.51920318603516,1.905128836631775
0.0001,5017.0,119.51920318603516,1.9051281213760376
0.0001,5018.0,119.51920318603516,1.905127763748169
0.0001,5019.0,119.51920318603516,1.9051271677017212
0.0001,5020.0,119.51921844482422,1.9051263332366943
0.0001,5021.0,119.51921844482422,1.9051259756088257
0.0001,5022.0,119.51921844482422,1.9051252603530884
0.0001,5023.0,119.51921844482422,1.9051250219345093
0.0001,5024.0,119.51921844482422,1.9051244258880615
0.0001,5025.0,119.51921081542969,1.9051237106323242
0.0001,5026.0,119.51921081542969,1.9051231145858765
0.0001,5027.0,119.51921081542969,1.9051227569580078
0.0001,5028.0,119.51921081542969,1.9051220417022705
0.0001,5029.0,119.51921081542969,1.9051214456558228
0.0001,5030.0,119.51921081542969,1.905120611190796
0.0001,5031.0,119.51921081542969,1.9051202535629272
0.0001,5032.0,119.51921081542969,1.9051196575164795
0.0001,5033.0,119.51921081542969,1.9051192998886108
0.0001,5034.0,119.51921844482422,1.9051185846328735
0.0001,5035.0,119.51921844482422,1.9051182270050049
0.0001,5036.0,119.51921844482422,1.905117392539978
0.0001,5037.0,119.51921844482422,1.9051167964935303
0.0001,5038.0,119.51921844482422,1.9051164388656616
0.0001,5039.0,119.51921844482422,1.9051154851913452
0.0001,5040.0,119.51921844482422,1.9051153659820557
0.0001,5041.0,119.51921844482422,1.905114769935608
0.0001,5042.0,119.51921844482422,1.9051141738891602
0.0001,5043.0,119.51921081542969,1.9051138162612915
0.0001,5044.0,119.51921081542969,1.9051129817962646
0.0001,5045.0,119.51921081542969,1.9051125049591064
0.0001,5046.0,119.51921081542969,1.9051125049591064
0.0001,5047.0,119.51921081542969,1.9051116704940796
0.0001,5048.0,119.51921081542969,1.9051110744476318
0.0001,5049.0,119.51921844482422,1.9051101207733154
0.0001,5050.0,119.51921844482422,1.9051097631454468
0.0001,5051.0,119.51921844482422,1.9051094055175781
0.0001,5052.0,119.51921081542969,1.9051088094711304
0.0001,5053.0,119.51921081542969,1.9051082134246826
0.0001,5054.0,119.51921081542969,1.9051074981689453
0.0001,5055.0,119.51921081542969,1.9051071405410767
0.0001,5056.0,119.51921081542969,1.905106782913208
0.0001,5057.0,119.51921081542969,1.9051061868667603
0.0001,5058.0,119.51921081542969,1.9051058292388916
0.0001,5059.0,119.51921081542969,1.9051049947738647
0.0001,5060.0,119.51921081542969,1.9051042795181274
0.0001,5061.0,119.51920318603516,1.9051039218902588
0.0001,5062.0,119.51920318603516,1.9051034450531006
0.0001,5063.0,119.51920318603516,1.9051029682159424
0.0001,5064.0,119.51921844482422,1.9051024913787842
0.0001,5065.0,119.51921844482422,1.9051017761230469
0.0001,5066.0,119.51921844482422,1.9051011800765991
0.0001,5067.0,119.51921844482422,1.9051008224487305
0.0001,5068.0,119.51921844482422,1.9051004648208618
0.0001,5069.0,119.51921844482422,1.905099868774414
0.0001,5070.0,119.51921081542969,1.9050995111465454
0.0001,5071.0,119.51921081542969,1.9050989151000977
0.0001,5072.0,119.51921081542969,1.90509831905365
0.0001,5073.0,119.51921081542969,1.9050976037979126
0.0001,5074.0,119.51921081542969,1.905097246170044
0.0001,5075.0,119.51921081542969,1.9050966501235962
0.0001,5076.0,119.51921081542969,1.9050960540771484
0.0001,5077.0,119.51921081542969,1.9050956964492798
0.0001,5078.0,119.51921081542969,1.9050953388214111
0.0001,5079.0,119.51921081542969,1.9050945043563843
0.0001,5080.0,119.51921081542969,1.9050941467285156
0.0001,5081.0,119.51921081542969,1.9050935506820679
0.0001,5082.0,119.51921081542969,1.9050929546356201
0.0001,5083.0,119.51921081542969,1.905092477798462
0.0001,5084.0,119.51921081542969,1.9050918817520142
0.0001,5085.0,119.51921081542969,1.9050912857055664
0.0001,5086.0,119.51921081542969,1.9050909280776978
0.0001,5087.0,119.51921081542969,1.905090570449829
0.0001,5088.0,119.51921081542969,1.9050899744033813
0.0001,5089.0,119.51921081542969,1.9050896167755127
0.0001,5090.0,119.51920318603516,1.905089020729065
0.0001,5091.0,119.51920318603516,1.9050884246826172
0.0001,5092.0,119.51920318603516,1.9050880670547485
0.0001,5093.0,119.51920318603516,1.9050878286361694
0.0001,5094.0,119.51920318603516,1.9050872325897217
0.0001,5095.0,119.51920318603516,1.9050865173339844
0.0001,5096.0,119.51921844482422,1.9050859212875366
0.0001,5097.0,119.51921844482422,1.9050852060317993
0.0001,5098.0,119.51921844482422,1.9050848484039307
0.0001,5099.0,119.51921844482422,1.9050846099853516
0.0001,5100.0,119.51921081542969,1.9050840139389038
0.0001,5101.0,119.51921081542969,1.905083417892456
0.0001,5102.0,119.51921081542969,1.9050829410552979
0.0001,5103.0,119.51921081542969,1.9050827026367188
0.0001,5104.0,119.51921081542969,1.905082106590271
0.0001,5105.0,119.51921081542969,1.9050817489624023
0.0001,5106.0,119.51921081542969,1.9050811529159546
0.0001,5107.0,119.51921081542969,1.9050801992416382
0.0001,5108.0,119.51921081542969,1.9050800800323486
0.0001,5109.0,119.51921081542969,1.9050796031951904
0.0001,5110.0,119.51920318603516,1.9050791263580322
0.0001,5111.0,119.51920318603516,1.905078649520874
0.0001,5112.0,119.51920318603516,1.9050781726837158
0.0001,5113.0,119.51921844482422,1.905077576637268
0.0001,5114.0,119.51921844482422,1.9050772190093994
0.0001,5115.0,119.51921844482422,1.9050769805908203
0.0001,5116.0,119.51921844482422,1.905076265335083
0.0001,5117.0,119.51921844482422,1.9050756692886353
0.0001,5118.0,119.51921844482422,1.9050754308700562
0.0001,5119.0,119.51921844482422,1.9050748348236084
0.0001,5120.0,119.51921081542969,1.905074119567871
0.0001,5121.0,119.51921081542969,1.9050737619400024
0.0001,5122.0,119.51921081542969,1.9050734043121338
0.0001,5123.0,119.51921081542969,1.905072808265686
0.0001,5124.0,119.51921081542969,1.9050724506378174
0.0001,5125.0,119.51921081542969,1.9050719738006592
0.0001,5126.0,119.51921081542969,1.9050712585449219
0.0001,5127.0,119.51921081542969,1.9050710201263428
0.0001,5128.0,119.51921081542969,1.9050706624984741
0.0001,5129.0,119.51921081542969,1.9050700664520264
0.0001,5130.0,119.51921844482422,1.9050697088241577
0.0001,5131.0,119.51921081542969,1.905069351196289
0.0001,5132.0,119.51921081542969,1.9050686359405518
0.0001,5133.0,119.51921081542969,1.905068039894104
0.0001,5134.0,119.51921081542969,1.905067801475525
0.0001,5135.0,119.51921081542969,1.9050672054290771
0.0001,5136.0,119.51921081542969,1.9050668478012085
0.0001,5137.0,119.51921081542969,1.9050662517547607
0.0001,5138.0,119.51921081542969,1.9050661325454712
0.0001,5139.0,119.51921081542969,1.9050652980804443
0.0001,5140.0,119.51921081542969,1.9050648212432861
0.0001,5141.0,119.51921081542969,1.905064582824707
0.0001,5142.0,119.51920318603516,1.9050639867782593
0.0001,5143.0,119.51920318603516,1.9050636291503906
0.0001,5144.0,119.51920318603516,1.905063271522522
0.0001,5145.0,119.51920318603516,1.9050626754760742
0.0001,5146.0,119.51920318603516,1.9050620794296265
0.0001,5147.0,119.51920318603516,1.9050617218017578
0.0001,5148.0,119.51921844482422,1.9050613641738892
0.0001,5149.0,119.51921844482422,1.90506112575531
0.0001,5150.0,119.51921844482422,1.9050601720809937
0.0001,5151.0,119.51921844482422,1.905060052871704
0.0001,5152.0,119.51921081542969,1.905059576034546
0.0001,5153.0,119.51921081542969,1.9050590991973877
0.0001,5154.0,119.51921081542969,1.9050586223602295
0.0001,5155.0,119.51921081542969,1.9050581455230713
0.0001,5156.0,119.51921081542969,1.9050579071044922
0.0001,5157.0,119.51921081542969,1.9050575494766235
0.0001,5158.0,119.51921081542969,1.9050571918487549
0.0001,5159.0,119.51921081542969,1.9050562381744385
0.0001,5160.0,119.51921081542969,1.9050557613372803
0.0001,5161.0,119.51921081542969,1.9050554037094116
0.0001,5162.0,119.51921081542969,1.905055284500122
0.0001,5163.0,119.51921081542969,1.9050546884536743
0.0001,5164.0,119.51920318603516,1.9050544500350952
0.0001,5165.0,119.51920318603516,1.905053734779358
0.0001,5166.0,119.51921081542969,1.9050531387329102
0.0001,5167.0,119.51921081542969,1.9050527811050415
0.0001,5168.0,119.51921081542969,1.9050524234771729
0.0001,5169.0,119.51921081542969,1.9050521850585938
0.0001,5170.0,119.51921081542969,1.905051827430725
0.0001,5171.0,119.51921081542969,1.9050512313842773
0.0001,5172.0,119.51921081542969,1.90505051612854
0.0001,5173.0,119.51921081542969,1.9050500392913818
0.0001,5174.0,119.51921081542969,1.9050496816635132
0.0001,5175.0,119.51920318603516,1.9050493240356445
0.0001,5176.0,119.51920318603516,1.9050490856170654
0.0001,5177.0,119.51920318603516,1.9050487279891968
0.0001,5178.0,119.51920318603516,1.905048131942749
0.0001,5179.0,119.51920318603516,1.9050476551055908
0.0001,5180.0,119.51920318603516,1.9050474166870117
0.0001,5181.0,119.51920318603516,1.905047059059143
0.0001,5182.0,119.51920318603516,1.9050464630126953
0.0001,5183.0,119.51920318603516,1.9050462245941162
0.0001,5184.0,119.51920318603516,1.9050458669662476
0.0001,5185.0,119.51921844482422,1.9050451517105103
0.0001,5186.0,119.51921844482422,1.9050445556640625
0.0001,5187.0,119.51921081542969,1.9050443172454834
0.0001,5188.0,119.51921081542969,1.9050439596176147
0.0001,5189.0,119.51921081542969,1.905043363571167
0.0001,5190.0,119.51921081542969,1.9050430059432983
0.0001,5191.0,119.51921081542969,1.9050426483154297
0.0001,5192.0,119.51921081542969,1.905042290687561
0.0001,5193.0,119.51921081542969,1.9050419330596924
0.0001,5194.0,119.51921081542969,1.9050414562225342
0.0001,5195.0,119.51921081542969,1.9050410985946655
0.0001,5196.0,119.51921081542969,1.9050407409667969
0.0001,5197.0,119.51921081542969,1.9050403833389282
0.0001,5198.0,119.51921081542969,1.9050400257110596
0.0001,5199.0,119.51920318603516,1.9050391912460327
0.0001,5200.0,119.51920318603516,1.905038595199585
0.0001,5201.0,119.51920318603516,1.9050384759902954
0.0001,5202.0,119.51920318603516,1.9050382375717163
0.0001,5203.0,119.51920318603516,1.9050378799438477
0.0001,5204.0,119.51920318603516,1.9050372838974
0.0001,5205.0,119.51921844482422,1.9050369262695312
0.0001,5206.0,119.51921844482422,1.9050365686416626
0.0001,5207.0,119.51921844482422,1.905036211013794
0.0001,5208.0,119.51921844482422,1.9050357341766357
0.0001,5209.0,119.51921844482422,1.905035376548767
0.0001,5210.0,119.51921844482422,1.9050350189208984
0.0001,5211.0,119.51921081542969,1.9050346612930298
0.0001,5212.0,119.51921081542969,1.9050343036651611
0.0001,5213.0,119.51921081542969,1.905033826828003
0.0001,5214.0,119.51921081542969,1.9050331115722656
0.0001,5215.0,119.51921081542969,1.905032753944397
0.0001,5216.0,119.51921081542969,1.9050323963165283
0.0001,5217.0,119.51921081542969,1.9050319194793701
0.0001,5218.0,119.51921081542969,1.9050318002700806
0.0001,5219.0,119.51921081542969,1.9050312042236328
0.0001,5220.0,119.51921081542969,1.9050308465957642
0.0001,5221.0,119.51921081542969,1.905030608177185
0.0001,5222.0,119.51921081542969,1.9050298929214478
0.0001,5223.0,119.51921081542969,1.9050296545028687
0.0001,5224.0,119.51920318603516,1.9050296545028687
0.0001,5225.0,119.51921081542969,1.9050289392471313
0.0001,5226.0,119.51921081542969,1.9050285816192627
0.0001,5227.0,119.51921081542969,1.9050283432006836
0.0001,5228.0,119.51921081542969,1.9050277471542358
0.0001,5229.0,119.51921081542969,1.9050273895263672
0.0001,5230.0,119.51921081542969,1.9050267934799194
0.0001,5231.0,119.51921081542969,1.9050266742706299
0.0001,5232.0,119.51921081542969,1.9050261974334717
0.0001,5233.0,119.51921081542969,1.9050257205963135
0.0001,5234.0,119.51921081542969,1.9050254821777344
0.0001,5235.0,119.51921081542969,1.9050251245498657
0.0001,5236.0,119.51921081542969,1.905024766921997
0.0001,5237.0,119.51920318603516,1.9050242900848389
0.0001,5238.0,119.51920318603516,1.9050239324569702
0.0001,5239.0,119.51920318603516,1.9050235748291016
0.0001,5240.0,119.51920318603516,1.9050233364105225
0.0001,5241.0,119.51920318603516,1.9050228595733643
0.0001,5242.0,119.51920318603516,1.905022382736206
0.0001,5243.0,119.51920318603516,1.9050220251083374
0.0001,5244.0,119.51920318603516,1.9050216674804688
0.0001,5245.0,119.51920318603516,1.9050213098526
0.0001,5246.0,119.51920318603516,1.905021071434021
0.0001,5247.0,119.51921844482422,1.9050204753875732
0.0001,5248.0,119.51921844482422,1.9050203561782837
0.0001,5249.0,119.51921081542969,1.905019760131836
0.0001,5250.0,119.51921081542969,1.9050194025039673
0.0001,5251.0,119.51921081542969,1.9050190448760986
0.0001,5252.0,119.51921081542969,1.9050188064575195
0.0001,5253.0,119.51921081542969,1.9050180912017822
0.0001,5254.0,119.51921081542969,1.9050180912017822
0.0001,5255.0,119.51921081542969,1.9050178527832031
0.0001,5256.0,119.51921081542969,1.9050172567367554
0.0001,5257.0,119.51921081542969,1.9050168991088867
0.0001,5258.0,119.51921081542969,1.9050166606903076
0.0001,5259.0,119.51921081542969,1.905016303062439
0.0001,5260.0,119.51921081542969,1.9050157070159912
0.0001,5261.0,119.51921081542969,1.9050153493881226
0.0001,5262.0,119.51921081542969,1.905015230178833
0.0001,5263.0,119.51920318603516,1.9050143957138062
0.0001,5264.0,119.51920318603516,1.9050143957138062
0.0001,5265.0,119.51920318603516,1.9050137996673584
0.0001,5266.0,119.51920318603516,1.9050134420394897
0.0001,5267.0,119.51920318603516,1.9050133228302002
0.0001,5268.0,119.51920318603516,1.905012845993042
0.0001,5269.0,119.51921081542969,1.9050123691558838
0.0001,5270.0,119.51921081542969,1.9050121307373047
0.0001,5271.0,119.51921081542969,1.905011773109436
0.0001,5272.0,119.51921081542969,1.905011534690857
0.0001,5273.0,119.51921081542969,1.9050111770629883
0.0001,5274.0,119.51921081542969,1.9050108194351196
0.0001,5275.0,119.51921081542969,1.9050102233886719
0.0001,5276.0,119.51921081542969,1.9050098657608032
0.0001,5277.0,119.51920318603516,1.9050095081329346
0.0001,5278.0,119.51920318603516,1.9050092697143555
0.0001,5279.0,119.51920318603516,1.9050090312957764
0.0001,5280.0,119.51920318603516,1.9050085544586182
0.0001,5281.0,119.51920318603516,1.90500807762146
0.0001,5282.0,119.51920318603516,1.9050079584121704
0.0001,5283.0,119.51920318603516,1.9050076007843018
0.0001,5284.0,119.51920318603516,1.9050073623657227
0.0001,5285.0,119.51920318603516,1.905006766319275
0.0001,5286.0,119.51920318603516,1.9050064086914062
0.0001,5287.0,119.51920318603516,1.9050061702728271
0.0001,5288.0,119.51920318603516,1.9050060510635376
0.0001,5289.0,119.51920318603516,1.9050054550170898
0.0001,5290.0,119.51920318603516,1.9050052165985107
0.0001,5291.0,119.51919555664062,1.905004858970642
0.0001,5292.0,119.51921081542969,1.9050045013427734
0.0001,5293.0,119.51921081542969,1.9050037860870361
0.0001,5294.0,119.51921081542969,1.905003547668457
0.0001,5295.0,119.51921081542969,1.905003309249878
0.0001,5296.0,119.51921081542969,1.9050029516220093
0.0001,5297.0,119.51921081542969,1.9050023555755615
0.0001,5298.0,119.51921081542969,1.9050023555755615
0.0001,5299.0,119.51921081542969,1.9050019979476929
0.0001,5300.0,119.51921081542969,1.9050016403198242
0.0001,5301.0,119.51921081542969,1.9050014019012451
0.0001,5302.0,119.51921081542969,1.9050010442733765
0.0001,5303.0,119.51921081542969,1.905000925064087
0.0001,5304.0,119.51921081542969,1.9050006866455078
0.0001,5305.0,119.51921081542969,1.9049999713897705
0.0001,5306.0,119.51920318603516,1.9049997329711914
0.0001,5307.0,119.51920318603516,1.9049993753433228
0.0001,5308.0,119.51920318603516,1.9049991369247437
0.0001,5309.0,119.51920318603516,1.904998779296875
0.0001,5310.0,119.51920318603516,1.9049981832504272
0.0001,5311.0,119.51920318603516,1.9049978256225586
0.0001,5312.0,119.51920318603516,1.9049975872039795
0.0001,5313.0,119.51920318603516,1.90499746799469
0.0001,5314.0,119.51920318603516,1.9049971103668213
0.0001,5315.0,119.51920318603516,1.904996633529663
0.0001,5316.0,119.51921844482422,1.9049965143203735
0.0001,5317.0,119.51921844482422,1.9049961566925049
0.0001,5318.0,119.51921844482422,1.9049956798553467
0.0001,5319.0,119.51921844482422,1.904995322227478
0.0001,5320.0,119.51921081542969,1.9049952030181885
0.0001,5321.0,119.51921081542969,1.9049947261810303
0.0001,5322.0,119.51921081542969,1.9049946069717407
0.0001,5323.0,119.51921081542969,1.9049937725067139
0.0001,5324.0,119.51921081542969,1.9049937725067139
0.0001,5325.0,119.51921081542969,1.9049934148788452
0.0001,5326.0,119.51921081542969,1.9049932956695557
0.0001,5327.0,119.51921081542969,1.9049928188323975
0.0001,5328.0,119.51921081542969,1.9049923419952393
0.0001,5329.0,119.51921081542969,1.9049921035766602
0.0001,5330.0,119.51921081542969,1.904991865158081
0.0001,5331.0,119.51921081542969,1.9049915075302124
0.0001,5332.0,119.51921081542969,1.9049911499023438
0.0001,5333.0,119.51921081542969,1.9049909114837646
0.0001,5334.0,119.51921081542969,1.904990553855896
0.0001,5335.0,119.51921081542969,1.9049904346466064
0.0001,5336.0,119.51920318603516,1.9049899578094482
0.0001,5337.0,119.51920318603516,1.90498948097229
0.0001,5338.0,119.51920318603516,1.90498948097229
0.0001,5339.0,119.51920318603516,1.9049890041351318
0.0001,5340.0,119.51920318603516,1.9049888849258423
0.0001,5341.0,119.51920318603516,1.9049886465072632
0.0001,5342.0,119.51921081542969,1.9049880504608154
0.0001,5343.0,119.51921081542969,1.9049879312515259
0.0001,5344.0,119.51921081542969,1.9049875736236572
0.0001,5345.0,119.51921081542969,1.9049873352050781
0.0001,5346.0,119.51921081542969,1.9049866199493408
0.0001,5347.0,119.51921081542969,1.9049863815307617
0.0001,5348.0,119.51921081542969,1.9049861431121826
0.0001,5349.0,119.51921081542969,1.904985785484314
0.0001,5350.0,119.51921081542969,1.9049856662750244
0.0001,5351.0,119.51921081542969,1.9049851894378662
0.0001,5352.0,119.51920318603516,1.9049851894378662
0.0001,5353.0,119.51920318603516,1.9049848318099976
0.0001,5354.0,119.51920318603516,1.9049842357635498
0.0001,5355.0,119.51920318603516,1.9049838781356812
0.0001,5356.0,119.51920318603516,1.9049835205078125
0.0001,5357.0,119.51920318603516,1.9049835205078125
0.0001,5358.0,119.51920318603516,1.9049832820892334
0.0001,5359.0,119.51920318603516,1.9049829244613647
0.0001,5360.0,119.51920318603516,1.904982566833496
0.0001,5361.0,119.51920318603516,1.9049822092056274
0.0001,5362.0,119.51920318603516,1.9049822092056274
0.0001,5363.0,119.51920318603516,1.9049818515777588
0.0001,5364.0,119.51920318603516,1.9049813747406006
0.0001,5365.0,119.51920318603516,1.9049808979034424
0.0001,5366.0,119.51920318603516,1.9049808979034424
0.0001,5367.0,119.51920318603516,1.9049804210662842
0.0001,5368.0,119.51919555664062,1.9049803018569946
0.0001,5369.0,119.51921081542969,1.9049800634384155
0.0001,5370.0,119.51921081542969,1.9049797058105469
0.0001,5371.0,119.51921081542969,1.9049794673919678
0.0001,5372.0,119.51921081542969,1.9049791097640991
0.0001,5373.0,119.51921081542969,1.9049787521362305
0.0001,5374.0,119.51921081542969,1.9049785137176514
0.0001,5375.0,119.51921081542969,1.9049780368804932
0.0001,5376.0,119.51921081542969,1.904977798461914
0.0001,5377.0,119.51921081542969,1.904977798461914
0.0001,5378.0,119.51921081542969,1.9049774408340454
0.0001,5379.0,119.51921081542969,1.9049770832061768
0.0001,5380.0,119.51921081542969,1.9049768447875977
0.0001,5381.0,119.51921081542969,1.904976487159729
0.0001,5382.0,119.51921081542969,1.90497624874115
0.0001,5383.0,119.51921081542969,1.9049756526947021
0.0001,5384.0,119.51921081542969,1.9049752950668335
0.0001,5385.0,119.51921081542969,1.9049752950668335
0.0001,5386.0,119.51920318603516,1.9049749374389648
0.0001,5387.0,119.51920318603516,1.9049745798110962
0.0001,5388.0,119.51920318603516,1.904974341392517
0.0001,5389.0,119.51920318603516,1.9049742221832275
0.0001,5390.0,119.51920318603516,1.9049739837646484
0.0001,5391.0,119.51920318603516,1.9049736261367798
0.0001,5392.0,119.51920318603516,1.9049732685089111
0.0001,5393.0,119.51920318603516,1.904972791671753
0.0001,5394.0,119.51920318603516,1.9049726724624634
0.0001,5395.0,119.51920318603516,1.9049724340438843
0.0001,5396.0,119.51920318603516,1.9049720764160156
0.0001,5397.0,119.51921081542969,1.9049718379974365
0.0001,5398.0,119.51921081542969,1.904971718788147
0.0001,5399.0,119.51921081542969,1.904971718788147
0.0001,5400.0,119.51921081542969,1.9049713611602783
0.0001,5401.0,119.51921081542969,1.9049708843231201
0.0001,5402.0,119.51921081542969,1.9049705266952515
0.0001,5403.0,119.51920318603516,1.904970407485962
0.0001,5404.0,119.51920318603516,1.9049698114395142
0.0001,5405.0,119.51920318603516,1.9049694538116455
0.0001,5406.0,119.51920318603516,1.9049694538116455
0.0001,5407.0,119.51920318603516,1.9049692153930664
0.0001,5408.0,119.51920318603516,1.9049686193466187
0.0001,5409.0,119.51920318603516,1.904968500137329
0.0001,5410.0,119.51920318603516,1.90496826171875
0.0001,5411.0,119.51920318603516,1.9049679040908813
0.0001,5412.0,119.51920318603516,1.9049679040908813
0.0001,5413.0,119.51920318603516,1.9049675464630127
0.0001,5414.0,119.51920318603516,1.9049670696258545
0.0001,5415.0,119.51920318603516,1.9049667119979858
0.0001,5416.0,119.51920318603516,1.9049665927886963
0.0001,5417.0,119.51920318603516,1.9049663543701172
0.0001,5418.0,119.51920318603516,1.9049659967422485
0.0001,5419.0,119.51920318603516,1.9049659967422485
0.0001,5420.0,119.51920318603516,1.9049656391143799
0.0001,5421.0,119.51919555664062,1.9049656391143799
0.0001,5422.0,119.51919555664062,1.9049651622772217
0.0001,5423.0,119.51919555664062,1.9049650430679321
0.0001,5424.0,119.51919555664062,1.9049646854400635
0.0001,5425.0,119.51919555664062,1.9049644470214844
0.0001,5426.0,119.51921081542969,1.9049640893936157
0.0001,5427.0,119.51921081542969,1.904963493347168
0.0001,5428.0,119.51921081542969,1.904963493347168
0.0001,5429.0,119.51921081542969,1.9049631357192993
0.0001,5430.0,119.51921081542969,1.9049628973007202
0.0001,5431.0,119.51921081542969,1.9049625396728516
0.0001,5432.0,119.51921081542969,1.9049625396728516
0.0001,5433.0,119.51921081542969,1.904962182044983
0.0001,5434.0,119.51921081542969,1.9049619436264038
0.0001,5435.0,119.51921081542969,1.9049618244171143
0.0001,5436.0,119.51921081542969,1.904961347579956
0.0001,5437.0,119.51921081542969,1.9049612283706665
0.0001,5438.0,119.51921081542969,1.9049609899520874
0.0001,5439.0,119.51921081542969,1.9049606323242188
0.0001,5440.0,119.51920318603516,1.9049603939056396
0.0001,5441.0,119.51920318603516,1.904960036277771
0.0001,5442.0,119.51920318603516,1.904960036277771
0.0001,5443.0,119.51920318603516,1.9049599170684814
0.0001,5444.0,119.51920318603516,1.9049594402313232
0.0001,5445.0,119.51920318603516,1.9049590826034546
0.0001,5446.0,119.51920318603516,1.904958963394165
0.0001,5447.0,119.51920318603516,1.9049584865570068
0.0001,5448.0,119.51920318603516,1.9049583673477173
0.0001,5449.0,119.51920318603516,1.9049581289291382
0.0001,5450.0,119.51920318603516,1.9049580097198486
0.0001,5451.0,119.51920318603516,1.9049574136734009
0.0001,5452.0,119.51920318603516,1.9049571752548218
0.0001,5453.0,119.51920318603516,1.9049570560455322
0.0001,5454.0,119.51920318603516,1.9049568176269531
0.0001,5455.0,119.51920318603516,1.904956579208374
0.0001,5456.0,119.51920318603516,1.9049562215805054
0.0001,5457.0,119.51920318603516,1.9049561023712158
0.0001,5458.0,119.51921844482422,1.9049561023712158
0.0001,5459.0,119.51921081542969,1.9049556255340576
0.0001,5460.0,119.51921081542969,1.904955506324768
0.0001,5461.0,119.51921081542969,1.904955267906189
0.0001,5462.0,119.51921081542969,1.9049551486968994
0.0001,5463.0,119.51921081542969,1.9049549102783203
0.0001,5464.0,119.51921081542969,1.9049545526504517
0.0001,5465.0,119.51921081542969,1.904953956604004
0.0001,5466.0,119.51921081542969,1.904953956604004
0.0001,5467.0,119.51921081542969,1.9049537181854248
0.0001,5468.0,119.51921081542969,1.9049533605575562
0.0001,5469.0,119.51921081542969,1.9049532413482666
0.0001,5470.0,119.51921081542969,1.9049527645111084
0.0001,5471.0,119.51921081542969,1.9049524068832397
0.0001,5472.0,119.51921081542969,1.9049524068832397
0.0001,5473.0,119.51921081542969,1.9049524068832397
0.0001,5474.0,119.51921081542969,1.904952049255371
0.0001,5475.0,119.51921081542969,1.904951810836792
0.0001,5476.0,119.51921081542969,1.9049514532089233
0.0001,5477.0,119.51921081542969,1.9049510955810547
0.0001,5478.0,119.51921081542969,1.9049508571624756
0.0001,5479.0,119.51921081542969,1.904950737953186
0.0001,5480.0,119.51920318603516,1.904950499534607
0.0001,5481.0,119.51920318603516,1.9049503803253174
0.0001,5482.0,119.51920318603516,1.9049499034881592
0.0001,5483.0,119.51920318603516,1.9049499034881592
0.0001,5484.0,119.51920318603516,1.9049497842788696
0.0001,5485.0,119.51920318603516,1.904949426651001
0.0001,5486.0,119.51920318603516,1.904949426651001
0.0001,5487.0,119.51920318603516,1.9049491882324219
0.0001,5488.0,119.51920318603516,1.9049488306045532
0.0001,5489.0,119.51920318603516,1.9049485921859741
0.0001,5490.0,119.51920318603516,1.9049484729766846
0.0001,5491.0,119.51920318603516,1.9049479961395264
0.0001,5492.0,119.51921081542969,1.9049476385116577
0.0001,5493.0,119.51921081542969,1.9049475193023682
0.0001,5494.0,119.51921081542969,1.90494704246521
0.0001,5495.0,119.51921081542969,1.90494704246521
0.0001,5496.0,119.51921081542969,1.9049469232559204
0.0001,5497.0,119.51921081542969,1.9049465656280518
0.0001,5498.0,119.51921081542969,1.9049463272094727
0.0001,5499.0,119.51921081542969,1.9049463272094727
0.0001,5500.0,119.51921081542969,1.904945731163025
0.0001,5501.0,119.51920318603516,1.9049456119537354
0.0001,5502.0,119.51920318603516,1.9049456119537354
0.0001,5503.0,119.51920318603516,1.9049453735351562
0.0001,5504.0,119.51920318603516,1.9049450159072876
0.0001,5505.0,119.51920318603516,1.9049447774887085
0.0001,5506.0,119.51920318603516,1.904944658279419
0.0001,5507.0,119.51920318603516,1.9049444198608398
0.0001,5508.0,119.51920318603516,1.9049441814422607
0.0001,5509.0,119.51920318603516,1.9049440622329712
0.0001,5510.0,119.51920318603516,1.904943823814392
0.0001,5511.0,119.51920318603516,1.9049437046051025
0.0001,5512.0,119.51920318603516,1.9049432277679443
0.0001,5513.0,119.51920318603516,1.9049431085586548
0.0001,5514.0,119.51920318603516,1.9049428701400757
0.0001,5515.0,119.51920318603516,1.904942512512207
0.0001,5516.0,119.51920318603516,1.9049421548843384
0.0001,5517.0,119.51920318603516,1.9049419164657593
0.0001,5518.0,119.51920318603516,1.9049417972564697
0.0001,5519.0,119.51920318603516,1.9049417972564697
0.0001,5520.0,119.51920318603516,1.9049413204193115
0.0001,5521.0,119.51920318603516,1.9049413204193115
0.0001,5522.0,119.51919555664062,1.904941201210022
0.0001,5523.0,119.51919555664062,1.9049406051635742
0.0001,5524.0,119.51919555664062,1.9049406051635742
0.0001,5525.0,119.51919555664062,1.9049402475357056
0.0001,5526.0,119.51919555664062,1.9049400091171265
0.0001,5527.0,119.51919555664062,1.904939889907837
0.0001,5528.0,119.51921081542969,1.904939889907837
0.0001,5529.0,119.51921081542969,1.9049396514892578
0.0001,5530.0,119.51921081542969,1.9049396514892578
0.0001,5531.0,119.51921081542969,1.90493905544281
0.0001,5532.0,119.51921081542969,1.90493905544281
0.0001,5533.0,119.51921081542969,1.9049389362335205
0.0001,5534.0,119.51921081542969,1.9049386978149414
0.0001,5535.0,119.51921081542969,1.9049386978149414
0.0001,5536.0,119.51921081542969,1.904937982559204
0.0001,5537.0,119.51921081542969,1.904937982559204
0.0001,5538.0,119.51921081542969,1.904937505722046
0.0001,5539.0,119.51921081542969,1.9049373865127563
0.0001,5540.0,119.51921081542969,1.9049371480941772
0.0001,5541.0,119.51921081542969,1.9049371480941772
0.0001,5542.0,119.51921081542969,1.9049365520477295
0.0001,5543.0,119.51921081542969,1.9049365520477295
0.0001,5544.0,119.51921081542969,1.90493643283844
0.0001,5545.0,119.51921081542969,1.9049361944198608
0.0001,5546.0,119.51921081542969,1.9049361944198608
0.0001,5547.0,119.51920318603516,1.9049360752105713
0.0001,5548.0,119.51920318603516,1.9049354791641235
0.0001,5549.0,119.51920318603516,1.9049352407455444
0.0001,5550.0,119.51920318603516,1.9049352407455444
0.0001,5551.0,119.51920318603516,1.9049351215362549
0.0001,5552.0,119.51920318603516,1.9049346446990967
0.0001,5553.0,119.51920318603516,1.9049346446990967
0.0001,5554.0,119.51920318603516,1.904934287071228
0.0001,5555.0,119.51920318603516,1.904934287071228
0.0001,5556.0,119.51920318603516,1.9049341678619385
0.0001,5557.0,119.51920318603516,1.9049336910247803
0.0001,5558.0,119.51920318603516,1.9049336910247803
0.0001,5559.0,119.51920318603516,1.9049335718154907
0.0001,5560.0,119.51920318603516,1.9049333333969116
0.0001,5561.0,119.51920318603516,1.904933214187622
0.0001,5562.0,119.51920318603516,1.9049327373504639
0.0001,5563.0,119.51920318603516,1.9049326181411743
0.0001,5564.0,119.51920318603516,1.9049323797225952
0.0001,5565.0,119.51920318603516,1.9049322605133057
0.0001,5566.0,119.51921081542969,1.9049320220947266
0.0001,5567.0,119.51921081542969,1.9049317836761475
0.0001,5568.0,119.51921081542969,1.9049314260482788
0.0001,5569.0,119.51921081542969,1.9049313068389893
0.0001,5570.0,119.51921081542969,1.9049310684204102
0.0001,5571.0,119.51920318603516,1.904930830001831
0.0001,5572.0,119.51920318603516,1.904930830001831
0.0001,5573.0,119.51920318603516,1.9049307107925415
0.0001,5574.0,119.51920318603516,1.9049304723739624
0.0001,5575.0,119.51920318603516,1.9049301147460938
0.0001,5576.0,119.51920318603516,1.9049298763275146
0.0001,5577.0,119.51920318603516,1.9049298763275146
0.0001,5578.0,119.51920318603516,1.9049293994903564
0.0001,5579.0,119.51920318603516,1.9049293994903564
0.0001,5580.0,119.51920318603516,1.9049293994903564
0.0001,5581.0,119.51920318603516,1.9049291610717773
0.0001,5582.0,119.51920318603516,1.9049289226531982
0.0001,5583.0,119.51920318603516,1.9049289226531982
0.0001,5584.0,119.51920318603516,1.9049288034439087
0.0001,5585.0,119.51920318603516,1.90492844581604
0.0001,5586.0,119.51920318603516,1.904928207397461
0.0001,5587.0,119.51920318603516,1.9049279689788818
0.0001,5588.0,119.51920318603516,1.9049276113510132
0.0001,5589.0,119.51920318603516,1.9049274921417236
0.0001,5590.0,119.51920318603516,1.9049272537231445
0.0001,5591.0,119.51920318603516,1.9049272537231445
0.0001,5592.0,119.51920318603516,1.9049270153045654
0.0001,5593.0,119.51920318603516,1.9049266576766968
0.0001,5594.0,119.51919555664062,1.9049265384674072
0.0001,5595.0,119.51919555664062,1.9049263000488281
0.0001,5596.0,119.51919555664062,1.904926061630249
0.0001,5597.0,119.51919555664062,1.9049259424209595
0.0001,5598.0,119.51919555664062,1.9049257040023804
0.0001,5599.0,119.51919555664062,1.9049257040023804
0.0001,5600.0,119.51919555664062,1.9049255847930908
0.0001,5601.0,119.51919555664062,1.9049253463745117
0.0001,5602.0,119.51919555664062,1.9049251079559326
0.0001,5603.0,119.51919555664062,1.9049246311187744
0.0001,5604.0,119.51919555664062,1.9049246311187744
0.0001,5605.0,119.51919555664062,1.9049243927001953
0.0001,5606.0,119.51919555664062,1.9049241542816162
0.0001,5607.0,119.51919555664062,1.9049241542816162
0.0001,5608.0,119.51921081542969,1.9049240350723267
0.0001,5609.0,119.51921081542969,1.9049240350723267
0.0001,5610.0,119.51921081542969,1.9049237966537476
0.0001,5611.0,119.51921081542969,1.904923439025879
0.0001,5612.0,119.51921081542969,1.904923439025879
0.0001,5613.0,119.51921081542969,1.9049232006072998
0.0001,5614.0,119.51921081542969,1.9049230813980103
0.0001,5615.0,119.51921081542969,1.9049230813980103
0.0001,5616.0,119.51921081542969,1.9049228429794312
0.0001,5617.0,119.51921081542969,1.9049224853515625
0.0001,5618.0,119.51921081542969,1.9049222469329834
0.0001,5619.0,119.51921081542969,1.9049221277236938
0.0001,5620.0,119.51921081542969,1.9049221277236938
0.0001,5621.0,119.51921081542969,1.9049217700958252
0.0001,5622.0,119.51920318603516,1.904921531677246
0.0001,5623.0,119.51920318603516,1.9049211740493774
0.0001,5624.0,119.51920318603516,1.9049209356307983
0.0001,5625.0,119.51920318603516,1.9049209356307983
0.0001,5626.0,119.51920318603516,1.9049205780029297
0.0001,5627.0,119.51920318603516,1.9049205780029297
0.0001,5628.0,119.51920318603516,1.9049203395843506
0.0001,5629.0,119.51920318603516,1.904920220375061
0.0001,5630.0,119.51920318603516,1.904920220375061
0.0001,5631.0,119.51920318603516,1.9049196243286133
0.0001,5632.0,119.51920318603516,1.9049196243286133
0.0001,5633.0,119.51920318603516,1.9049193859100342
0.0001,5634.0,119.51920318603516,1.9049192667007446
0.0001,5635.0,119.51920318603516,1.9049192667007446
0.0001,5636.0,119.51920318603516,1.9049190282821655
0.0001,5637.0,119.51920318603516,1.904918909072876
0.0001,5638.0,119.51920318603516,1.9049186706542969
0.0001,5639.0,119.51920318603516,1.9049186706542969
0.0001,5640.0,119.51920318603516,1.9049184322357178
0.0001,5641.0,119.51920318603516,1.9049183130264282
0.0001,5642.0,119.51920318603516,1.9049183130264282
0.0001,5643.0,119.51920318603516,1.9049179553985596
0.0001,5644.0,119.51920318603516,1.9049179553985596
0.0001,5645.0,119.51920318603516,1.9049174785614014
0.0001,5646.0,119.51920318603516,1.9049173593521118
0.0001,5647.0,119.51920318603516,1.9049171209335327
0.0001,5648.0,119.51920318603516,1.9049170017242432
0.0001,5649.0,119.51920318603516,1.9049170017242432
0.0001,5650.0,119.51920318603516,1.9049170017242432
0.0001,5651.0,119.51919555664062,1.904916524887085
0.0001,5652.0,119.51919555664062,1.9049161672592163
0.0001,5653.0,119.51921081542969,1.9049164056777954
0.0001,5654.0,119.51921081542969,1.9049161672592163
0.0001,5655.0,119.51921081542969,1.9049161672592163
0.0001,5656.0,119.51921081542969,1.9049158096313477
0.0001,5657.0,119.51921081542969,1.9049155712127686
0.0001,5658.0,119.51921081542969,1.9049155712127686
0.0001,5659.0,119.51921081542969,1.904915452003479
0.0001,5660.0,119.51921081542969,1.9049152135849
0.0001,5661.0,119.51921081542969,1.9049148559570312
0.0001,5662.0,119.51921081542969,1.9049146175384521
0.0001,5663.0,119.51921081542969,1.9049146175384521
0.0001,5664.0,119.51921081542969,1.9049142599105835
0.0001,5665.0,119.51921081542969,1.9049142599105835
0.0001,5666.0,119.51921081542969,1.904914140701294
0.0001,5667.0,119.51921081542969,1.9049139022827148
0.0001,5668.0,119.51921081542969,1.9049136638641357
0.0001,5669.0,119.51921081542969,1.9049136638641357
0.0001,5670.0,119.51921081542969,1.9049136638641357
0.0001,5671.0,119.51921081542969,1.9049135446548462
0.0001,5672.0,119.51921081542969,1.904913306236267
0.0001,5673.0,119.51921081542969,1.9049129486083984
0.0001,5674.0,119.51921081542969,1.9049129486083984
0.0001,5675.0,119.51921081542969,1.9049127101898193
0.0001,5676.0,119.51921081542969,1.9049125909805298
0.0001,5677.0,119.51921081542969,1.9049123525619507
0.0001,5678.0,119.51921081542969,1.9049123525619507
0.0001,5679.0,119.51920318603516,1.9049122333526611
0.0001,5680.0,119.51920318603516,1.904911994934082
0.0001,5681.0,119.51920318603516,1.904911994934082
0.0001,5682.0,119.51920318603516,1.9049113988876343
0.0001,5683.0,119.51920318603516,1.9049113988876343
0.0001,5684.0,119.51920318603516,1.9049113988876343
0.0001,5685.0,119.51920318603516,1.9049112796783447
0.0001,5686.0,119.51920318603516,1.9049108028411865
0.0001,5687.0,119.51920318603516,1.9049108028411865
0.0001,5688.0,119.51920318603516,1.9049104452133179
0.0001,5689.0,119.51920318603516,1.9049104452133179
0.0001,5690.0,119.51920318603516,1.9049103260040283
0.0001,5691.0,119.51920318603516,1.9049100875854492
0.0001,5692.0,119.51920318603516,1.9049098491668701
0.0001,5693.0,119.51920318603516,1.9049098491668701
0.0001,5694.0,119.51920318603516,1.9049094915390015
0.0001,5695.0,119.51920318603516,1.9049094915390015
0.0001,5696.0,119.51920318603516,1.9049094915390015
0.0001,5697.0,119.51920318603516,1.9049091339111328
0.0001,5698.0,119.51920318603516,1.9049088954925537
0.0001,5699.0,119.51920318603516,1.9049088954925537
0.0001,5700.0,119.51920318603516,1.9049088954925537
0.0001,5701.0,119.51920318603516,1.9049088954925537
0.0001,5702.0,119.51920318603516,1.904908537864685
0.0001,5703.0,119.51920318603516,1.904908537864685
0.0001,5704.0,119.51921081542969,1.9049084186553955
0.0001,5705.0,119.51921081542969,1.9049084186553955
0.0001,5706.0,119.51921081542969,1.9049081802368164
0.0001,5707.0,119.51921081542969,1.9049079418182373
0.0001,5708.0,119.51921081542969,1.9049078226089478
0.0001,5709.0,119.51921081542969,1.9049078226089478
0.0001,5710.0,119.51921081542969,1.9049075841903687
0.0001,5711.0,119.51921081542969,1.9049072265625
0.0001,5712.0,119.51920318603516,1.904906988143921
0.0001,5713.0,119.51920318603516,1.904906988143921
0.0001,5714.0,119.51920318603516,1.9049068689346313
0.0001,5715.0,119.51920318603516,1.9049066305160522
0.0001,5716.0,119.51920318603516,1.9049065113067627
0.0001,5717.0,119.51920318603516,1.9049065113067627
0.0001,5718.0,119.51920318603516,1.9049060344696045
0.0001,5719.0,119.51920318603516,1.9049065113067627
0.0001,5720.0,119.51920318603516,1.904905915260315
0.0001,5721.0,119.51920318603516,1.904905915260315
0.0001,5722.0,119.51920318603516,1.9049056768417358
0.0001,5723.0,119.51920318603516,1.9049055576324463
0.0001,5724.0,119.51920318603516,1.9049055576324463
0.0001,5725.0,119.51920318603516,1.9049053192138672
0.0001,5726.0,119.51920318603516,1.904905080795288
0.0001,5727.0,119.51920318603516,1.904905080795288
0.0001,5728.0,119.51920318603516,1.9049047231674194
0.0001,5729.0,119.51920318603516,1.9049046039581299
0.0001,5730.0,119.51920318603516,1.9049046039581299
0.0001,5731.0,119.51920318603516,1.9049041271209717
0.0001,5732.0,119.51920318603516,1.9049043655395508
0.0001,5733.0,119.51920318603516,1.9049041271209717
0.0001,5734.0,119.51920318603516,1.9049040079116821
0.0001,5735.0,119.51920318603516,1.904903769493103
0.0001,5736.0,119.51920318603516,1.9049036502838135
0.0001,5737.0,119.51920318603516,1.9049034118652344
0.0001,5738.0,119.51920318603516,1.9049034118652344
0.0001,5739.0,119.51920318603516,1.9049034118652344
0.0001,5740.0,119.51920318603516,1.9049031734466553
0.0001,5741.0,119.51920318603516,1.9049028158187866
0.0001,5742.0,119.51920318603516,1.9049028158187866
0.0001,5743.0,119.51920318603516,1.904902696609497
0.0001,5744.0,119.51920318603516,1.904902696609497
0.0001,5745.0,119.51920318603516,1.904902696609497
0.0001,5746.0,119.51920318603516,1.904902696609497
0.0001,5747.0,119.51919555664062,1.9049022197723389
0.0001,5748.0,119.51919555664062,1.9049021005630493
0.0001,5749.0,119.51919555664062,1.9049021005630493
0.0001,5750.0,119.51919555664062,1.9049018621444702
0.0001,5751.0,119.51919555664062,1.9049017429351807
0.0001,5752.0,119.51919555664062,1.9049015045166016
0.0001,5753.0,119.51919555664062,1.9049015045166016
0.0001,5754.0,119.51919555664062,1.9049012660980225
0.0001,5755.0,119.51919555664062,1.9049012660980225
0.0001,5756.0,119.51919555664062,1.904901146888733
0.0001,5757.0,119.51919555664062,1.904901146888733
0.0001,5758.0,119.51919555664062,1.9049009084701538
0.0001,5759.0,119.51921081542969,1.9049007892608643
0.0001,5760.0,119.51921081542969,1.9049005508422852
0.0001,5761.0,119.51921081542969,1.9049005508422852
0.0001,5762.0,119.51921081542969,1.9049001932144165
0.0001,5763.0,119.51921081542969,1.9049001932144165
0.0001,5764.0,119.51921081542969,1.9048999547958374
0.0001,5765.0,119.51921081542969,1.9048995971679688
0.0001,5766.0,119.51921081542969,1.9048995971679688
0.0001,5767.0,119.51921081542969,1.9048993587493896
0.0001,5768.0,119.51921081542969,1.904899001121521
0.0001,5769.0,119.51921081542969,1.9048992395401
0.0001,5770.0,119.51921081542969,1.904899001121521
0.0001,5771.0,119.51921081542969,1.904899001121521
0.0001,5772.0,119.51921081542969,1.904899001121521
0.0001,5773.0,119.51921081542969,1.9048988819122314
0.0001,5774.0,119.51921081542969,1.9048988819122314
0.0001,5775.0,119.51921081542969,1.9048984050750732
0.0001,5776.0,119.51921081542969,1.9048984050750732
0.0001,5777.0,119.51921081542969,1.9048982858657837
0.0001,5778.0,119.51921081542969,1.9048980474472046
0.0001,5779.0,119.51921081542969,1.9048980474472046
0.0001,5780.0,119.51921081542969,1.9048980474472046
0.0001,5781.0,119.51921081542969,1.904897928237915
0.0001,5782.0,119.51921081542969,1.904897928237915
0.0001,5783.0,119.51920318603516,1.904897689819336
0.0001,5784.0,119.51920318603516,1.9048974514007568
0.0001,5785.0,119.51920318603516,1.9048973321914673
0.0001,5786.0,119.51920318603516,1.9048970937728882
0.0001,5787.0,119.51920318603516,1.9048970937728882
0.0001,5788.0,119.51920318603516,1.9048970937728882
0.0001,5789.0,119.51920318603516,1.9048969745635986
0.0001,5790.0,119.51920318603516,1.9048969745635986
0.0001,5791.0,119.51920318603516,1.9048964977264404
0.0001,5792.0,119.51920318603516,1.9048964977264404
0.0001,5793.0,119.51920318603516,1.9048963785171509
0.0001,5794.0,119.51920318603516,1.9048964977264404
0.0001,5795.0,119.51920318603516,1.9048960208892822
0.0001,5796.0,119.51920318603516,1.9048960208892822
0.0001,5797.0,119.51920318603516,1.9048957824707031
0.0001,5798.0,119.51920318603516,1.904895544052124
0.0001,5799.0,119.51920318603516,1.904895544052124
0.0001,5800.0,119.51920318603516,1.9048954248428345
0.0001,5801.0,119.51920318603516,1.9048954248428345
0.0001,5802.0,119.51920318603516,1.9048954248428345
0.0001,5803.0,119.51920318603516,1.9048951864242554
0.0001,5804.0,119.51920318603516,1.9048950672149658
0.0001,5805.0,119.51920318603516,1.9048950672149658
0.0001,5806.0,119.51920318603516,1.9048945903778076
0.0001,5807.0,119.51920318603516,1.9048945903778076
0.0001,5808.0,119.51920318603516,1.9048945903778076
0.0001,5809.0,119.51920318603516,1.904894232749939
0.0001,5810.0,119.51920318603516,1.904894232749939
0.0001,5811.0,119.51920318603516,1.904894232749939
0.0001,5812.0,119.51920318603516,1.9048938751220703
0.0001,5813.0,119.51920318603516,1.9048941135406494
0.0001,5814.0,119.51920318603516,1.9048938751220703
0.0001,5815.0,119.51920318603516,1.9048938751220703
0.0001,5816.0,119.51920318603516,1.9048936367034912
0.0001,5817.0,119.51920318603516,1.9048932790756226
0.0001,5818.0,119.51920318603516,1.9048932790756226
0.0001,5819.0,119.51920318603516,1.904893159866333
0.0001,5820.0,119.51920318603516,1.904893159866333
0.0001,5821.0,119.51920318603516,1.904893159866333
0.0001,5822.0,119.51920318603516,1.904893159866333
0.0001,5823.0,119.51920318603516,1.904892921447754
0.0001,5824.0,119.51920318603516,1.9048926830291748
0.0001,5825.0,119.51920318603516,1.904892921447754
0.0001,5826.0,119.51920318603516,1.9048925638198853
0.0001,5827.0,119.51920318603516,1.9048922061920166
0.0001,5828.0,119.51920318603516,1.9048922061920166
0.0001,5829.0,119.51920318603516,1.9048919677734375
0.0001,5830.0,119.51920318603516,1.9048919677734375
0.0001,5831.0,119.51920318603516,1.9048917293548584
0.0001,5832.0,119.51920318603516,1.9048917293548584
0.0001,5833.0,119.51920318603516,1.9048916101455688
0.0001,5834.0,119.51920318603516,1.9048913717269897
0.0001,5835.0,119.51920318603516,1.9048913717269897
0.0001,5836.0,119.51920318603516,1.9048912525177002
0.0001,5837.0,119.51920318603516,1.904891014099121
0.0001,5838.0,119.51920318603516,1.904891014099121
0.0001,5839.0,119.51920318603516,1.904890775680542
0.0001,5840.0,119.51920318603516,1.904890775680542
0.0001,5841.0,119.51920318603516,1.904890775680542
0.0001,5842.0,119.51920318603516,1.904890775680542
0.0001,5843.0,119.51920318603516,1.9048906564712524
0.0001,5844.0,119.51920318603516,1.9048904180526733
0.0001,5845.0,119.51920318603516,1.9048904180526733
0.0001,5846.0,119.51920318603516,1.9048902988433838
0.0001,5847.0,119.51920318603516,1.9048902988433838
0.0001,5848.0,119.51920318603516,1.9048900604248047
0.0001,5849.0,119.51920318603516,1.9048898220062256
0.0001,5850.0,119.51920318603516,1.9048900604248047
0.0001,5851.0,119.51920318603516,1.904889702796936
0.0001,5852.0,119.51920318603516,1.904889702796936
0.0001,5853.0,119.51920318603516,1.904889464378357
0.0001,5854.0,119.51920318603516,1.9048893451690674
0.0001,5855.0,119.51920318603516,1.9048893451690674
0.0001,5856.0,119.51920318603516,1.9048893451690674
0.0001,5857.0,119.51920318603516,1.9048891067504883
0.0001,5858.0,119.51920318603516,1.9048891067504883
0.0001,5859.0,119.51920318603516,1.9048888683319092
0.0001,5860.0,119.51920318603516,1.9048891067504883
0.0001,5861.0,119.51920318603516,1.9048888683319092
0.0001,5862.0,119.51920318603516,1.9048887491226196
0.0001,5863.0,119.51920318603516,1.904888391494751
0.0001,5864.0,119.51920318603516,1.9048885107040405
0.0001,5865.0,119.51919555664062,1.9048881530761719
0.0001,5866.0,119.51919555664062,1.904888391494751
0.0001,5867.0,119.51919555664062,1.9048881530761719
0.0001,5868.0,119.51919555664062,1.9048881530761719
0.0001,5869.0,119.51919555664062,1.9048879146575928
0.0001,5870.0,119.51919555664062,1.9048881530761719
0.0001,5871.0,119.51919555664062,1.9048877954483032
0.0001,5872.0,119.51919555664062,1.9048877954483032
0.0001,5873.0,119.51919555664062,1.9048877954483032
0.0001,5874.0,119.51919555664062,1.9048874378204346
0.0001,5875.0,119.51919555664062,1.9048869609832764
0.0001,5876.0,119.51919555664062,1.9048868417739868
0.0001,5877.0,119.51919555664062,1.9048868417739868
0.0001,5878.0,119.51919555664062,1.9048868417739868
0.0001,5879.0,119.51919555664062,1.9048868417739868
0.0001,5880.0,119.51919555664062,1.9048866033554077
0.0001,5881.0,119.51919555664062,1.9048866033554077
0.0001,5882.0,119.51919555664062,1.9048864841461182
0.0001,5883.0,119.51919555664062,1.904886245727539
0.0001,5884.0,119.51919555664062,1.904886245727539
0.0001,5885.0,119.51919555664062,1.904886245727539
0.0001,5886.0,119.51919555664062,1.90488600730896
0.0001,5887.0,119.51919555664062,1.90488600730896
0.0001,5888.0,119.51919555664062,1.90488600730896
0.0001,5889.0,119.51919555664062,1.9048858880996704
0.0001,5890.0,119.51919555664062,1.9048856496810913
0.0001,5891.0,119.51919555664062,1.9048856496810913
0.0001,5892.0,119.51919555664062,1.9048856496810913
0.0001,5893.0,119.51919555664062,1.9048856496810913
0.0001,5894.0,119.51919555664062,1.9048855304718018
0.0001,5895.0,119.51921081542969,1.9048855304718018
0.0001,5896.0,119.51921081542969,1.9048852920532227
0.0001,5897.0,119.51921081542969,1.9048850536346436
0.0001,5898.0,119.51921081542969,1.9048850536346436
0.0001,5899.0,119.51921081542969,1.904884696006775
0.0001,5900.0,119.51921081542969,1.904884696006775
0.0001,5901.0,119.51921081542969,1.904884696006775
0.0001,5902.0,119.51921081542969,1.904884696006775
0.0001,5903.0,119.51921081542969,1.904884696006775
0.0001,5904.0,119.51921081542969,1.9048845767974854
0.0001,5905.0,119.51921081542969,1.9048843383789062
0.0001,5906.0,119.51921081542969,1.9048843383789062
0.0001,5907.0,119.51921081542969,1.9048840999603271
0.0001,5908.0,119.51921081542969,1.9048840999603271
0.0001,5909.0,119.51921081542969,1.9048839807510376
0.0001,5910.0,119.51921081542969,1.9048839807510376
0.0001,5911.0,119.51921081542969,1.904883623123169
0.0001,5912.0,119.51921081542969,1.9048837423324585
0.0001,5913.0,119.51921081542969,1.904883623123169
0.0001,5914.0,119.51920318603516,1.9048833847045898
0.0001,5915.0,119.51920318603516,1.9048831462860107
0.0001,5916.0,119.51920318603516,1.9048833847045898
0.0001,5917.0,119.51920318603516,1.9048831462860107
0.0001,5918.0,119.51920318603516,1.9048831462860107
0.0001,5919.0,119.51920318603516,1.9048830270767212
0.0001,5920.0,119.51920318603516,1.9048831462860107
0.0001,5921.0,119.51920318603516,1.9048830270767212
0.0001,5922.0,119.51920318603516,1.9048830270767212
0.0001,5923.0,119.51920318603516,1.904882788658142
0.0001,5924.0,119.51920318603516,1.9048824310302734
0.0001,5925.0,119.51920318603516,1.9048821926116943
0.0001,5926.0,119.51920318603516,1.9048821926116943
0.0001,5927.0,119.51920318603516,1.9048820734024048
0.0001,5928.0,119.51920318603516,1.9048820734024048
0.0001,5929.0,119.51920318603516,1.9048820734024048
0.0001,5930.0,119.51920318603516,1.9048817157745361
0.0001,5931.0,119.51920318603516,1.9048818349838257
0.0001,5932.0,119.51920318603516,1.9048817157745361
0.0001,5933.0,119.51920318603516,1.9048817157745361
0.0001,5934.0,119.51920318603516,1.904881477355957
0.0001,5935.0,119.51920318603516,1.904881477355957
0.0001,5936.0,119.51920318603516,1.904881238937378
0.0001,5937.0,119.51920318603516,1.904881238937378
0.0001,5938.0,119.51920318603516,1.904881238937378
0.0001,5939.0,119.51920318603516,1.904881238937378
0.0001,5940.0,119.51920318603516,1.9048811197280884
0.0001,5941.0,119.51920318603516,1.9048811197280884
0.0001,5942.0,119.51920318603516,1.9048811197280884
0.0001,5943.0,119.51920318603516,1.9048807621002197
0.0001,5944.0,119.51920318603516,1.9048808813095093
0.0001,5945.0,119.51920318603516,1.9048807621002197
0.0001,5946.0,119.51920318603516,1.9048808813095093
0.0001,5947.0,119.51920318603516,1.9048805236816406
0.0001,5948.0,119.51920318603516,1.9048807621002197
0.0001,5949.0,119.51920318603516,1.9048802852630615
0.0001,5950.0,119.51920318603516,1.9048805236816406
0.0001,5951.0,119.51920318603516,1.904880166053772
0.0001,5952.0,119.51920318603516,1.904880166053772
0.0001,5953.0,119.51920318603516,1.9048798084259033
0.0001,5954.0,119.51920318603516,1.9048798084259033
0.0001,5955.0,119.51920318603516,1.9048795700073242
0.0001,5956.0,119.51920318603516,1.9048795700073242
0.0001,5957.0,119.51920318603516,1.9048795700073242
0.0001,5958.0,119.51920318603516,1.9048793315887451
0.0001,5959.0,119.51920318603516,1.9048793315887451
0.0001,5960.0,119.51920318603516,1.9048793315887451
0.0001,5961.0,119.51920318603516,1.9048792123794556
0.0001,5962.0,119.51920318603516,1.9048793315887451
0.0001,5963.0,119.51919555664062,1.9048792123794556
0.0001,5964.0,119.51919555664062,1.9048789739608765
0.0001,5965.0,119.51919555664062,1.9048789739608765
0.0001,5966.0,119.51919555664062,1.9048789739608765
0.0001,5967.0,119.51919555664062,1.904878854751587
0.0001,5968.0,119.51919555664062,1.904878854751587
0.0001,5969.0,119.51919555664062,1.9048786163330078
0.0001,5970.0,119.51919555664062,1.9048786163330078
0.0001,5971.0,119.51919555664062,1.9048786163330078
0.0001,5972.0,119.51919555664062,1.9048786163330078
0.0001,5973.0,119.51919555664062,1.9048783779144287
0.0001,5974.0,119.51919555664062,1.9048782587051392
0.0001,5975.0,119.51919555664062,1.9048782587051392
0.0001,5976.0,119.51919555664062,1.9048782587051392
0.0001,5977.0,119.51919555664062,1.90487802028656
0.0001,5978.0,119.51919555664062,1.90487802028656
0.0001,5979.0,119.51919555664062,1.9048779010772705
0.0001,5980.0,119.51921081542969,1.9048779010772705
0.0001,5981.0,119.51921081542969,1.9048774242401123
0.0001,5982.0,119.51921081542969,1.9048774242401123
0.0001,5983.0,119.51921081542969,1.9048774242401123
0.0001,5984.0,119.51921081542969,1.9048773050308228
0.0001,5985.0,119.51921081542969,1.9048774242401123
0.0001,5986.0,119.51921081542969,1.9048773050308228
0.0001,5987.0,119.51921081542969,1.9048770666122437
0.0001,5988.0,119.51921081542969,1.9048770666122437
0.0001,5989.0,119.51921081542969,1.9048770666122437
0.0001,5990.0,119.51921081542969,1.904876947402954
0.0001,5991.0,119.51921081542969,1.904876947402954
0.0001,5992.0,119.51921081542969,1.904876947402954
0.0001,5993.0,119.51921081542969,1.904876947402954
0.0001,5994.0,119.51921081542969,1.904876947402954
0.0001,5995.0,119.51921081542969,1.904876708984375
0.0001,5996.0,119.51921081542969,1.904876470565796
0.0001,5997.0,119.51921081542969,1.9048763513565063
0.0001,5998.0,119.51921081542969,1.904876470565796
0.0001,5999.0,119.51921081542969,1.9048763513565063
0.0001,6000.0,119.51921081542969,1.9048763513565063
0.0001,6001.0,119.51921081542969,1.9048761129379272
0.0001,6002.0,119.51921081542969,1.9048761129379272
0.0001,6003.0,119.51921081542969,1.9048759937286377
0.0001,6004.0,119.51921081542969,1.9048759937286377
0.0001,6005.0,119.51921081542969,1.9048761129379272
0.0001,6006.0,119.51921081542969,1.9048759937286377
0.0001,6007.0,119.51921081542969,1.9048759937286377
0.0001,6008.0,119.51921081542969,1.9048759937286377
0.0001,6009.0,119.51921081542969,1.9048759937286377
0.0001,6010.0,119.51921081542969,1.9048757553100586
0.0001,6011.0,119.51921081542969,1.9048755168914795
0.0001,6012.0,119.51921081542969,1.9048757553100586
0.0001,6013.0,119.51921081542969,1.9048751592636108
0.0001,6014.0,119.51921081542969,1.9048750400543213
0.0001,6015.0,119.51921081542969,1.9048750400543213
0.0001,6016.0,119.51921081542969,1.9048748016357422
0.0001,6017.0,119.51921081542969,1.9048748016357422
0.0001,6018.0,119.51921081542969,1.9048748016357422
0.0001,6019.0,119.51921081542969,1.904874563217163
0.0001,6020.0,119.51921081542969,1.904874563217163
0.0001,6021.0,119.51921081542969,1.904874563217163
0.0001,6022.0,119.51921081542969,1.904874563217163
0.0001,6023.0,119.51921081542969,1.9048744440078735
0.0001,6024.0,119.51921081542969,1.9048744440078735
0.0001,6025.0,119.51920318603516,1.9048744440078735
0.0001,6026.0,119.51920318603516,1.9048744440078735
0.0001,6027.0,119.51920318603516,1.9048742055892944
0.0001,6028.0,119.51920318603516,1.9048740863800049
0.0001,6029.0,119.51920318603516,1.9048740863800049
0.0001,6030.0,119.51920318603516,1.9048738479614258
0.0001,6031.0,119.51920318603516,1.9048738479614258
0.0001,6032.0,119.51920318603516,1.9048738479614258
0.0001,6033.0,119.51920318603516,1.9048736095428467
0.0001,6034.0,119.51920318603516,1.9048736095428467
0.0001,6035.0,119.51920318603516,1.9048736095428467
0.0001,6036.0,119.51920318603516,1.9048734903335571
0.0001,6037.0,119.51920318603516,1.9048734903335571
0.0001,6038.0,119.51920318603516,1.9048734903335571
0.0001,6039.0,119.51920318603516,1.9048734903335571
0.0001,6040.0,119.51920318603516,1.9048734903335571
0.0001,6041.0,119.51920318603516,1.9048731327056885
0.0001,6042.0,119.51920318603516,1.9048731327056885
0.0001,6043.0,119.51920318603516,1.9048731327056885
0.0001,6044.0,119.51920318603516,1.9048731327056885
0.0001,6045.0,119.51920318603516,1.9048731327056885
0.0001,6046.0,119.51920318603516,1.9048728942871094
0.0001,6047.0,119.51920318603516,1.9048726558685303
0.0001,6048.0,119.51920318603516,1.9048726558685303
0.0001,6049.0,119.51920318603516,1.9048726558685303
0.0001,6050.0,119.51920318603516,1.9048726558685303
0.0001,6051.0,119.51920318603516,1.9048725366592407
0.0001,6052.0,119.51920318603516,1.9048725366592407
0.0001,6053.0,119.51920318603516,1.9048722982406616
0.0001,6054.0,119.51920318603516,1.904872179031372
0.0001,6055.0,119.51920318603516,1.9048722982406616
0.0001,6056.0,119.51920318603516,1.904872179031372
0.0001,6057.0,119.51920318603516,1.9048722982406616
0.0001,6058.0,119.51920318603516,1.904872179031372
0.0001,6059.0,119.51920318603516,1.904872179031372
0.0001,6060.0,119.51920318603516,1.904871940612793
0.0001,6061.0,119.51920318603516,1.904872179031372
0.0001,6062.0,119.51920318603516,1.904871940612793
0.0001,6063.0,119.51920318603516,1.904871940612793
0.0001,6064.0,119.51920318603516,1.904871940612793
0.0001,6065.0,119.51920318603516,1.904871940612793
0.0001,6066.0,119.51920318603516,1.9048717021942139
0.0001,6067.0,119.51920318603516,1.9048717021942139
0.0001,6068.0,119.51920318603516,1.9048715829849243
0.0001,6069.0,119.51920318603516,1.9048715829849243
0.0001,6070.0,119.51920318603516,1.9048713445663452
0.0001,6071.0,119.51920318603516,1.9048713445663452
0.0001,6072.0,119.51920318603516,1.9048712253570557
0.0001,6073.0,119.51920318603516,1.9048713445663452
0.0001,6074.0,119.51920318603516,1.9048712253570557
0.0001,6075.0,119.51920318603516,1.9048712253570557
0.0001,6076.0,119.51920318603516,1.9048709869384766
0.0001,6077.0,119.51920318603516,1.9048709869384766
0.0001,6078.0,119.51920318603516,1.9048707485198975
0.0001,6079.0,119.51920318603516,1.9048709869384766
0.0001,6080.0,119.51920318603516,1.9048707485198975
0.0001,6081.0,119.51920318603516,1.9048709869384766
0.0001,6082.0,119.51921081542969,1.904870629310608
0.0001,6083.0,119.51921081542969,1.9048707485198975
0.0001,6084.0,119.51921081542969,1.9048702716827393
0.0001,6085.0,119.51921081542969,1.904870629310608
0.0001,6086.0,119.51921081542969,1.9048703908920288
0.0001,6087.0,119.51921081542969,1.9048703908920288
0.0001,6088.0,119.51921081542969,1.9048702716827393
0.0001,6089.0,119.51921081542969,1.9048702716827393
0.0001,6090.0,119.51921081542969,1.904869794845581
0.0001,6091.0,119.51921081542969,1.904869794845581
0.0001,6092.0,119.51920318603516,1.904869794845581
0.0001,6093.0,119.51920318603516,1.904869794845581
0.0001,6094.0,119.51920318603516,1.904869794845581
0.0001,6095.0,119.51920318603516,1.9048694372177124
0.0001,6096.0,119.51920318603516,1.9048693180084229
0.0001,6097.0,119.51920318603516,1.9048694372177124
0.0001,6098.0,119.51920318603516,1.9048693180084229
0.0001,6099.0,119.51920318603516,1.9048693180084229
0.0001,6100.0,119.51920318603516,1.9048693180084229
0.0001,6101.0,119.51920318603516,1.9048690795898438
0.0001,6102.0,119.51920318603516,1.9048690795898438
0.0001,6103.0,119.51920318603516,1.9048690795898438
0.0001,6104.0,119.51920318603516,1.9048690795898438
0.0001,6105.0,119.51920318603516,1.9048690795898438
0.0001,6106.0,119.51920318603516,1.9048690795898438
0.0001,6107.0,119.51920318603516,1.9048688411712646
0.0001,6108.0,119.51920318603516,1.9048688411712646
0.0001,6109.0,119.51920318603516,1.9048688411712646
0.0001,6110.0,119.51920318603516,1.9048688411712646
0.0001,6111.0,119.51920318603516,1.904868721961975
0.0001,6112.0,119.51920318603516,1.904868721961975
0.0001,6113.0,119.51920318603516,1.904868721961975
0.0001,6114.0,119.51920318603516,1.904868721961975
0.0001,6115.0,119.51920318603516,1.904868721961975
0.0001,6116.0,119.51920318603516,1.904868483543396
0.0001,6117.0,119.51920318603516,1.904868483543396
0.0001,6118.0,119.51920318603516,1.904868483543396
0.0001,6119.0,119.51920318603516,1.9048683643341064
0.0001,6120.0,119.51920318603516,1.9048683643341064
0.0001,6121.0,119.51920318603516,1.9048681259155273
0.0001,6122.0,119.51920318603516,1.9048681259155273
0.0001,6123.0,119.51920318603516,1.9048678874969482
0.0001,6124.0,119.51920318603516,1.9048681259155273
0.0001,6125.0,119.51920318603516,1.9048678874969482
0.0001,6126.0,119.51920318603516,1.9048678874969482
0.0001,6127.0,119.51920318603516,1.9048677682876587
0.0001,6128.0,119.51920318603516,1.9048677682876587
0.0001,6129.0,119.51920318603516,1.9048677682876587
0.0001,6130.0,119.51920318603516,1.9048675298690796
0.0001,6131.0,119.51920318603516,1.9048677682876587
0.0001,6132.0,119.51920318603516,1.9048675298690796
0.0001,6133.0,119.51920318603516,1.9048675298690796
0.0001,6134.0,119.51920318603516,1.9048675298690796
0.0001,6135.0,119.51920318603516,1.90486741065979
0.0001,6136.0,119.51920318603516,1.90486741065979
0.0001,6137.0,119.51920318603516,1.90486741065979
0.0001,6138.0,119.51920318603516,1.90486741065979
0.0001,6139.0,119.51920318603516,1.90486741065979
0.0001,6140.0,119.51920318603516,1.904867172241211
0.0001,6141.0,119.51920318603516,1.904867172241211
0.0001,6142.0,119.51920318603516,1.9048669338226318
0.0001,6143.0,119.51920318603516,1.904867172241211
0.0001,6144.0,119.51920318603516,1.9048669338226318
0.0001,6145.0,119.51920318603516,1.9048669338226318
0.0001,6146.0,119.51920318603516,1.9048669338226318
0.0001,6147.0,119.51920318603516,1.9048669338226318
0.0001,6148.0,119.51920318603516,1.9048669338226318
0.0001,6149.0,119.51920318603516,1.9048669338226318
0.0001,6150.0,119.51920318603516,1.9048669338226318
0.0001,6151.0,119.51920318603516,1.9048668146133423
0.0001,6152.0,119.51920318603516,1.9048668146133423
0.0001,6153.0,119.51920318603516,1.9048668146133423
0.0001,6154.0,119.51920318603516,1.9048665761947632
0.0001,6155.0,119.51920318603516,1.9048665761947632
0.0001,6156.0,119.51920318603516,1.9048664569854736
0.0001,6157.0,119.51920318603516,1.9048664569854736
0.0001,6158.0,119.51920318603516,1.9048664569854736
0.0001,6159.0,119.51920318603516,1.9048664569854736
0.0001,6160.0,119.51920318603516,1.9048664569854736
0.0001,6161.0,119.51920318603516,1.9048664569854736
0.0001,6162.0,119.51920318603516,1.9048662185668945
0.0001,6163.0,119.51920318603516,1.9048662185668945
0.0001,6164.0,119.51920318603516,1.9048658609390259
0.0001,6165.0,119.51920318603516,1.9048658609390259
0.0001,6166.0,119.51920318603516,1.9048658609390259
0.0001,6167.0,119.51920318603516,1.9048658609390259
0.0001,6168.0,119.51920318603516,1.9048658609390259
0.0001,6169.0,119.51920318603516,1.9048658609390259
0.0001,6170.0,119.51920318603516,1.9048655033111572
0.0001,6171.0,119.51919555664062,1.9048656225204468
0.0001,6172.0,119.51919555664062,1.9048652648925781
0.0001,6173.0,119.51919555664062,1.9048652648925781
0.0001,6174.0,119.51919555664062,1.9048652648925781
0.0001,6175.0,119.51919555664062,1.9048652648925781
0.0001,6176.0,119.51919555664062,1.9048652648925781
0.0001,6177.0,119.51919555664062,1.9048652648925781
0.0001,6178.0,119.51919555664062,1.9048652648925781
0.0001,6179.0,119.51919555664062,1.9048652648925781
0.0001,6180.0,119.51919555664062,1.9048649072647095
0.0001,6181.0,119.51919555664062,1.9048652648925781
0.0001,6182.0,119.51919555664062,1.9048649072647095
0.0001,6183.0,119.51919555664062,1.9048649072647095
0.0001,6184.0,119.51919555664062,1.9048649072647095
0.0001,6185.0,119.51919555664062,1.9048649072647095
0.0001,6186.0,119.51919555664062,1.9048646688461304
0.0001,6187.0,119.51919555664062,1.9048646688461304
0.0001,6188.0,119.51919555664062,1.9048645496368408
0.0001,6189.0,119.51919555664062,1.9048645496368408
0.0001,6190.0,119.51919555664062,1.9048645496368408
0.0001,6191.0,119.51919555664062,1.9048645496368408
0.0001,6192.0,119.51919555664062,1.9048645496368408
0.0001,6193.0,119.51919555664062,1.9048645496368408
0.0001,6194.0,119.51919555664062,1.9048643112182617
0.0001,6195.0,119.51919555664062,1.9048643112182617
0.0001,6196.0,119.51919555664062,1.9048643112182617
0.0001,6197.0,119.51919555664062,1.9048640727996826
0.0001,6198.0,119.51919555664062,1.9048643112182617
0.0001,6199.0,119.51919555664062,1.9048640727996826
0.0001,6200.0,119.51919555664062,1.904863953590393
0.0001,6201.0,119.51919555664062,1.9048640727996826
0.0001,6202.0,119.51919555664062,1.904863953590393
0.0001,6203.0,119.51919555664062,1.904863953590393
0.0001,6204.0,119.51919555664062,1.904863953590393
0.0001,6205.0,119.51919555664062,1.904863953590393
0.0001,6206.0,119.51919555664062,1.904863953590393
0.0001,6207.0,119.51919555664062,1.904863953590393
0.0001,6208.0,119.51919555664062,1.904863953590393
0.0001,6209.0,119.51919555664062,1.904863953590393
0.0001,6210.0,119.51919555664062,1.904863715171814
0.0001,6211.0,119.51919555664062,1.904863953590393
0.0001,6212.0,119.51919555664062,1.9048635959625244
0.0001,6213.0,119.51919555664062,1.904863715171814
0.0001,6214.0,119.51919555664062,1.9048635959625244
0.0001,6215.0,119.51921081542969,1.904863715171814
0.0001,6216.0,119.51921081542969,1.9048635959625244
0.0001,6217.0,119.51921081542969,1.9048635959625244
0.0001,6218.0,119.51921081542969,1.9048633575439453
0.0001,6219.0,119.51921081542969,1.9048635959625244
0.0001,6220.0,119.51921081542969,1.9048633575439453
0.0001,6221.0,119.51921081542969,1.9048631191253662
0.0001,6222.0,119.51921081542969,1.9048629999160767
0.0001,6223.0,119.51921081542969,1.9048629999160767
0.0001,6224.0,119.51921081542969,1.9048629999160767
0.0001,6225.0,119.51921081542969,1.9048629999160767
0.0001,6226.0,119.51921081542969,1.9048627614974976
0.0001,6227.0,119.51921081542969,1.9048629999160767
0.0001,6228.0,119.51921081542969,1.9048627614974976
0.0001,6229.0,119.51921081542969,1.9048627614974976
0.0001,6230.0,119.51921081542969,1.9048627614974976
0.0001,6231.0,119.51921081542969,1.9048627614974976
0.0001,6232.0,119.51921081542969,1.9048627614974976
0.0001,6233.0,119.51921081542969,1.9048627614974976
0.0001,6234.0,119.51921081542969,1.9048627614974976
0.0001,6235.0,119.51921081542969,1.904862642288208
0.0001,6236.0,119.51921081542969,1.904862642288208
0.0001,6237.0,119.51921081542969,1.904862642288208
0.0001,6238.0,119.51921081542969,1.904862642288208
0.0001,6239.0,119.51921081542969,1.904862403869629
0.0001,6240.0,119.51921081542969,1.904862403869629
0.0001,6241.0,119.51921081542969,1.904862403869629
0.0001,6242.0,119.51921081542969,1.9048621654510498
0.0001,6243.0,119.51921081542969,1.9048621654510498
0.0001,6244.0,119.51921081542969,1.9048621654510498
0.0001,6245.0,119.51921081542969,1.9048621654510498
0.0001,6246.0,119.51921081542969,1.9048621654510498
0.0001,6247.0,119.51921081542969,1.9048620462417603
0.0001,6248.0,119.51921081542969,1.9048618078231812
0.0001,6249.0,119.51921081542969,1.9048618078231812
0.0001,6250.0,119.51921081542969,1.9048618078231812
0.0001,6251.0,119.51921081542969,1.9048618078231812
0.0001,6252.0,119.51921081542969,1.9048616886138916
0.0001,6253.0,119.51921081542969,1.9048616886138916
0.0001,6254.0,119.51921081542969,1.9048616886138916
0.0001,6255.0,119.51921081542969,1.9048616886138916
0.0001,6256.0,119.51921081542969,1.9048616886138916
0.0001,6257.0,119.51921081542969,1.9048616886138916
0.0001,6258.0,119.51921081542969,1.9048616886138916
0.0001,6259.0,119.51921081542969,1.9048616886138916
0.0001,6260.0,119.51921081542969,1.9048614501953125
0.0001,6261.0,119.51921081542969,1.9048616886138916
0.0001,6262.0,119.51921081542969,1.9048614501953125
0.0001,6263.0,119.51921081542969,1.9048614501953125
0.0001,6264.0,119.51920318603516,1.9048614501953125
0.0001,6265.0,119.51921081542969,1.9048614501953125
0.0001,6266.0,119.51920318603516,1.9048612117767334
0.0001,6267.0,119.51920318603516,1.9048612117767334
0.0001,6268.0,119.51920318603516,1.9048612117767334
0.0001,6269.0,119.51920318603516,1.9048610925674438
0.0001,6270.0,119.51920318603516,1.9048612117767334
0.0001,6271.0,119.51920318603516,1.9048610925674438
0.0001,6272.0,119.51920318603516,1.9048610925674438
0.0001,6273.0,119.51920318603516,1.9048610925674438
0.0001,6274.0,119.51920318603516,1.9048610925674438
0.0001,6275.0,119.51920318603516,1.9048610925674438
0.0001,6276.0,119.51920318603516,1.9048608541488647
0.0001,6277.0,119.51920318603516,1.9048608541488647
0.0001,6278.0,119.51920318603516,1.9048608541488647
0.0001,6279.0,119.51920318603516,1.9048607349395752
0.0001,6280.0,119.51920318603516,1.9048608541488647
