lr,epoch,train_loss,val_loss
0.0001,0.0,119.94874572753906,2.304466724395752
0.0001,1.0,119.94781494140625,2.3040881156921387
0.0001,2.0,119.94689178466797,2.3037095069885254
0.0001,3.0,119.94597625732422,2.3033313751220703
0.0001,4.0,119.94505310058594,2.3029532432556152
0.0001,5.0,119.94413757324219,2.302574634552002
0.0001,6.0,119.9432144165039,2.3021960258483887
0.0001,7.0,119.94231414794922,2.3018176555633545
0.0001,8.0,119.94139099121094,2.3014395236968994
0.0001,9.0,119.94049072265625,2.3010611534118652
0.0001,10.0,119.93956756591797,2.300682783126831
0.0001,11.0,119.93866729736328,2.3003039360046387
0.0001,12.0,119.9377670288086,2.2999255657196045
0.0001,13.0,119.9368667602539,2.299546480178833
0.0001,14.0,119.93595123291016,2.2991671562194824
0.0001,15.0,119.93505096435547,2.298787832260132
0.0001,16.0,119.93415069580078,2.2984087467193604
0.0001,17.0,119.93325805664062,2.298029661178589
0.0001,18.0,119.93236541748047,2.297650098800659
0.0001,19.0,119.93148040771484,2.2972705364227295
0.0001,20.0,119.93057250976562,2.296891689300537
0.0001,21.0,119.92969512939453,2.2965126037597656
0.0001,22.0,119.92880249023438,2.2961337566375732
0.0001,23.0,119.92792510986328,2.295755386352539
0.0001,24.0,119.92704010009766,2.295377254486084
0.0001,25.0,119.9261474609375,2.2949986457824707
0.0001,26.0,119.9252700805664,2.2946207523345947
0.0001,27.0,119.92440032958984,2.294243097305298
0.0001,28.0,119.92351531982422,2.29386568069458
0.0001,29.0,119.92263793945312,2.2934889793395996
0.0001,30.0,119.9217758178711,2.293112277984619
0.0001,31.0,119.92090606689453,2.292736053466797
0.0001,32.0,119.92002868652344,2.2923598289489746
0.0001,33.0,119.91915893554688,2.2919845581054688
0.0001,34.0,119.91829681396484,2.2916088104248047
0.0001,35.0,119.91743469238281,2.2912344932556152
0.0001,36.0,119.91657257080078,2.2908596992492676
0.0001,37.0,119.91571044921875,2.2904860973358154
0.0001,38.0,119.91486358642578,2.2901124954223633
0.0001,39.0,119.91400146484375,2.2897391319274902
0.0001,40.0,119.91314697265625,2.2893662452697754
0.0001,41.0,119.91229248046875,2.2889938354492188
0.0001,42.0,119.91144561767578,2.288621664047241
0.0001,43.0,119.91059112548828,2.28825044631958
0.0001,44.0,119.90974426269531,2.28787899017334
0.0001,45.0,119.90890502929688,2.2875077724456787
0.0001,46.0,119.90806579589844,2.287137508392334
0.0001,47.0,119.90721893310547,2.2867674827575684
0.0001,48.0,119.90637969970703,2.2863974571228027
0.0001,49.0,119.9055404663086,2.2860283851623535
0.0001,50.0,119.90471649169922,2.2856593132019043
0.0001,51.0,119.90386962890625,2.2852907180786133
0.0001,52.0,119.90304565429688,2.2849223613739014
0.0001,53.0,119.90221405029297,2.2845547199249268
0.0001,54.0,119.9013900756836,2.2841875553131104
0.0001,55.0,119.90055847167969,2.2838199138641357
0.0001,56.0,119.89973449707031,2.2834532260894775
0.0001,57.0,119.89891052246094,2.2830872535705566
0.0001,58.0,119.8980941772461,2.2827210426330566
0.0001,59.0,119.89727783203125,2.282355785369873
0.0001,60.0,119.8964614868164,2.2819905281066895
0.0001,61.0,119.89564514160156,2.281625747680664
0.0001,62.0,119.89483642578125,2.2812604904174805
0.0001,63.0,119.8940200805664,2.2808969020843506
0.0001,64.0,119.89320373535156,2.2805333137512207
0.0001,65.0,119.89240264892578,2.28016996383667
0.0001,66.0,119.89159393310547,2.279806613922119
0.0001,67.0,119.89079284667969,2.2794442176818848
0.0001,68.0,119.88999938964844,2.2790820598602295
0.0001,69.0,119.8891830444336,2.278719902038574
0.0001,70.0,119.88838958740234,2.278358221054077
0.0001,71.0,119.8875961303711,2.2779974937438965
0.0001,72.0,119.88679504394531,2.277636766433716
0.0001,73.0,119.88600158691406,2.277275800704956
0.0001,74.0,119.88520812988281,2.2769155502319336
0.0001,75.0,119.8844223022461,2.2765560150146484
0.0001,76.0,119.88363647460938,2.276196241378784
0.0001,77.0,119.88284301757812,2.275836944580078
0.0001,78.0,119.88206481933594,2.2754783630371094
0.0001,79.0,119.88127136230469,2.2751197814941406
0.0001,80.0,119.88050079345703,2.27476167678833
0.0001,81.0,119.87970733642578,2.2744040489196777
0.0001,82.0,119.87893676757812,2.2740468978881836
0.0001,83.0,119.87815856933594,2.2736897468566895
0.0001,84.0,119.87739562988281,2.2733333110809326
0.0001,85.0,119.87661743164062,2.272976875305176
0.0001,86.0,119.87584686279297,2.272620916366577
0.0001,87.0,119.87507629394531,2.2722649574279785
0.0001,88.0,119.87430572509766,2.2719099521636963
0.0001,89.0,119.87354278564453,2.271555185317993
0.0001,90.0,119.87277221679688,2.271200656890869
0.0001,91.0,119.87201690673828,2.270846366882324
0.0001,92.0,119.87124633789062,2.2704925537109375
0.0001,93.0,119.87049102783203,2.270139217376709
0.0001,94.0,119.86973571777344,2.2697856426239014
0.0001,95.0,119.86898040771484,2.269432544708252
0.0001,96.0,119.86821746826172,2.2690799236297607
0.0001,97.0,119.86746978759766,2.268728256225586
0.0001,98.0,119.86671447753906,2.268376111984253
0.0001,99.0,119.865966796875,2.2680246829986572
0.0001,100.0,119.86521911621094,2.2676734924316406
0.0001,101.0,119.8644790649414,2.267322540283203
0.0001,102.0,119.86373138427734,2.266972064971924
0.0001,103.0,119.86298370361328,2.2666220664978027
0.0001,104.0,119.86224365234375,2.2662720680236816
0.0001,105.0,119.86149597167969,2.2659225463867188
0.0001,106.0,119.86077117919922,2.265573263168335
0.0001,107.0,119.86003112792969,2.2652244567871094
0.0001,108.0,119.85929107666016,2.264876127243042
0.0001,109.0,119.85855865478516,2.2645277976989746
0.0001,110.0,119.85781860351562,2.2641804218292236
0.0001,111.0,119.85709381103516,2.2638328075408936
0.0001,112.0,119.85637664794922,2.263485908508301
0.0001,113.0,119.85563659667969,2.263139247894287
0.0001,114.0,119.85491180419922,2.2627925872802734
0.0001,115.0,119.85418701171875,2.262446880340576
0.0001,116.0,119.85346221923828,2.2621006965637207
0.0001,117.0,119.85274505615234,2.2617552280426025
0.0001,118.0,119.8520278930664,2.261410713195801
0.0001,119.0,119.85130310058594,2.26106595993042
0.0001,120.0,119.8505859375,2.2607216835021973
0.0001,121.0,119.84986877441406,2.2603776454925537
0.0001,122.0,119.84916687011719,2.2600340843200684
0.0001,123.0,119.84844970703125,2.259690761566162
0.0001,124.0,119.84773254394531,2.259347677230835
0.0001,125.0,119.84703063964844,2.259005308151245
0.0001,126.0,119.84632110595703,2.2586629390716553
0.0001,127.0,119.84561920166016,2.2583210468292236
0.0001,128.0,119.84490203857422,2.257979393005371
0.0001,129.0,119.84420776367188,2.2576382160186768
0.0001,130.0,119.84351348876953,2.2572970390319824
0.0001,131.0,119.84281158447266,2.2569565773010254
0.0001,132.0,119.84210968017578,2.2566163539886475
0.0001,133.0,119.8414077758789,2.2562766075134277
0.0001,134.0,119.84071350097656,2.2559375762939453
0.0001,135.0,119.84001922607422,2.2555980682373047
0.0001,136.0,119.83932495117188,2.2552592754364014
0.0001,137.0,119.83863830566406,2.2549209594726562
0.0001,138.0,119.83795166015625,2.2545828819274902
0.0001,139.0,119.83726501464844,2.2542452812194824
0.0001,140.0,119.83657836914062,2.2539076805114746
0.0001,141.0,119.83588409423828,2.253570318222046
0.0001,142.0,119.83521270751953,2.2532334327697754
0.0001,143.0,119.83451843261719,2.252897262573242
0.0001,144.0,119.83384704589844,2.252561092376709
0.0001,145.0,119.83316040039062,2.252225399017334
0.0001,146.0,119.83248901367188,2.251889944076538
0.0001,147.0,119.83180236816406,2.2515549659729004
0.0001,148.0,119.83113098144531,2.251220226287842
0.0001,149.0,119.8304672241211,2.2508857250213623
0.0001,150.0,119.82978820800781,2.250551700592041
0.0001,151.0,119.82911682128906,2.250218152999878
0.0001,152.0,119.82843780517578,2.249884605407715
0.0001,153.0,119.82777404785156,2.249552011489868
0.0001,154.0,119.82711029052734,2.2492194175720215
0.0001,155.0,119.82644653320312,2.248886823654175
0.0001,156.0,119.8257827758789,2.2485551834106445
0.0001,157.0,119.82512664794922,2.248223066329956
0.0001,158.0,119.824462890625,2.247891902923584
0.0001,159.0,119.82380676269531,2.247560977935791
0.0001,160.0,119.82313537597656,2.247230291366577
0.0001,161.0,119.82249450683594,2.2469000816345215
0.0001,162.0,119.82183074951172,2.246569871902466
0.0001,163.0,119.8211669921875,2.2462406158447266
0.0001,164.0,119.82052612304688,2.245910882949829
0.0001,165.0,119.81986999511719,2.245582103729248
0.0001,166.0,119.81922149658203,2.2452540397644043
0.0001,167.0,119.81857299804688,2.2449252605438232
0.0001,168.0,119.81792449951172,2.2445976734161377
0.0001,169.0,119.8172836303711,2.244269847869873
0.0001,170.0,119.81663513183594,2.2439427375793457
0.0001,171.0,119.81599426269531,2.2436158657073975
0.0001,172.0,119.81534576416016,2.2432892322540283
0.0001,173.0,119.81471252441406,2.2429630756378174
0.0001,174.0,119.81407165527344,2.2426371574401855
0.0001,175.0,119.81343078613281,2.242311477661133
0.0001,176.0,119.81279754638672,2.24198579788208
0.0001,177.0,119.8121566772461,2.2416610717773438
0.0001,178.0,119.8115234375,2.2413365840911865
0.0001,179.0,119.81090545654297,2.2410125732421875
0.0001,180.0,119.81026458740234,2.2406888008117676
0.0001,181.0,119.80963134765625,2.2403650283813477
0.0001,182.0,119.80900573730469,2.240041494369507
0.0001,183.0,119.80838012695312,2.2397191524505615
0.0001,184.0,119.80774688720703,2.239396333694458
0.0001,185.0,119.80712890625,2.239074230194092
0.0001,186.0,119.80651092529297,2.2387521266937256
0.0001,187.0,119.80589294433594,2.2384307384490967
0.0001,188.0,119.80525970458984,2.2381093502044678
0.0001,189.0,119.80464935302734,2.237788438796997
0.0001,190.0,119.80401611328125,2.2374675273895264
0.0001,191.0,119.80340576171875,2.237147808074951
0.0001,192.0,119.80279541015625,2.2368276119232178
0.0001,193.0,119.80217742919922,2.23650860786438
0.0001,194.0,119.80155944824219,2.236189126968384
0.0001,195.0,119.80095672607422,2.235870361328125
0.0001,196.0,119.80034637451172,2.235551595687866
0.0001,197.0,119.79973602294922,2.2352333068847656
0.0001,198.0,119.79912567138672,2.2349154949188232
0.0001,199.0,119.79852294921875,2.234597682952881
0.0001,200.0,119.79791259765625,2.234280586242676
0.0001,201.0,119.79730987548828,2.2339634895324707
0.0001,202.0,119.79670715332031,2.233646869659424
0.0001,203.0,119.79610443115234,2.233330726623535
0.0001,204.0,119.7955093383789,2.2330148220062256
0.0001,205.0,119.79490661621094,2.232699394226074
0.0001,206.0,119.79430389404297,2.232383966445923
0.0001,207.0,119.79371643066406,2.2320690155029297
0.0001,208.0,119.79312133789062,2.2317543029785156
0.0001,209.0,119.79251861572266,2.2314400672912598
0.0001,210.0,119.79193878173828,2.231126308441162
0.0001,211.0,119.79133605957031,2.2308125495910645
0.0001,212.0,119.7907485961914,2.230499029159546
0.0001,213.0,119.79015350341797,2.2301859855651855
0.0001,214.0,119.7895736694336,2.2298731803894043
0.0001,215.0,119.78898620605469,2.2295613288879395
0.0001,216.0,119.78839111328125,2.2292492389678955
0.0001,217.0,119.78781127929688,2.2289376258850098
0.0001,218.0,119.78723907470703,2.228626012802124
0.0001,219.0,119.78665161132812,2.2283148765563965
0.0001,220.0,119.78606414794922,2.228003978729248
0.0001,221.0,119.78549194335938,2.227694034576416
0.0001,222.0,119.78490447998047,2.227384090423584
0.0001,223.0,119.78433227539062,2.227074146270752
0.0001,224.0,119.78376007080078,2.2267649173736572
0.0001,225.0,119.7831802368164,2.2264559268951416
0.0001,226.0,119.78260803222656,2.226146936416626
0.0001,227.0,119.78203582763672,2.2258386611938477
0.0001,228.0,119.78146362304688,2.2255301475524902
0.0001,229.0,119.78089141845703,2.225222587585449
0.0001,230.0,119.78033447265625,2.224915027618408
0.0001,231.0,119.7797622680664,2.2246079444885254
0.0001,232.0,119.77919006347656,2.2243010997772217
0.0001,233.0,119.77862548828125,2.223994731903076
0.0001,234.0,119.77806854248047,2.2236886024475098
0.0001,235.0,119.77749633789062,2.2233824729919434
0.0001,236.0,119.77693176269531,2.2230772972106934
0.0001,237.0,119.77638244628906,2.2227718830108643
0.0001,238.0,119.77581787109375,2.2224669456481934
0.0001,239.0,119.7752685546875,2.2221624851226807
0.0001,240.0,119.77470397949219,2.221858263015747
0.0001,241.0,119.77415466308594,2.2215542793273926
0.0001,242.0,119.7735824584961,2.2212507724761963
0.0001,243.0,119.77304077148438,2.220947504043579
0.0001,244.0,119.77249145507812,2.220644235610962
0.0001,245.0,119.77192687988281,2.220341682434082
0.0001,246.0,119.7713851928711,2.220039129257202
0.0001,247.0,119.77084350585938,2.2197370529174805
0.0001,248.0,119.77029418945312,2.219435214996338
0.0001,249.0,119.76973724365234,2.2191340923309326
0.0001,250.0,119.76919555664062,2.218832492828369
0.0001,251.0,119.76864624023438,2.218532085418701
0.0001,252.0,119.76810455322266,2.218231678009033
0.0001,253.0,119.76756286621094,2.2179312705993652
0.0001,254.0,119.76702880859375,2.2176315784454346
0.0001,255.0,119.76648712158203,2.217332363128662
0.0001,256.0,119.76594543457031,2.2170329093933105
0.0001,257.0,119.7654037475586,2.2167344093322754
0.0001,258.0,119.76486206054688,2.216435432434082
0.0001,259.0,119.76433563232422,2.216137170791626
0.0001,260.0,119.7637939453125,2.215839147567749
0.0001,261.0,119.76327514648438,2.2155416011810303
0.0001,262.0,119.76274108886719,2.2152442932128906
0.0001,263.0,119.76219940185547,2.214947462081909
0.0001,264.0,119.76166534423828,2.2146506309509277
0.0001,265.0,119.76114654541016,2.2143545150756836
0.0001,266.0,119.76061248779297,2.2140579223632812
0.0001,267.0,119.76007843017578,2.2137622833251953
0.0001,268.0,119.75956726074219,2.2134666442871094
0.0001,269.0,119.759033203125,2.21317195892334
0.0001,270.0,119.75851440429688,2.212876796722412
0.0001,271.0,119.75798797607422,2.212582588195801
0.0001,272.0,119.7574691772461,2.2122883796691895
0.0001,273.0,119.75694274902344,2.2119944095611572
0.0001,274.0,119.75643157958984,2.211700439453125
0.0001,275.0,119.75590515136719,2.211407423019409
0.0001,276.0,119.7553939819336,2.2111144065856934
0.0001,277.0,119.7548828125,2.2108216285705566
0.0001,278.0,119.75435638427734,2.210529327392578
0.0001,279.0,119.75384521484375,2.2102370262145996
0.0001,280.0,119.75334167480469,2.2099452018737793
0.0001,281.0,119.75281524658203,2.2096540927886963
0.0001,282.0,119.75231170654297,2.209362745285034
0.0001,283.0,119.75180053710938,2.2090718746185303
0.0001,284.0,119.75128936767578,2.2087814807891846
0.0001,285.0,119.75078582763672,2.208491086959839
0.0001,286.0,119.75028228759766,2.2082014083862305
0.0001,287.0,119.7497787475586,2.207911729812622
0.0001,288.0,119.74925994873047,2.207622528076172
0.0001,289.0,119.7487564086914,2.2073330879211426
0.0001,290.0,119.74826049804688,2.2070446014404297
0.0001,291.0,119.74774932861328,2.206756114959717
0.0001,292.0,119.74725341796875,2.206468105316162
0.0001,293.0,119.74676513671875,2.2061805725097656
0.0001,294.0,119.74626159667969,2.205893039703369
0.0001,295.0,119.74576568603516,2.205605983734131
0.0001,296.0,119.74526977539062,2.2053186893463135
0.0001,297.0,119.74476623535156,2.2050318717956543
0.0001,298.0,119.74427795410156,2.2047457695007324
0.0001,299.0,119.7437744140625,2.2044596672058105
0.0001,300.0,119.74329376220703,2.204174280166626
0.0001,301.0,119.7427978515625,2.203888416290283
0.0001,302.0,119.74230194091797,2.203603506088257
0.0001,303.0,119.7418212890625,2.2033188343048096
0.0001,304.0,119.7413330078125,2.203033924102783
0.0001,305.0,119.74083709716797,2.2027499675750732
0.0001,306.0,119.7403564453125,2.2024662494659424
0.0001,307.0,119.7398681640625,2.2021825313568115
0.0001,308.0,119.73938751220703,2.201899528503418
0.0001,309.0,119.73889923095703,2.2016162872314453
0.0001,310.0,119.73841857910156,2.201333522796631
0.0001,311.0,119.7379379272461,2.2010512351989746
0.0001,312.0,119.73745727539062,2.2007689476013184
0.0001,313.0,119.73697662353516,2.2004876136779785
0.0001,314.0,119.73650360107422,2.2002055644989014
0.0001,315.0,119.73601531982422,2.1999242305755615
0.0001,316.0,119.73554229736328,2.19964337348938
0.0001,317.0,119.73506927490234,2.1993627548217773
0.0001,318.0,119.73458862304688,2.199082851409912
0.0001,319.0,119.73411560058594,2.1988024711608887
0.0001,320.0,119.73365020751953,2.1985228061676025
0.0001,321.0,119.73316955566406,2.1982431411743164
0.0001,322.0,119.73270416259766,2.1979641914367676
0.0001,323.0,119.73223114013672,2.1976852416992188
0.0001,324.0,119.73176574707031,2.19740629196167
0.0001,325.0,119.7313003540039,2.1971280574798584
0.0001,326.0,119.73082733154297,2.196850538253784
0.0001,327.0,119.73035430908203,2.196572780609131
0.0001,328.0,119.72989654541016,2.1962950229644775
0.0001,329.0,119.72943115234375,2.1960182189941406
0.0001,330.0,119.72897338867188,2.1957411766052246
0.0001,331.0,119.72850799560547,2.195464611053467
0.0001,332.0,119.72804260253906,2.1951887607574463
0.0001,333.0,119.72758483886719,2.1949126720428467
0.0001,334.0,119.72712707519531,2.194636821746826
0.0001,335.0,119.72666931152344,2.194361686706543
0.0001,336.0,119.72621154785156,2.1940865516662598
0.0001,337.0,119.72574615478516,2.1938116550445557
0.0001,338.0,119.72529602050781,2.1935372352600098
0.0001,339.0,119.72483825683594,2.193263053894043
0.0001,340.0,119.7243881225586,2.1929891109466553
0.0001,341.0,119.72393035888672,2.1927154064178467
0.0001,342.0,119.7234878540039,2.1924424171447754
0.0001,343.0,119.72303009033203,2.192169189453125
0.0001,344.0,119.72257995605469,2.191896438598633
0.0001,345.0,119.72212982177734,2.191624164581299
0.0001,346.0,119.72168731689453,2.1913516521453857
0.0001,347.0,119.72123718261719,2.19107985496521
0.0001,348.0,119.72078704833984,2.1908085346221924
0.0001,349.0,119.7203369140625,2.1905369758605957
0.0001,350.0,119.71989440917969,2.1902658939361572
0.0001,351.0,119.71945190429688,2.189995288848877
0.0001,352.0,119.71900177001953,2.1897244453430176
0.0001,353.0,119.71856689453125,2.1894543170928955
0.0001,354.0,119.71812438964844,2.1891844272613525
0.0001,355.0,119.71769714355469,2.1889147758483887
0.0001,356.0,119.71724700927734,2.188645839691162
0.0001,357.0,119.716796875,2.1883766651153564
0.0001,358.0,119.71636962890625,2.188107967376709
0.0001,359.0,119.71592712402344,2.1878395080566406
0.0001,360.0,119.71549987792969,2.1875712871551514
0.0001,361.0,119.71505737304688,2.187303066253662
0.0001,362.0,119.71463012695312,2.187035322189331
0.0001,363.0,119.71420288085938,2.1867685317993164
0.0001,364.0,119.7137680053711,2.1865012645721436
0.0001,365.0,119.71334075927734,2.186234474182129
0.0001,366.0,119.71289825439453,2.1859679222106934
0.0001,367.0,119.71247100830078,2.185701847076416
0.0001,368.0,119.71204376220703,2.1854360103607178
0.0001,369.0,119.71160888671875,2.1851699352264404
0.0001,370.0,119.711181640625,2.1849048137664795
0.0001,371.0,119.71076202392578,2.1846394538879395
0.0001,372.0,119.71033477783203,2.184375047683716
0.0001,373.0,119.70990753173828,2.184110164642334
0.0001,374.0,119.70948791503906,2.1838464736938477
0.0001,375.0,119.70906829833984,2.183581829071045
0.0001,376.0,119.70863342285156,2.183318614959717
0.0001,377.0,119.70822143554688,2.1830549240112305
0.0001,378.0,119.70780181884766,2.1827917098999023
0.0001,379.0,119.70738220214844,2.1825287342071533
0.0001,380.0,119.70696258544922,2.1822664737701416
0.0001,381.0,119.70654296875,2.18200421333313
0.0001,382.0,119.70613098144531,2.181741952896118
0.0001,383.0,119.7057113647461,2.1814804077148438
0.0001,384.0,119.7052993774414,2.1812186241149902
0.0001,385.0,119.70488739013672,2.180957794189453
0.0001,386.0,119.70447540283203,2.180696487426758
0.0001,387.0,119.70406341552734,2.1804358959198
0.0001,388.0,119.70365142822266,2.180175542831421
0.0001,389.0,119.70323944091797,2.1799156665802
0.0001,390.0,119.70282745361328,2.1796557903289795
0.0001,391.0,119.7024154663086,2.179396390914917
0.0001,392.0,119.70201110839844,2.1791367530822754
0.0001,393.0,119.70159912109375,2.17887806892395
0.0001,394.0,119.7011947631836,2.178619623184204
0.0001,395.0,119.70079040527344,2.1783607006073
0.0001,396.0,119.70037841796875,2.178102731704712
0.0001,397.0,119.6999740600586,2.177845001220703
0.0001,398.0,119.69956970214844,2.1775870323181152
0.0001,399.0,119.69916534423828,2.1773300170898438
0.0001,400.0,119.69876098632812,2.1770730018615723
0.0001,401.0,119.69835662841797,2.176815986633301
0.0001,402.0,119.69796752929688,2.1765594482421875
0.0001,403.0,119.69756317138672,2.1763033866882324
0.0001,404.0,119.6971664428711,2.1760473251342773
0.0001,405.0,119.69676208496094,2.1757912635803223
0.0001,406.0,119.69636535644531,2.1755359172821045
0.0001,407.0,119.69597625732422,2.175281047821045
0.0001,408.0,119.6955795288086,2.1750261783599854
0.0001,409.0,119.69518280029297,2.174771308898926
0.0001,410.0,119.69478607177734,2.1745171546936035
0.0001,411.0,119.69439697265625,2.1742630004882812
0.0001,412.0,119.69400024414062,2.174009323120117
0.0001,413.0,119.693603515625,2.1737558841705322
0.0001,414.0,119.6932144165039,2.1735024452209473
0.0001,415.0,119.69283294677734,2.1732497215270996
0.0001,416.0,119.69243621826172,2.172996759414673
0.0001,417.0,119.69204711914062,2.1727442741394043
0.0001,418.0,119.6916732788086,2.172492504119873
0.0001,419.0,119.69127655029297,2.1722402572631836
0.0001,420.0,119.6908950805664,2.1719887256622314
0.0001,421.0,119.69050598144531,2.1717371940612793
0.0001,422.0,119.69011688232422,2.1714859008789062
0.0001,423.0,119.68974304199219,2.1712353229522705
0.0001,424.0,119.6893539428711,2.1709847450256348
0.0001,425.0,119.68897247314453,2.170734405517578
0.0001,426.0,119.68858337402344,2.1704840660095215
0.0001,427.0,119.68821716308594,2.170234441757202
0.0001,428.0,119.68782806396484,2.169984817504883
0.0001,429.0,119.68744659423828,2.169735908508301
0.0001,430.0,119.68707275390625,2.1694865226745605
0.0001,431.0,119.68669128417969,2.1692380905151367
0.0001,432.0,119.68631744384766,2.168989658355713
0.0001,433.0,119.68595123291016,2.168741464614868
0.0001,434.0,119.6855697631836,2.1684937477111816
0.0001,435.0,119.68519592285156,2.168245553970337
0.0001,436.0,119.684814453125,2.1679980754852295
0.0001,437.0,119.6844482421875,2.1677513122558594
0.0001,438.0,119.68406677246094,2.16750431060791
0.0001,439.0,119.68370819091797,2.167257785797119
0.0001,440.0,119.6833267211914,2.1670117378234863
0.0001,441.0,119.68295288085938,2.1667654514312744
0.0001,442.0,119.6825942993164,2.1665196418762207
0.0001,443.0,119.68222045898438,2.166273832321167
0.0001,444.0,119.68184661865234,2.1660284996032715
0.0001,445.0,119.68148803710938,2.165783643722534
0.0001,446.0,119.68111419677734,2.165538787841797
0.0001,447.0,119.68075561523438,2.1652941703796387
0.0001,448.0,119.68038940429688,2.1650500297546387
0.0001,449.0,119.68001556396484,2.164806365966797
0.0001,450.0,119.6796646118164,2.164562463760376
0.0001,451.0,119.6792984008789,2.1643192768096924
0.0001,452.0,119.67892456054688,2.1640758514404297
0.0001,453.0,119.67857360839844,2.163832902908325
0.0001,454.0,119.67821502685547,2.1635901927948
0.0001,455.0,119.6778564453125,2.1633477210998535
0.0001,456.0,119.677490234375,2.1631057262420654
0.0001,457.0,119.67713928222656,2.1628642082214355
0.0001,458.0,119.67677307128906,2.1626217365264893
0.0001,459.0,119.67642211914062,2.1623806953430176
0.0001,460.0,119.67606353759766,2.162139892578125
0.0001,461.0,119.67571258544922,2.161898612976074
0.0001,462.0,119.67535400390625,2.1616580486297607
0.0001,463.0,119.67500305175781,2.1614174842834473
0.0001,464.0,119.67464447021484,2.16117787361145
0.0001,465.0,119.67430114746094,2.160937786102295
0.0001,466.0,119.67393493652344,2.160698413848877
0.0001,467.0,119.67359161376953,2.160459041595459
0.0001,468.0,119.6732406616211,2.160220146179199
0.0001,469.0,119.67289733886719,2.1599812507629395
0.0001,470.0,119.67253875732422,2.159742593765259
0.0001,471.0,119.67219543457031,2.159503936767578
0.0001,472.0,119.6718521118164,2.1592659950256348
0.0001,473.0,119.67149353027344,2.1590280532836914
0.0001,474.0,119.671142578125,2.1587910652160645
0.0001,475.0,119.67080688476562,2.1585536003112793
0.0001,476.0,119.67045593261719,2.1583166122436523
0.0001,477.0,119.67011260986328,2.1580801010131836
0.0001,478.0,119.6697769165039,2.1578433513641357
0.0001,479.0,119.66942596435547,2.157607078552246
0.0001,480.0,119.6690902709961,2.1573710441589355
0.0001,481.0,119.66874694824219,2.157135248184204
0.0001,482.0,119.66841125488281,2.156899929046631
0.0001,483.0,119.66807556152344,2.1566646099090576
0.0001,484.0,119.667724609375,2.1564297676086426
0.0001,485.0,119.66738891601562,2.1561949253082275
0.0001,486.0,119.66705322265625,2.1559605598449707
0.0001,487.0,119.66671752929688,2.155726194381714
0.0001,488.0,119.6663818359375,2.1554923057556152
0.0001,489.0,119.6660385131836,2.1552586555480957
0.0001,490.0,119.66571044921875,2.155025005340576
0.0001,491.0,119.66536712646484,2.154791831970215
0.0001,492.0,119.6650390625,2.1545591354370117
0.0001,493.0,119.66470336914062,2.1543262004852295
0.0001,494.0,119.66436767578125,2.1540939807891846
0.0001,495.0,119.6640396118164,2.1538615226745605
0.0001,496.0,119.66370391845703,2.1536295413970947
0.0001,497.0,119.66337585449219,2.153398036956787
0.0001,498.0,119.66304779052734,2.1531662940979004
0.0001,499.0,119.66271209716797,2.152935028076172
0.0001,500.0,119.66238403320312,2.1527042388916016
0.0001,501.0,119.66204833984375,2.1524736881256104
0.0001,502.0,119.66172790527344,2.152243137359619
0.0001,503.0,119.6613998413086,2.152012825012207
0.0001,504.0,119.66107177734375,2.151782512664795
0.0001,505.0,119.66075134277344,2.151553153991699
0.0001,506.0,119.66043090820312,2.1513237953186035
0.0001,507.0,119.66011047363281,2.151094436645508
0.0001,508.0,119.65977478027344,2.150865077972412
0.0001,509.0,119.65945434570312,2.150636672973633
0.0001,510.0,119.65912628173828,2.1504082679748535
0.0001,511.0,119.65880584716797,2.150179862976074
0.0001,512.0,119.65848541259766,2.149951934814453
0.0001,513.0,119.6581802368164,2.149724245071411
0.0001,514.0,119.65785217285156,2.1494967937469482
0.0001,515.0,119.65753173828125,2.1492695808410645
0.0001,516.0,119.65721893310547,2.1490426063537598
0.0001,517.0,119.65689086914062,2.148815631866455
0.0001,518.0,119.65657806396484,2.1485893726348877
0.0001,519.0,119.65625,2.148362874984741
0.0001,520.0,119.65595245361328,2.148136854171753
0.0001,521.0,119.65563201904297,2.147911310195923
0.0001,522.0,119.65531921386719,2.1476855278015137
0.0001,523.0,119.65499877929688,2.147460460662842
0.0001,524.0,119.6546859741211,2.147235155105591
0.0001,525.0,119.65438079833984,2.147010326385498
0.0001,526.0,119.65406799316406,2.1467859745025635
0.0001,527.0,119.65374755859375,2.14656138420105
0.0001,528.0,119.65343475341797,2.1463375091552734
0.0001,529.0,119.65312957763672,2.146113872528076
0.0001,530.0,119.65282440185547,2.1458899974823
0.0001,531.0,119.65251159667969,2.1456665992736816
0.0001,532.0,119.65220642089844,2.1454436779022217
0.0001,533.0,119.65189361572266,2.1452207565307617
0.0001,534.0,119.65158081054688,2.144998073577881
0.0001,535.0,119.65128326416016,2.144775867462158
0.0001,536.0,119.6509780883789,2.1445538997650146
0.0001,537.0,119.65067291259766,2.144331455230713
0.0001,538.0,119.65036010742188,2.1441102027893066
0.0001,539.0,119.65006256103516,2.1438889503479004
0.0001,540.0,119.6497573852539,2.143667697906494
0.0001,541.0,119.64945220947266,2.143446445465088
0.0001,542.0,119.6491470336914,2.143226146697998
0.0001,543.0,119.64884948730469,2.14300537109375
0.0001,544.0,119.64855194091797,2.14278507232666
0.0001,545.0,119.64824676513672,2.1425652503967285
0.0001,546.0,119.64794158935547,2.142345428466797
0.0001,547.0,119.64765167236328,2.1421256065368652
0.0001,548.0,119.64735412597656,2.141906499862671
0.0001,549.0,119.64704895019531,2.1416878700256348
0.0001,550.0,119.64675903320312,2.1414690017700195
0.0001,551.0,119.64645385742188,2.1412503719329834
0.0001,552.0,119.64616394042969,2.1410319805145264
0.0001,553.0,119.64586639404297,2.1408138275146484
0.0001,554.0,119.64557647705078,2.1405961513519287
0.0001,555.0,119.64527130126953,2.140378475189209
0.0001,556.0,119.64498138427734,2.1401612758636475
0.0001,557.0,119.64469146728516,2.139944076538086
0.0001,558.0,119.64440155029297,2.1397271156311035
0.0001,559.0,119.64409637451172,2.1395106315612793
0.0001,560.0,119.64380645751953,2.139293670654297
0.0001,561.0,119.64352416992188,2.139077663421631
0.0001,562.0,119.64323425292969,2.138861656188965
0.0001,563.0,119.64292907714844,2.138646125793457
0.0001,564.0,119.64265441894531,2.138430595397949
0.0001,565.0,119.64236450195312,2.1382155418395996
0.0001,566.0,119.64207458496094,2.138000726699829
0.0001,567.0,119.64179229736328,2.1377856731414795
0.0001,568.0,119.6415023803711,2.137571096420288
0.0001,569.0,119.64120483398438,2.137356758117676
0.0001,570.0,119.64093017578125,2.1371426582336426
0.0001,571.0,119.64064025878906,2.1369287967681885
0.0001,572.0,119.6403579711914,2.1367154121398926
0.0001,573.0,119.64008331298828,2.1365017890930176
0.0001,574.0,119.63978576660156,2.136288642883301
0.0001,575.0,119.6395034790039,2.136075973510742
0.0001,576.0,119.63922882080078,2.1358630657196045
0.0001,577.0,119.63894653320312,2.135650634765625
0.0001,578.0,119.63865661621094,2.1354384422302246
0.0001,579.0,119.63838958740234,2.1352264881134033
0.0001,580.0,119.63809967041016,2.135014772415161
0.0001,581.0,119.6378173828125,2.13480281829834
0.0001,582.0,119.63754272460938,2.134592056274414
0.0001,583.0,119.63726806640625,2.134380578994751
0.0001,584.0,119.63697814941406,2.1341700553894043
0.0001,585.0,119.63671112060547,2.1339592933654785
0.0001,586.0,119.63642883300781,2.133749008178711
0.0001,587.0,119.63615417480469,2.1335389614105225
0.0001,588.0,119.6358871459961,2.133328914642334
0.0001,589.0,119.6355972290039,2.1331191062927246
0.0001,590.0,119.63532257080078,2.1329102516174316
0.0001,591.0,119.63505554199219,2.1327006816864014
0.0001,592.0,119.63478088378906,2.1324915885925293
0.0001,593.0,119.6344985961914,2.1322834491729736
0.0001,594.0,119.63423919677734,2.1320741176605225
0.0001,595.0,119.63395690917969,2.131865978240967
0.0001,596.0,119.6336898803711,2.1316580772399902
0.0001,597.0,119.6334228515625,2.1314499378204346
0.0001,598.0,119.6331558227539,2.131242275238037
0.0001,599.0,119.63287353515625,2.131035327911377
0.0001,600.0,119.63260650634766,2.1308281421661377
0.0001,601.0,119.63233947753906,2.1306209564208984
0.0001,602.0,119.63207244873047,2.1304142475128174
0.0001,603.0,119.6318130493164,2.1302080154418945
0.0001,604.0,119.63153076171875,2.1300015449523926
0.0001,605.0,119.63126373291016,2.129795789718628
0.0001,606.0,119.6310043334961,2.129589557647705
0.0001,607.0,119.6307373046875,2.1293840408325195
0.0001,608.0,119.63046264648438,2.129178524017334
0.0001,609.0,119.63021850585938,2.1289734840393066
0.0001,610.0,119.62994384765625,2.1287689208984375
0.0001,611.0,119.62967681884766,2.12856388092041
0.0001,612.0,119.62942504882812,2.128359794616699
0.0001,613.0,119.62915802001953,2.128155469894409
0.0001,614.0,119.62889862060547,2.127951145172119
0.0001,615.0,119.62863159179688,2.1277475357055664
0.0001,616.0,119.62837219238281,2.1275439262390137
0.0001,617.0,119.62811279296875,2.127340793609619
0.0001,618.0,119.62785339355469,2.1271371841430664
0.0001,619.0,119.6275863647461,2.12693452835083
0.0001,620.0,119.6273422241211,2.1267318725585938
0.0001,621.0,119.6270751953125,2.1265292167663574
0.0001,622.0,119.62681579589844,2.1263270378112793
0.0001,623.0,119.6265640258789,2.126124858856201
0.0001,624.0,119.62630462646484,2.1259233951568604
0.0001,625.0,119.62604522705078,2.1257219314575195
0.0001,626.0,119.62579345703125,2.1255204677581787
0.0001,627.0,119.62553405761719,2.125319242477417
0.0001,628.0,119.62528228759766,2.1251182556152344
0.0001,629.0,119.62503814697266,2.124917507171631
0.0001,630.0,119.62477111816406,2.1247172355651855
0.0001,631.0,119.62451934814453,2.1245169639587402
0.0001,632.0,119.62427520751953,2.124316692352295
0.0001,633.0,119.62401580810547,2.124117136001587
0.0001,634.0,119.6237564086914,2.1239173412323
0.0001,635.0,119.62351989746094,2.123718023300171
0.0001,636.0,119.62326049804688,2.123518943786621
0.0001,637.0,119.62300872802734,2.1233201026916504
0.0001,638.0,119.62275695800781,2.1231212615966797
0.0001,639.0,119.62252044677734,2.122922658920288
0.0001,640.0,119.62226104736328,2.1227245330810547
0.0001,641.0,119.62200927734375,2.1225266456604004
0.0001,642.0,119.62177276611328,2.122328519821167
0.0001,643.0,119.62152099609375,2.122130870819092
0.0001,644.0,119.62126922607422,2.1219334602355957
0.0001,645.0,119.62103271484375,2.121736526489258
0.0001,646.0,119.62078094482422,2.121539354324341
0.0001,647.0,119.62053680419922,2.121342420578003
0.0001,648.0,119.62030029296875,2.1211464405059814
0.0001,649.0,119.62004852294922,2.1209499835968018
0.0001,650.0,119.61980438232422,2.120753765106201
0.0001,651.0,119.61956024169922,2.1205577850341797
0.0001,652.0,119.61932373046875,2.1203620433807373
0.0001,653.0,119.61907196044922,2.120166778564453
0.0001,654.0,119.61882781982422,2.119971513748169
0.0001,655.0,119.61859130859375,2.119776487350464
0.0001,656.0,119.61835479736328,2.119581699371338
0.0001,657.0,119.61810302734375,2.119387149810791
0.0001,658.0,119.61786651611328,2.119192600250244
0.0001,659.0,119.61763000488281,2.1189985275268555
0.0001,660.0,119.61739349365234,2.118804693222046
0.0001,661.0,119.61714935302734,2.1186108589172363
0.0001,662.0,119.6169204711914,2.118417263031006
0.0001,663.0,119.6166763305664,2.1182236671447754
0.0001,664.0,119.61643981933594,2.1180310249328613
0.0001,665.0,119.61619567871094,2.11783766746521
0.0001,666.0,119.61597442626953,2.117645740509033
0.0001,667.0,119.61573028564453,2.117453098297119
0.0001,668.0,119.61549377441406,2.117260456085205
0.0001,669.0,119.6152572631836,2.1170687675476074
0.0001,670.0,119.61503601074219,2.1168766021728516
0.0001,671.0,119.61479187011719,2.116685152053833
0.0001,672.0,119.61456298828125,2.1164937019348145
0.0001,673.0,119.61431884765625,2.116302490234375
0.0001,674.0,119.61410522460938,2.1161117553710938
0.0001,675.0,119.61386108398438,2.1159210205078125
0.0001,676.0,119.61363220214844,2.1157302856445312
0.0001,677.0,119.61339569091797,2.115540027618408
0.0001,678.0,119.6131591796875,2.115349292755127
0.0001,679.0,119.6129379272461,2.115159511566162
0.0001,680.0,119.61270904541016,2.1149697303771973
0.0001,681.0,119.61247253417969,2.1147801876068115
0.0001,682.0,119.61224365234375,2.114591360092163
0.0001,683.0,119.61202239990234,2.1144022941589355
0.0001,684.0,119.61180114746094,2.114212989807129
0.0001,685.0,119.61156463623047,2.1140246391296387
0.0001,686.0,119.61133575439453,2.1138362884521484
0.0001,687.0,119.61111450195312,2.113647699356079
0.0001,688.0,119.61087799072266,2.113460063934326
0.0001,689.0,119.61066436767578,2.113271951675415
0.0001,690.0,119.61043548583984,2.113084316253662
0.0001,691.0,119.61021423339844,2.1128969192504883
0.0001,692.0,119.6099853515625,2.1127095222473145
0.0001,693.0,119.60975646972656,2.112522840499878
0.0001,694.0,119.60954284667969,2.1123359203338623
0.0001,695.0,119.60932159423828,2.112149715423584
0.0001,696.0,119.60909271240234,2.1119627952575684
0.0001,697.0,119.60887145996094,2.111776828765869
0.0001,698.0,119.608642578125,2.11159086227417
0.0001,699.0,119.6084213256836,2.11140513420105
0.0001,700.0,119.60820770263672,2.1112194061279297
0.0001,701.0,119.60799407958984,2.1110341548919678
0.0001,702.0,119.6077651977539,2.1108486652374268
0.0001,703.0,119.6075439453125,2.110663890838623
0.0001,704.0,119.60733032226562,2.1104793548583984
0.0001,705.0,119.60710144042969,2.110294818878174
0.0001,706.0,119.60688781738281,2.110110282897949
0.0001,707.0,119.6066665649414,2.109926462173462
0.0001,708.0,119.60646057128906,2.1097424030303955
0.0001,709.0,119.60623931884766,2.109558582305908
0.0001,710.0,119.60602569580078,2.109375
0.0001,711.0,119.60580444335938,2.109191656112671
0.0001,712.0,119.6055908203125,2.109008550643921
0.0001,713.0,119.60537719726562,2.108825922012329
0.0001,714.0,119.60515594482422,2.1086432933807373
0.0001,715.0,119.60494232177734,2.1084604263305664
0.0001,716.0,119.60472106933594,2.1082780361175537
0.0001,717.0,119.6045150756836,2.1080963611602783
0.0001,718.0,119.60430145263672,2.107914447784424
0.0001,719.0,119.60409545898438,2.1077322959899902
0.0001,720.0,119.6038818359375,2.107551097869873
0.0001,721.0,119.60366821289062,2.107369899749756
0.0001,722.0,119.60346221923828,2.1071887016296387
0.0001,723.0,119.6032485961914,2.1070077419281006
0.0001,724.0,119.60303497314453,2.1068272590637207
0.0001,725.0,119.60282135009766,2.1066465377807617
0.0001,726.0,119.60261535644531,2.10646653175354
0.0001,727.0,119.60240936279297,2.1062865257263184
0.0001,728.0,119.6021957397461,2.1061062812805176
0.0001,729.0,119.60198974609375,2.105926990509033
0.0001,730.0,119.60177612304688,2.1057469844818115
0.0001,731.0,119.60157012939453,2.105567693710327
0.0001,732.0,119.60136413574219,2.105388641357422
0.0001,733.0,119.60115814208984,2.105210065841675
0.0001,734.0,119.6009521484375,2.1050314903259277
0.0001,735.0,119.60073852539062,2.1048526763916016
0.0001,736.0,119.60054016113281,2.1046745777130127
0.0001,737.0,119.60033416748047,2.104496479034424
0.0001,738.0,119.60012817382812,2.104318380355835
0.0001,739.0,119.59992980957031,2.1041407585144043
0.0001,740.0,119.59971618652344,2.1039633750915527
0.0001,741.0,119.59951782226562,2.103785991668701
0.0001,742.0,119.59931945800781,2.1036088466644287
0.0001,743.0,119.59911346435547,2.1034319400787354
0.0001,744.0,119.59891510009766,2.103255271911621
0.0001,745.0,119.59870910644531,2.103078842163086
0.0001,746.0,119.5985107421875,2.102902889251709
0.0001,747.0,119.59831237792969,2.102726459503174
0.0001,748.0,119.59810638427734,2.102550506591797
0.0001,749.0,119.59789276123047,2.102374792098999
0.0001,750.0,119.59770202636719,2.102199077606201
0.0001,751.0,119.59749603271484,2.1020236015319824
0.0001,752.0,119.59729766845703,2.101848602294922
0.0001,753.0,119.59710693359375,2.1016738414764404
0.0001,754.0,119.5969009399414,2.101498603820801
0.0001,755.0,119.59671020507812,2.1013245582580566
0.0001,756.0,119.59651184082031,2.1011502742767334
0.0001,757.0,119.5963134765625,2.100975751876831
0.0001,758.0,119.59612274169922,2.100801706314087
0.0001,759.0,119.59591674804688,2.100628137588501
0.0001,760.0,119.59571838378906,2.100454807281494
0.0001,761.0,119.59552764892578,2.100281000137329
0.0001,762.0,119.59532928466797,2.1001079082489014
0.0001,763.0,119.59513854980469,2.0999350547790527
0.0001,764.0,119.5949478149414,2.099762201309204
0.0001,765.0,119.5947494506836,2.0995891094207764
0.0001,766.0,119.59454345703125,2.099417209625244
0.0001,767.0,119.5943603515625,2.0992448329925537
0.0001,768.0,119.59416198730469,2.0990729331970215
0.0001,769.0,119.59397888183594,2.09890079498291
0.0001,770.0,119.59378814697266,2.098729372024536
0.0001,771.0,119.59358978271484,2.098557949066162
0.0001,772.0,119.59339141845703,2.098386764526367
0.0001,773.0,119.59320831298828,2.0982155799865723
0.0001,774.0,119.593017578125,2.0980446338653564
0.0001,775.0,119.59282684326172,2.0978736877441406
0.0001,776.0,119.5926284790039,2.097703218460083
0.0001,777.0,119.59244537353516,2.0975327491760254
0.0001,778.0,119.59225463867188,2.097362995147705
0.0001,779.0,119.59207153320312,2.0971932411193848
0.0001,780.0,119.59187316894531,2.0970234870910645
0.0001,781.0,119.59168243408203,2.096853733062744
0.0001,782.0,119.59150695800781,2.096684217453003
0.0001,783.0,119.59132385253906,2.096514940261841
0.0001,784.0,119.59112548828125,2.096346139907837
0.0001,785.0,119.5909423828125,2.096177339553833
0.0001,786.0,119.59075927734375,2.096008777618408
0.0001,787.0,119.59056091308594,2.0958402156829834
0.0001,788.0,119.59037780761719,2.0956718921661377
0.0001,789.0,119.59020233154297,2.095503807067871
0.0001,790.0,119.59001922607422,2.0953361988067627
0.0001,791.0,119.58982849121094,2.0951685905456543
0.0001,792.0,119.58964538574219,2.095000982284546
0.0001,793.0,119.58946990966797,2.0948338508605957
0.0001,794.0,119.58927154541016,2.0946662425994873
0.0001,795.0,119.5890884399414,2.094499349594116
0.0001,796.0,119.58891296386719,2.0943331718444824
0.0001,797.0,119.5887222290039,2.0941662788391113
0.0001,798.0,119.58855438232422,2.0940003395080566
0.0001,799.0,119.58836364746094,2.0938334465026855
0.0001,800.0,119.58818054199219,2.093667984008789
0.0001,801.0,119.58800506591797,2.0935020446777344
0.0001,802.0,119.58782196044922,2.093336582183838
0.0001,803.0,119.58763885498047,2.0931711196899414
0.0001,804.0,119.58744812011719,2.093005657196045
0.0001,805.0,119.5872802734375,2.0928409099578857
0.0001,806.0,119.58711242675781,2.0926756858825684
0.0001,807.0,119.58692169189453,2.0925111770629883
0.0001,808.0,119.58674621582031,2.092346668243408
0.0001,809.0,119.58656311035156,2.092181921005249
0.0001,810.0,119.58638763427734,2.0920181274414062
0.0001,811.0,119.58621215820312,2.0918538570404053
0.0001,812.0,119.58602905273438,2.0916903018951416
0.0001,813.0,119.58586120605469,2.091526746749878
0.0001,814.0,119.58567810058594,2.0913634300231934
0.0001,815.0,119.58551025390625,2.091200113296509
0.0001,816.0,119.5853271484375,2.091036796569824
0.0001,817.0,119.58515930175781,2.090874195098877
0.0001,818.0,119.58497619628906,2.0907115936279297
0.0001,819.0,119.58480834960938,2.0905492305755615
0.0001,820.0,119.58462524414062,2.0903866291046143
0.0001,821.0,119.58445739746094,2.0902247428894043
0.0001,822.0,119.58427429199219,2.0900626182556152
0.0001,823.0,119.58411407470703,2.0899009704589844
0.0001,824.0,119.58393096923828,2.0897393226623535
0.0001,825.0,119.58377075195312,2.0895779132843018
0.0001,826.0,119.5835952758789,2.089416742324829
0.0001,827.0,119.58341979980469,2.0892558097839355
0.0001,828.0,119.58324432373047,2.089094877243042
0.0001,829.0,119.58306884765625,2.0889341831207275
0.0001,830.0,119.5829086303711,2.088773488998413
0.0001,831.0,119.58273315429688,2.088613510131836
0.0001,832.0,119.58256530761719,2.0884530544281006
0.0001,833.0,119.58238983154297,2.0882930755615234
0.0001,834.0,119.58221435546875,2.0881335735321045
0.0001,835.0,119.58206176757812,2.0879738330841064
0.0001,836.0,119.5818862915039,2.0878143310546875
0.0001,837.0,119.58171081542969,2.0876553058624268
0.0001,838.0,119.58155822753906,2.087496280670166
0.0001,839.0,119.58138275146484,2.0873374938964844
0.0001,840.0,119.58121490478516,2.0871784687042236
0.0001,841.0,119.58104705810547,2.087019920349121
0.0001,842.0,119.58087158203125,2.0868613719940186
0.0001,843.0,119.58071899414062,2.0867035388946533
0.0001,844.0,119.58055114746094,2.086545467376709
0.0001,845.0,119.58038330078125,2.086387872695923
0.0001,846.0,119.58020782470703,2.0862300395965576
0.0001,847.0,119.58004760742188,2.0860726833343506
0.0001,848.0,119.57987976074219,2.0859155654907227
0.0001,849.0,119.5797119140625,2.0857584476470947
0.0001,850.0,119.57955932617188,2.085601329803467
0.0001,851.0,119.57939147949219,2.085444927215576
0.0001,852.0,119.5792236328125,2.0852882862091064
0.0001,853.0,119.57905578613281,2.0851316452026367
0.0001,854.0,119.57891082763672,2.084975242614746
0.0001,855.0,119.57874298095703,2.0848193168640137
0.0001,856.0,119.57857513427734,2.0846633911132812
0.0001,857.0,119.57841491699219,2.084507942199707
0.0001,858.0,119.57825469970703,2.084352731704712
0.0001,859.0,119.57809448242188,2.0841970443725586
0.0001,860.0,119.57792663574219,2.0840418338775635
0.0001,861.0,119.57776641845703,2.0838868618011475
0.0001,862.0,119.57759857177734,2.0837321281433105
0.0001,863.0,119.57745361328125,2.0835776329040527
0.0001,864.0,119.5772933959961,2.083422899246216
0.0001,865.0,119.57713317871094,2.083268642425537
0.0001,866.0,119.57696533203125,2.0831143856048584
0.0001,867.0,119.5768051147461,2.082960605621338
0.0001,868.0,119.57664489746094,2.0828068256378174
0.0001,869.0,119.57648468017578,2.082653045654297
0.0001,870.0,119.57633972167969,2.0824999809265137
0.0001,871.0,119.57617950439453,2.0823464393615723
0.0001,872.0,119.57601928710938,2.0821938514709473
0.0001,873.0,119.57585906982422,2.082040548324585
0.0001,874.0,119.57569885253906,2.08188796043396
0.0001,875.0,119.57554626464844,2.081735372543335
0.0001,876.0,119.57538604736328,2.08158278465271
0.0001,877.0,119.57523345947266,2.081430435180664
0.0001,878.0,119.5750732421875,2.0812788009643555
0.0001,879.0,119.57492065429688,2.0811266899108887
0.0001,880.0,119.57476043701172,2.0809755325317383
0.0001,881.0,119.5746078491211,2.0808234214782715
0.0001,882.0,119.57445526123047,2.080672025680542
0.0001,883.0,119.57429504394531,2.0805211067199707
0.0001,884.0,119.57414245605469,2.0803701877593994
0.0001,885.0,119.57400512695312,2.0802195072174072
0.0001,886.0,119.5738525390625,2.080068349838257
0.0001,887.0,119.57368469238281,2.079918384552002
0.0001,888.0,119.57353210449219,2.079768180847168
0.0001,889.0,119.57337951660156,2.079617500305176
0.0001,890.0,119.57322692871094,2.0794677734375
0.0001,891.0,119.57307434082031,2.079317808151245
0.0001,892.0,119.57292938232422,2.0791678428649902
0.0001,893.0,119.5727767944336,2.0790188312530518
0.0001,894.0,119.57262420654297,2.078869342803955
0.0001,895.0,119.57247924804688,2.0787200927734375
0.0001,896.0,119.57232666015625,2.078571081161499
0.0001,897.0,119.57218170166016,2.0784223079681396
0.0001,898.0,119.57202911376953,2.0782737731933594
0.0001,899.0,119.57188415527344,2.078125
0.0001,900.0,119.57173156738281,2.077976942062378
0.0001,901.0,119.57158660888672,2.077828884124756
0.0001,902.0,119.5714340209961,2.0776805877685547
0.0001,903.0,119.5712890625,2.07753324508667
0.0001,904.0,119.5711441040039,2.077385425567627
0.0001,905.0,119.57099151611328,2.077238082885742
0.0001,906.0,119.57084655761719,2.0770907402038574
0.0001,907.0,119.5707015991211,2.076943874359131
0.0001,908.0,119.57054138183594,2.076796531677246
0.0001,909.0,119.57040405273438,2.0766499042510986
0.0001,910.0,119.57025909423828,2.076503038406372
0.0001,911.0,119.57011413574219,2.0763564109802246
0.0001,912.0,119.5699691772461,2.0762104988098145
0.0001,913.0,119.56981658935547,2.0760645866394043
0.0001,914.0,119.5696792602539,2.075918674468994
0.0001,915.0,119.56953430175781,2.075772762298584
0.0001,916.0,119.56939697265625,2.075626850128174
0.0001,917.0,119.5692367553711,2.075481414794922
0.0001,918.0,119.56909942626953,2.075336456298828
0.0001,919.0,119.56895446777344,2.075191020965576
0.0001,920.0,119.56881713867188,2.0750460624694824
0.0001,921.0,119.56866455078125,2.0749011039733887
0.0001,922.0,119.56851959228516,2.074756145477295
0.0001,923.0,119.5683822631836,2.0746119022369385
0.0001,924.0,119.5682373046875,2.074467897415161
0.0001,925.0,119.56809997558594,2.0743234157562256
0.0001,926.0,119.56796264648438,2.0741794109344482
0.0001,927.0,119.56781005859375,2.07403564453125
0.0001,928.0,119.56767272949219,2.0738916397094727
0.0001,929.0,119.56753540039062,2.073748826980591
0.0001,930.0,119.56739044189453,2.0736052989959717
0.0001,931.0,119.5672607421875,2.0734620094299316
0.0001,932.0,119.56712341308594,2.0733189582824707
0.0001,933.0,119.56697082519531,2.073176145553589
0.0001,934.0,119.56683349609375,2.073033571243286
0.0001,935.0,119.56668853759766,2.0728907585144043
0.0001,936.0,119.5665512084961,2.0727486610412598
0.0001,937.0,119.56642150878906,2.0726065635681152
0.0001,938.0,119.56627655029297,2.0724644660949707
0.0001,939.0,119.56614685058594,2.072322368621826
0.0001,940.0,119.56600189208984,2.07218074798584
0.0001,941.0,119.56586456298828,2.0720391273498535
0.0001,942.0,119.56572723388672,2.071897506713867
0.0001,943.0,119.56559753417969,2.071756362915039
0.0001,944.0,119.5654525756836,2.07161545753479
0.0001,945.0,119.56532287597656,2.071474552154541
0.0001,946.0,119.56517791748047,2.071333646774292
0.0001,947.0,119.56504821777344,2.071193218231201
0.0001,948.0,119.56491088867188,2.0710530281066895
0.0001,949.0,119.56478118896484,2.0709125995635986
0.0001,950.0,119.56463623046875,2.070772171020508
0.0001,951.0,119.56450653076172,2.0706324577331543
0.0001,952.0,119.56436920166016,2.070492744445801
0.0001,953.0,119.56424713134766,2.0703530311584473
0.0001,954.0,119.56410217285156,2.070213794708252
0.0001,955.0,119.56395721435547,2.0700740814208984
0.0001,956.0,119.56383514404297,2.0699350833892822
0.0001,957.0,119.5636978149414,2.069796085357666
0.0001,958.0,119.5635757446289,2.06965708732605
0.0001,959.0,119.56343078613281,2.069518566131592
0.0001,960.0,119.56330108642578,2.069380044937134
0.0001,961.0,119.56317901611328,2.069241523742676
0.0001,962.0,119.56303405761719,2.069103240966797
0.0001,963.0,119.56289672851562,2.068965196609497
0.0001,964.0,119.56277465820312,2.0688278675079346
0.0001,965.0,119.5626449584961,2.0686898231506348
0.0001,966.0,119.56250762939453,2.068552017211914
0.0001,967.0,119.56238555908203,2.0684146881103516
0.0001,968.0,119.562255859375,2.068277597427368
0.0001,969.0,119.56211853027344,2.0681405067443848
0.0001,970.0,119.56199645996094,2.0680031776428223
0.0001,971.0,119.56185913085938,2.067866563796997
0.0001,972.0,119.56172943115234,2.0677297115325928
0.0001,973.0,119.56159973144531,2.0675930976867676
0.0001,974.0,119.56147766113281,2.0674569606781006
0.0001,975.0,119.56134796142578,2.0673208236694336
0.0001,976.0,119.56121826171875,2.0671849250793457
0.0001,977.0,119.56108093261719,2.067049264907837
0.0001,978.0,119.56095886230469,2.066913604736328
0.0001,979.0,119.56083679199219,2.0667777061462402
0.0001,980.0,119.56070709228516,2.0666422843933105
0.0001,981.0,119.56057739257812,2.06650710105896
0.0001,982.0,119.5604476928711,2.0663721561431885
0.0001,983.0,119.56033325195312,2.066236972808838
0.0001,984.0,119.56019592285156,2.0661022663116455
0.0001,985.0,119.56007385253906,2.0659680366516113
0.0001,986.0,119.55994415283203,2.065833330154419
0.0001,987.0,119.55982208251953,2.0656988620758057
0.0001,988.0,119.5596923828125,2.0655646324157715
0.0001,989.0,119.55956268310547,2.0654308795928955
0.0001,990.0,119.55944061279297,2.0652968883514404
0.0001,991.0,119.559326171875,2.0651631355285645
0.0001,992.0,119.55919647216797,2.0650293827056885
0.0001,993.0,119.55907440185547,2.0648961067199707
0.0001,994.0,119.55895233154297,2.064762592315674
0.0001,995.0,119.55882263183594,2.064629554748535
0.0001,996.0,119.55870056152344,2.0644967555999756
0.0001,997.0,119.5585708618164,2.064363956451416
0.0001,998.0,119.55845642089844,2.0642311573028564
0.0001,999.0,119.5583267211914,2.064098834991455
0.0001,1000.0,119.5582046508789,2.0639662742614746
0.0001,1001.0,119.5580825805664,2.0638346672058105
0.0001,1002.0,119.5579605102539,2.063702344894409
0.0001,1003.0,119.55784606933594,2.063570499420166
0.0001,1004.0,119.5577163696289,2.063438653945923
0.0001,1005.0,119.5575942993164,2.063307285308838
0.0001,1006.0,119.55747985839844,2.063175678253174
0.0001,1007.0,119.55735778808594,2.063044309616089
0.0001,1008.0,119.55724334716797,2.062913417816162
0.0001,1009.0,119.55711364746094,2.062782049179077
0.0001,1010.0,119.55699157714844,2.0626513957977295
0.0001,1011.0,119.55687713623047,2.0625205039978027
0.0001,1012.0,119.55674743652344,2.0623903274536133
0.0001,1013.0,119.55663299560547,2.0622599124908447
0.0001,1014.0,119.55651092529297,2.0621299743652344
0.0001,1015.0,119.556396484375,2.061999559402466
0.0001,1016.0,119.5562744140625,2.0618698596954346
0.0001,1017.0,119.55615997314453,2.061739683151245
0.0001,1018.0,119.55604553222656,2.061610221862793
0.0001,1019.0,119.55592346191406,2.061480760574341
0.0001,1020.0,119.55580139160156,2.0613512992858887
0.0001,1021.0,119.5556869506836,2.0612220764160156
0.0001,1022.0,119.55557250976562,2.0610928535461426
0.0001,1023.0,119.55545043945312,2.060964345932007
0.0001,1024.0,119.55534362792969,2.060835361480713
0.0001,1025.0,119.55521392822266,2.060706853866577
0.0001,1026.0,119.55509948730469,2.0605783462524414
0.0001,1027.0,119.55498504638672,2.0604500770568848
0.0001,1028.0,119.55487060546875,2.0603222846984863
0.0001,1029.0,119.55474853515625,2.0601937770843506
0.0001,1030.0,119.55463409423828,2.060065746307373
0.0001,1031.0,119.55451965332031,2.059938430786133
0.0001,1032.0,119.55441284179688,2.0598108768463135
0.0001,1033.0,119.55429077148438,2.059683322906494
0.0001,1034.0,119.5541763305664,2.059556007385254
0.0001,1035.0,119.55406188964844,2.0594289302825928
0.0001,1036.0,119.55393981933594,2.0593018531799316
0.0001,1037.0,119.5538330078125,2.0591750144958496
0.0001,1038.0,119.55372619628906,2.0590481758117676
0.0001,1039.0,119.55360412597656,2.058922052383423
0.0001,1040.0,119.5534896850586,2.058795213699341
0.0001,1041.0,119.55339050292969,2.058669090270996
0.0001,1042.0,119.55326080322266,2.0585429668426514
0.0001,1043.0,119.55315399169922,2.0584170818328857
0.0001,1044.0,119.55303955078125,2.05829119682312
0.0001,1045.0,119.55292510986328,2.0581655502319336
0.0001,1046.0,119.55281829833984,2.058039903640747
0.0001,1047.0,119.55270385742188,2.0579144954681396
0.0001,1048.0,119.55259704589844,2.0577895641326904
0.0001,1049.0,119.55247497558594,2.057664155960083
0.0001,1050.0,119.55237579345703,2.057539224624634
0.0001,1051.0,119.55225372314453,2.0574145317077637
0.0001,1052.0,119.5521469116211,2.0572898387908936
0.0001,1053.0,119.55203247070312,2.0571653842926025
0.0001,1054.0,119.55192565917969,2.0570406913757324
0.0001,1055.0,119.55181121826172,2.0569167137145996
0.0001,1056.0,119.55170440673828,2.0567924976348877
0.0001,1057.0,119.55158996582031,2.056668758392334
0.0001,1058.0,119.5514907836914,2.056544542312622
0.0001,1059.0,119.5513687133789,2.0564208030700684
0.0001,1060.0,119.55126953125,2.0562973022460938
0.0001,1061.0,119.55116271972656,2.0561740398406982
0.0001,1062.0,119.55105590820312,2.0560507774353027
0.0001,1063.0,119.55094146728516,2.0559277534484863
0.0001,1064.0,119.55083465576172,2.05580472946167
0.0001,1065.0,119.55072784423828,2.0556817054748535
0.0001,1066.0,119.55061340332031,2.0555591583251953
0.0001,1067.0,119.5505142211914,2.055436611175537
0.0001,1068.0,119.55039978027344,2.055314302444458
0.0001,1069.0,119.55029296875,2.055192470550537
0.0001,1070.0,119.5501937866211,2.055069923400879
0.0001,1071.0,119.55007934570312,2.054948091506958
0.0001,1072.0,119.54997253417969,2.054826021194458
0.0001,1073.0,119.54987335205078,2.054704189300537
0.0001,1074.0,119.54975891113281,2.0545825958251953
0.0001,1075.0,119.54965209960938,2.0544612407684326
0.0001,1076.0,119.54955291748047,2.05433988571167
0.0001,1077.0,119.54944610595703,2.0542192459106445
0.0001,1078.0,119.5493392944336,2.054097890853882
0.0001,1079.0,119.54924011230469,2.0539770126342773
0.0001,1080.0,119.54913330078125,2.053856372833252
0.0001,1081.0,119.54902648925781,2.0537357330322266
0.0001,1082.0,119.54891967773438,2.053615093231201
0.0001,1083.0,119.54882049560547,2.053494930267334
0.0001,1084.0,119.54871368408203,2.053374767303467
0.0001,1085.0,119.54861450195312,2.053255081176758
0.0001,1086.0,119.54850006103516,2.0531351566314697
0.0001,1087.0,119.54839324951172,2.0530152320861816
0.0001,1088.0,119.54830932617188,2.0528955459594727
0.0001,1089.0,119.5481948852539,2.0527760982513428
0.0001,1090.0,119.54808807373047,2.052657127380371
0.0001,1091.0,119.54798889160156,2.0525379180908203
0.0001,1092.0,119.54788208007812,2.0524189472198486
0.0001,1093.0,119.54778289794922,2.0522994995117188
0.0001,1094.0,119.54767608642578,2.052180767059326
0.0001,1095.0,119.5475845336914,2.052062511444092
0.0001,1096.0,119.5474853515625,2.05194354057312
0.0001,1097.0,119.54737854003906,2.0518252849578857
0.0001,1098.0,119.54727172851562,2.0517072677612305
0.0001,1099.0,119.54717254638672,2.051589012145996
0.0001,1100.0,119.54707336425781,2.051470994949341
0.0001,1101.0,119.5469741821289,2.0513529777526855
0.0001,1102.0,119.54686737060547,2.0512354373931885
0.0001,1103.0,119.54676818847656,2.0511183738708496
0.0001,1104.0,119.54666900634766,2.0510005950927734
0.0001,1105.0,119.54656982421875,2.0508835315704346
0.0001,1106.0,119.54647064208984,2.0507664680480957
0.0001,1107.0,119.5463638305664,2.0506491661071777
0.0001,1108.0,119.5462646484375,2.050532102584839
0.0001,1109.0,119.54617309570312,2.050415515899658
0.0001,1110.0,119.54607391357422,2.0502989292144775
0.0001,1111.0,119.54597473144531,2.0501821041107178
0.0001,1112.0,119.5458755493164,2.0500659942626953
0.0001,1113.0,119.5457763671875,2.0499496459960938
0.0001,1114.0,119.5456771850586,2.0498337745666504
0.0001,1115.0,119.54558563232422,2.049717903137207
0.0001,1116.0,119.54548645019531,2.0496020317077637
0.0001,1117.0,119.5453872680664,2.0494861602783203
0.0001,1118.0,119.54529571533203,2.0493712425231934
0.0001,1119.0,119.54518127441406,2.049255132675171
0.0001,1120.0,119.54508972167969,2.049139976501465
0.0001,1121.0,119.54499816894531,2.049024820327759
0.0001,1122.0,119.5448989868164,2.0489096641540527
0.0001,1123.0,119.54480743408203,2.048795223236084
0.0001,1124.0,119.54470825195312,2.048680305480957
0.0001,1125.0,119.54461669921875,2.0485658645629883
0.0001,1126.0,119.54450988769531,2.0484514236450195
0.0001,1127.0,119.54441833496094,2.0483367443084717
0.0001,1128.0,119.54432678222656,2.048222780227661
0.0001,1129.0,119.54423522949219,2.0481085777282715
0.0001,1130.0,119.54414367675781,2.04799485206604
0.0001,1131.0,119.54403686523438,2.0478806495666504
0.0001,1132.0,119.5439453125,2.047767162322998
0.0001,1133.0,119.5438461303711,2.0476536750793457
0.0001,1134.0,119.54375457763672,2.0475404262542725
0.0001,1135.0,119.54365539550781,2.047426700592041
0.0001,1136.0,119.54356384277344,2.047313928604126
0.0001,1137.0,119.54347229003906,2.0472006797790527
0.0001,1138.0,119.54337310791016,2.0470876693725586
0.0001,1139.0,119.54328155517578,2.0469751358032227
0.0001,1140.0,119.54319763183594,2.0468623638153076
0.0001,1141.0,119.5430908203125,2.046750068664551
0.0001,1142.0,119.54300689697266,2.046637535095215
0.0001,1143.0,119.54291534423828,2.046525478363037
0.0001,1144.0,119.54281616210938,2.0464131832122803
0.0001,1145.0,119.542724609375,2.0463013648986816
0.0001,1146.0,119.54263305664062,2.046189785003662
0.0001,1147.0,119.54254150390625,2.0460774898529053
0.0001,1148.0,119.54244995117188,2.045966148376465
0.0001,1149.0,119.54235076904297,2.0458548069000244
0.0001,1150.0,119.5422592163086,2.045743465423584
0.0001,1151.0,119.54217529296875,2.0456318855285645
0.0001,1152.0,119.54207611083984,2.0455212593078613
0.0001,1153.0,119.5419921875,2.04541015625
0.0001,1154.0,119.5418930053711,2.0452990531921387
0.0001,1155.0,119.54180908203125,2.0451886653900146
0.0001,1156.0,119.54170989990234,2.0450778007507324
0.0001,1157.0,119.5416259765625,2.0449676513671875
0.0001,1158.0,119.54153442382812,2.0448572635650635
0.0001,1159.0,119.54145050048828,2.0447473526000977
0.0001,1160.0,119.54135131835938,2.0446369647979736
0.0001,1161.0,119.54126739501953,2.044527053833008
0.0001,1162.0,119.54117584228516,2.044417381286621
0.0001,1163.0,119.54109191894531,2.0443079471588135
0.0001,1164.0,119.5409927368164,2.0441980361938477
0.0001,1165.0,119.5409164428711,2.044088840484619
0.0001,1166.0,119.54081726074219,2.0439791679382324
0.0001,1167.0,119.54073333740234,2.043870449066162
0.0001,1168.0,119.54064178466797,2.0437614917755127
0.0001,1169.0,119.54055786132812,2.043652296066284
0.0001,1170.0,119.54046630859375,2.0435433387756348
0.0001,1171.0,119.5403823852539,2.0434350967407227
0.0001,1172.0,119.54029083251953,2.0433263778686523
0.0001,1173.0,119.54021453857422,2.0432181358337402
0.0001,1174.0,119.54011535644531,2.043109893798828
0.0001,1175.0,119.54002380371094,2.043001651763916
0.0001,1176.0,119.53994750976562,2.042893409729004
0.0001,1177.0,119.53985595703125,2.04278564453125
0.0001,1178.0,119.53976440429688,2.042677879333496
0.0001,1179.0,119.53968811035156,2.042569875717163
0.0001,1180.0,119.53959655761719,2.0424628257751465
0.0001,1181.0,119.53950500488281,2.0423552989959717
0.0001,1182.0,119.53942108154297,2.042248249053955
0.0001,1183.0,119.53933715820312,2.042140483856201
0.0001,1184.0,119.53925323486328,2.0420339107513428
0.0001,1185.0,119.5391616821289,2.041926860809326
0.0001,1186.0,119.53907775878906,2.041820526123047
0.0001,1187.0,119.53900146484375,2.0417134761810303
0.0001,1188.0,119.53890991210938,2.041607141494751
0.0001,1189.0,119.538818359375,2.0415005683898926
0.0001,1190.0,119.53873443603516,2.0413944721221924
0.0001,1191.0,119.53865051269531,2.041288137435913
0.0001,1192.0,119.53857421875,2.041182518005371
0.0001,1193.0,119.53849029541016,2.041076421737671
0.0001,1194.0,119.53840637207031,2.0409703254699707
0.0001,1195.0,119.53831481933594,2.040864944458008
0.0001,1196.0,119.5382308959961,2.040759325027466
0.0001,1197.0,119.53813934326172,2.040653944015503
0.0001,1198.0,119.5380630493164,2.04054856300354
0.0001,1199.0,119.5379867553711,2.040442943572998
0.0001,1200.0,119.53791046142578,2.0403385162353516
0.0001,1201.0,119.5378189086914,2.040233612060547
0.0001,1202.0,119.53773498535156,2.0401289463043213
0.0001,1203.0,119.53765106201172,2.0400240421295166
0.0001,1204.0,119.53756713867188,2.039919376373291
0.0001,1205.0,119.53749084472656,2.0398151874542236
0.0001,1206.0,119.53740692138672,2.0397109985351562
0.0001,1207.0,119.53732299804688,2.0396065711975098
0.0001,1208.0,119.53723907470703,2.0395023822784424
0.0001,1209.0,119.53715515136719,2.039398431777954
0.0001,1210.0,119.53707885742188,2.039294719696045
0.0001,1211.0,119.53699493408203,2.0391907691955566
0.0001,1212.0,119.53691101074219,2.0390872955322266
0.0001,1213.0,119.53683471679688,2.0389840602874756
0.0001,1214.0,119.53675079345703,2.0388805866241455
0.0001,1215.0,119.53667449951172,2.0387773513793945
0.0001,1216.0,119.53659057617188,2.0386743545532227
0.0001,1217.0,119.53651428222656,2.038571357727051
0.0001,1218.0,119.53643035888672,2.038468599319458
0.0001,1219.0,119.53634643554688,2.0383658409118652
0.0001,1220.0,119.53626251220703,2.0382628440856934
0.0001,1221.0,119.53618621826172,2.0381603240966797
0.0001,1222.0,119.53610229492188,2.038058042526245
0.0001,1223.0,119.5360336303711,2.0379557609558105
0.0001,1224.0,119.53594970703125,2.037853717803955
0.0001,1225.0,119.53587341308594,2.0377516746520996
0.0001,1226.0,119.53579711914062,2.037649631500244
0.0001,1227.0,119.53570556640625,2.037548065185547
0.0001,1228.0,119.53562927246094,2.0374462604522705
0.0001,1229.0,119.53555297851562,2.037344455718994
0.0001,1230.0,119.53547668457031,2.037243366241455
0.0001,1231.0,119.53540802001953,2.037142038345337
0.0001,1232.0,119.53530883789062,2.037040948867798
0.0001,1233.0,119.53523254394531,2.036939859390259
0.0001,1234.0,119.53516387939453,2.036839008331299
0.0001,1235.0,119.53508758544922,2.0367379188537598
0.0001,1236.0,119.53499603271484,2.036637544631958
0.0001,1237.0,119.53492736816406,2.036536693572998
0.0001,1238.0,119.53485870361328,2.036436080932617
0.0001,1239.0,119.53478240966797,2.0363359451293945
0.0001,1240.0,119.53469848632812,2.0362355709075928
0.0001,1241.0,119.53462219238281,2.036135196685791
0.0001,1242.0,119.5345458984375,2.0360350608825684
0.0001,1243.0,119.53446960449219,2.035935640335083
0.0001,1244.0,119.53439331054688,2.0358355045318604
0.0001,1245.0,119.53431701660156,2.035735845565796
0.0001,1246.0,119.53424072265625,2.0356364250183105
0.0001,1247.0,119.53416442871094,2.035537004470825
0.0001,1248.0,119.53409576416016,2.035437822341919
0.0001,1249.0,119.53401184082031,2.035338878631592
0.0001,1250.0,119.533935546875,2.0352396965026855
0.0001,1251.0,119.53385162353516,2.035140037536621
0.0001,1252.0,119.5337905883789,2.035041332244873
0.0001,1253.0,119.5337142944336,2.034942626953125
0.0001,1254.0,119.53363037109375,2.034844398498535
0.0001,1255.0,119.5335693359375,2.034745454788208
0.0001,1256.0,119.53347778320312,2.0346474647521973
0.0001,1257.0,119.53340911865234,2.0345489978790283
0.0001,1258.0,119.53333282470703,2.0344510078430176
0.0001,1259.0,119.53326416015625,2.0343527793884277
0.0001,1260.0,119.53318786621094,2.034255027770996
0.0001,1261.0,119.53311920166016,2.0341567993164062
0.0001,1262.0,119.53303527832031,2.0340590476989746
0.0001,1263.0,119.53296661376953,2.033961772918701
0.0001,1264.0,119.53288269042969,2.0338642597198486
0.0001,1265.0,119.53282165527344,2.033766984939575
0.0001,1266.0,119.53274536132812,2.0336694717407227
0.0001,1267.0,119.53267669677734,2.0335724353790283
0.0001,1268.0,119.53260040283203,2.033475399017334
0.0001,1269.0,119.53252410888672,2.0333783626556396
0.0001,1270.0,119.53245544433594,2.0332818031311035
0.0001,1271.0,119.5323715209961,2.0331852436065674
0.0001,1272.0,119.53231811523438,2.033088445663452
0.0001,1273.0,119.53223419189453,2.032991886138916
0.0001,1274.0,119.53215789794922,2.032895803451538
0.0001,1275.0,119.53209686279297,2.032799243927002
0.0001,1276.0,119.53202056884766,2.032703161239624
0.0001,1277.0,119.53194427490234,2.032607316970825
0.0001,1278.0,119.53187561035156,2.0325112342834473
0.0001,1279.0,119.53180694580078,2.0324158668518066
0.0001,1280.0,119.53173065185547,2.0323197841644287
0.0001,1281.0,119.53166961669922,2.032224416732788
0.0001,1282.0,119.53158569335938,2.0321288108825684
0.0001,1283.0,119.5315170288086,2.0320334434509277
0.0001,1284.0,119.53145599365234,2.031938314437866
0.0001,1285.0,119.53137969970703,2.0318429470062256
0.0001,1286.0,119.53130340576172,2.0317482948303223
0.0001,1287.0,119.53123474121094,2.03165340423584
0.0001,1288.0,119.53117370605469,2.0315585136413574
0.0001,1289.0,119.5311050415039,2.031463861465454
0.0001,1290.0,119.53102111816406,2.031369209289551
0.0001,1291.0,119.53095245361328,2.0312747955322266
0.0001,1292.0,119.5308837890625,2.0311803817749023
0.0001,1293.0,119.53082275390625,2.0310864448547363
0.0001,1294.0,119.53074645996094,2.030992031097412
0.0001,1295.0,119.53067779541016,2.030898094177246
0.0001,1296.0,119.53060913085938,2.03080415725708
0.0001,1297.0,119.53053283691406,2.0307106971740723
0.0001,1298.0,119.53047180175781,2.0306167602539062
0.0001,1299.0,119.53041076660156,2.0305233001708984
0.0001,1300.0,119.53034210205078,2.0304300785064697
0.0001,1301.0,119.53026580810547,2.030336380004883
0.0001,1302.0,119.53020477294922,2.030242681503296
0.0001,1303.0,119.5301284790039,2.0301499366760254
0.0001,1304.0,119.53005981445312,2.030057430267334
0.0001,1305.0,119.52999877929688,2.0299642086029053
0.0001,1306.0,119.52992248535156,2.0298714637756348
0.0001,1307.0,119.52985382080078,2.0297787189483643
0.0001,1308.0,119.52978515625,2.0296859741210938
0.0001,1309.0,119.52971649169922,2.0295937061309814
0.0001,1310.0,119.52965545654297,2.029501438140869
0.0001,1311.0,119.52957916259766,2.0294089317321777
0.0001,1312.0,119.5295181274414,2.0293169021606445
0.0001,1313.0,119.52944946289062,2.0292246341705322
0.0001,1314.0,119.52938079833984,2.029132843017578
0.0001,1315.0,119.5293197631836,2.029041051864624
0.0001,1316.0,119.52925109863281,2.02894926071167
0.0001,1317.0,119.52919006347656,2.028857946395874
0.0001,1318.0,119.52911376953125,2.02876615524292
0.0001,1319.0,119.529052734375,2.028674840927124
0.0001,1320.0,119.52899169921875,2.028583288192749
0.0001,1321.0,119.52892303466797,2.0284924507141113
0.0001,1322.0,119.52886199951172,2.0284011363983154
0.0001,1323.0,119.52879333496094,2.028310537338257
0.0001,1324.0,119.52873229980469,2.028219699859619
0.0001,1325.0,119.52867126464844,2.0281288623809814
0.0001,1326.0,119.52859497070312,2.028038263320923
0.0001,1327.0,119.52852630615234,2.0279476642608643
0.0001,1328.0,119.5284652709961,2.0278573036193848
0.0001,1329.0,119.52839660644531,2.0277669429779053
0.0001,1330.0,119.52833557128906,2.027676820755005
0.0001,1331.0,119.52827453613281,2.0275864601135254
0.0001,1332.0,119.52820587158203,2.027496814727783
0.0001,1333.0,119.52813720703125,2.0274064540863037
0.0001,1334.0,119.528076171875,2.0273170471191406
0.0001,1335.0,119.52801513671875,2.0272269248962402
0.0001,1336.0,119.5279541015625,2.027137517929077
0.0001,1337.0,119.52787780761719,2.027048349380493
0.0001,1338.0,119.52782440185547,2.02695894241333
0.0001,1339.0,119.52775573730469,2.026869297027588
0.0001,1340.0,119.52770233154297,2.026780366897583
0.0001,1341.0,119.52762603759766,2.026691198348999
0.0001,1342.0,119.5275650024414,2.026602268218994
0.0001,1343.0,119.52750396728516,2.0265133380889893
0.0001,1344.0,119.52743530273438,2.0264248847961426
0.0001,1345.0,119.52738189697266,2.0263359546661377
0.0001,1346.0,119.52731323242188,2.026247262954712
0.0001,1347.0,119.5272445678711,2.0261590480804443
0.0001,1348.0,119.52719116210938,2.0260708332061768
0.0001,1349.0,119.5271224975586,2.0259828567504883
0.0001,1350.0,119.52705383300781,2.0258946418762207
0.0001,1351.0,119.5270004272461,2.025806427001953
0.0001,1352.0,119.52694702148438,2.0257184505462646
0.0001,1353.0,119.5268783569336,2.0256307125091553
0.0001,1354.0,119.52681732177734,2.025542974472046
0.0001,1355.0,119.52676391601562,2.0254552364349365
0.0001,1356.0,119.52669525146484,2.0253682136535645
0.0001,1357.0,119.5266342163086,2.025280475616455
0.0001,1358.0,119.52656555175781,2.025193214416504
0.0001,1359.0,119.5265121459961,2.025106191635132
0.0001,1360.0,119.52644348144531,2.0250191688537598
0.0001,1361.0,119.5263900756836,2.0249321460723877
0.0001,1362.0,119.52632141113281,2.0248453617095947
0.0001,1363.0,119.52626037597656,2.0247581005096436
0.0001,1364.0,119.52619934082031,2.024671792984009
0.0001,1365.0,119.5261459350586,2.0245847702026367
0.0001,1366.0,119.52607727050781,2.024498462677002
0.0001,1367.0,119.52601623535156,2.0244123935699463
0.0001,1368.0,119.52595520019531,2.0243260860443115
0.0001,1369.0,119.5259017944336,2.0242397785186768
0.0001,1370.0,119.52584075927734,2.0241539478302
0.0001,1371.0,119.52578735351562,2.0240676403045654
0.0001,1372.0,119.52572631835938,2.023981809616089
0.0001,1373.0,119.52566528320312,2.0238959789276123
0.0001,1374.0,119.52560424804688,2.023810625076294
0.0001,1375.0,119.5255355834961,2.0237250328063965
0.0001,1376.0,119.5254898071289,2.02363920211792
0.0001,1377.0,119.52542114257812,2.0235540866851807
0.0001,1378.0,119.5253677368164,2.0234687328338623
0.0001,1379.0,119.52530670166016,2.023383617401123
0.0001,1380.0,119.52523803710938,2.023298740386963
0.0001,1381.0,119.52519226074219,2.0232138633728027
0.0001,1382.0,119.52513122558594,2.0231289863586426
0.0001,1383.0,119.52507019042969,2.0230441093444824
0.0001,1384.0,119.52501678466797,2.0229592323303223
0.0001,1385.0,119.52495574951172,2.0228748321533203
0.0001,1386.0,119.52489471435547,2.0227904319763184
0.0001,1387.0,119.52484130859375,2.0227062702178955
0.0001,1388.0,119.5247802734375,2.0226216316223145
0.0001,1389.0,119.52471923828125,2.0225374698638916
0.0001,1390.0,119.524658203125,2.022453546524048
0.0001,1391.0,119.52461242675781,2.022369861602783
0.0001,1392.0,119.52455139160156,2.0222856998443604
0.0001,1393.0,119.52449035644531,2.0222017765045166
0.0001,1394.0,119.52442932128906,2.02211856842041
0.0001,1395.0,119.52437591552734,2.0220348834991455
0.0001,1396.0,119.52432250976562,2.021951198577881
0.0001,1397.0,119.52426147460938,2.0218679904937744
0.0001,1398.0,119.52420043945312,2.021784782409668
0.0001,1399.0,119.52413940429688,2.0217015743255615
0.0001,1400.0,119.52410125732422,2.021618366241455
0.0001,1401.0,119.52404022216797,2.0215353965759277
0.0001,1402.0,119.52397918701172,2.0214524269104004
0.0001,1403.0,119.52392578125,2.021369695663452
0.0001,1404.0,119.52386474609375,2.021287441253662
0.0001,1405.0,119.5238037109375,2.0212044715881348
0.0001,1406.0,119.52375030517578,2.0211222171783447
0.0001,1407.0,119.5237045288086,2.0210397243499756
0.0001,1408.0,119.52365112304688,2.0209572315216064
0.0001,1409.0,119.52359771728516,2.0208752155303955
0.0001,1410.0,119.5235366821289,2.0207934379577637
0.0001,1411.0,119.52348327636719,2.0207109451293945
0.0001,1412.0,119.52342224121094,2.020629405975342
0.0001,1413.0,119.52336883544922,2.020547389984131
0.0001,1414.0,119.5233154296875,2.02046537399292
0.0001,1415.0,119.52325439453125,2.0203840732574463
0.0001,1416.0,119.52320098876953,2.0203025341033936
0.0001,1417.0,119.52314758300781,2.02022123336792
0.0001,1418.0,119.5230941772461,2.0201401710510254
0.0001,1419.0,119.52304077148438,2.0200586318969727
0.0001,1420.0,119.52298736572266,2.019977569580078
0.0001,1421.0,119.5229263305664,2.0198965072631836
0.0001,1422.0,119.52287292480469,2.019815683364868
0.0001,1423.0,119.52281951904297,2.0197348594665527
0.0001,1424.0,119.52276611328125,2.019653797149658
0.0001,1425.0,119.52271270751953,2.019573211669922
0.0001,1426.0,119.52265930175781,2.0194926261901855
0.0001,1427.0,119.5226058959961,2.0194122791290283
0.0001,1428.0,119.52255249023438,2.01933217048645
0.0001,1429.0,119.52250671386719,2.019251585006714
0.0001,1430.0,119.5224380493164,2.0191712379455566
0.0001,1431.0,119.52238464355469,2.0190911293029785
0.0001,1432.0,119.52233123779297,2.0190117359161377
0.0001,1433.0,119.52227783203125,2.0189313888549805
0.0001,1434.0,119.52223205566406,2.0188517570495605
0.0001,1435.0,119.52217864990234,2.0187723636627197
0.0001,1436.0,119.52212524414062,2.0186922550201416
0.0001,1437.0,119.52207946777344,2.018612861633301
0.0001,1438.0,119.52201080322266,2.01853346824646
0.0001,1439.0,119.52195739746094,2.018454074859619
0.0001,1440.0,119.52191162109375,2.0183749198913574
0.0001,1441.0,119.52185821533203,2.018296003341675
0.0001,1442.0,119.52181243896484,2.018216609954834
0.0001,1443.0,119.5217514038086,2.0181376934051514
0.0001,1444.0,119.5217056274414,2.0180587768554688
0.0001,1445.0,119.52165222167969,2.0179805755615234
0.0001,1446.0,119.5216064453125,2.017901659011841
0.0001,1447.0,119.52154541015625,2.0178229808807373
0.0001,1448.0,119.52149200439453,2.017744541168213
0.0001,1449.0,119.52144622802734,2.0176661014556885
0.0001,1450.0,119.52140045166016,2.017587900161743
0.0001,1451.0,119.5213394165039,2.017509698867798
0.0001,1452.0,119.52129364013672,2.0174314975738525
0.0001,1453.0,119.52124786376953,2.0173535346984863
0.0001,1454.0,119.52118682861328,2.017275333404541
0.0001,1455.0,119.5211410522461,2.017198085784912
0.0001,1456.0,119.52108764648438,2.017119884490967
0.0001,1457.0,119.52102661132812,2.017042398452759
0.0001,1458.0,119.52098083496094,2.0169644355773926
0.0001,1459.0,119.52093505859375,2.0168871879577637
0.0001,1460.0,119.52088165283203,2.0168099403381348
0.0001,1461.0,119.52083587646484,2.016732692718506
0.0001,1462.0,119.5207748413086,2.016655445098877
0.0001,1463.0,119.5207290649414,2.016578435897827
0.0001,1464.0,119.52068328857422,2.0165011882781982
0.0001,1465.0,119.5206298828125,2.0164244174957275
0.0001,1466.0,119.52059173583984,2.016347646713257
0.0001,1467.0,119.5205307006836,2.016270875930786
0.0001,1468.0,119.5204849243164,2.0161941051483154
0.0001,1469.0,119.52042388916016,2.016117572784424
0.0001,1470.0,119.52037811279297,2.0160412788391113
0.0001,1471.0,119.52033233642578,2.015964984893799
0.0001,1472.0,119.5202865600586,2.0158886909484863
0.0001,1473.0,119.52022552490234,2.015812635421753
0.0001,1474.0,119.52018737792969,2.0157363414764404
0.0001,1475.0,119.52013397216797,2.015660524368286
0.0001,1476.0,119.52009582519531,2.0155844688415527
0.0001,1477.0,119.52003479003906,2.0155086517333984
0.0001,1478.0,119.51998901367188,2.015432834625244
0.0001,1479.0,119.51993560791016,2.015357255935669
0.0001,1480.0,119.51988983154297,2.0152814388275146
0.0001,1481.0,119.51984405517578,2.0152060985565186
0.0001,1482.0,119.51980590820312,2.0151305198669434
0.0001,1483.0,119.51974487304688,2.0150551795959473
0.0001,1484.0,119.51969909667969,2.0149803161621094
0.0001,1485.0,119.5196533203125,2.0149054527282715
0.0001,1486.0,119.51959991455078,2.0148303508758545
0.0001,1487.0,119.51956176757812,2.0147550106048584
0.0001,1488.0,119.51950073242188,2.0146801471710205
0.0001,1489.0,119.51945495605469,2.0146055221557617
0.0001,1490.0,119.51941680908203,2.014530897140503
0.0001,1491.0,119.51936340332031,2.0144565105438232
0.0001,1492.0,119.51931762695312,2.0143818855285645
0.0001,1493.0,119.51927947998047,2.0143074989318848
0.0001,1494.0,119.51921844482422,2.014233350753784
0.0001,1495.0,119.5191650390625,2.0141587257385254
0.0001,1496.0,119.51912689208984,2.014084815979004
0.0001,1497.0,119.51908111572266,2.0140109062194824
0.0001,1498.0,119.51902770996094,2.013936758041382
0.0001,1499.0,119.51898956298828,2.0138628482818604
0.0001,1500.0,119.5189437866211,2.013789415359497
0.0001,1501.0,119.51889038085938,2.0137155055999756
0.0001,1502.0,119.51883697509766,2.013641834259033
0.0001,1503.0,119.518798828125,2.01356840133667
0.0001,1504.0,119.51876068115234,2.0134949684143066
0.0001,1505.0,119.51870727539062,2.0134215354919434
0.0001,1506.0,119.51866149902344,2.013348340988159
0.0001,1507.0,119.51860809326172,2.013274908065796
0.0001,1508.0,119.51856994628906,2.01320219039917
0.0001,1509.0,119.51852416992188,2.0131289958953857
0.0001,1510.0,119.51847839355469,2.0130562782287598
0.0001,1511.0,119.51842498779297,2.012983560562134
0.0001,1512.0,119.51838684082031,2.012910842895508
0.0001,1513.0,119.5183334350586,2.0128378868103027
0.0001,1514.0,119.51829528808594,2.012765407562256
0.0001,1515.0,119.51824951171875,2.012692928314209
0.0001,1516.0,119.51820373535156,2.012620449066162
0.0001,1517.0,119.51815795898438,2.0125484466552734
0.0001,1518.0,119.51811218261719,2.0124759674072266
0.0001,1519.0,119.51806640625,2.012403964996338
0.0001,1520.0,119.51801300048828,2.012331962585449
0.0001,1521.0,119.51797485351562,2.0122599601745605
0.0001,1522.0,119.51792907714844,2.012187957763672
0.0001,1523.0,119.51789093017578,2.0121161937713623
0.0001,1524.0,119.51785278320312,2.0120444297790527
0.0001,1525.0,119.5177993774414,2.0119731426239014
0.0001,1526.0,119.51775360107422,2.011901378631592
0.0001,1527.0,119.51771545410156,2.0118298530578613
0.0001,1528.0,119.51766967773438,2.01175856590271
0.0001,1529.0,119.51762390136719,2.0116872787475586
0.0001,1530.0,119.517578125,2.0116162300109863
0.0001,1531.0,119.51753234863281,2.011545181274414
0.0001,1532.0,119.51749420166016,2.011474132537842
0.0001,1533.0,119.51744842529297,2.0114030838012695
0.0001,1534.0,119.51741027832031,2.0113322734832764
0.0001,1535.0,119.51736450195312,2.011261463165283
0.0001,1536.0,119.51731872558594,2.011190891265869
0.0001,1537.0,119.51728057861328,2.011120319366455
0.0001,1538.0,119.51722717285156,2.011049747467041
0.0001,1539.0,119.51718139648438,2.010979175567627
0.0001,1540.0,119.51713562011719,2.010908842086792
0.0001,1541.0,119.51709747314453,2.010838747024536
0.0001,1542.0,119.51705169677734,2.010768413543701
0.0001,1543.0,119.51701354980469,2.0106983184814453
0.0001,1544.0,119.5169677734375,2.0106282234191895
0.0001,1545.0,119.51692199707031,2.010558605194092
0.0001,1546.0,119.51688385009766,2.010488510131836
0.0001,1547.0,119.51683807373047,2.0104188919067383
0.0001,1548.0,119.51679229736328,2.0103492736816406
0.0001,1549.0,119.5167465209961,2.010279655456543
0.0001,1550.0,119.51670837402344,2.0102100372314453
0.0001,1551.0,119.51667022705078,2.0101404190063477
0.0001,1552.0,119.51663208007812,2.010071277618408
0.0001,1553.0,119.51657104492188,2.0100016593933105
0.0001,1554.0,119.51654052734375,2.0099329948425293
0.0001,1555.0,119.51649475097656,2.0098636150360107
0.0001,1556.0,119.51646423339844,2.0097947120666504
0.0001,1557.0,119.51641845703125,2.00972580909729
0.0001,1558.0,119.51637268066406,2.0096566677093506
0.0001,1559.0,119.51632690429688,2.0095877647399902
0.0001,1560.0,119.51629638671875,2.009519577026367
0.0001,1561.0,119.51625061035156,2.009451150894165
0.0001,1562.0,119.51620483398438,2.0093822479248047
0.0001,1563.0,119.51615905761719,2.0093140602111816
0.0001,1564.0,119.51612854003906,2.0092453956604004
0.0001,1565.0,119.51607513427734,2.0091776847839355
0.0001,1566.0,119.51603698730469,2.0091090202331543
0.0001,1567.0,119.51599884033203,2.0090408325195312
0.0001,1568.0,119.5159683227539,2.0089728832244873
0.0001,1569.0,119.51591491699219,2.0089049339294434
0.0001,1570.0,119.51587677001953,2.0088369846343994
0.0001,1571.0,119.51583099365234,2.0087692737579346
0.0001,1572.0,119.51579284667969,2.008701801300049
0.0001,1573.0,119.51575469970703,2.008633852005005
0.0001,1574.0,119.51570892333984,2.008566379547119
0.0001,1575.0,119.51567840576172,2.0084989070892334
0.0001,1576.0,119.51564025878906,2.0084314346313477
0.0001,1577.0,119.51559448242188,2.008364200592041
0.0001,1578.0,119.51554870605469,2.0082972049713135
0.0001,1579.0,119.5155029296875,2.008229970932007
0.0001,1580.0,119.51546478271484,2.0081629753112793
0.0001,1581.0,119.51543426513672,2.0080959796905518
0.0001,1582.0,119.51539611816406,2.008028745651245
0.0001,1583.0,119.5153579711914,2.0079619884490967
0.0001,1584.0,119.51531219482422,2.0078954696655273
0.0001,1585.0,119.51527404785156,2.0078284740448
0.0001,1586.0,119.51522827148438,2.0077617168426514
0.0001,1587.0,119.51519012451172,2.0076956748962402
0.0001,1588.0,119.51514434814453,2.007628917694092
0.0001,1589.0,119.51512145996094,2.0075631141662598
0.0001,1590.0,119.51506805419922,2.0074965953826904
0.0001,1591.0,119.5150375366211,2.0074305534362793
0.0001,1592.0,119.5149917602539,2.007364511489868
0.0001,1593.0,119.51496124267578,2.007298469543457
0.0001,1594.0,119.5149154663086,2.007232189178467
0.0001,1595.0,119.51487731933594,2.007166624069214
0.0001,1596.0,119.51483917236328,2.0071005821228027
0.0001,1597.0,119.51480102539062,2.007035255432129
0.0001,1598.0,119.51476287841797,2.0069692134857178
0.0001,1599.0,119.51471710205078,2.006903886795044
0.0001,1600.0,119.51468658447266,2.006838321685791
0.0001,1601.0,119.51464080810547,2.006772994995117
0.0001,1602.0,119.51461791992188,2.006707191467285
0.0001,1603.0,119.51456451416016,2.0066423416137695
0.0001,1604.0,119.5145263671875,2.006577253341675
0.0001,1605.0,119.51449584960938,2.00651216506958
0.0001,1606.0,119.51445007324219,2.0064473152160645
0.0001,1607.0,119.51441192626953,2.0063819885253906
0.0001,1608.0,119.5143814086914,2.006317377090454
0.0001,1609.0,119.51433563232422,2.0062522888183594
0.0001,1610.0,119.51429748535156,2.006187915802002
0.0001,1611.0,119.51426696777344,2.0061233043670654
0.0001,1612.0,119.51422119140625,2.006058692932129
0.0001,1613.0,119.5141830444336,2.0059943199157715
0.0001,1614.0,119.51416015625,2.005929708480835
0.0001,1615.0,119.51411437988281,2.0058655738830566
0.0001,1616.0,119.51406860351562,2.005801200866699
0.0001,1617.0,119.51403045654297,2.005737066268921
0.0001,1618.0,119.51399993896484,2.0056731700897217
0.0001,1619.0,119.51396179199219,2.0056090354919434
0.0001,1620.0,119.51392364501953,2.005544900894165
0.0001,1621.0,119.51388549804688,2.005481243133545
0.0001,1622.0,119.51385498046875,2.0054173469543457
0.0001,1623.0,119.5138168334961,2.0053536891937256
0.0001,1624.0,119.51377868652344,2.0052900314331055
0.0001,1625.0,119.51374053955078,2.0052263736724854
0.0001,1626.0,119.51371002197266,2.0051629543304443
0.0001,1627.0,119.513671875,2.0050997734069824
0.0001,1628.0,119.51363372802734,2.0050365924835205
0.0001,1629.0,119.51358795166016,2.0049731731414795
0.0001,1630.0,119.5135498046875,2.0049099922180176
0.0001,1631.0,119.51351928710938,2.0048468112945557
0.0001,1632.0,119.51348876953125,2.004783868789673
0.0001,1633.0,119.5134506225586,2.00472092628479
0.0001,1634.0,119.51341247558594,2.0046582221984863
0.0001,1635.0,119.51338195800781,2.0045950412750244
0.0001,1636.0,119.51334381103516,2.0045325756073
0.0001,1637.0,119.51329803466797,2.004469871520996
0.0001,1638.0,119.51326751708984,2.0044074058532715
0.0001,1639.0,119.51322937011719,2.0043444633483887
0.0001,1640.0,119.51319122314453,2.0042824745178223
0.0001,1641.0,119.51316833496094,2.0042200088500977
0.0001,1642.0,119.51313018798828,2.0041580200195312
0.0001,1643.0,119.51309967041016,2.0040957927703857
0.0001,1644.0,119.5130615234375,2.0040335655212402
0.0001,1645.0,119.51301574707031,2.003971576690674
0.0001,1646.0,119.51298522949219,2.0039095878601074
0.0001,1647.0,119.51294708251953,2.00384783744812
0.0001,1648.0,119.5129165649414,2.003786087036133
0.0001,1649.0,119.51288604736328,2.0037243366241455
0.0001,1650.0,119.5128402709961,2.003662586212158
0.0001,1651.0,119.51280975341797,2.003600597381592
0.0001,1652.0,119.51277160644531,2.003539562225342
0.0001,1653.0,119.51274108886719,2.0034780502319336
0.0001,1654.0,119.51271057128906,2.0034167766571045
0.0001,1655.0,119.51266479492188,2.0033555030822754
0.0001,1656.0,119.51263427734375,2.003293991088867
0.0001,1657.0,119.51260375976562,2.003232955932617
0.0001,1658.0,119.5125732421875,2.003171920776367
0.0001,1659.0,119.51251983642578,2.003110885620117
0.0001,1660.0,119.51248931884766,2.0030503273010254
0.0001,1661.0,119.51245880126953,2.0029892921447754
0.0001,1662.0,119.51242065429688,2.0029284954071045
0.0001,1663.0,119.51239013671875,2.0028674602508545
0.0001,1664.0,119.51235961914062,2.002807140350342
0.0001,1665.0,119.5123291015625,2.002746820449829
0.0001,1666.0,119.51229858398438,2.002686023712158
0.0001,1667.0,119.51226043701172,2.002624988555908
0.0001,1668.0,119.51222229003906,2.0025651454925537
0.0001,1669.0,119.5121841430664,2.002504587173462
0.0001,1670.0,119.51215362548828,2.0024449825286865
0.0001,1671.0,119.51212310791016,2.0023844242095947
0.0001,1672.0,119.51209259033203,2.0023245811462402
0.0001,1673.0,119.5120620727539,2.0022644996643066
0.0001,1674.0,119.51201629638672,2.002204418182373
0.0001,1675.0,119.5119857788086,2.0021448135375977
0.0001,1676.0,119.51194763183594,2.002084970474243
0.0001,1677.0,119.51191711425781,2.0020253658294678
0.0001,1678.0,119.51188659667969,2.0019655227661133
0.0001,1679.0,119.51184844970703,2.001906394958496
0.0001,1680.0,119.5118179321289,2.0018467903137207
0.0001,1681.0,119.51178741455078,2.0017871856689453
0.0001,1682.0,119.51175689697266,2.00172758102417
0.0001,1683.0,119.51171875,2.001668691635132
0.0001,1684.0,119.51168823242188,2.0016095638275146
0.0001,1685.0,119.51165008544922,2.0015501976013184
0.0001,1686.0,119.51162719726562,2.001491069793701
0.0001,1687.0,119.51158142089844,2.001432180404663
0.0001,1688.0,119.51155090332031,2.001373767852783
0.0001,1689.0,119.51152801513672,2.001314640045166
0.0001,1690.0,119.51148223876953,2.001255989074707
0.0001,1691.0,119.51145935058594,2.00119686126709
0.0001,1692.0,119.51142883300781,2.00113844871521
0.0001,1693.0,119.51139068603516,2.00108003616333
0.0001,1694.0,119.51136016845703,2.001021385192871
0.0001,1695.0,119.51133728027344,2.000962972640991
0.0001,1696.0,119.51129150390625,2.0009045600891113
0.0001,1697.0,119.51126861572266,2.0008463859558105
0.0001,1698.0,119.51123809814453,2.0007882118225098
0.0001,1699.0,119.51119995117188,2.000730037689209
0.0001,1700.0,119.51116943359375,2.0006721019744873
0.0001,1701.0,119.51113891601562,2.0006141662597656
0.0001,1702.0,119.51110076904297,2.000556468963623
0.0001,1703.0,119.51107788085938,2.0004982948303223
0.0001,1704.0,119.51103973388672,2.0004405975341797
0.0001,1705.0,119.5110092163086,2.000382900238037
0.0001,1706.0,119.51097106933594,2.0003254413604736
0.0001,1707.0,119.51094818115234,2.000267505645752
0.0001,1708.0,119.51091003417969,2.0002100467681885
0.0001,1709.0,119.5108871459961,2.000152587890625
0.0001,1710.0,119.5108413696289,2.0000951290130615
0.0001,1711.0,119.51081848144531,2.0000381469726562
0.0001,1712.0,119.51079559326172,1.9999806880950928
0.0001,1713.0,119.51075744628906,1.9999233484268188
0.0001,1714.0,119.51073455810547,1.9998664855957031
0.0001,1715.0,119.51069641113281,1.9998096227645874
0.0001,1716.0,119.51067352294922,1.9997526407241821
0.0001,1717.0,119.51063537597656,1.9996957778930664
0.0001,1718.0,119.5105972290039,1.9996389150619507
0.0001,1719.0,119.51057434082031,1.999582052230835
0.0001,1720.0,119.51053619384766,1.999525785446167
0.0001,1721.0,119.51051330566406,1.9994690418243408
0.0001,1722.0,119.5104751586914,1.999412178993225
0.0001,1723.0,119.51045227050781,1.9993559122085571
0.0001,1724.0,119.51041412353516,1.9992992877960205
0.0001,1725.0,119.51039123535156,1.999243140220642
0.0001,1726.0,119.51036071777344,1.9991868734359741
0.0001,1727.0,119.51033020019531,1.9991306066513062
0.0001,1728.0,119.51029968261719,1.9990743398666382
0.0001,1729.0,119.51026916503906,1.9990184307098389
0.0001,1730.0,119.51023864746094,1.998962640762329
0.0001,1731.0,119.51021575927734,1.9989063739776611
0.0001,1732.0,119.51017761230469,1.9988508224487305
0.0001,1733.0,119.5101547241211,1.9987949132919312
0.0001,1734.0,119.51012420654297,1.9987390041351318
0.0001,1735.0,119.51008605957031,1.9986836910247803
0.0001,1736.0,119.51006317138672,1.9986279010772705
0.0001,1737.0,119.5100326538086,1.9985723495483398
0.0001,1738.0,119.50999450683594,1.9985167980194092
0.0001,1739.0,119.50997924804688,1.998461365699768
0.0001,1740.0,119.50994110107422,1.998406171798706
0.0001,1741.0,119.50990295410156,1.9983508586883545
0.0001,1742.0,119.50988006591797,1.9982960224151611
0.0001,1743.0,119.50984954833984,1.9982408285140991
0.0001,1744.0,119.50982666015625,1.9981857538223267
0.0001,1745.0,119.50979614257812,1.9981307983398438
0.0001,1746.0,119.50977325439453,1.9980758428573608
0.0001,1747.0,119.5097427368164,1.998020887374878
0.0001,1748.0,119.50970458984375,1.9979661703109741
0.0001,1749.0,119.50967407226562,1.9979112148284912
0.0001,1750.0,119.50963592529297,1.9978567361831665
0.0001,1751.0,119.5096206665039,1.9978021383285522
0.0001,1752.0,119.50959014892578,1.997747778892517
0.0001,1753.0,119.50956726074219,1.9976930618286133
0.0001,1754.0,119.50952911376953,1.9976389408111572
0.0001,1755.0,119.50951385498047,1.9975847005844116
0.0001,1756.0,119.50948333740234,1.997530221939087
0.0001,1757.0,119.50944519042969,1.9974759817123413
0.0001,1758.0,119.50941467285156,1.9974216222763062
0.0001,1759.0,119.50938415527344,1.9973678588867188
0.0001,1760.0,119.50936126708984,1.9973137378692627
0.0001,1761.0,119.50933837890625,1.9972598552703857
0.0001,1762.0,119.50931549072266,1.9972059726715088
0.0001,1763.0,119.50927734375,1.9971520900726318
0.0001,1764.0,119.50924682617188,1.997098684310913
0.0001,1765.0,119.50921630859375,1.9970448017120361
0.0001,1766.0,119.50918579101562,1.9969909191131592
0.0001,1767.0,119.50916290283203,1.9969375133514404
0.0001,1768.0,119.5091323852539,1.9968841075897217
0.0001,1769.0,119.50910186767578,1.996830701828003
0.0001,1770.0,119.50908660888672,1.9967772960662842
0.0001,1771.0,119.5090560913086,1.9967244863510132
0.0001,1772.0,119.50902557373047,1.9966707229614258
0.0001,1773.0,119.50899505615234,1.9966179132461548
0.0001,1774.0,119.50897216796875,1.9965648651123047
0.0001,1775.0,119.50894165039062,1.996511459350586
0.0001,1776.0,119.50891876220703,1.9964584112167358
0.0001,1777.0,119.5088882446289,1.996405839920044
0.0001,1778.0,119.50885772705078,1.9963531494140625
0.0001,1779.0,119.50883483886719,1.9963001012802124
0.0001,1780.0,119.50880432128906,1.9962475299835205
0.0001,1781.0,119.50877380371094,1.9961951971054077
0.0001,1782.0,119.50875091552734,1.9961423873901367
0.0001,1783.0,119.50872039794922,1.9960896968841553
0.0001,1784.0,119.50869750976562,1.9960371255874634
0.0001,1785.0,119.50867462158203,1.9959850311279297
0.0001,1786.0,119.5086441040039,1.9959325790405273
0.0001,1787.0,119.50861358642578,1.995880365371704
0.0001,1788.0,119.50859069824219,1.9958282709121704
0.0001,1789.0,119.5085678100586,1.995775818824768
0.0001,1790.0,119.50853729248047,1.995724081993103
0.0001,1791.0,119.50851440429688,1.9956719875335693
0.0001,1792.0,119.50847625732422,1.995619773864746
0.0001,1793.0,119.50845336914062,1.9955679178237915
0.0001,1794.0,119.5084228515625,1.9955164194107056
0.0001,1795.0,119.50839233398438,1.9954646825790405
0.0001,1796.0,119.50836944580078,1.995412826538086
0.0001,1797.0,119.50834655761719,1.995361089706421
0.0001,1798.0,119.5083236694336,1.995309591293335
0.0001,1799.0,119.50830078125,1.9952583312988281
0.0001,1800.0,119.50827026367188,1.995206594467163
0.0001,1801.0,119.50823974609375,1.9951555728912354
0.0001,1802.0,119.50820922851562,1.9951040744781494
0.0001,1803.0,119.50818634033203,1.9950530529022217
0.0001,1804.0,119.50816345214844,1.9950015544891357
0.0001,1805.0,119.50814056396484,1.994950532913208
0.0001,1806.0,119.50811767578125,1.9948993921279907
0.0001,1807.0,119.5080795288086,1.9948484897613525
0.0001,1808.0,119.508056640625,1.994797706604004
0.0001,1809.0,119.5080337524414,1.9947465658187866
0.0001,1810.0,119.50801086425781,1.9946959018707275
0.0001,1811.0,119.50798034667969,1.994645118713379
0.0001,1812.0,119.50794982910156,1.9945943355560303
0.0001,1813.0,119.50792694091797,1.9945436716079712
0.0001,1814.0,119.50790405273438,1.9944932460784912
0.0001,1815.0,119.50788116455078,1.9944425821304321
0.0001,1816.0,119.50785064697266,1.9943920373916626
0.0001,1817.0,119.50782012939453,1.9943418502807617
0.0001,1818.0,119.50779724121094,1.9942915439605713
0.0001,1819.0,119.50778198242188,1.9942413568496704
0.0001,1820.0,119.50774383544922,1.9941908121109009
0.0001,1821.0,119.50772094726562,1.994140863418579
0.0001,1822.0,119.50770568847656,1.9940907955169678
0.0001,1823.0,119.5076675415039,1.9940407276153564
0.0001,1824.0,119.50764465332031,1.9939906597137451
0.0001,1825.0,119.50762939453125,1.9939409494400024
0.0001,1826.0,119.5075912475586,1.9938910007476807
0.0001,1827.0,119.507568359375,1.993841528892517
0.0001,1828.0,119.50755310058594,1.9937918186187744
0.0001,1829.0,119.50751495361328,1.9937422275543213
0.0001,1830.0,119.50749206542969,1.993692398071289
0.0001,1831.0,119.50747680664062,1.993642807006836
0.0001,1832.0,119.5074462890625,1.993593454360962
0.0001,1833.0,119.5074234008789,1.9935442209243774
0.0001,1834.0,119.50740814208984,1.9934943914413452
0.0001,1835.0,119.50736999511719,1.9934453964233398
0.0001,1836.0,119.5073471069336,1.9933960437774658
0.0001,1837.0,119.50731658935547,1.9933468103408813
0.0001,1838.0,119.5073013305664,1.9932979345321655
0.0001,1839.0,119.50727844238281,1.993248701095581
0.0001,1840.0,119.50724792480469,1.9931997060775757
0.0001,1841.0,119.50723266601562,1.9931509494781494
0.0001,1842.0,119.5072021484375,1.993101716041565
0.0001,1843.0,119.5071792602539,1.9930530786514282
0.0001,1844.0,119.50716400146484,1.993004560470581
0.0001,1845.0,119.50713348388672,1.9929554462432861
0.0001,1846.0,119.50711059570312,1.992906928062439
0.0001,1847.0,119.50708770751953,1.9928582906723022
0.0001,1848.0,119.50706481933594,1.9928098917007446
0.0001,1849.0,119.50702667236328,1.992761254310608
0.0001,1850.0,119.50701904296875,1.992713212966919
0.0001,1851.0,119.5069808959961,1.9926649332046509
0.0001,1852.0,119.50696563720703,1.9926166534423828
0.0001,1853.0,119.5069351196289,1.9925683736801147
0.0001,1854.0,119.50691986083984,1.992519736289978
0.0001,1855.0,119.50688934326172,1.9924720525741577
0.0001,1856.0,119.50687408447266,1.9924237728118896
0.0001,1857.0,119.50684356689453,1.9923759698867798
0.0001,1858.0,119.50682830810547,1.9923279285430908
0.0001,1859.0,119.50679779052734,1.9922802448272705
0.0001,1860.0,119.50676727294922,1.992232322692871
0.0001,1861.0,119.50675201416016,1.9921846389770508
0.0001,1862.0,119.50672912597656,1.9921371936798096
0.0001,1863.0,119.50670623779297,1.9920892715454102
0.0001,1864.0,119.50668334960938,1.992041826248169
0.0001,1865.0,119.50666809082031,1.9919939041137695
0.0001,1866.0,119.50662994384766,1.9919465780258179
0.0001,1867.0,119.50660705566406,1.9918994903564453
0.0001,1868.0,119.506591796875,1.991851568222046
0.0001,1869.0,119.50656127929688,1.991804838180542
0.0001,1870.0,119.50654602050781,1.9917573928833008
0.0001,1871.0,119.50652313232422,1.9917104244232178
0.0001,1872.0,119.5064926147461,1.9916633367538452
0.0001,1873.0,119.50647735595703,1.9916160106658936
0.0001,1874.0,119.50645446777344,1.991568922996521
0.0001,1875.0,119.50642395019531,1.9915220737457275
0.0001,1876.0,119.50640869140625,1.9914753437042236
0.0001,1877.0,119.50637817382812,1.9914283752441406
0.0001,1878.0,119.50635528564453,1.9913814067840576
0.0001,1879.0,119.50634002685547,1.9913349151611328
0.0001,1880.0,119.50631713867188,1.991288185119629
0.0001,1881.0,119.50628662109375,1.991241693496704
0.0001,1882.0,119.50626373291016,1.9911950826644897
0.0001,1883.0,119.5062484741211,1.991148591041565
0.0001,1884.0,119.5062255859375,1.9911022186279297
0.0001,1885.0,119.50619506835938,1.9910558462142944
0.0001,1886.0,119.50618743896484,1.9910094738006592
0.0001,1887.0,119.50615692138672,1.990963339805603
0.0001,1888.0,119.50613403320312,1.9909172058105469
0.0001,1889.0,119.506103515625,1.9908708333969116
0.0001,1890.0,119.50609588623047,1.9908246994018555
0.0001,1891.0,119.50606536865234,1.9907786846160889
0.0001,1892.0,119.50605010986328,1.9907329082489014
0.0001,1893.0,119.50601959228516,1.9906867742538452
0.0001,1894.0,119.50601196289062,1.9906409978866577
0.0001,1895.0,119.5059814453125,1.9905951023101807
0.0001,1896.0,119.5059585571289,1.9905498027801514
0.0001,1897.0,119.50593566894531,1.9905039072036743
0.0001,1898.0,119.50591278076172,1.9904582500457764
0.0001,1899.0,119.50588989257812,1.9904124736785889
0.0001,1900.0,119.50587463378906,1.9903671741485596
0.0001,1901.0,119.50585174560547,1.9903217554092407
0.0001,1902.0,119.50582885742188,1.9902760982513428
0.0001,1903.0,119.50580596923828,1.9902307987213135
0.0001,1904.0,119.50578308105469,1.9901853799819946
0.0001,1905.0,119.5057601928711,1.9901403188705444
0.0001,1906.0,119.50574493408203,1.990094780921936
0.0001,1907.0,119.50572967529297,1.9900497198104858
0.0001,1908.0,119.50569915771484,1.9900047779083252
0.0001,1909.0,119.50567626953125,1.989959955215454
0.0001,1910.0,119.50565338134766,1.989914894104004
0.0001,1911.0,119.50563049316406,1.9898700714111328
0.0001,1912.0,119.505615234375,1.9898250102996826
0.0001,1913.0,119.50558471679688,1.9897801876068115
0.0001,1914.0,119.50556945800781,1.9897356033325195
0.0001,1915.0,119.50555419921875,1.9896907806396484
0.0001,1916.0,119.50553894042969,1.9896461963653564
0.0001,1917.0,119.50550842285156,1.989601492881775
0.0001,1918.0,119.5054931640625,1.989556908607483
0.0001,1919.0,119.50546264648438,1.9895126819610596
0.0001,1920.0,119.50544738769531,1.9894682168960571
0.0001,1921.0,119.50543212890625,1.9894237518310547
0.0001,1922.0,119.50540161132812,1.989379644393921
0.0001,1923.0,119.50538635253906,1.989335298538208
0.0001,1924.0,119.50535583496094,1.9892908334732056
0.0001,1925.0,119.50534057617188,1.9892467260360718
0.0001,1926.0,119.50532531738281,1.9892024993896484
0.0001,1927.0,119.50529479980469,1.9891586303710938
0.0001,1928.0,119.50527954101562,1.989114761352539
0.0001,1929.0,119.50525665283203,1.9890708923339844
0.0001,1930.0,119.50524139404297,1.9890267848968506
0.0001,1931.0,119.50521850585938,1.988982915878296
0.0001,1932.0,119.50519561767578,1.9889395236968994
0.0001,1933.0,119.50518035888672,1.9888954162597656
0.0001,1934.0,119.50515747070312,1.9888519048690796
0.0001,1935.0,119.50514221191406,1.988808274269104
0.0001,1936.0,119.50511932373047,1.9887645244598389
0.0001,1937.0,119.50509643554688,1.988721251487732
0.0001,1938.0,119.50508117675781,1.9886776208877563
0.0001,1939.0,119.50505065917969,1.9886343479156494
0.0001,1940.0,119.5050277709961,1.988591194152832
0.0001,1941.0,119.50501251220703,1.9885480403900146
0.0001,1942.0,119.50499725341797,1.9885046482086182
0.0001,1943.0,119.50497436523438,1.9884612560272217
0.0001,1944.0,119.50495910644531,1.9884182214736938
0.0001,1945.0,119.50493621826172,1.9883750677108765
0.0001,1946.0,119.50492095947266,1.9883320331573486
0.0001,1947.0,119.5049057006836,1.9882891178131104
0.0001,1948.0,119.50487518310547,1.988246202468872
0.0001,1949.0,119.50485229492188,1.9882032871246338
0.0001,1950.0,119.50483703613281,1.988160490989685
0.0001,1951.0,119.50481414794922,1.9881178140640259
0.0001,1952.0,119.50479888916016,1.9880750179290771
0.0001,1953.0,119.5047836303711,1.988032341003418
0.0001,1954.0,119.5047607421875,1.9879900217056274
0.0001,1955.0,119.50473022460938,1.9879474639892578
0.0001,1956.0,119.50471496582031,1.9879047870635986
0.0001,1957.0,119.50469207763672,1.9878623485565186
0.0001,1958.0,119.50468444824219,1.9878194332122803
0.0001,1959.0,119.50466918945312,1.9877774715423584
0.0001,1960.0,119.504638671875,1.987735390663147
0.0001,1961.0,119.5046157836914,1.9876928329467773
0.0001,1962.0,119.50460052490234,1.9876506328582764
0.0001,1963.0,119.50458526611328,1.987608551979065
0.0001,1964.0,119.50455474853516,1.9875667095184326
0.0001,1965.0,119.5045394897461,1.9875246286392212
0.0001,1966.0,119.50453186035156,1.9874824285507202
0.0001,1967.0,119.50450897216797,1.9874407052993774
0.0001,1968.0,119.50447845458984,1.9873988628387451
0.0001,1969.0,119.50446319580078,1.9873567819595337
0.0001,1970.0,119.50444793701172,1.9873151779174805
0.0001,1971.0,119.50443267822266,1.9872734546661377
0.0001,1972.0,119.50440979003906,1.9872316122055054
0.0001,1973.0,119.50439453125,1.9871900081634521
0.0001,1974.0,119.5043716430664,1.987148642539978
0.0001,1975.0,119.50434875488281,1.9871070384979248
0.0001,1976.0,119.50433349609375,1.9870655536651611
0.0001,1977.0,119.50431823730469,1.9870240688323975
0.0001,1978.0,119.50430297851562,1.9869827032089233
0.0001,1979.0,119.50428009033203,1.9869415760040283
0.0001,1980.0,119.50426483154297,1.9869003295898438
0.0001,1981.0,119.5042495727539,1.9868589639663696
0.0001,1982.0,119.50421905517578,1.9868180751800537
0.0001,1983.0,119.50421142578125,1.9867767095565796
0.0001,1984.0,119.50418090820312,1.9867357015609741
0.0001,1985.0,119.50416564941406,1.986694574356079
0.0001,1986.0,119.504150390625,1.9866536855697632
0.0001,1987.0,119.5041275024414,1.9866132736206055
0.0001,1988.0,119.50411224365234,1.9865719079971313
0.0001,1989.0,119.50409698486328,1.9865310192108154
0.0001,1990.0,119.50407409667969,1.9864904880523682
0.0001,1991.0,119.50405883789062,1.9864494800567627
0.0001,1992.0,119.50403594970703,1.9864094257354736
0.0001,1993.0,119.50402069091797,1.986368179321289
0.0001,1994.0,119.5040054321289,1.986327886581421
0.0001,1995.0,119.50398254394531,1.9862873554229736
0.0001,1996.0,119.50397491455078,1.9862470626831055
0.0001,1997.0,119.50395202636719,1.9862064123153687
0.0001,1998.0,119.5039291381836,1.98616623878479
0.0001,1999.0,119.50390625,1.9861257076263428
0.0001,2000.0,119.50389862060547,1.9860856533050537
0.0001,2001.0,119.50387573242188,1.986045479774475
0.0001,2002.0,119.50386047363281,1.986005425453186
0.0001,2003.0,119.50382995605469,1.9859650135040283
0.0001,2004.0,119.50382232666016,1.9859250783920288
0.0001,2005.0,119.50381469726562,1.9858852624893188
0.0001,2006.0,119.50379180908203,1.9858452081680298
0.0001,2007.0,119.50377655029297,1.9858052730560303
0.0001,2008.0,119.50375366210938,1.9857654571533203
0.0001,2009.0,119.50374603271484,1.9857254028320312
0.0001,2010.0,119.50371551513672,1.9856857061386108
0.0001,2011.0,119.50369262695312,1.9856462478637695
0.0001,2012.0,119.50367736816406,1.9856064319610596
0.0001,2013.0,119.50365447998047,1.9855667352676392
0.0001,2014.0,119.50364685058594,1.9855272769927979
0.0001,2015.0,119.50362396240234,1.985487699508667
0.0001,2016.0,119.50361633300781,1.9854481220245361
0.0001,2017.0,119.50359344482422,1.9854090213775635
0.0001,2018.0,119.50357818603516,1.9853694438934326
0.0001,2019.0,119.50355529785156,1.9853302240371704
0.0001,2020.0,119.50354766845703,1.9852911233901978
0.0001,2021.0,119.50353240966797,1.9852516651153564
0.0001,2022.0,119.50350952148438,1.9852126836776733
0.0001,2023.0,119.50349426269531,1.9851734638214111
0.0001,2024.0,119.50347137451172,1.9851341247558594
0.0001,2025.0,119.50346374511719,1.9850952625274658
0.0001,2026.0,119.5034408569336,1.9850562810897827
0.0001,2027.0,119.50341796875,1.9850174188613892
0.0001,2028.0,119.50341033935547,1.984978437423706
0.0001,2029.0,119.5033950805664,1.9849398136138916
0.0001,2030.0,119.50337219238281,1.9849008321762085
0.0001,2031.0,119.50335693359375,1.984861969947815
0.0001,2032.0,119.50333404541016,1.9848235845565796
0.0001,2033.0,119.5033187866211,1.984784722328186
0.0001,2034.0,119.50331115722656,1.9847462177276611
0.0001,2035.0,119.50328826904297,1.9847074747085571
0.0001,2036.0,119.5032730102539,1.9846693277359009
0.0001,2037.0,119.50325775146484,1.984630823135376
0.0001,2038.0,119.50323486328125,1.9845921993255615
0.0001,2039.0,119.50321197509766,1.9845540523529053
0.0001,2040.0,119.50321197509766,1.9845155477523804
0.0001,2041.0,119.50318908691406,1.9844770431518555
0.0001,2042.0,119.50316619873047,1.9844392538070679
0.0001,2043.0,119.50316619873047,1.984400987625122
0.0001,2044.0,119.50314331054688,1.9843631982803345
0.0001,2045.0,119.50312042236328,1.9843246936798096
0.0001,2046.0,119.50310516357422,1.9842870235443115
0.0001,2047.0,119.50308990478516,1.9842487573623657
0.0001,2048.0,119.5030746459961,1.9842109680175781
0.0001,2049.0,119.5030517578125,1.9841728210449219
0.0001,2050.0,119.5030517578125,1.9841350317001343
0.0001,2051.0,119.5030288696289,1.9840974807739258
0.0001,2052.0,119.50301361083984,1.9840599298477173
0.0001,2053.0,119.50299072265625,1.9840219020843506
0.0001,2054.0,119.50297546386719,1.9839845895767212
0.0001,2055.0,119.50296020507812,1.9839465618133545
0.0001,2056.0,119.50294494628906,1.983909249305725
0.0001,2057.0,119.50292205810547,1.9838714599609375
0.0001,2058.0,119.5029067993164,1.9838342666625977
0.0001,2059.0,119.50288391113281,1.9837968349456787
0.0001,2060.0,119.50288391113281,1.9837591648101807
0.0001,2061.0,119.50286865234375,1.9837220907211304
0.0001,2062.0,119.50284576416016,1.9836848974227905
0.0001,2063.0,119.5028305053711,1.983647346496582
0.0001,2064.0,119.50281524658203,1.9836103916168213
0.0001,2065.0,119.5028076171875,1.983573317527771
0.0001,2066.0,119.50279235839844,1.9835363626480103
0.0001,2067.0,119.50277709960938,1.9834991693496704
0.0001,2068.0,119.50275421142578,1.9834620952606201
0.0001,2069.0,119.50273895263672,1.983425498008728
0.0001,2070.0,119.50272369384766,1.9833883047103882
0.0001,2071.0,119.5027084350586,1.983351469039917
0.0001,2072.0,119.50269317626953,1.9833142757415771
0.0001,2073.0,119.50267791748047,1.9832779169082642
0.0001,2074.0,119.5026626586914,1.983241319656372
0.0001,2075.0,119.50264739990234,1.9832044839859009
0.0001,2076.0,119.50262451171875,1.9831678867340088
0.0001,2077.0,119.50260925292969,1.9831314086914062
0.0001,2078.0,119.50259399414062,1.9830948114395142
0.0001,2079.0,119.50257873535156,1.983058214187622
0.0001,2080.0,119.5025634765625,1.9830219745635986
0.0001,2081.0,119.50254821777344,1.982985496520996
0.0001,2082.0,119.50253295898438,1.9829492568969727
0.0001,2083.0,119.50253295898438,1.9829126596450806
0.0001,2084.0,119.50251007080078,1.9828765392303467
0.0001,2085.0,119.50249481201172,1.9828399419784546
0.0001,2086.0,119.50247955322266,1.9828040599822998
0.0001,2087.0,119.5024642944336,1.9827678203582764
0.0001,2088.0,119.50244903564453,1.982731580734253
0.0001,2089.0,119.50243377685547,1.9826958179473877
0.0001,2090.0,119.5024185180664,1.9826596975326538
0.0001,2091.0,119.50240325927734,1.982623815536499
0.0001,2092.0,119.50238800048828,1.9825878143310547
0.0001,2093.0,119.50237274169922,1.9825519323349
0.0001,2094.0,119.50235748291016,1.9825162887573242
0.0001,2095.0,119.5023422241211,1.9824806451797485
0.0001,2096.0,119.50232696533203,1.9824447631835938
0.0001,2097.0,119.50231170654297,1.9824087619781494
0.0001,2098.0,119.50230407714844,1.9823729991912842
0.0001,2099.0,119.50228881835938,1.9823379516601562
0.0001,2100.0,119.50227355957031,1.9823024272918701
0.0001,2101.0,119.50225830078125,1.9822667837142944
0.0001,2102.0,119.50224304199219,1.9822311401367188
0.0001,2103.0,119.50222778320312,1.9821960926055908
0.0001,2104.0,119.50221252441406,1.9821603298187256
0.0001,2105.0,119.50218963623047,1.9821250438690186
0.0001,2106.0,119.5021743774414,1.9820899963378906
0.0001,2107.0,119.50215911865234,1.9820547103881836
0.0001,2108.0,119.50214385986328,1.9820191860198975
0.0001,2109.0,119.50212860107422,1.9819844961166382
0.0001,2110.0,119.50212097167969,1.9819494485855103
0.0001,2111.0,119.50210571289062,1.9819141626358032
0.0001,2112.0,119.50209045410156,1.9818792343139648
0.0001,2113.0,119.5020751953125,1.981844186782837
0.0001,2114.0,119.50206756591797,1.9818092584609985
0.0001,2115.0,119.5020523071289,1.9817743301391602
0.0001,2116.0,119.50202941894531,1.9817396402359009
0.0001,2117.0,119.50202178955078,1.9817047119140625
0.0001,2118.0,119.50200653076172,1.9816697835922241
0.0001,2119.0,119.50199127197266,1.9816348552703857
0.0001,2120.0,119.50198364257812,1.9816004037857056
0.0001,2121.0,119.50196838378906,1.9815658330917358
0.0001,2122.0,119.50196075439453,1.9815313816070557
0.0001,2123.0,119.5019302368164,1.981496810913086
0.0001,2124.0,119.50191497802734,1.9814622402191162
0.0001,2125.0,119.50190734863281,1.981427788734436
0.0001,2126.0,119.50189208984375,1.9813932180404663
0.0001,2127.0,119.50188446044922,1.9813588857650757
0.0001,2128.0,119.50186920166016,1.9813249111175537
0.0001,2129.0,119.50184631347656,1.9812902212142944
0.0001,2130.0,119.5018310546875,1.9812562465667725
0.0001,2131.0,119.50182342529297,1.9812219142913818
0.0001,2132.0,119.5018081665039,1.9811878204345703
0.0001,2133.0,119.50180053710938,1.9811537265777588
0.0001,2134.0,119.50177764892578,1.9811195135116577
0.0001,2135.0,119.50177001953125,1.9810855388641357
0.0001,2136.0,119.50175476074219,1.9810516834259033
0.0001,2137.0,119.50174713134766,1.9810174703598022
0.0001,2138.0,119.50172424316406,1.9809837341308594
0.0001,2139.0,119.501708984375,1.9809499979019165
0.0001,2140.0,119.50170135498047,1.9809157848358154
0.0001,2141.0,119.5016860961914,1.9808822870254517
0.0001,2142.0,119.50167083740234,1.9808485507965088
0.0001,2143.0,119.50166320800781,1.9808149337768555
0.0001,2144.0,119.50164794921875,1.9807813167572021
0.0001,2145.0,119.50164031982422,1.9807475805282593
0.0001,2146.0,119.50161743164062,1.980714201927185
0.0001,2147.0,119.50160217285156,1.9806807041168213
0.0001,2148.0,119.50159454345703,1.980647087097168
0.0001,2149.0,119.50157165527344,1.9806134700775146
0.0001,2150.0,119.50155639648438,1.9805799722671509
0.0001,2151.0,119.50154876708984,1.9805465936660767
0.0001,2152.0,119.50153350830078,1.980513572692871
0.0001,2153.0,119.50152587890625,1.9804799556732178
0.0001,2154.0,119.50151824951172,1.9804470539093018
0.0001,2155.0,119.50150299072266,1.980413794517517
0.0001,2156.0,119.50148010253906,1.980380654335022
0.0001,2157.0,119.50147247314453,1.9803476333618164
0.0001,2158.0,119.50145721435547,1.9803146123886108
0.0001,2159.0,119.50144958496094,1.9802815914154053
0.0001,2160.0,119.50143432617188,1.9802484512329102
0.0001,2161.0,119.50141143798828,1.9802157878875732
0.0001,2162.0,119.50140380859375,1.9801830053329468
0.0001,2163.0,119.50139617919922,1.9801498651504517
0.0001,2164.0,119.50137329101562,1.9801172018051147
0.0001,2165.0,119.5013656616211,1.9800844192504883
0.0001,2166.0,119.50135803222656,1.9800517559051514
0.0001,2167.0,119.5013427734375,1.980018973350525
0.0001,2168.0,119.50133514404297,1.9799864292144775
0.0001,2169.0,119.50131225585938,1.9799537658691406
0.0001,2170.0,119.50130462646484,1.9799211025238037
0.0001,2171.0,119.50129699707031,1.9798885583877563
0.0001,2172.0,119.50127410888672,1.9798558950424194
0.0001,2173.0,119.50126647949219,1.9798237085342407
0.0001,2174.0,119.50125122070312,1.9797914028167725
0.0001,2175.0,119.5012435913086,1.979758620262146
0.0001,2176.0,119.501220703125,1.979726791381836
0.0001,2177.0,119.50121307373047,1.979694128036499
0.0001,2178.0,119.5011978149414,1.9796619415283203
0.0001,2179.0,119.50119018554688,1.9796298742294312
0.0001,2180.0,119.50118255615234,1.979597806930542
0.0001,2181.0,119.50115966796875,1.9795653820037842
0.0001,2182.0,119.50115203857422,1.9795334339141846
0.0001,2183.0,119.50113677978516,1.9795013666152954
0.0001,2184.0,119.50112915039062,1.9794692993164062
0.0001,2185.0,119.50110626220703,1.9794378280639648
0.0001,2186.0,119.50110626220703,1.979405403137207
0.0001,2187.0,119.50108337402344,1.9793736934661865
0.0001,2188.0,119.5010757446289,1.979341745376587
0.0001,2189.0,119.50106048583984,1.9793102741241455
0.0001,2190.0,119.50105285644531,1.9792782068252563
0.0001,2191.0,119.50102996826172,1.9792464971542358
0.0001,2192.0,119.50102996826172,1.9792150259017944
0.0001,2193.0,119.50101470947266,1.9791834354400635
0.0001,2194.0,119.50100708007812,1.979151725769043
0.0001,2195.0,119.50098419189453,1.9791202545166016
0.0001,2196.0,119.50098419189453,1.9790884256362915
0.0001,2197.0,119.50096130371094,1.97905695438385
0.0001,2198.0,119.50094604492188,1.9790256023406982
0.0001,2199.0,119.50093841552734,1.9789941310882568
0.0001,2200.0,119.50092315673828,1.9789631366729736
0.0001,2201.0,119.50091552734375,1.9789316654205322
0.0001,2202.0,119.50090026855469,1.9789003133773804
0.0001,2203.0,119.50090026855469,1.978869080543518
0.0001,2204.0,119.5008773803711,1.9788379669189453
0.0001,2205.0,119.5008544921875,1.9788068532943726
0.0001,2206.0,119.5008544921875,1.9787757396697998
0.0001,2207.0,119.50083923339844,1.9787445068359375
0.0001,2208.0,119.50083923339844,1.9787136316299438
0.0001,2209.0,119.50081634521484,1.9786827564239502
0.0001,2210.0,119.50080108642578,1.9786516427993774
0.0001,2211.0,119.50080108642578,1.9786205291748047
0.0001,2212.0,119.50077819824219,1.9785897731781006
0.0001,2213.0,119.50077819824219,1.978558897972107
0.0001,2214.0,119.5007553100586,1.9785277843475342
0.0001,2215.0,119.50074768066406,1.9784972667694092
0.0001,2216.0,119.50074005126953,1.9784663915634155
0.0001,2217.0,119.50072479248047,1.9784358739852905
0.0001,2218.0,119.5007095336914,1.9784049987792969
0.0001,2219.0,119.5007095336914,1.978374719619751
0.0001,2220.0,119.50068664550781,1.9783436059951782
0.0001,2221.0,119.50067138671875,1.9783132076263428
0.0001,2222.0,119.50066375732422,1.978283166885376
0.0001,2223.0,119.50065612792969,1.9782521724700928
0.0001,2224.0,119.5006332397461,1.978222131729126
0.0001,2225.0,119.5006332397461,1.9781917333602905
0.0001,2226.0,119.50062561035156,1.9781614542007446
0.0001,2227.0,119.50060272216797,1.9781310558319092
0.0001,2228.0,119.50060272216797,1.9781007766723633
0.0001,2229.0,119.50057983398438,1.978070616722107
0.0001,2230.0,119.50057220458984,1.978040337562561
0.0001,2231.0,119.50057220458984,1.9780099391937256
0.0001,2232.0,119.50054931640625,1.9779800176620483
0.0001,2233.0,119.50054168701172,1.977950096130371
0.0001,2234.0,119.50052642822266,1.9779199361801147
0.0001,2235.0,119.50051879882812,1.9778900146484375
0.0001,2236.0,119.50050354003906,1.9778598546981812
0.0001,2237.0,119.50049591064453,1.977829933166504
0.0001,2238.0,119.50048065185547,1.9778000116348267
0.0001,2239.0,119.50047302246094,1.977770447731018
0.0001,2240.0,119.5004653930664,1.9777402877807617
0.0001,2241.0,119.50045013427734,1.9777107238769531
0.0001,2242.0,119.50042724609375,1.9776809215545654
0.0001,2243.0,119.50042724609375,1.9776513576507568
0.0001,2244.0,119.50041961669922,1.9776214361190796
0.0001,2245.0,119.50040435791016,1.977591872215271
0.0001,2246.0,119.50039672851562,1.9775623083114624
0.0001,2247.0,119.50038146972656,1.9775326251983643
0.0001,2248.0,119.50037384033203,1.9775031805038452
0.0001,2249.0,119.50035858154297,1.9774739742279053
0.0001,2250.0,119.50035095214844,1.9774442911148071
0.0001,2251.0,119.50033569335938,1.9774150848388672
0.0001,2252.0,119.50032806396484,1.9773855209350586
0.0001,2253.0,119.50032806396484,1.977356195449829
0.0001,2254.0,119.50030517578125,1.9773269891738892
0.0001,2255.0,119.50028991699219,1.9772977828979492
0.0001,2256.0,119.50028228759766,1.9772685766220093
0.0001,2257.0,119.5002670288086,1.9772393703460693
0.0001,2258.0,119.50025939941406,1.9772100448608398
0.0001,2259.0,119.50025939941406,1.977181077003479
0.0001,2260.0,119.500244140625,1.9771521091461182
0.0001,2261.0,119.50022888183594,1.9771230220794678
0.0001,2262.0,119.5002212524414,1.977094054222107
0.0001,2263.0,119.50020599365234,1.977065086364746
0.0001,2264.0,119.50019836425781,1.9770361185073853
0.0001,2265.0,119.50018310546875,1.977007269859314
0.0001,2266.0,119.50016784667969,1.9769786596298218
0.0001,2267.0,119.50016784667969,1.97694993019104
0.0001,2268.0,119.50016021728516,1.9769207239151
0.0001,2269.0,119.5001449584961,1.9768922328948975
0.0001,2270.0,119.50013732910156,1.9768635034561157
0.0001,2271.0,119.5001220703125,1.9768348932266235
0.0001,2272.0,119.50010681152344,1.9768062829971313
0.0001,2273.0,119.5000991821289,1.9767776727676392
0.0001,2274.0,119.50008392333984,1.976749062538147
0.0001,2275.0,119.50008392333984,1.9767205715179443
0.0001,2276.0,119.50006866455078,1.9766918420791626
0.0001,2277.0,119.50005340576172,1.976663589477539
0.0001,2278.0,119.50005340576172,1.9766349792480469
0.0001,2279.0,119.50004577636719,1.9766066074371338
0.0001,2280.0,119.50003051757812,1.9765783548355103
0.0001,2281.0,119.5000228881836,1.9765498638153076
0.0001,2282.0,119.50001525878906,1.9765220880508423
0.0001,2283.0,119.5,1.9764935970306396
0.0001,2284.0,119.49999237060547,1.9764655828475952
0.0001,2285.0,119.4999771118164,1.9764375686645508
0.0001,2286.0,119.49996948242188,1.9764091968536377
0.0001,2287.0,119.49996185302734,1.9763813018798828
0.0001,2288.0,119.49994659423828,1.9763530492782593
0.0001,2289.0,119.49993896484375,1.9763250350952148
0.0001,2290.0,119.49992370605469,1.9762967824935913
0.0001,2291.0,119.49992370605469,1.9762691259384155
0.0001,2292.0,119.49990844726562,1.976241111755371
0.0001,2293.0,119.49989318847656,1.9762134552001953
0.0001,2294.0,119.49988555908203,1.9761855602264404
0.0001,2295.0,119.4998779296875,1.976157784461975
0.0001,2296.0,119.49987030029297,1.9761297702789307
0.0001,2297.0,119.4998550415039,1.9761018753051758
0.0001,2298.0,119.49984741210938,1.9760745763778687
0.0001,2299.0,119.49983978271484,1.9760469198226929
0.0001,2300.0,119.49982452392578,1.976019263267517
0.0001,2301.0,119.49982452392578,1.9759914875030518
0.0001,2302.0,119.49980926513672,1.9759639501571655
0.0001,2303.0,119.49980163574219,1.9759366512298584
0.0001,2304.0,119.49979400634766,1.9759089946746826
0.0001,2305.0,119.49977111816406,1.975881576538086
0.0001,2306.0,119.49976348876953,1.975854516029358
0.0001,2307.0,119.49974822998047,1.9758268594741821
0.0001,2308.0,119.49974822998047,1.975799798965454
0.0001,2309.0,119.4997329711914,1.9757721424102783
0.0001,2310.0,119.4997329711914,1.9757448434829712
0.0001,2311.0,119.49971771240234,1.9757177829742432
0.0001,2312.0,119.49971008300781,1.975690245628357
0.0001,2313.0,119.49970245361328,1.9756629467010498
0.0001,2314.0,119.49969482421875,1.9756358861923218
0.0001,2315.0,119.49968719482422,1.9756090641021729
0.0001,2316.0,119.49966430664062,1.9755817651748657
0.0001,2317.0,119.4996566772461,1.9755547046661377
0.0001,2318.0,119.49964904785156,1.9755280017852783
0.0001,2319.0,119.49964141845703,1.9755007028579712
0.0001,2320.0,119.4996337890625,1.9754739999771118
0.0001,2321.0,119.49961853027344,1.9754470586776733
0.0001,2322.0,119.49961853027344,1.9754202365875244
0.0001,2323.0,119.49960327148438,1.9753936529159546
0.0001,2324.0,119.49958801269531,1.9753668308258057
0.0001,2325.0,119.49958038330078,1.975339651107788
0.0001,2326.0,119.49957275390625,1.9753131866455078
0.0001,2327.0,119.49956512451172,1.9752864837646484
0.0001,2328.0,119.49955749511719,1.9752601385116577
0.0001,2329.0,119.49954986572266,1.9752333164215088
0.0001,2330.0,119.4995346069336,1.9752063751220703
0.0001,2331.0,119.49951934814453,1.9751800298690796
0.0001,2332.0,119.49951934814453,1.9751536846160889
0.0001,2333.0,119.49951171875,1.9751269817352295
0.0001,2334.0,119.49949645996094,1.9751005172729492
0.0001,2335.0,119.49949645996094,1.975074052810669
0.0001,2336.0,119.49948120117188,1.9750480651855469
0.0001,2337.0,119.49947357177734,1.9750217199325562
0.0001,2338.0,119.49945831298828,1.9749950170516968
0.0001,2339.0,119.49945831298828,1.9749685525894165
0.0001,2340.0,119.49944305419922,1.9749428033828735
0.0001,2341.0,119.49943542480469,1.9749164581298828
0.0001,2342.0,119.49942016601562,1.974890112876892
0.0001,2343.0,119.49942016601562,1.9748640060424805
0.0001,2344.0,119.4994125366211,1.9748380184173584
0.0001,2345.0,119.49939727783203,1.9748117923736572
0.0001,2346.0,119.49938201904297,1.9747860431671143
0.0001,2347.0,119.49938201904297,1.9747600555419922
0.0001,2348.0,119.49937438964844,1.9747337102890015
0.0001,2349.0,119.49935913085938,1.974707841873169
0.0001,2350.0,119.49935150146484,1.9746818542480469
0.0001,2351.0,119.49934387207031,1.9746558666229248
0.0001,2352.0,119.49933624267578,1.9746301174163818
0.0001,2353.0,119.49932098388672,1.9746043682098389
0.0001,2354.0,119.49931335449219,1.9745782613754272
0.0001,2355.0,119.49931335449219,1.974552869796753
0.0001,2356.0,119.49929809570312,1.97452712059021
0.0001,2357.0,119.4992904663086,1.974501371383667
0.0001,2358.0,119.49928283691406,1.9744758605957031
0.0001,2359.0,119.499267578125,1.9744501113891602
0.0001,2360.0,119.499267578125,1.9744243621826172
0.0001,2361.0,119.49925231933594,1.9743989706039429
0.0001,2362.0,119.4992446899414,1.9743738174438477
0.0001,2363.0,119.49922943115234,1.9743483066558838
0.0001,2364.0,119.49922943115234,1.9743225574493408
0.0001,2365.0,119.49922180175781,1.9742971658706665
0.0001,2366.0,119.49920654296875,1.9742720127105713
0.0001,2367.0,119.49919891357422,1.9742463827133179
0.0001,2368.0,119.49919891357422,1.9742212295532227
0.0001,2369.0,119.49917602539062,1.9741954803466797
0.0001,2370.0,119.49917602539062,1.974170446395874
0.0001,2371.0,119.4991683959961,1.974145531654358
0.0001,2372.0,119.49915313720703,1.9741203784942627
0.0001,2373.0,119.4991455078125,1.9740949869155884
0.0001,2374.0,119.49913787841797,1.9740698337554932
0.0001,2375.0,119.49913787841797,1.9740445613861084
0.0001,2376.0,119.49913024902344,1.9740196466445923
0.0001,2377.0,119.49911499023438,1.9739946126937866
0.0001,2378.0,119.49910736083984,1.97396981716156
0.0001,2379.0,119.49910736083984,1.9739446640014648
0.0001,2380.0,119.49908447265625,1.9739198684692383
0.0001,2381.0,119.49908447265625,1.9738948345184326
0.0001,2382.0,119.49906921386719,1.9738699197769165
0.0001,2383.0,119.49906158447266,1.97384512424469
0.0001,2384.0,119.49906158447266,1.9738203287124634
0.0001,2385.0,119.4990463256836,1.9737956523895264
0.0001,2386.0,119.4990463256836,1.9737707376480103
0.0001,2387.0,119.4990234375,1.9737459421157837
0.0001,2388.0,119.4990234375,1.9737212657928467
0.0001,2389.0,119.49900817871094,1.9736967086791992
0.0001,2390.0,119.49900817871094,1.9736725091934204
0.0001,2391.0,119.4990005493164,1.9736478328704834
0.0001,2392.0,119.49898529052734,1.9736230373382568
0.0001,2393.0,119.49898529052734,1.9735984802246094
0.0001,2394.0,119.49897003173828,1.9735740423202515
0.0001,2395.0,119.49897003173828,1.9735496044158936
0.0001,2396.0,119.49895477294922,1.973524808883667
0.0001,2397.0,119.49894714355469,1.9735006093978882
0.0001,2398.0,119.49893951416016,1.9734761714935303
0.0001,2399.0,119.49893188476562,1.9734519720077515
0.0001,2400.0,119.49891662597656,1.9734275341033936
0.0001,2401.0,119.49890899658203,1.9734033346176147
0.0001,2402.0,119.49891662597656,1.973379135131836
0.0001,2403.0,119.4989013671875,1.9733550548553467
0.0001,2404.0,119.49889373779297,1.9733308553695679
0.0001,2405.0,119.49888610839844,1.973306655883789
0.0001,2406.0,119.4988784790039,1.9732825756072998
0.0001,2407.0,119.49886322021484,1.9732586145401
0.0001,2408.0,119.49886322021484,1.9732345342636108
0.0001,2409.0,119.49884796142578,1.9732105731964111
0.0001,2410.0,119.49885559082031,1.973186731338501
0.0001,2411.0,119.49883270263672,1.9731624126434326
0.0001,2412.0,119.49881744384766,1.9731385707855225
0.0001,2413.0,119.49882507324219,1.9731146097183228
0.0001,2414.0,119.4988021850586,1.9730907678604126
0.0001,2415.0,119.49880981445312,1.9730669260025024
0.0001,2416.0,119.49879455566406,1.9730430841445923
0.0001,2417.0,119.49878692626953,1.9730192422866821
0.0001,2418.0,119.498779296875,1.972995400428772
0.0001,2419.0,119.49877166748047,1.9729721546173096
0.0001,2420.0,119.49876403808594,1.9729480743408203
0.0001,2421.0,119.4987564086914,1.9729244709014893
0.0001,2422.0,119.49874877929688,1.9729011058807373
0.0001,2423.0,119.49873352050781,1.9728771448135376
0.0001,2424.0,119.49873352050781,1.9728538990020752
0.0001,2425.0,119.49871826171875,1.9728301763534546
0.0001,2426.0,119.49872589111328,1.9728065729141235
0.0001,2427.0,119.49870300292969,1.9727834463119507
0.0001,2428.0,119.49871063232422,1.9727599620819092
0.0001,2429.0,119.49869537353516,1.9727363586425781
0.0001,2430.0,119.4986801147461,1.9727128744125366
0.0001,2431.0,119.4986801147461,1.9726893901824951
0.0001,2432.0,119.49867248535156,1.9726663827896118
0.0001,2433.0,119.49867248535156,1.9726431369781494
0.0001,2434.0,119.4986572265625,1.9726197719573975
0.0001,2435.0,119.49864959716797,1.972596526145935
0.0001,2436.0,119.49864196777344,1.9725735187530518
0.0001,2437.0,119.4986343383789,1.9725501537322998
0.0001,2438.0,119.49862670898438,1.9725271463394165
0.0001,2439.0,119.49861907958984,1.9725042581558228
0.0001,2440.0,119.49861145019531,1.9724807739257812
0.0001,2441.0,119.49860382080078,1.9724581241607666
0.0001,2442.0,119.49859619140625,1.972434639930725
0.0001,2443.0,119.49858856201172,1.9724117517471313
0.0001,2444.0,119.49858093261719,1.9723889827728271
0.0001,2445.0,119.49857330322266,1.9723659753799438
0.0001,2446.0,119.49856567382812,1.97234308719635
0.0001,2447.0,119.4985580444336,1.972320318222046
0.0001,2448.0,119.49855041503906,1.9722973108291626
0.0001,2449.0,119.49854278564453,1.9722745418548584
0.0001,2450.0,119.49854278564453,1.972251534461975
0.0001,2451.0,119.49852752685547,1.972228765487671
0.0001,2452.0,119.49851989746094,1.9722063541412354
0.0001,2453.0,119.49851989746094,1.9721834659576416
0.0001,2454.0,119.49850463867188,1.9721609354019165
0.0001,2455.0,119.49849700927734,1.9721380472183228
0.0001,2456.0,119.49848937988281,1.9721157550811768
0.0001,2457.0,119.49848937988281,1.9720932245254517
0.0001,2458.0,119.49848175048828,1.9720706939697266
0.0001,2459.0,119.49846649169922,1.972048044204712
0.0001,2460.0,119.49846649169922,1.9720256328582764
0.0001,2461.0,119.49845886230469,1.9720027446746826
0.0001,2462.0,119.49845123291016,1.9719804525375366
0.0001,2463.0,119.4984359741211,1.9719583988189697
0.0001,2464.0,119.4984359741211,1.9719359874725342
0.0001,2465.0,119.49842834472656,1.9719135761260986
0.0001,2466.0,119.4984130859375,1.971891164779663
0.0001,2467.0,119.49842071533203,1.9718691110610962
0.0001,2468.0,119.4984130859375,1.9718468189239502
0.0001,2469.0,119.49839782714844,1.9718244075775146
0.0001,2470.0,119.4983901977539,1.9718021154403687
0.0001,2471.0,119.4983901977539,1.9717804193496704
0.0001,2472.0,119.49837493896484,1.9717578887939453
0.0001,2473.0,119.49836730957031,1.9717357158660889
0.0001,2474.0,119.49835968017578,1.9717140197753906
0.0001,2475.0,119.49835205078125,1.9716917276382446
0.0001,2476.0,119.49835205078125,1.9716697931289673
0.0001,2477.0,119.49834442138672,1.9716476202011108
0.0001,2478.0,119.49833679199219,1.971625566482544
0.0001,2479.0,119.49832916259766,1.9716037511825562
0.0001,2480.0,119.49832916259766,1.9715816974639893
0.0001,2481.0,119.49832153320312,1.9715598821640015
0.0001,2482.0,119.4983139038086,1.9715381860733032
0.0001,2483.0,119.49829864501953,1.9715163707733154
0.0001,2484.0,119.498291015625,1.971494436264038
0.0001,2485.0,119.49829864501953,1.9714727401733398
0.0001,2486.0,119.49828338623047,1.9714510440826416
0.0001,2487.0,119.49827575683594,1.9714292287826538
0.0001,2488.0,119.4982681274414,1.9714076519012451
0.0001,2489.0,119.49826049804688,1.9713859558105469
0.0001,2490.0,119.49825286865234,1.9713642597198486
0.0001,2491.0,119.49825286865234,1.97134268283844
0.0001,2492.0,119.49824523925781,1.9713211059570312
0.0001,2493.0,119.49823760986328,1.9712995290756226
0.0001,2494.0,119.49822235107422,1.9712779521942139
0.0001,2495.0,119.49821472167969,1.9712566137313843
0.0001,2496.0,119.49820709228516,1.971234917640686
0.0001,2497.0,119.49819946289062,1.971213698387146
0.0001,2498.0,119.49819946289062,1.9711920022964478
0.0001,2499.0,119.4981918334961,1.9711707830429077
0.0001,2500.0,119.4981918334961,1.9711496829986572
0.0001,2501.0,119.49818420410156,1.971128225326538
0.0001,2502.0,119.4981689453125,1.9711068868637085
0.0001,2503.0,119.49816131591797,1.9710859060287476
0.0001,2504.0,119.49815368652344,1.9710643291473389
0.0001,2505.0,119.4981460571289,1.9710429906845093
0.0001,2506.0,119.4981460571289,1.9710220098495483
0.0001,2507.0,119.4981460571289,1.9710009098052979
0.0001,2508.0,119.49813842773438,1.9709796905517578
0.0001,2509.0,119.49813079833984,1.9709584712982178
0.0001,2510.0,119.49811553955078,1.9709374904632568
0.0001,2511.0,119.49810791015625,1.970916509628296
0.0001,2512.0,119.49810791015625,1.9708954095840454
0.0001,2513.0,119.49810028076172,1.9708747863769531
0.0001,2514.0,119.49809265136719,1.970853567123413
0.0001,2515.0,119.49807739257812,1.9708324670791626
0.0001,2516.0,119.4980697631836,1.9708118438720703
0.0001,2517.0,119.49808502197266,1.9707908630371094
0.0001,2518.0,119.4980697631836,1.970770239830017
0.0001,2519.0,119.49806213378906,1.9707492589950562
0.0001,2520.0,119.49805450439453,1.9707282781600952
0.0001,2521.0,119.49805450439453,1.970707654953003
0.0001,2522.0,119.498046875,1.970686674118042
0.0001,2523.0,119.49803161621094,1.9706661701202393
0.0001,2524.0,119.49803161621094,1.9706451892852783
0.0001,2525.0,119.4980239868164,1.9706249237060547
0.0001,2526.0,119.49801635742188,1.9706041812896729
0.0001,2527.0,119.49801635742188,1.9705836772918701
0.0001,2528.0,119.49800109863281,1.9705629348754883
0.0001,2529.0,119.49799346923828,1.970542550086975
0.0001,2530.0,119.49799346923828,1.970522165298462
0.0001,2531.0,119.49798583984375,1.9705009460449219
0.0001,2532.0,119.49797821044922,1.9704806804656982
0.0001,2533.0,119.49797058105469,1.970460295677185
0.0001,2534.0,119.49796295166016,1.970440149307251
0.0001,2535.0,119.49795532226562,1.9704196453094482
0.0001,2536.0,119.49795532226562,1.9703994989395142
0.0001,2537.0,119.4979476928711,1.9703788757324219
0.0001,2538.0,119.49794006347656,1.9703584909439087
0.0001,2539.0,119.49793243408203,1.9703384637832642
0.0001,2540.0,119.4979248046875,1.970318078994751
0.0001,2541.0,119.4979248046875,1.9702980518341064
0.0001,2542.0,119.49791717529297,1.970277190208435
0.0001,2543.0,119.49790954589844,1.9702575206756592
0.0001,2544.0,119.4979019165039,1.970237135887146
0.0001,2545.0,119.4979019165039,1.970216989517212
0.0001,2546.0,119.49789428710938,1.970197319984436
0.0001,2547.0,119.49789428710938,1.9701770544052124
0.0001,2548.0,119.49787902832031,1.9701566696166992
0.0001,2549.0,119.49787902832031,1.9701370000839233
0.0001,2550.0,119.49787139892578,1.9701168537139893
0.0001,2551.0,119.49786376953125,1.9700969457626343
0.0001,2552.0,119.49786376953125,1.9700771570205688
0.0001,2553.0,119.49784851074219,1.9700571298599243
0.0001,2554.0,119.49784851074219,1.9700374603271484
0.0001,2555.0,119.49783325195312,1.9700171947479248
0.0001,2556.0,119.4978256225586,1.9699974060058594
0.0001,2557.0,119.4978256225586,1.969977617263794
0.0001,2558.0,119.49781799316406,1.969957709312439
0.0001,2559.0,119.49781799316406,1.969938039779663
0.0001,2560.0,119.497802734375,1.9699182510375977
0.0001,2561.0,119.497802734375,1.9698988199234009
0.0001,2562.0,119.49779510498047,1.9698787927627563
0.0001,2563.0,119.49779510498047,1.9698591232299805
0.0001,2564.0,119.49779510498047,1.9698398113250732
0.0001,2565.0,119.4977798461914,1.969820261001587
0.0001,2566.0,119.4977798461914,1.969800591468811
0.0001,2567.0,119.49775695800781,1.9697809219360352
0.0001,2568.0,119.49775695800781,1.9697614908218384
0.0001,2569.0,119.49775695800781,1.9697418212890625
0.0001,2570.0,119.49774932861328,1.9697227478027344
0.0001,2571.0,119.49774932861328,1.9697030782699585
0.0001,2572.0,119.49774169921875,1.9696834087371826
0.0001,2573.0,119.49773406982422,1.969664216041565
0.0001,2574.0,119.49773406982422,1.9696449041366577
0.0001,2575.0,119.49771881103516,1.969625473022461
0.0001,2576.0,119.49771118164062,1.969605803489685
0.0001,2577.0,119.49771118164062,1.969586730003357
0.0001,2578.0,119.49771118164062,1.9695676565170288
0.0001,2579.0,119.49769592285156,1.969548225402832
0.0001,2580.0,119.49769592285156,1.969529151916504
0.0001,2581.0,119.4976806640625,1.969509482383728
0.0001,2582.0,119.49767303466797,1.9694907665252686
0.0001,2583.0,119.49767303466797,1.9694715738296509
0.0001,2584.0,119.49767303466797,1.969452142715454
0.0001,2585.0,119.49767303466797,1.9694331884384155
0.0001,2586.0,119.4976577758789,1.9694139957427979
0.0001,2587.0,119.49765014648438,1.9693952798843384
0.0001,2588.0,119.49764251708984,1.9693763256072998
0.0001,2589.0,119.49764251708984,1.9693571329116821
0.0001,2590.0,119.49764251708984,1.969338059425354
0.0001,2591.0,119.49763488769531,1.9693193435668945
0.0001,2592.0,119.49763488769531,1.9693002700805664
0.0001,2593.0,119.49761962890625,1.9692814350128174
0.0001,2594.0,119.49761962890625,1.9692624807357788
0.0001,2595.0,119.49760437011719,1.9692434072494507
0.0001,2596.0,119.49760437011719,1.9692245721817017
0.0001,2597.0,119.49758911132812,1.969205617904663
0.0001,2598.0,119.49758911132812,1.9691870212554932
0.0001,2599.0,119.49758911132812,1.9691684246063232
0.0001,2600.0,119.49758911132812,1.9691498279571533
0.0001,2601.0,119.49758911132812,1.9691311120986938
0.0001,2602.0,119.49756622314453,1.9691121578216553
0.0001,2603.0,119.49756622314453,1.9690935611724854
0.0001,2604.0,119.49755859375,1.9690749645233154
0.0001,2605.0,119.49755859375,1.9690567255020142
0.0001,2606.0,119.49754333496094,1.9690377712249756
0.0001,2607.0,119.49754333496094,1.9690192937850952
0.0001,2608.0,119.49754333496094,1.9690008163452148
0.0001,2609.0,119.49754333496094,1.968982458114624
0.0001,2610.0,119.49752044677734,1.9689639806747437
0.0001,2611.0,119.49752044677734,1.9689455032348633
0.0001,2612.0,119.49752044677734,1.968927025794983
0.0001,2613.0,119.49751281738281,1.968908667564392
0.0001,2614.0,119.49750518798828,1.9688901901245117
0.0001,2615.0,119.49749755859375,1.968871831893921
0.0001,2616.0,119.49749755859375,1.9688537120819092
0.0001,2617.0,119.49749755859375,1.9688351154327393
0.0001,2618.0,119.49748229980469,1.9688167572021484
0.0001,2619.0,119.49748229980469,1.9687988758087158
0.0001,2620.0,119.49748229980469,1.968780517578125
0.0001,2621.0,119.49746704101562,1.9687623977661133
0.0001,2622.0,119.49746704101562,1.968743920326233
0.0001,2623.0,119.49746704101562,1.9687259197235107
0.0001,2624.0,119.49745178222656,1.968707799911499
0.0001,2625.0,119.49745178222656,1.9686895608901978
0.0001,2626.0,119.49744415283203,1.968671441078186
0.0001,2627.0,119.49744415283203,1.9686533212661743
0.0001,2628.0,119.49742889404297,1.9686353206634521
0.0001,2629.0,119.49742889404297,1.9686172008514404
0.0001,2630.0,119.49742889404297,1.9685993194580078
0.0001,2631.0,119.4974136352539,1.9685814380645752
0.0001,2632.0,119.4974136352539,1.9685633182525635
0.0001,2633.0,119.4974136352539,1.9685453176498413
0.0001,2634.0,119.49739837646484,1.9685274362564087
0.0001,2635.0,119.49740600585938,1.9685094356536865
0.0001,2636.0,119.49740600585938,1.9684919118881226
0.0001,2637.0,119.49739074707031,1.96847403049469
0.0001,2638.0,119.49739074707031,1.9684560298919678
0.0001,2639.0,119.49738311767578,1.9684383869171143
0.0001,2640.0,119.49737548828125,1.9684206247329712
0.0001,2641.0,119.49736785888672,1.9684028625488281
0.0001,2642.0,119.49736022949219,1.968385100364685
0.0001,2643.0,119.49735260009766,1.968367576599121
0.0001,2644.0,119.49736022949219,1.968349814414978
0.0001,2645.0,119.49734497070312,1.9683325290679932
0.0001,2646.0,119.49734497070312,1.968314528465271
0.0001,2647.0,119.49734497070312,1.9682972431182861
0.0001,2648.0,119.49732971191406,1.968279480934143
0.0001,2649.0,119.49732971191406,1.96826171875
0.0001,2650.0,119.49732208251953,1.968244194984436
0.0001,2651.0,119.49732208251953,1.9682267904281616
0.0001,2652.0,119.49732208251953,1.9682092666625977
0.0001,2653.0,119.49730682373047,1.9681918621063232
0.0001,2654.0,119.49730682373047,1.9681743383407593
0.0001,2655.0,119.49729919433594,1.968157172203064
0.0001,2656.0,119.49729919433594,1.9681396484375
0.0001,2657.0,119.49729919433594,1.9681222438812256
0.0001,2658.0,119.49728393554688,1.9681049585342407
0.0001,2659.0,119.49728393554688,1.9680877923965454
0.0001,2660.0,119.49727630615234,1.968070387840271
0.0001,2661.0,119.49727630615234,1.968052864074707
0.0001,2662.0,119.49726867675781,1.9680359363555908
0.0001,2663.0,119.49726104736328,1.9680187702178955
0.0001,2664.0,119.49726104736328,1.9680016040802002
0.0001,2665.0,119.49725341796875,1.9679839611053467
0.0001,2666.0,119.49724578857422,1.9679667949676514
0.0001,2667.0,119.49724578857422,1.9679501056671143
0.0001,2668.0,119.49723815917969,1.9679330587387085
0.0001,2669.0,119.49723052978516,1.9679155349731445
0.0001,2670.0,119.49722290039062,1.9678986072540283
0.0001,2671.0,119.49723052978516,1.9678817987442017
0.0001,2672.0,119.4972152709961,1.9678643941879272
0.0001,2673.0,119.4972152709961,1.967847466468811
0.0001,2674.0,119.49720764160156,1.9678306579589844
0.0001,2675.0,119.49720764160156,1.9678137302398682
0.0001,2676.0,119.4971923828125,1.9677965641021729
0.0001,2677.0,119.49720001220703,1.9677797555923462
0.0001,2678.0,119.49718475341797,1.9677631855010986
0.0001,2679.0,119.49718475341797,1.9677460193634033
0.0001,2680.0,119.49717712402344,1.9677292108535767
0.0001,2681.0,119.49717712402344,1.96771240234375
0.0001,2682.0,119.4971694946289,1.9676954746246338
0.0001,2683.0,119.4971694946289,1.9676790237426758
0.0001,2684.0,119.49715423583984,1.9676622152328491
0.0001,2685.0,119.49716186523438,1.967645287513733
0.0001,2686.0,119.49714660644531,1.9676287174224854
0.0001,2687.0,119.49715423583984,1.9676120281219482
0.0001,2688.0,119.49713897705078,1.967595100402832
0.0001,2689.0,119.49713897705078,1.9675782918930054
0.0001,2690.0,119.49713134765625,1.967561960220337
0.0001,2691.0,119.49713134765625,1.967545509338379
0.0001,2692.0,119.49712371826172,1.9675287008285522
0.0001,2693.0,119.49712371826172,1.9675123691558838
0.0001,2694.0,119.49711608886719,1.9674956798553467
0.0001,2695.0,119.49711608886719,1.9674793481826782
0.0001,2696.0,119.49710845947266,1.9674627780914307
0.0001,2697.0,119.49710845947266,1.967445969581604
0.0001,2698.0,119.49710083007812,1.9674298763275146
0.0001,2699.0,119.49710083007812,1.967413306236267
0.0001,2700.0,119.4970932006836,1.9673970937728882
0.0001,2701.0,119.49708557128906,1.9673808813095093
0.0001,2702.0,119.49708557128906,1.9673645496368408
0.0001,2703.0,119.49707794189453,1.9673478603363037
0.0001,2704.0,119.49707794189453,1.9673316478729248
0.0001,2705.0,119.4970703125,1.967315435409546
0.0001,2706.0,119.4970703125,1.9672991037368774
0.0001,2707.0,119.49706268310547,1.9672828912734985
0.0001,2708.0,119.49706268310547,1.9672666788101196
0.0001,2709.0,119.49705505371094,1.9672505855560303
0.0001,2710.0,119.4970474243164,1.9672342538833618
0.0001,2711.0,119.4970474243164,1.9672181606292725
0.0001,2712.0,119.49703979492188,1.9672021865844727
0.0001,2713.0,119.49703979492188,1.967185616493225
0.0001,2714.0,119.49703216552734,1.9671697616577148
0.0001,2715.0,119.49702453613281,1.967153549194336
0.0001,2716.0,119.49702453613281,1.9671375751495361
0.0001,2717.0,119.49701690673828,1.9671217203140259
0.0001,2718.0,119.49701690673828,1.9671056270599365
0.0001,2719.0,119.49700927734375,1.9670894145965576
0.0001,2720.0,119.49700164794922,1.9670734405517578
0.0001,2721.0,119.49700164794922,1.9670578241348267
0.0001,2722.0,119.49699401855469,1.9670419692993164
0.0001,2723.0,119.49700164794922,1.9670259952545166
0.0001,2724.0,119.49698638916016,1.9670097827911377
0.0001,2725.0,119.49697875976562,1.966994285583496
0.0001,2726.0,119.49697875976562,1.9669783115386963
0.0001,2727.0,119.4969711303711,1.966962456703186
0.0001,2728.0,119.49697875976562,1.9669468402862549
0.0001,2729.0,119.49696350097656,1.9669309854507446
0.0001,2730.0,119.49696350097656,1.9669151306152344
0.0001,2731.0,119.49696350097656,1.9668995141983032
0.0001,2732.0,119.49695587158203,1.966883897781372
0.0001,2733.0,119.4969482421875,1.9668680429458618
0.0001,2734.0,119.49695587158203,1.9668525457382202
0.0001,2735.0,119.4969482421875,1.9668365716934204
0.0001,2736.0,119.49693298339844,1.9668209552764893
0.0001,2737.0,119.49694061279297,1.9668054580688477
0.0001,2738.0,119.49693298339844,1.9667898416519165
0.0001,2739.0,119.49691772460938,1.9667742252349854
0.0001,2740.0,119.4969253540039,1.9667587280273438
0.0001,2741.0,119.49691772460938,1.9667431116104126
0.0001,2742.0,119.49691009521484,1.96672785282135
0.0001,2743.0,119.49691009521484,1.966712236404419
0.0001,2744.0,119.49690246582031,1.9666967391967773
0.0001,2745.0,119.49690246582031,1.9666811227798462
0.0001,2746.0,119.49690246582031,1.9666659832000732
0.0001,2747.0,119.49689483642578,1.966650366783142
0.0001,2748.0,119.49688720703125,1.9666353464126587
0.0001,2749.0,119.49689483642578,1.9666197299957275
0.0001,2750.0,119.49688720703125,1.966604471206665
0.0001,2751.0,119.49687957763672,1.9665889739990234
0.0001,2752.0,119.49687957763672,1.96657395362854
0.0001,2753.0,119.49687194824219,1.9665584564208984
0.0001,2754.0,119.49686431884766,1.9665435552597046
0.0001,2755.0,119.49685668945312,1.966528296470642
0.0001,2756.0,119.49686431884766,1.9665130376815796
0.0001,2757.0,119.4968490600586,1.9664976596832275
0.0001,2758.0,119.4968490600586,1.9664827585220337
0.0001,2759.0,119.4968490600586,1.9664674997329712
0.0001,2760.0,119.4968490600586,1.9664522409439087
0.0001,2761.0,119.49684143066406,1.9664371013641357
0.0001,2762.0,119.49683380126953,1.9664218425750732
0.0001,2763.0,119.49684143066406,1.9664068222045898
0.0001,2764.0,119.496826171875,1.966392159461975
0.0001,2765.0,119.49681854248047,1.9663769006729126
0.0001,2766.0,119.49681091308594,1.9663619995117188
0.0001,2767.0,119.49681854248047,1.966347098350525
0.0001,2768.0,119.49681091308594,1.9663318395614624
0.0001,2769.0,119.49681091308594,1.9663169384002686
0.0001,2770.0,119.4968032836914,1.9663022756576538
0.0001,2771.0,119.49681091308594,1.9662870168685913
0.0001,2772.0,119.4968032836914,1.9662723541259766
0.0001,2773.0,119.49678802490234,1.9662573337554932
0.0001,2774.0,119.49678039550781,1.966242790222168
0.0001,2775.0,119.49678802490234,1.9662277698516846
0.0001,2776.0,119.49678039550781,1.9662126302719116
0.0001,2777.0,119.49677276611328,1.9661979675292969
0.0001,2778.0,119.49677276611328,1.9661833047866821
0.0001,2779.0,119.49677276611328,1.9661686420440674
0.0001,2780.0,119.49677276611328,1.9661537408828735
0.0001,2781.0,119.49676513671875,1.9661391973495483
0.0001,2782.0,119.49675750732422,1.9661242961883545
0.0001,2783.0,119.49674987792969,1.9661096334457397
0.0001,2784.0,119.49675750732422,1.966095209121704
0.0001,2785.0,119.49674987792969,1.9660803079605103
0.0001,2786.0,119.49674224853516,1.9660656452178955
0.0001,2787.0,119.49674224853516,1.9660513401031494
0.0001,2788.0,119.49673461914062,1.9660367965698242
0.0001,2789.0,119.49674224853516,1.9660221338272095
0.0001,2790.0,119.49673461914062,1.966007947921753
0.0001,2791.0,119.4967269897461,1.9659931659698486
0.0001,2792.0,119.49671936035156,1.9659783840179443
0.0001,2793.0,119.49671173095703,1.9659640789031982
0.0001,2794.0,119.49671936035156,1.9659494161605835
0.0001,2795.0,119.49671173095703,1.9659353494644165
0.0001,2796.0,119.49671173095703,1.9659206867218018
0.0001,2797.0,119.4967041015625,1.9659065008163452
0.0001,2798.0,119.49669647216797,1.9658924341201782
0.0001,2799.0,119.49668884277344,1.9658777713775635
0.0001,2800.0,119.49669647216797,1.9658634662628174
0.0001,2801.0,119.49668884277344,1.9658489227294922
0.0001,2802.0,119.4966812133789,1.965834617614746
0.0001,2803.0,119.49668884277344,1.9658206701278687
0.0001,2804.0,119.4966812133789,1.965806245803833
0.0001,2805.0,119.49667358398438,1.965791940689087
0.0001,2806.0,119.4966812133789,1.9657776355743408
0.0001,2807.0,119.49667358398438,1.9657636880874634
0.0001,2808.0,119.49666595458984,1.9657495021820068
0.0001,2809.0,119.49665832519531,1.9657350778579712
0.0001,2810.0,119.49665832519531,1.965720772743225
0.0001,2811.0,119.49665069580078,1.9657071828842163
0.0001,2812.0,119.49665069580078,1.9656928777694702
0.0001,2813.0,119.49665832519531,1.9656788110733032
0.0001,2814.0,119.49665069580078,1.9656646251678467
0.0001,2815.0,119.49664306640625,1.9656509160995483
0.0001,2816.0,119.49663543701172,1.9656366109848022
0.0001,2817.0,119.49663543701172,1.9656223058700562
0.0001,2818.0,119.49662780761719,1.965608835220337
0.0001,2819.0,119.49662780761719,1.9655945301055908
0.0001,2820.0,119.49662017822266,1.965580701828003
0.0001,2821.0,119.49662780761719,1.965566873550415
0.0001,2822.0,119.49662017822266,1.9655530452728271
0.0001,2823.0,119.49661254882812,1.9655389785766602
0.0001,2824.0,119.49662017822266,1.9655250310897827
0.0001,2825.0,119.49661254882812,1.9655109643936157
0.0001,2826.0,119.4966049194336,1.965497374534607
0.0001,2827.0,119.49659729003906,1.9654836654663086
0.0001,2828.0,119.49658966064453,1.9654697179794312
0.0001,2829.0,119.49659729003906,1.965456247329712
0.0001,2830.0,119.49658966064453,1.9654420614242554
0.0001,2831.0,119.49658203125,1.965428352355957
0.0001,2832.0,119.49658966064453,1.9654147624969482
0.0001,2833.0,119.49658203125,1.9654009342193604
0.0001,2834.0,119.49658203125,1.9653873443603516
0.0001,2835.0,119.49657440185547,1.9653736352920532
0.0001,2836.0,119.49657440185547,1.9653599262237549
0.0001,2837.0,119.49656677246094,1.965346336364746
0.0001,2838.0,119.49656677246094,1.9653329849243164
0.0001,2839.0,119.4965591430664,1.9653189182281494
0.0001,2840.0,119.49655151367188,1.9653055667877197
0.0001,2841.0,119.4965591430664,1.965291976928711
0.0001,2842.0,119.49655151367188,1.9652783870697021
0.0001,2843.0,119.49654388427734,1.9652650356292725
0.0001,2844.0,119.49653625488281,1.9652515649795532
0.0001,2845.0,119.49653625488281,1.9652378559112549
0.0001,2846.0,119.49653625488281,1.9652246236801147
0.0001,2847.0,119.49652862548828,1.9652109146118164
0.0001,2848.0,119.49652862548828,1.9651973247528076
0.0001,2849.0,119.49652099609375,1.9651844501495361
0.0001,2850.0,119.49652862548828,1.9651706218719482
0.0001,2851.0,119.49652862548828,1.9651572704315186
0.0001,2852.0,119.49652099609375,1.9651439189910889
0.0001,2853.0,119.49652099609375,1.9651308059692383
0.0001,2854.0,119.49652099609375,1.9651172161102295
0.0001,2855.0,119.49651336669922,1.965104341506958
0.0001,2856.0,119.49650573730469,1.9650907516479492
0.0001,2857.0,119.49650573730469,1.9650776386260986
0.0001,2858.0,119.49650573730469,1.9650638103485107
0.0001,2859.0,119.49649810791016,1.9650509357452393
0.0001,2860.0,119.49649810791016,1.9650377035140991
0.0001,2861.0,119.49649047851562,1.965024709701538
0.0001,2862.0,119.49649047851562,1.9650113582611084
0.0001,2863.0,119.49649047851562,1.9649982452392578
0.0001,2864.0,119.4964828491211,1.9649851322174072
0.0001,2865.0,119.4964828491211,1.964971899986267
0.0001,2866.0,119.49647521972656,1.964958906173706
0.0001,2867.0,119.49647521972656,1.9649457931518555
0.0001,2868.0,119.49647521972656,1.9649327993392944
0.0001,2869.0,119.49646759033203,1.9649194478988647
0.0001,2870.0,119.49646759033203,1.9649064540863037
0.0001,2871.0,119.4964599609375,1.9648935794830322
0.0001,2872.0,119.4964599609375,1.9648807048797607
0.0001,2873.0,119.4964599609375,1.9648678302764893
0.0001,2874.0,119.4964599609375,1.9648548364639282
0.0001,2875.0,119.4964370727539,1.964841604232788
0.0001,2876.0,119.49644470214844,1.9648287296295166
0.0001,2877.0,119.4964370727539,1.9648157358169556
0.0001,2878.0,119.4964370727539,1.9648027420043945
0.0001,2879.0,119.49642944335938,1.9647899866104126
0.0001,2880.0,119.49642181396484,1.9647772312164307
0.0001,2881.0,119.49642944335938,1.9647643566131592
0.0001,2882.0,119.49642181396484,1.9647518396377563
0.0001,2883.0,119.49642181396484,1.9647388458251953
0.0001,2884.0,119.49641418457031,1.9647258520126343
0.0001,2885.0,119.49641418457031,1.9647130966186523
0.0001,2886.0,119.49641418457031,1.96470046043396
0.0001,2887.0,119.49641418457031,1.9646875858306885
0.0001,2888.0,119.49640655517578,1.964674711227417
0.0001,2889.0,119.49640655517578,1.9646623134613037
0.0001,2890.0,119.49639892578125,1.9646494388580322
0.0001,2891.0,119.49640655517578,1.964637041091919
0.0001,2892.0,119.49640655517578,1.9646241664886475
0.0001,2893.0,119.49638366699219,1.9646116495132446
0.0001,2894.0,119.49639129638672,1.9645990133285522
0.0001,2895.0,119.49638366699219,1.964586615562439
0.0001,2896.0,119.49638366699219,1.964573860168457
0.0001,2897.0,119.49637603759766,1.9645612239837646
0.0001,2898.0,119.49637603759766,1.9645487070083618
0.0001,2899.0,119.49637603759766,1.9645360708236694
0.0001,2900.0,119.49637603759766,1.9645235538482666
0.0001,2901.0,119.49637603759766,1.9645112752914429
0.0001,2902.0,119.49636840820312,1.9644988775253296
0.0001,2903.0,119.49636840820312,1.9644863605499268
0.0001,2904.0,119.49635314941406,1.9644737243652344
0.0001,2905.0,119.49635314941406,1.9644615650177002
0.0001,2906.0,119.49635314941406,1.964449167251587
0.0001,2907.0,119.49635314941406,1.9644367694854736
0.0001,2908.0,119.49635314941406,1.9644241333007812
0.0001,2909.0,119.49634552001953,1.964411973953247
0.0001,2910.0,119.49634552001953,1.9643993377685547
0.0001,2911.0,119.49634552001953,1.9643871784210205
0.0001,2912.0,119.49634552001953,1.9643748998641968
0.0001,2913.0,119.49633026123047,1.9643627405166626
0.0001,2914.0,119.49632263183594,1.9643503427505493
0.0001,2915.0,119.49633026123047,1.9643380641937256
0.0001,2916.0,119.49633026123047,1.9643256664276123
0.0001,2917.0,119.49632263183594,1.9643135070800781
0.0001,2918.0,119.49632263183594,1.964301347732544
0.0001,2919.0,119.49632263183594,1.9642893075942993
0.0001,2920.0,119.49630737304688,1.9642770290374756
0.0001,2921.0,119.49630737304688,1.9642648696899414
0.0001,2922.0,119.49630737304688,1.9642527103424072
0.0001,2923.0,119.49630737304688,1.9642404317855835
0.0001,2924.0,119.49630737304688,1.9642282724380493
0.0001,2925.0,119.49630737304688,1.9642164707183838
0.0001,2926.0,119.49630737304688,1.96420419216156
0.0001,2927.0,119.49629211425781,1.9641921520233154
0.0001,2928.0,119.49629211425781,1.9641799926757812
0.0001,2929.0,119.49629211425781,1.9641681909561157
0.0001,2930.0,119.49628448486328,1.964156150817871
0.0001,2931.0,119.49629211425781,1.9641441106796265
0.0001,2932.0,119.49629211425781,1.964132308959961
0.0001,2933.0,119.49626922607422,1.9641205072402954
0.0001,2934.0,119.49627685546875,1.9641082286834717
0.0001,2935.0,119.49627685546875,1.9640964269638062
0.0001,2936.0,119.49627685546875,1.9640846252441406
0.0001,2937.0,119.49626922607422,1.964072823524475
0.0001,2938.0,119.49626922607422,1.9640607833862305
0.0001,2939.0,119.49626159667969,1.964048981666565
0.0001,2940.0,119.49626159667969,1.9640371799468994
0.0001,2941.0,119.49625396728516,1.9640252590179443
0.0001,2942.0,119.49626159667969,1.9640134572982788
0.0001,2943.0,119.49626159667969,1.9640016555786133
0.0001,2944.0,119.49624633789062,1.9639899730682373
0.0001,2945.0,119.49625396728516,1.9639778137207031
0.0001,2946.0,119.49624633789062,1.9639661312103271
0.0001,2947.0,119.49624633789062,1.9639546871185303
0.0001,2948.0,119.49624633789062,1.9639427661895752
0.0001,2949.0,119.4962387084961,1.9639310836791992
0.0001,2950.0,119.4962387084961,1.9639192819595337
0.0001,2951.0,119.49623107910156,1.9639078378677368
0.0001,2952.0,119.49623107910156,1.9638961553573608
0.0001,2953.0,119.49622344970703,1.9638845920562744
0.0001,2954.0,119.49622344970703,1.9638729095458984
0.0001,2955.0,119.49622344970703,1.9638612270355225
0.0001,2956.0,119.49622344970703,1.9638497829437256
0.0001,2957.0,119.49622344970703,1.9638383388519287
0.0001,2958.0,119.49620819091797,1.9638265371322632
0.0001,2959.0,119.4962158203125,1.9638153314590454
0.0001,2960.0,119.4962158203125,1.9638036489486694
0.0001,2961.0,119.4962158203125,1.963792085647583
0.0001,2962.0,119.49620056152344,1.963780403137207
0.0001,2963.0,119.49620056152344,1.9637693166732788
0.0001,2964.0,119.49620056152344,1.9637575149536133
0.0001,2965.0,119.49620056152344,1.9637460708618164
0.0001,2966.0,119.4961929321289,1.9637349843978882
0.0001,2967.0,119.4961929321289,1.9637234210968018
0.0001,2968.0,119.4961929321289,1.9637119770050049
0.0001,2969.0,119.4961929321289,1.9637006521224976
0.0001,2970.0,119.49618530273438,1.9636892080307007
0.0001,2971.0,119.49617767333984,1.9636776447296143
0.0001,2972.0,119.49617767333984,1.963666558265686
0.0001,2973.0,119.49618530273438,1.9636551141738892
0.0001,2974.0,119.49617004394531,1.963644027709961
0.0001,2975.0,119.49617004394531,1.963632583618164
0.0001,2976.0,119.49617767333984,1.9636213779449463
0.0001,2977.0,119.49616241455078,1.9636099338531494
0.0001,2978.0,119.49616241455078,1.9635988473892212
0.0001,2979.0,119.49617004394531,1.9635875225067139
0.0001,2980.0,119.49617004394531,1.963576316833496
0.0001,2981.0,119.49615478515625,1.9635651111602783
0.0001,2982.0,119.49616241455078,1.96355402469635
0.0001,2983.0,119.49615478515625,1.963543176651001
0.0001,2984.0,119.49613952636719,1.9635318517684937
0.0001,2985.0,119.49614715576172,1.9635206460952759
0.0001,2986.0,119.49614715576172,1.9635097980499268
0.0001,2987.0,119.49614715576172,1.9634987115859985
0.0001,2988.0,119.49613952636719,1.9634872674942017
0.0001,2989.0,119.49613952636719,1.9634764194488525
0.0001,2990.0,119.49613952636719,1.9634650945663452
0.0001,2991.0,119.49613189697266,1.963454246520996
0.0001,2992.0,119.49613189697266,1.9634428024291992
0.0001,2993.0,119.49613189697266,1.9634320735931396
0.0001,2994.0,119.49612426757812,1.9634214639663696
0.0001,2995.0,119.49612426757812,1.9634103775024414
0.0001,2996.0,119.49612426757812,1.9633991718292236
0.0001,2997.0,119.4961166381836,1.963388442993164
0.0001,2998.0,119.4961166381836,1.9633769989013672
0.0001,2999.0,119.4961166381836,1.9633662700653076
0.0001,3000.0,119.49610900878906,1.9633556604385376
0.0001,3001.0,119.49610900878906,1.9633445739746094
0.0001,3002.0,119.49610900878906,1.9633334875106812
0.0001,3003.0,119.49610137939453,1.963322639465332
0.0001,3004.0,119.49610137939453,1.9633119106292725
0.0001,3005.0,119.49610137939453,1.9633010625839233
0.0001,3006.0,119.49609375,1.9632904529571533
0.0001,3007.0,119.49610137939453,1.9632797241210938
0.0001,3008.0,119.49610137939453,1.963268518447876
0.0001,3009.0,119.49609375,1.9632580280303955
0.0001,3010.0,119.49609375,1.963247299194336
0.0001,3011.0,119.49609375,1.9632364511489868
0.0001,3012.0,119.49608612060547,1.9632259607315063
0.0001,3013.0,119.49608612060547,1.9632152318954468
0.0001,3014.0,119.49608612060547,1.9632041454315186
0.0001,3015.0,119.49607849121094,1.963193655014038
0.0001,3016.0,119.49607849121094,1.963182806968689
0.0001,3017.0,119.49607849121094,1.9631725549697876
0.0001,3018.0,119.4960708618164,1.9631617069244385
0.0001,3019.0,119.4960708618164,1.9631513357162476
0.0001,3020.0,119.49606323242188,1.963140845298767
0.0001,3021.0,119.4960708618164,1.963129997253418
0.0001,3022.0,119.4960708618164,1.9631197452545166
0.0001,3023.0,119.49605560302734,1.963109016418457
0.0001,3024.0,119.49606323242188,1.9630987644195557
0.0001,3025.0,119.49606323242188,1.963087797164917
0.0001,3026.0,119.49604797363281,1.9630773067474365
0.0001,3027.0,119.49605560302734,1.9630664587020874
0.0001,3028.0,119.49604797363281,1.9630563259124756
0.0001,3029.0,119.49604797363281,1.9630457162857056
0.0001,3030.0,119.49605560302734,1.9630353450775146
0.0001,3031.0,119.49604034423828,1.9630248546600342
0.0001,3032.0,119.49604034423828,1.9630146026611328
0.0001,3033.0,119.49603271484375,1.9630041122436523
0.0001,3034.0,119.49603271484375,1.9629936218261719
0.0001,3035.0,119.49604034423828,1.9629833698272705
0.0001,3036.0,119.49603271484375,1.9629729986190796
0.0001,3037.0,119.49603271484375,1.9629627466201782
0.0001,3038.0,119.49602508544922,1.9629523754119873
0.0001,3039.0,119.49602508544922,1.962942123413086
0.0001,3040.0,119.49602508544922,1.9629313945770264
0.0001,3041.0,119.49602508544922,1.962921142578125
0.0001,3042.0,119.49602508544922,1.9629110097885132
0.0001,3043.0,119.49601745605469,1.9629007577896118
0.0001,3044.0,119.49601745605469,1.9628902673721313
0.0001,3045.0,119.49600219726562,1.9628803730010986
0.0001,3046.0,119.49601745605469,1.9628700017929077
0.0001,3047.0,119.49601745605469,1.962860107421875
0.0001,3048.0,119.49600219726562,1.9628498554229736
0.0001,3049.0,119.49600982666016,1.9628393650054932
0.0001,3050.0,119.49600219726562,1.96282958984375
0.0001,3051.0,119.49600219726562,1.9628193378448486
0.0001,3052.0,119.4959945678711,1.9628089666366577
0.0001,3053.0,119.4959945678711,1.9627987146377563
0.0001,3054.0,119.4959945678711,1.9627888202667236
0.0001,3055.0,119.4959945678711,1.9627784490585327
0.0001,3056.0,119.4959945678711,1.962768316268921
0.0001,3057.0,119.49598693847656,1.9627586603164673
0.0001,3058.0,119.49598693847656,1.9627482891082764
0.0001,3059.0,119.49598693847656,1.9627383947372437
0.0001,3060.0,119.49598693847656,1.9627282619476318
0.0001,3061.0,119.4959716796875,1.9627183675765991
0.0001,3062.0,119.49598693847656,1.9627082347869873
0.0001,3063.0,119.4959716796875,1.9626983404159546
0.0001,3064.0,119.4959716796875,1.9626884460449219
0.0001,3065.0,119.49597930908203,1.96267831325531
0.0001,3066.0,119.4959716796875,1.9626686573028564
0.0001,3067.0,119.4959716796875,1.9626586437225342
0.0001,3068.0,119.49596405029297,1.9626489877700806
0.0001,3069.0,119.49596405029297,1.9626386165618896
0.0001,3070.0,119.49596405029297,1.962628960609436
0.0001,3071.0,119.49596405029297,1.9626191854476929
0.0001,3072.0,119.49595642089844,1.962609052658081
0.0001,3073.0,119.49596405029297,1.962599515914917
0.0001,3074.0,119.4959487915039,1.9625898599624634
0.0001,3075.0,119.49595642089844,1.9625797271728516
0.0001,3076.0,119.4959487915039,1.9625699520111084
0.0001,3077.0,119.4959487915039,1.9625602960586548
0.0001,3078.0,119.49594116210938,1.962550163269043
0.0001,3079.0,119.4959487915039,1.9625403881072998
0.0001,3080.0,119.49594116210938,1.9625308513641357
0.0001,3081.0,119.49594116210938,1.9625211954116821
0.0001,3082.0,119.49594116210938,1.962511420249939
0.0001,3083.0,119.49594116210938,1.9625017642974854
0.0001,3084.0,119.49592590332031,1.9624922275543213
0.0001,3085.0,119.49594116210938,1.9624820947647095
0.0001,3086.0,119.49592590332031,1.962472677230835
0.0001,3087.0,119.49593353271484,1.962463140487671
0.0001,3088.0,119.49592590332031,1.9624534845352173
0.0001,3089.0,119.49592590332031,1.9624437093734741
0.0001,3090.0,119.49592590332031,1.96243417263031
0.0001,3091.0,119.49592590332031,1.9624245166778564
0.0001,3092.0,119.49591827392578,1.9624147415161133
0.0001,3093.0,119.49592590332031,1.9624052047729492
0.0001,3094.0,119.49591064453125,1.9623959064483643
0.0001,3095.0,119.49592590332031,1.9623863697052002
0.0001,3096.0,119.49591064453125,1.9623768329620361
0.0001,3097.0,119.49591064453125,1.962367296218872
0.0001,3098.0,119.49591064453125,1.962357759475708
0.0001,3099.0,119.49590301513672,1.9623479843139648
0.0001,3100.0,119.49591064453125,1.9623388051986694
0.0001,3101.0,119.49589538574219,1.9623295068740845
0.0001,3102.0,119.49590301513672,1.9623199701309204
0.0001,3103.0,119.49589538574219,1.9623104333877563
0.0001,3104.0,119.49589538574219,1.9623008966445923
0.0001,3105.0,119.49589538574219,1.962291955947876
0.0001,3106.0,119.49589538574219,1.9622821807861328
0.0001,3107.0,119.49589538574219,1.9622726440429688
0.0001,3108.0,119.49589538574219,1.9622637033462524
0.0001,3109.0,119.49589538574219,1.9622541666030884
0.0001,3110.0,119.49588012695312,1.9622447490692139
0.0001,3111.0,119.49588012695312,1.962235689163208
0.0001,3112.0,119.49588012695312,1.9622259140014648
0.0001,3113.0,119.49588012695312,1.9622166156768799
0.0001,3114.0,119.49588012695312,1.962207555770874
0.0001,3115.0,119.49588012695312,1.962198257446289
0.0001,3116.0,119.49588012695312,1.962188959121704
0.0001,3117.0,119.49586486816406,1.9621797800064087
0.0001,3118.0,119.4958724975586,1.9621706008911133
0.0001,3119.0,119.49586486816406,1.9621610641479492
0.0001,3120.0,119.4958724975586,1.962152123451233
0.0001,3121.0,119.49586486816406,1.9621427059173584
0.0001,3122.0,119.4958724975586,1.962133765220642
0.0001,3123.0,119.49586486816406,1.9621244668960571
0.0001,3124.0,119.49585723876953,1.9621152877807617
0.0001,3125.0,119.49585723876953,1.962106466293335
0.0001,3126.0,119.49585723876953,1.9620968103408813
0.0001,3127.0,119.49585723876953,1.9620879888534546
0.0001,3128.0,119.49585723876953,1.9620788097381592
0.0001,3129.0,119.49585723876953,1.9620692729949951
0.0001,3130.0,119.49585723876953,1.962060570716858
0.0001,3131.0,119.49584197998047,1.9620516300201416
0.0001,3132.0,119.495849609375,1.9620424509048462
0.0001,3133.0,119.49584197998047,1.9620335102081299
0.0001,3134.0,119.495849609375,1.9620243310928345
0.0001,3135.0,119.49584197998047,1.962015151977539
0.0001,3136.0,119.49583435058594,1.9620065689086914
0.0001,3137.0,119.495849609375,1.961997389793396
0.0001,3138.0,119.49583435058594,1.9619884490966797
0.0001,3139.0,119.49583435058594,1.9619795083999634
0.0001,3140.0,119.49583435058594,1.9619706869125366
0.0001,3141.0,119.49583435058594,1.9619613885879517
0.0001,3142.0,119.49583435058594,1.961952567100525
0.0001,3143.0,119.4958267211914,1.9619438648223877
0.0001,3144.0,119.4958267211914,1.9619348049163818
0.0001,3145.0,119.4958267211914,1.9619258642196655
0.0001,3146.0,119.4958267211914,1.9619171619415283
0.0001,3147.0,119.49581146240234,1.961907982826233
0.0001,3148.0,119.4958267211914,1.9618993997573853
0.0001,3149.0,119.49581146240234,1.9618905782699585
0.0001,3150.0,119.49581909179688,1.9618818759918213
0.0001,3151.0,119.49581909179688,1.9618726968765259
0.0001,3152.0,119.49581146240234,1.9618638753890991
0.0001,3153.0,119.49581909179688,1.9618549346923828
0.0001,3154.0,119.49580383300781,1.9618463516235352
0.0001,3155.0,119.49580383300781,1.9618377685546875
0.0001,3156.0,119.49581146240234,1.9618288278579712
0.0001,3157.0,119.49580383300781,1.9618202447891235
0.0001,3158.0,119.49579620361328,1.9618114233016968
0.0001,3159.0,119.49581146240234,1.9618027210235596
0.0001,3160.0,119.49579620361328,1.9617938995361328
0.0001,3161.0,119.49580383300781,1.9617853164672852
0.0001,3162.0,119.49579620361328,1.9617764949798584
0.0001,3163.0,119.49579620361328,1.9617679119110107
0.0001,3164.0,119.49580383300781,1.9617592096328735
0.0001,3165.0,119.49578857421875,1.9617506265640259
0.0001,3166.0,119.49578857421875,1.9617420434951782
0.0001,3167.0,119.49579620361328,1.9617334604263306
0.0001,3168.0,119.49578857421875,1.9617249965667725
0.0001,3169.0,119.49578094482422,1.9617162942886353
0.0001,3170.0,119.49579620361328,1.9617074728012085
0.0001,3171.0,119.49578094482422,1.9616988897323608
0.0001,3172.0,119.49578094482422,1.9616905450820923
0.0001,3173.0,119.49578857421875,1.9616819620132446
0.0001,3174.0,119.49578094482422,1.961673378944397
0.0001,3175.0,119.49577331542969,1.9616649150848389
0.0001,3176.0,119.49577331542969,1.9616562128067017
0.0001,3177.0,119.49577331542969,1.9616479873657227
0.0001,3178.0,119.49577331542969,1.961639642715454
0.0001,3179.0,119.49576568603516,1.961631178855896
0.0001,3180.0,119.49576568603516,1.9616224765777588
0.0001,3181.0,119.49576568603516,1.9616138935089111
0.0001,3182.0,119.49576568603516,1.9616056680679321
0.0001,3183.0,119.49577331542969,1.9615970849990845
0.0001,3184.0,119.49575805664062,1.9615886211395264
0.0001,3185.0,119.49575805664062,1.961580514907837
0.0001,3186.0,119.49576568603516,1.9615720510482788
0.0001,3187.0,119.49575805664062,1.9615634679794312
0.0001,3188.0,119.4957504272461,1.9615551233291626
0.0001,3189.0,119.4957504272461,1.9615466594696045
0.0001,3190.0,119.49575805664062,1.961538553237915
0.0001,3191.0,119.4957504272461,1.9615304470062256
0.0001,3192.0,119.49574279785156,1.961522102355957
0.0001,3193.0,119.49575805664062,1.9615132808685303
0.0001,3194.0,119.4957504272461,1.9615052938461304
0.0001,3195.0,119.49574279785156,1.9614969491958618
0.0001,3196.0,119.49573516845703,1.961488962173462
0.0001,3197.0,119.4957504272461,1.9614804983139038
0.0001,3198.0,119.49574279785156,1.9614721536636353
0.0001,3199.0,119.49573516845703,1.9614636898040771
0.0001,3200.0,119.49574279785156,1.9614557027816772
0.0001,3201.0,119.49574279785156,1.9614473581314087
0.0001,3202.0,119.49573516845703,1.9614391326904297
0.0001,3203.0,119.4957275390625,1.9614309072494507
0.0001,3204.0,119.49573516845703,1.9614231586456299
0.0001,3205.0,119.49573516845703,1.9614146947860718
0.0001,3206.0,119.4957275390625,1.9614067077636719
0.0001,3207.0,119.4957275390625,1.9613984823226929
0.0001,3208.0,119.4957275390625,1.9613902568817139
0.0001,3209.0,119.4957275390625,1.9613821506500244
0.0001,3210.0,119.49571990966797,1.961374282836914
0.0001,3211.0,119.4957275390625,1.961366057395935
0.0001,3212.0,119.4957275390625,1.9613580703735352
0.0001,3213.0,119.49571990966797,1.9613498449325562
0.0001,3214.0,119.49571228027344,1.9613420963287354
0.0001,3215.0,119.49571990966797,1.9613336324691772
0.0001,3216.0,119.49571990966797,1.9613254070281982
0.0001,3217.0,119.49571990966797,1.9613176584243774
0.0001,3218.0,119.4957046508789,1.9613096714019775
0.0001,3219.0,119.49571228027344,1.9613018035888672
0.0001,3220.0,119.49571228027344,1.9612935781478882
0.0001,3221.0,119.49571228027344,1.9612855911254883
0.0001,3222.0,119.4957046508789,1.9612776041030884
0.0001,3223.0,119.4957046508789,1.9612699747085571
0.0001,3224.0,119.4957046508789,1.9612621068954468
0.0001,3225.0,119.4957046508789,1.9612541198730469
0.0001,3226.0,119.49569702148438,1.9612458944320679
0.0001,3227.0,119.49569702148438,1.961237907409668
0.0001,3228.0,119.4957046508789,1.9612300395965576
0.0001,3229.0,119.4957046508789,1.9612220525741577
0.0001,3230.0,119.49569702148438,1.9612144231796265
0.0001,3231.0,119.49568939208984,1.9612064361572266
0.0001,3232.0,119.49569702148438,1.9611984491348267
0.0001,3233.0,119.49569702148438,1.9611905813217163
0.0001,3234.0,119.49568939208984,1.9611831903457642
0.0001,3235.0,119.49568939208984,1.9611752033233643
0.0001,3236.0,119.49568176269531,1.961167335510254
0.0001,3237.0,119.49569702148438,1.9611594676971436
0.0001,3238.0,119.49568939208984,1.9611517190933228
0.0001,3239.0,119.49568176269531,1.9611438512802124
0.0001,3240.0,119.49567413330078,1.9611362218856812
0.0001,3241.0,119.49567413330078,1.9611282348632812
0.0001,3242.0,119.49568176269531,1.9611209630966187
0.0001,3243.0,119.49568176269531,1.9611129760742188
0.0001,3244.0,119.49567413330078,1.9611053466796875
0.0001,3245.0,119.49567413330078,1.9610977172851562
0.0001,3246.0,119.49567413330078,1.961089849472046
0.0001,3247.0,119.49568176269531,1.9610822200775146
0.0001,3248.0,119.49567413330078,1.9610744714736938
0.0001,3249.0,119.49566650390625,1.9610669612884521
0.0001,3250.0,119.49566650390625,1.961059331893921
0.0001,3251.0,119.49565887451172,1.961051344871521
0.0001,3252.0,119.49566650390625,1.9610443115234375
0.0001,3253.0,119.49566650390625,1.9610363245010376
0.0001,3254.0,119.49566650390625,1.9610286951065063
0.0001,3255.0,119.49565887451172,1.9610211849212646
0.0001,3256.0,119.49565887451172,1.9610135555267334
0.0001,3257.0,119.49565124511719,1.9610059261322021
0.0001,3258.0,119.49566650390625,1.960998296737671
0.0001,3259.0,119.49565887451172,1.9609912633895874
0.0001,3260.0,119.49565887451172,1.9609835147857666
0.0001,3261.0,119.49565124511719,1.9609758853912354
0.0001,3262.0,119.49565124511719,1.960968255996704
0.0001,3263.0,119.49565887451172,1.9609607458114624
0.0001,3264.0,119.49565887451172,1.9609533548355103
0.0001,3265.0,119.49565124511719,1.960945725440979
0.0001,3266.0,119.49565124511719,1.9609384536743164
0.0001,3267.0,119.49565124511719,1.960930585861206
0.0001,3268.0,119.49564361572266,1.960923433303833
0.0001,3269.0,119.49563598632812,1.9609161615371704
0.0001,3270.0,119.49564361572266,1.9609086513519287
0.0001,3271.0,119.49564361572266,1.9609012603759766
0.0001,3272.0,119.49563598632812,1.9608938694000244
0.0001,3273.0,119.49563598632812,1.960886001586914
0.0001,3274.0,119.4956283569336,1.9608790874481201
0.0001,3275.0,119.4956283569336,1.9608714580535889
0.0001,3276.0,119.49563598632812,1.9608643054962158
0.0001,3277.0,119.49563598632812,1.9608564376831055
0.0001,3278.0,119.4956283569336,1.9608497619628906
0.0001,3279.0,119.4956283569336,1.9608421325683594
0.0001,3280.0,119.4956283569336,1.9608348608016968
0.0001,3281.0,119.49562072753906,1.9608274698257446
0.0001,3282.0,119.49562072753906,1.960820198059082
0.0001,3283.0,119.4956283569336,1.9608128070831299
0.0001,3284.0,119.49563598632812,1.9608055353164673
0.0001,3285.0,119.4956283569336,1.9607982635498047
0.0001,3286.0,119.4956283569336,1.960790991783142
0.0001,3287.0,119.49562072753906,1.9607837200164795
0.0001,3288.0,119.49562072753906,1.960776686668396
0.0001,3289.0,119.49562072753906,1.9607690572738647
0.0001,3290.0,119.49561309814453,1.9607620239257812
0.0001,3291.0,119.49562072753906,1.9607547521591187
0.0001,3292.0,119.49562072753906,1.9607477188110352
0.0001,3293.0,119.49562072753906,1.9607404470443726
0.0001,3294.0,119.49561309814453,1.960733413696289
0.0001,3295.0,119.49561309814453,1.9607263803482056
0.0001,3296.0,119.49560546875,1.9607188701629639
0.0001,3297.0,119.49560546875,1.9607120752334595
0.0001,3298.0,119.49560546875,1.9607044458389282
0.0001,3299.0,119.49561309814453,1.9606975317001343
0.0001,3300.0,119.49560546875,1.9606907367706299
0.0001,3301.0,119.49560546875,1.9606832265853882
0.0001,3302.0,119.49560546875,1.9606761932373047
0.0001,3303.0,119.49560546875,1.9606691598892212
0.0001,3304.0,119.49560546875,1.9606618881225586
0.0001,3305.0,119.49559783935547,1.9606552124023438
0.0001,3306.0,119.49559783935547,1.9606479406356812
0.0001,3307.0,119.49559783935547,1.9606409072875977
0.0001,3308.0,119.49559020996094,1.9606338739395142
0.0001,3309.0,119.49559783935547,1.9606266021728516
0.0001,3310.0,119.49559783935547,1.9606201648712158
0.0001,3311.0,119.49559783935547,1.9606126546859741
0.0001,3312.0,119.49559020996094,1.9606059789657593
0.0001,3313.0,119.49559783935547,1.9605991840362549
0.0001,3314.0,119.49559020996094,1.9605916738510132
0.0001,3315.0,119.49559020996094,1.9605849981307983
0.0001,3316.0,119.49559020996094,1.9605777263641357
0.0001,3317.0,119.4955825805664,1.960571050643921
0.0001,3318.0,119.4955825805664,1.9605640172958374
0.0001,3319.0,119.49557495117188,1.9605573415756226
0.0001,3320.0,119.49557495117188,1.960550308227539
0.0001,3321.0,119.4955825805664,1.9605433940887451
0.0001,3322.0,119.49559020996094,1.9605363607406616
0.0001,3323.0,119.4955825805664,1.9605299234390259
0.0001,3324.0,119.4955825805664,1.9605224132537842
0.0001,3325.0,119.4955825805664,1.9605159759521484
0.0001,3326.0,119.49557495117188,1.9605090618133545
0.0001,3327.0,119.49557495117188,1.960502028465271
0.0001,3328.0,119.49556732177734,1.9604952335357666
0.0001,3329.0,119.49557495117188,1.9604886770248413
0.0001,3330.0,119.49557495117188,1.9604814052581787
0.0001,3331.0,119.49556732177734,1.9604747295379639
0.0001,3332.0,119.49556732177734,1.960468053817749
0.0001,3333.0,119.49555969238281,1.9604613780975342
0.0001,3334.0,119.49555969238281,1.9604543447494507
0.0001,3335.0,119.49556732177734,1.960447907447815
0.0001,3336.0,119.49557495117188,1.960440993309021
0.0001,3337.0,119.49556732177734,1.9604343175888062
0.0001,3338.0,119.49556732177734,1.9604275226593018
0.0001,3339.0,119.49556732177734,1.960420846939087
0.0001,3340.0,119.49555969238281,1.9604142904281616
0.0001,3341.0,119.49556732177734,1.9604072570800781
0.0001,3342.0,119.49555969238281,1.9604008197784424
0.0001,3343.0,119.49555969238281,1.9603941440582275
0.0001,3344.0,119.49555969238281,1.9603874683380127
0.0001,3345.0,119.49555206298828,1.9603803157806396
0.0001,3346.0,119.49555969238281,1.960373878479004
0.0001,3347.0,119.49555206298828,1.9603674411773682
0.0001,3348.0,119.49555206298828,1.9603605270385742
0.0001,3349.0,119.49555206298828,1.9603538513183594
0.0001,3350.0,119.49554443359375,1.9603475332260132
0.0001,3351.0,119.49555206298828,1.9603408575057983
0.0001,3352.0,119.49554443359375,1.9603344202041626
0.0001,3353.0,119.49554443359375,1.9603275060653687
0.0001,3354.0,119.49554443359375,1.960321068763733
0.0001,3355.0,119.49554443359375,1.9603145122528076
0.0001,3356.0,119.49554443359375,1.960308313369751
0.0001,3357.0,119.49553680419922,1.960301399230957
0.0001,3358.0,119.49553680419922,1.9602947235107422
0.0001,3359.0,119.49553680419922,1.960288405418396
0.0001,3360.0,119.49553680419922,1.9602819681167603
0.0001,3361.0,119.49553680419922,1.9602750539779663
0.0001,3362.0,119.49552917480469,1.9602687358856201
0.0001,3363.0,119.49552917480469,1.9602622985839844
0.0001,3364.0,119.49553680419922,1.9602558612823486
0.0001,3365.0,119.49552917480469,1.9602495431900024
0.0001,3366.0,119.49552917480469,1.9602428674697876
0.0001,3367.0,119.49552154541016,1.9602367877960205
0.0001,3368.0,119.49552917480469,1.9602301120758057
0.0001,3369.0,119.49552917480469,1.9602234363555908
0.0001,3370.0,119.49552154541016,1.9602174758911133
0.0001,3371.0,119.49552154541016,1.9602108001708984
0.0001,3372.0,119.49552154541016,1.9602041244506836
0.0001,3373.0,119.49552154541016,1.9601980447769165
0.0001,3374.0,119.49552154541016,1.9601913690567017
0.0001,3375.0,119.49552154541016,1.9601852893829346
0.0001,3376.0,119.49552154541016,1.9601789712905884
0.0001,3377.0,119.49551391601562,1.9601722955703735
0.0001,3378.0,119.49551391601562,1.9601662158966064
0.0001,3379.0,119.49552154541016,1.9601595401763916
0.0001,3380.0,119.49551391601562,1.9601532220840454
0.0001,3381.0,119.49551391601562,1.960147500038147
0.0001,3382.0,119.49551391601562,1.960140585899353
0.0001,3383.0,119.49551391601562,1.9601342678070068
0.0001,3384.0,119.49551391601562,1.9601281881332397
0.0001,3385.0,119.4955062866211,1.960121750831604
0.0001,3386.0,119.49551391601562,1.960115671157837
0.0001,3387.0,119.4955062866211,1.9601093530654907
0.0001,3388.0,119.4955062866211,1.9601027965545654
0.0001,3389.0,119.49551391601562,1.9600969552993774
0.0001,3390.0,119.4955062866211,1.9600908756256104
0.0001,3391.0,119.4955062866211,1.960084319114685
0.0001,3392.0,119.4955062866211,1.9600778818130493
0.0001,3393.0,119.4955062866211,1.9600721597671509
0.0001,3394.0,119.4955062866211,1.9600656032562256
0.0001,3395.0,119.4955062866211,1.9600595235824585
0.0001,3396.0,119.4955062866211,1.9600532054901123
0.0001,3397.0,119.49549865722656,1.9600471258163452
0.0001,3398.0,119.4955062866211,1.9600412845611572
0.0001,3399.0,119.4955062866211,1.960034966468811
0.0001,3400.0,119.49549865722656,1.9600290060043335
0.0001,3401.0,119.4955062866211,1.9600225687026978
0.0001,3402.0,119.49549865722656,1.9600164890289307
0.0001,3403.0,119.49549865722656,1.960010290145874
0.0001,3404.0,119.4955062866211,1.960004210472107
0.0001,3405.0,119.49549865722656,1.9599981307983398
0.0001,3406.0,119.49549865722656,1.9599918127059937
0.0001,3407.0,119.49549865722656,1.9599860906600952
0.0001,3408.0,119.49549865722656,1.959979772567749
0.0001,3409.0,119.49549865722656,1.9599740505218506
0.0001,3410.0,119.49549102783203,1.9599676132202148
0.0001,3411.0,119.4954833984375,1.9599615335464478
0.0001,3412.0,119.49549102783203,1.9599558115005493
0.0001,3413.0,119.4954833984375,1.9599497318267822
0.0001,3414.0,119.4954833984375,1.9599437713623047
0.0001,3415.0,119.49549102783203,1.9599376916885376
0.0001,3416.0,119.4954833984375,1.95993173122406
0.0001,3417.0,119.4954833984375,1.9599254131317139
0.0001,3418.0,119.4954833984375,1.9599195718765259
0.0001,3419.0,119.4954833984375,1.9599136114120483
0.0001,3420.0,119.49549102783203,1.9599075317382812
0.0001,3421.0,119.4954833984375,1.9599015712738037
0.0001,3422.0,119.4954833984375,1.9598957300186157
0.0001,3423.0,119.4954833984375,1.9598897695541382
0.0001,3424.0,119.4954833984375,1.9598839282989502
0.0001,3425.0,119.49547576904297,1.9598777294158936
0.0001,3426.0,119.49547576904297,1.9598720073699951
0.0001,3427.0,119.49546813964844,1.9598661661148071
0.0001,3428.0,119.49547576904297,1.9598602056503296
0.0001,3429.0,119.49546813964844,1.9598543643951416
0.0001,3430.0,119.49547576904297,1.9598486423492432
0.0001,3431.0,119.49547576904297,1.9598424434661865
0.0001,3432.0,119.49546813964844,1.959836721420288
0.0001,3433.0,119.49547576904297,1.9598308801651
0.0001,3434.0,119.49546813964844,1.9598251581192017
0.0001,3435.0,119.49547576904297,1.9598190784454346
0.0001,3436.0,119.49547576904297,1.9598133563995361
0.0001,3437.0,119.49547576904297,1.9598076343536377
0.0001,3438.0,119.4954605102539,1.9598020315170288
0.0001,3439.0,119.4954605102539,1.9597959518432617
0.0001,3440.0,119.4954605102539,1.9597904682159424
0.0001,3441.0,119.4954605102539,1.9597845077514648
0.0001,3442.0,119.49546813964844,1.9597787857055664
0.0001,3443.0,119.4954605102539,1.9597728252410889
0.0001,3444.0,119.49546813964844,1.9597671031951904
0.0001,3445.0,119.4954605102539,1.959761381149292
0.0001,3446.0,119.49546813964844,1.9597556591033936
0.0001,3447.0,119.49546813964844,1.9597501754760742
0.0001,3448.0,119.4954605102539,1.9597440958023071
0.0001,3449.0,119.49545288085938,1.9597383737564087
0.0001,3450.0,119.49545288085938,1.9597327709197998
0.0001,3451.0,119.49545288085938,1.9597270488739014
0.0001,3452.0,119.49545288085938,1.959721326828003
0.0001,3453.0,119.4954605102539,1.9597158432006836
0.0001,3454.0,119.49545288085938,1.9597097635269165
0.0001,3455.0,119.4954605102539,1.9597043991088867
0.0001,3456.0,119.49545288085938,1.9596984386444092
0.0001,3457.0,119.49544525146484,1.959693193435669
0.0001,3458.0,119.49544525146484,1.95968759059906
0.0001,3459.0,119.49545288085938,1.9596818685531616
0.0001,3460.0,119.49544525146484,1.9596763849258423
0.0001,3461.0,119.49545288085938,1.9596704244613647
0.0001,3462.0,119.49544525146484,1.959665060043335
0.0001,3463.0,119.49545288085938,1.9596593379974365
0.0001,3464.0,119.49545288085938,1.9596534967422485
0.0001,3465.0,119.49544525146484,1.9596481323242188
0.0001,3466.0,119.49543762207031,1.9596426486968994
0.0001,3467.0,119.49544525146484,1.9596372842788696
0.0001,3468.0,119.49543762207031,1.9596315622329712
0.0001,3469.0,119.49544525146484,1.9596258401870728
0.0001,3470.0,119.49544525146484,1.9596202373504639
0.0001,3471.0,119.49544525146484,1.9596149921417236
0.0001,3472.0,119.49544525146484,1.9596096277236938
0.0001,3473.0,119.49543762207031,1.9596039056777954
0.0001,3474.0,119.49542999267578,1.9595983028411865
0.0001,3475.0,119.49543762207031,1.9595930576324463
0.0001,3476.0,119.49543762207031,1.9595874547958374
0.0001,3477.0,119.49543762207031,1.9595820903778076
0.0001,3478.0,119.49543762207031,1.9595766067504883
0.0001,3479.0,119.49543762207031,1.959571123123169
0.0001,3480.0,119.49542236328125,1.9595654010772705
0.0001,3481.0,119.49542999267578,1.9595600366592407
0.0001,3482.0,119.49542999267578,1.95955491065979
0.0001,3483.0,119.49542999267578,1.9595491886138916
0.0001,3484.0,119.49543762207031,1.9595435857772827
0.0001,3485.0,119.49542999267578,1.9595381021499634
0.0001,3486.0,119.49543762207031,1.9595333337783813
0.0001,3487.0,119.49542236328125,1.959527611732483
0.0001,3488.0,119.49542999267578,1.9595224857330322
0.0001,3489.0,119.49542236328125,1.9595165252685547
0.0001,3490.0,119.49542999267578,1.9595110416412354
0.0001,3491.0,119.49542236328125,1.9595062732696533
0.0001,3492.0,119.49542999267578,1.9595006704330444
0.0001,3493.0,119.49541473388672,1.959495186805725
0.0001,3494.0,119.49542236328125,1.9594898223876953
0.0001,3495.0,119.49542236328125,1.9594844579696655
0.0001,3496.0,119.49542236328125,1.9594793319702148
0.0001,3497.0,119.49542236328125,1.959473967552185
0.0001,3498.0,119.49542236328125,1.9594686031341553
0.0001,3499.0,119.49541473388672,1.959463357925415
0.0001,3500.0,119.49541473388672,1.9594581127166748
0.0001,3501.0,119.49541473388672,1.9594528675079346
0.0001,3502.0,119.49542236328125,1.9594476222991943
0.0001,3503.0,119.49541473388672,1.959442377090454
0.0001,3504.0,119.49542236328125,1.9594370126724243
0.0001,3505.0,119.49540710449219,1.9594314098358154
0.0001,3506.0,119.49541473388672,1.9594265222549438
0.0001,3507.0,119.49541473388672,1.959421157836914
0.0001,3508.0,119.49541473388672,1.9594160318374634
0.0001,3509.0,119.49541473388672,1.9594109058380127
0.0001,3510.0,119.49539947509766,1.959405541419983
0.0001,3511.0,119.49540710449219,1.9594001770019531
0.0001,3512.0,119.49541473388672,1.959395170211792
0.0001,3513.0,119.49540710449219,1.9593899250030518
0.0001,3514.0,119.49541473388672,1.9593849182128906
0.0001,3515.0,119.49540710449219,1.9593795537948608
0.0001,3516.0,119.49539947509766,1.9593746662139893
0.0001,3517.0,119.49540710449219,1.9593693017959595
0.0001,3518.0,119.49540710449219,1.9593641757965088
0.0001,3519.0,119.49540710449219,1.9593591690063477
0.0001,3520.0,119.49540710449219,1.9593538045883179
0.0001,3521.0,119.49539947509766,1.9593486785888672
0.0001,3522.0,119.49539947509766,1.9593439102172852
0.0001,3523.0,119.49539947509766,1.9593385457992554
0.0001,3524.0,119.49540710449219,1.9593331813812256
0.0001,3525.0,119.49540710449219,1.9593284130096436
0.0001,3526.0,119.49539184570312,1.9593231678009033
0.0001,3527.0,119.49539947509766,1.959317922592163
0.0001,3528.0,119.49539947509766,1.9593130350112915
0.0001,3529.0,119.49539947509766,1.9593082666397095
0.0001,3530.0,119.49540710449219,1.9593029022216797
0.0001,3531.0,119.49539184570312,1.959297776222229
0.0001,3532.0,119.49539184570312,1.959293007850647
0.0001,3533.0,119.49539947509766,1.9592880010604858
0.0001,3534.0,119.49539184570312,1.959282636642456
0.0001,3535.0,119.49539947509766,1.9592777490615845
0.0001,3536.0,119.49539184570312,1.959273099899292
0.0001,3537.0,119.49539184570312,1.9592678546905518
0.0001,3538.0,119.49539184570312,1.959262490272522
0.0001,3539.0,119.49539947509766,1.95925772190094
0.0001,3540.0,119.4953842163086,1.9592527151107788
0.0001,3541.0,119.4953842163086,1.9592478275299072
0.0001,3542.0,119.49539184570312,1.9592431783676147
0.0001,3543.0,119.49539184570312,1.959237813949585
0.0001,3544.0,119.49539184570312,1.9592329263687134
0.0001,3545.0,119.4953842163086,1.9592279195785522
0.0001,3546.0,119.4953842163086,1.9592230319976807
0.0001,3547.0,119.4953842163086,1.9592182636260986
0.0001,3548.0,119.49539184570312,1.9592130184173584
0.0001,3549.0,119.49537658691406,1.9592084884643555
0.0001,3550.0,119.4953842163086,1.9592033624649048
0.0001,3551.0,119.4953842163086,1.9591985940933228
0.0001,3552.0,119.4953842163086,1.9591938257217407
0.0001,3553.0,119.49537658691406,1.9591888189315796
0.0001,3554.0,119.49537658691406,1.959183692932129
0.0001,3555.0,119.4953842163086,1.9591786861419678
0.0001,3556.0,119.4953842163086,1.9591741561889648
0.0001,3557.0,119.4953842163086,1.9591691493988037
0.0001,3558.0,119.49537658691406,1.9591646194458008
0.0001,3559.0,119.49537658691406,1.95915949344635
0.0001,3560.0,119.49537658691406,1.9591548442840576
0.0001,3561.0,119.4953842163086,1.959149956703186
0.0001,3562.0,119.49536895751953,1.959145188331604
0.0001,3563.0,119.49537658691406,1.9591401815414429
0.0001,3564.0,119.49537658691406,1.9591354131698608
0.0001,3565.0,119.4953842163086,1.9591305255889893
0.0001,3566.0,119.49536895751953,1.9591258764266968
0.0001,3567.0,119.49536895751953,1.9591213464736938
0.0001,3568.0,119.49537658691406,1.9591162204742432
0.0001,3569.0,119.49537658691406,1.9591115713119507
0.0001,3570.0,119.49536895751953,1.959106683731079
0.0001,3571.0,119.49536895751953,1.9591020345687866
0.0001,3572.0,119.49537658691406,1.9590975046157837
0.0001,3573.0,119.49536895751953,1.9590924978256226
0.0001,3574.0,119.495361328125,1.9590879678726196
0.0001,3575.0,119.49536895751953,1.9590829610824585
0.0001,3576.0,119.49537658691406,1.9590784311294556
0.0001,3577.0,119.49536895751953,1.959073781967163
0.0001,3578.0,119.495361328125,1.959069013595581
0.0001,3579.0,119.49536895751953,1.959064245223999
0.0001,3580.0,119.495361328125,1.959059715270996
0.0001,3581.0,119.49535369873047,1.959054708480835
0.0001,3582.0,119.495361328125,1.9590504169464111
0.0001,3583.0,119.49536895751953,1.959045648574829
0.0001,3584.0,119.49536895751953,1.959040880203247
0.0001,3585.0,119.49535369873047,1.9590362310409546
0.0001,3586.0,119.495361328125,1.959031343460083
0.0001,3587.0,119.495361328125,1.9590270519256592
0.0001,3588.0,119.49536895751953,1.9590221643447876
0.0001,3589.0,119.49535369873047,1.9590179920196533
0.0001,3590.0,119.495361328125,1.9590129852294922
0.0001,3591.0,119.495361328125,1.9590082168579102
0.0001,3592.0,119.49535369873047,1.9590038061141968
0.0001,3593.0,119.49535369873047,1.9589992761611938
0.0001,3594.0,119.49535369873047,1.9589948654174805
0.0001,3595.0,119.495361328125,1.9589900970458984
0.0001,3596.0,119.49535369873047,1.9589859247207642
0.0001,3597.0,119.49535369873047,1.958980917930603
0.0001,3598.0,119.49535369873047,1.9589763879776
0.0001,3599.0,119.49534606933594,1.9589717388153076
0.0001,3600.0,119.49535369873047,1.9589672088623047
0.0001,3601.0,119.49535369873047,1.9589627981185913
0.0001,3602.0,119.49535369873047,1.9589582681655884
0.0001,3603.0,119.49534606933594,1.958953619003296
0.0001,3604.0,119.49535369873047,1.958949327468872
0.0001,3605.0,119.49535369873047,1.9589449167251587
0.0001,3606.0,119.49534606933594,1.9589401483535767
0.0001,3607.0,119.49534606933594,1.958936095237732
0.0001,3608.0,119.49534606933594,1.9589312076568604
0.0001,3609.0,119.49535369873047,1.9589269161224365
0.0001,3610.0,119.49534606933594,1.9589223861694336
0.0001,3611.0,119.49535369873047,1.9589179754257202
0.0001,3612.0,119.49534606933594,1.9589134454727173
0.0001,3613.0,119.4953384399414,1.958909034729004
0.0001,3614.0,119.49534606933594,1.958904504776001
0.0001,3615.0,119.49534606933594,1.9589000940322876
0.0001,3616.0,119.4953384399414,1.9588956832885742
0.0001,3617.0,119.4953384399414,1.9588909149169922
0.0001,3618.0,119.49534606933594,1.9588868618011475
0.0001,3619.0,119.49534606933594,1.9588823318481445
0.0001,3620.0,119.4953384399414,1.9588778018951416
0.0001,3621.0,119.49534606933594,1.9588733911514282
0.0001,3622.0,119.49534606933594,1.958869218826294
0.0001,3623.0,119.49533081054688,1.9588645696640015
0.0001,3624.0,119.4953384399414,1.958860158920288
0.0001,3625.0,119.49534606933594,1.9588558673858643
0.0001,3626.0,119.4953384399414,1.9588514566421509
0.0001,3627.0,119.4953384399414,1.9588472843170166
0.0001,3628.0,119.49534606933594,1.9588426351547241
0.0001,3629.0,119.49533081054688,1.958838701248169
0.0001,3630.0,119.49533081054688,1.9588342905044556
0.0001,3631.0,119.4953384399414,1.958829641342163
0.0001,3632.0,119.49533081054688,1.9588254690170288
0.0001,3633.0,119.4953384399414,1.9588212966918945
0.0001,3634.0,119.4953384399414,1.9588167667388916
0.0001,3635.0,119.49532318115234,1.9588124752044678
0.0001,3636.0,119.49533081054688,1.9588083028793335
0.0001,3637.0,119.49533081054688,1.9588041305541992
0.0001,3638.0,119.4953384399414,1.9587997198104858
0.0001,3639.0,119.49533081054688,1.9587957859039307
0.0001,3640.0,119.4953384399414,1.9587911367416382
0.0001,3641.0,119.4953384399414,1.958786964416504
0.0001,3642.0,119.49532318115234,1.9587825536727905
0.0001,3643.0,119.49533081054688,1.9587783813476562
0.0001,3644.0,119.49533081054688,1.9587739706039429
0.0001,3645.0,119.49532318115234,1.9587701559066772
0.0001,3646.0,119.49533081054688,1.9587656259536743
0.0001,3647.0,119.4953384399414,1.958761215209961
0.0001,3648.0,119.49533081054688,1.9587574005126953
0.0001,3649.0,119.49533081054688,1.958752989768982
0.0001,3650.0,119.49533081054688,1.9587485790252686
0.0001,3651.0,119.49532318115234,1.9587446451187134
0.0001,3652.0,119.49532318115234,1.958740472793579
0.0001,3653.0,119.49531555175781,1.9587361812591553
0.0001,3654.0,119.49532318115234,1.958732008934021
0.0001,3655.0,119.49533081054688,1.9587275981903076
0.0001,3656.0,119.49532318115234,1.9587236642837524
0.0001,3657.0,119.49532318115234,1.9587196111679077
0.0001,3658.0,119.49532318115234,1.9587154388427734
0.0001,3659.0,119.49531555175781,1.9587112665176392
0.0001,3660.0,119.49531555175781,1.9587068557739258
0.0001,3661.0,119.49532318115234,1.9587030410766602
0.0001,3662.0,119.49531555175781,1.9586988687515259
0.0001,3663.0,119.49532318115234,1.9586946964263916
0.0001,3664.0,119.49532318115234,1.9586906433105469
0.0001,3665.0,119.49531555175781,1.9586864709854126
0.0001,3666.0,119.49532318115234,1.9586820602416992
0.0001,3667.0,119.49532318115234,1.9586780071258545
0.0001,3668.0,119.49530792236328,1.9586741924285889
0.0001,3669.0,119.49531555175781,1.9586700201034546
0.0001,3670.0,119.49532318115234,1.9586658477783203
0.0001,3671.0,119.49531555175781,1.9586620330810547
0.0001,3672.0,119.49531555175781,1.95865797996521
0.0001,3673.0,119.49530792236328,1.9586538076400757
0.0001,3674.0,119.49531555175781,1.9586496353149414
0.0001,3675.0,119.49531555175781,1.9586458206176758
0.0001,3676.0,119.49530792236328,1.958641767501831
0.0001,3677.0,119.49531555175781,1.9586379528045654
0.0001,3678.0,119.49532318115234,1.9586336612701416
0.0001,3679.0,119.49531555175781,1.9586296081542969
0.0001,3680.0,119.49531555175781,1.9586254358291626
0.0001,3681.0,119.49530029296875,1.958621621131897
0.0001,3682.0,119.49530792236328,1.9586174488067627
0.0001,3683.0,119.49530792236328,1.958613634109497
0.0001,3684.0,119.49530029296875,1.9586095809936523
0.0001,3685.0,119.49530792236328,1.9586057662963867
0.0001,3686.0,119.49531555175781,1.9586015939712524
0.0001,3687.0,119.49530792236328,1.9585975408554077
0.0001,3688.0,119.49530792236328,1.9585936069488525
0.0001,3689.0,119.49530029296875,1.958589792251587
0.0001,3690.0,119.49530792236328,1.9585857391357422
0.0001,3691.0,119.49530792236328,1.9585816860198975
0.0001,3692.0,119.49530029296875,1.9585777521133423
0.0001,3693.0,119.49530792236328,1.9585740566253662
0.0001,3694.0,119.49531555175781,1.958570122718811
0.0001,3695.0,119.49530792236328,1.9585663080215454
0.0001,3696.0,119.49530792236328,1.9585621356964111
0.0001,3697.0,119.49530029296875,1.9585583209991455
0.0001,3698.0,119.49530792236328,1.9585545063018799
0.0001,3699.0,119.49530029296875,1.9585506916046143
0.0001,3700.0,119.49529266357422,1.9585464000701904
0.0001,3701.0,119.49530029296875,1.9585424661636353
0.0001,3702.0,119.49529266357422,1.9585387706756592
0.0001,3703.0,119.49530029296875,1.958534836769104
0.0001,3704.0,119.49530029296875,1.9585310220718384
0.0001,3705.0,119.49529266357422,1.9585269689559937
0.0001,3706.0,119.49530029296875,1.9585230350494385
0.0001,3707.0,119.49530029296875,1.9585192203521729
0.0001,3708.0,119.49529266357422,1.9585155248641968
0.0001,3709.0,119.49530029296875,1.9585115909576416
0.0001,3710.0,119.49529266357422,1.9585078954696655
0.0001,3711.0,119.49530029296875,1.958504319190979
0.0001,3712.0,119.49530029296875,1.9585005044937134
0.0001,3713.0,119.49529266357422,1.9584964513778687
0.0001,3714.0,119.49530029296875,1.9584928750991821
0.0001,3715.0,119.49529266357422,1.9584890604019165
0.0001,3716.0,119.49529266357422,1.9584852457046509
0.0001,3717.0,119.49530029296875,1.9584814310073853
0.0001,3718.0,119.49529266357422,1.9584776163101196
0.0001,3719.0,119.49530029296875,1.958473563194275
0.0001,3720.0,119.49529266357422,1.9584699869155884
0.0001,3721.0,119.49529266357422,1.9584661722183228
0.0001,3722.0,119.49528503417969,1.9584624767303467
0.0001,3723.0,119.49529266357422,1.958458662033081
0.0001,3724.0,119.49529266357422,1.9584548473358154
0.0001,3725.0,119.49528503417969,1.958451271057129
0.0001,3726.0,119.49529266357422,1.9584474563598633
0.0001,3727.0,119.49528503417969,1.9584436416625977
0.0001,3728.0,119.49529266357422,1.9584400653839111
0.0001,3729.0,119.49529266357422,1.958436369895935
0.0001,3730.0,119.49528503417969,1.9584325551986694
0.0001,3731.0,119.49529266357422,1.958428978919983
0.0001,3732.0,119.49528503417969,1.9584252834320068
0.0001,3733.0,119.49528503417969,1.9584213495254517
0.0001,3734.0,119.49527740478516,1.9584176540374756
0.0001,3735.0,119.49528503417969,1.958414077758789
0.0001,3736.0,119.49529266357422,1.9584102630615234
0.0001,3737.0,119.49528503417969,1.9584064483642578
0.0001,3738.0,119.49528503417969,1.9584029912948608
0.0001,3739.0,119.49527740478516,1.9583995342254639
0.0001,3740.0,119.49528503417969,1.9583959579467773
0.0001,3741.0,119.49528503417969,1.9583921432495117
0.0001,3742.0,119.49527740478516,1.958388328552246
0.0001,3743.0,119.49528503417969,1.9583851099014282
0.0001,3744.0,119.49527740478516,1.9583812952041626
0.0001,3745.0,119.49529266357422,1.958377480506897
0.0001,3746.0,119.49528503417969,1.958373785018921
0.0001,3747.0,119.49528503417969,1.9583704471588135
0.0001,3748.0,119.49527740478516,1.9583669900894165
0.0001,3749.0,119.49528503417969,1.9583631753921509
0.0001,3750.0,119.49528503417969,1.9583594799041748
0.0001,3751.0,119.49527740478516,1.9583559036254883
0.0001,3752.0,119.49528503417969,1.9583524465560913
0.0001,3753.0,119.49527740478516,1.9583488702774048
0.0001,3754.0,119.49528503417969,1.9583450555801392
0.0001,3755.0,119.49527740478516,1.9583415985107422
0.0001,3756.0,119.49527740478516,1.9583381414413452
0.0001,3757.0,119.49528503417969,1.9583346843719482
0.0001,3758.0,119.49527740478516,1.9583308696746826
0.0001,3759.0,119.49527740478516,1.958327293395996
0.0001,3760.0,119.49526977539062,1.9583237171173096
0.0001,3761.0,119.49527740478516,1.9583202600479126
0.0001,3762.0,119.49526977539062,1.9583168029785156
0.0001,3763.0,119.49527740478516,1.958313226699829
0.0001,3764.0,119.49526977539062,1.9583101272583008
0.0001,3765.0,119.49527740478516,1.9583065509796143
0.0001,3766.0,119.49528503417969,1.9583028554916382
0.0001,3767.0,119.49527740478516,1.9582993984222412
0.0001,3768.0,119.49527740478516,1.9582958221435547
0.0001,3769.0,119.49526977539062,1.9582922458648682
0.0001,3770.0,119.49527740478516,1.9582887887954712
0.0001,3771.0,119.49526977539062,1.9582853317260742
0.0001,3772.0,119.49527740478516,1.9582818746566772
0.0001,3773.0,119.49526977539062,1.9582784175872803
0.0001,3774.0,119.49526977539062,1.9582750797271729
0.0001,3775.0,119.4952621459961,1.9582712650299072
0.0001,3776.0,119.49526977539062,1.9582678079605103
0.0001,3777.0,119.49526977539062,1.9582643508911133
0.0001,3778.0,119.49526977539062,1.9582608938217163
0.0001,3779.0,119.49527740478516,1.9582576751708984
0.0001,3780.0,119.49526977539062,1.958254098892212
0.0001,3781.0,119.49527740478516,1.9582507610321045
0.0001,3782.0,119.49526977539062,1.958247423171997
0.0001,3783.0,119.49526977539062,1.9582439661026
0.0001,3784.0,119.4952621459961,1.9582405090332031
0.0001,3785.0,119.49526977539062,1.9582372903823853
0.0001,3786.0,119.4952621459961,1.9582335948944092
0.0001,3787.0,119.4952621459961,1.9582303762435913
0.0001,3788.0,119.4952621459961,1.9582269191741943
0.0001,3789.0,119.49526977539062,1.9582237005233765
0.0001,3790.0,119.4952621459961,1.9582202434539795
0.0001,3791.0,119.49526977539062,1.958216905593872
0.0001,3792.0,119.49526977539062,1.958213448524475
0.0001,3793.0,119.4952621459961,1.9582099914550781
0.0001,3794.0,119.49526977539062,1.9582068920135498
0.0001,3795.0,119.4952621459961,1.9582035541534424
0.0001,3796.0,119.4952621459961,1.9582000970840454
0.0001,3797.0,119.4952621459961,1.9581966400146484
0.0001,3798.0,119.49526977539062,1.9581934213638306
0.0001,3799.0,119.4952621459961,1.9581902027130127
0.0001,3800.0,119.49526977539062,1.9581867456436157
0.0001,3801.0,119.4952621459961,1.9581835269927979
0.0001,3802.0,119.4952621459961,1.9581801891326904
0.0001,3803.0,119.49525451660156,1.958176851272583
0.0001,3804.0,119.4952621459961,1.9581739902496338
0.0001,3805.0,119.4952621459961,1.9581701755523682
0.0001,3806.0,119.4952621459961,1.958167314529419
0.0001,3807.0,119.49525451660156,1.958163857460022
0.0001,3808.0,119.4952621459961,1.958160638809204
0.0001,3809.0,119.49525451660156,1.9581573009490967
0.0001,3810.0,119.4952621459961,1.9581537246704102
0.0001,3811.0,119.49525451660156,1.958150863647461
0.0001,3812.0,119.49525451660156,1.958147406578064
0.0001,3813.0,119.49525451660156,1.958144187927246
0.0001,3814.0,119.4952621459961,1.9581407308578491
0.0001,3815.0,119.49525451660156,1.9581375122070312
0.0001,3816.0,119.49525451660156,1.958134651184082
0.0001,3817.0,119.49524688720703,1.9581314325332642
0.0001,3818.0,119.49525451660156,1.958127737045288
0.0001,3819.0,119.49524688720703,1.9581248760223389
0.0001,3820.0,119.4952621459961,1.9581212997436523
0.0001,3821.0,119.49525451660156,1.9581184387207031
0.0001,3822.0,119.49525451660156,1.9581149816513062
0.0001,3823.0,119.49524688720703,1.9581120014190674
0.0001,3824.0,119.49525451660156,1.9581085443496704
0.0001,3825.0,119.49524688720703,1.958105444908142
0.0001,3826.0,119.49525451660156,1.9581024646759033
0.0001,3827.0,119.4952621459961,1.958099126815796
0.0001,3828.0,119.49525451660156,1.9580961465835571
0.0001,3829.0,119.49524688720703,1.9580929279327393
0.0001,3830.0,119.49525451660156,1.958089828491211
0.0001,3831.0,119.49524688720703,1.958086609840393
0.0001,3832.0,119.49524688720703,1.958083152770996
0.0001,3833.0,119.49524688720703,1.9580800533294678
0.0001,3834.0,119.49525451660156,1.958077073097229
0.0001,3835.0,119.49524688720703,1.9580738544464111
0.0001,3836.0,119.49524688720703,1.9580707550048828
0.0001,3837.0,119.4952392578125,1.9580672979354858
0.0001,3838.0,119.49525451660156,1.9580646753311157
0.0001,3839.0,119.49524688720703,1.9580615758895874
0.0001,3840.0,119.49525451660156,1.9580585956573486
0.0001,3841.0,119.49524688720703,1.9580552577972412
0.0001,3842.0,119.49524688720703,1.958052396774292
0.0001,3843.0,119.4952392578125,1.9580490589141846
0.0001,3844.0,119.49525451660156,1.9580457210540771
0.0001,3845.0,119.49524688720703,1.9580425024032593
0.0001,3846.0,119.49524688720703,1.9580395221710205
0.0001,3847.0,119.4952392578125,1.9580366611480713
0.0001,3848.0,119.49524688720703,1.958033800125122
0.0001,3849.0,119.49524688720703,1.9580304622650146
0.0001,3850.0,119.49525451660156,1.9580274820327759
0.0001,3851.0,119.49524688720703,1.9580246210098267
0.0001,3852.0,119.49524688720703,1.9580214023590088
0.0001,3853.0,119.4952392578125,1.9580180644989014
0.0001,3854.0,119.49525451660156,1.9580152034759521
0.0001,3855.0,119.49524688720703,1.9580122232437134
0.0001,3856.0,119.49524688720703,1.958009123802185
0.0001,3857.0,119.4952392578125,1.9580061435699463
0.0001,3858.0,119.49524688720703,1.958003282546997
0.0001,3859.0,119.4952392578125,1.9579999446868896
0.0001,3860.0,119.49525451660156,1.9579970836639404
0.0001,3861.0,119.49524688720703,1.9579938650131226
0.0001,3862.0,119.4952392578125,1.9579912424087524
0.0001,3863.0,119.4952392578125,1.9579881429672241
0.0001,3864.0,119.4952392578125,1.9579849243164062
0.0001,3865.0,119.49524688720703,1.9579823017120361
0.0001,3866.0,119.4952392578125,1.9579789638519287
0.0001,3867.0,119.4952392578125,1.95797598361969
0.0001,3868.0,119.49523162841797,1.957972764968872
0.0001,3869.0,119.49524688720703,1.9579699039459229
0.0001,3870.0,119.4952392578125,1.9579671621322632
0.0001,3871.0,119.49524688720703,1.9579641819000244
0.0001,3872.0,119.4952392578125,1.957961082458496
0.0001,3873.0,119.4952392578125,1.9579582214355469
0.0001,3874.0,119.4952392578125,1.9579551219940186
0.0001,3875.0,119.49524688720703,1.9579524993896484
0.0001,3876.0,119.4952392578125,1.9579492807388306
0.0001,3877.0,119.49523162841797,1.957946538925171
0.0001,3878.0,119.4952392578125,1.9579435586929321
0.0001,3879.0,119.49523162841797,1.957940697669983
0.0001,3880.0,119.4952392578125,1.9579375982284546
0.0001,3881.0,119.49523162841797,1.9579347372055054
0.0001,3882.0,119.49524688720703,1.9579317569732666
0.0001,3883.0,119.4952392578125,1.957929015159607
0.0001,3884.0,119.4952392578125,1.9579263925552368
0.0001,3885.0,119.49523162841797,1.957923173904419
0.0001,3886.0,119.49524688720703,1.9579206705093384
0.0001,3887.0,119.4952392578125,1.9579174518585205
0.0001,3888.0,119.49523162841797,1.9579143524169922
0.0001,3889.0,119.49523162841797,1.957911729812622
0.0001,3890.0,119.49522399902344,1.9579088687896729
0.0001,3891.0,119.4952392578125,1.9579061269760132
0.0001,3892.0,119.49523162841797,1.9579029083251953
0.0001,3893.0,119.4952392578125,1.9579002857208252
0.0001,3894.0,119.49523162841797,1.957897424697876
0.0001,3895.0,119.4952392578125,1.9578945636749268
0.0001,3896.0,119.49523162841797,1.9578917026519775
0.0001,3897.0,119.49522399902344,1.9578888416290283
0.0001,3898.0,119.49523162841797,1.957885980606079
0.0001,3899.0,119.49523162841797,1.9578831195831299
0.0001,3900.0,119.49523162841797,1.9578803777694702
0.0001,3901.0,119.49522399902344,1.957877516746521
0.0001,3902.0,119.49523162841797,1.9578746557235718
0.0001,3903.0,119.49523162841797,1.9578717947006226
0.0001,3904.0,119.4952392578125,1.957869291305542
0.0001,3905.0,119.49523162841797,1.9578664302825928
0.0001,3906.0,119.49523162841797,1.9578638076782227
0.0001,3907.0,119.49523162841797,1.9578605890274048
0.0001,3908.0,119.49522399902344,1.9578580856323242
0.0001,3909.0,119.49523162841797,1.957855463027954
0.0001,3910.0,119.49523162841797,1.9578526020050049
0.0001,3911.0,119.49523162841797,1.9578497409820557
0.0001,3912.0,119.49522399902344,1.9578468799591064
0.0001,3913.0,119.49523162841797,1.9578441381454468
0.0001,3914.0,119.49523162841797,1.9578415155410767
0.0001,3915.0,119.49522399902344,1.9578386545181274
0.0001,3916.0,119.49523162841797,1.9578357934951782
0.0001,3917.0,119.49522399902344,1.9578330516815186
0.0001,3918.0,119.49523162841797,1.9578304290771484
0.0001,3919.0,119.49522399902344,1.9578275680541992
0.0001,3920.0,119.49523162841797,1.957824945449829
0.0001,3921.0,119.49523162841797,1.9578218460083008
0.0001,3922.0,119.49522399902344,1.9578195810317993
0.0001,3923.0,119.49522399902344,1.95781672000885
0.0001,3924.0,119.4952163696289,1.9578142166137695
0.0001,3925.0,119.49523162841797,1.9578111171722412
0.0001,3926.0,119.49522399902344,1.9578088521957397
0.0001,3927.0,119.49523162841797,1.9578059911727905
0.0001,3928.0,119.49523162841797,1.9578031301498413
0.0001,3929.0,119.49522399902344,1.9578008651733398
0.0001,3930.0,119.49522399902344,1.9577980041503906
0.0001,3931.0,119.49522399902344,1.9577951431274414
0.0001,3932.0,119.49523162841797,1.9577922821044922
0.0001,3933.0,119.49522399902344,1.957789659500122
0.0001,3934.0,119.4952163696289,1.9577869176864624
0.0001,3935.0,119.49522399902344,1.9577844142913818
0.0001,3936.0,119.4952163696289,1.9577815532684326
0.0001,3937.0,119.49522399902344,1.9577791690826416
0.0001,3938.0,119.49522399902344,1.9577767848968506
0.0001,3939.0,119.49523162841797,1.9577738046646118
0.0001,3940.0,119.49522399902344,1.9577713012695312
0.0001,3941.0,119.49522399902344,1.957768440246582
0.0001,3942.0,119.49522399902344,1.9577659368515015
0.0001,3943.0,119.4952163696289,1.9577633142471313
0.0001,3944.0,119.49522399902344,1.9577605724334717
0.0001,3945.0,119.49522399902344,1.9577579498291016
0.0001,3946.0,119.4952163696289,1.957755446434021
0.0001,3947.0,119.4952163696289,1.9577528238296509
0.0001,3948.0,119.4952163696289,1.9577499628067017
0.0001,3949.0,119.49522399902344,1.9577476978302002
0.0001,3950.0,119.4952163696289,1.957744836807251
0.0001,3951.0,119.4952163696289,1.95774245262146
0.0001,3952.0,119.49522399902344,1.9577398300170898
0.0001,3953.0,119.4952163696289,1.9577372074127197
0.0001,3954.0,119.49522399902344,1.9577347040176392
0.0001,3955.0,119.4952163696289,1.95773184299469
0.0001,3956.0,119.49520874023438,1.9577295780181885
0.0001,3957.0,119.49522399902344,1.9577268362045288
0.0001,3958.0,119.4952163696289,1.9577243328094482
0.0001,3959.0,119.4952163696289,1.9577219486236572
0.0001,3960.0,119.4952163696289,1.9577192068099976
0.0001,3961.0,119.49520874023438,1.9577165842056274
0.0001,3962.0,119.4952163696289,1.957714319229126
0.0001,3963.0,119.4952163696289,1.9577114582061768
0.0001,3964.0,119.49522399902344,1.9577090740203857
0.0001,3965.0,119.4952163696289,1.9577064514160156
0.0001,3966.0,119.4952163696289,1.9577041864395142
0.0001,3967.0,119.4952163696289,1.9577014446258545
0.0001,3968.0,119.49520874023438,1.9576988220214844
0.0001,3969.0,119.49522399902344,1.9576963186264038
0.0001,3970.0,119.4952163696289,1.9576940536499023
0.0001,3971.0,119.49520874023438,1.9576914310455322
0.0001,3972.0,119.4952163696289,1.9576889276504517
0.0001,3973.0,119.49520874023438,1.9576866626739502
0.0001,3974.0,119.4952163696289,1.9576839208602905
0.0001,3975.0,119.4952163696289,1.9576812982559204
0.0001,3976.0,119.49520874023438,1.957679033279419
0.0001,3977.0,119.4952163696289,1.9576762914657593
0.0001,3978.0,119.4952163696289,1.9576740264892578
0.0001,3979.0,119.4952163696289,1.9576711654663086
0.0001,3980.0,119.49520874023438,1.9576690196990967
0.0001,3981.0,119.49520874023438,1.9576666355133057
0.0001,3982.0,119.4952163696289,1.957663893699646
0.0001,3983.0,119.49520874023438,1.9576618671417236
0.0001,3984.0,119.4952163696289,1.957659125328064
0.0001,3985.0,119.49520874023438,1.9576565027236938
0.0001,3986.0,119.49520874023438,1.9576542377471924
0.0001,3987.0,119.4952163696289,1.9576514959335327
0.0001,3988.0,119.49520874023438,1.9576494693756104
0.0001,3989.0,119.49520874023438,1.9576469659805298
0.0001,3990.0,119.4952163696289,1.9576447010040283
0.0001,3991.0,119.49520874023438,1.9576419591903687
0.0001,3992.0,119.4952163696289,1.9576396942138672
0.0001,3993.0,119.49520874023438,1.957637071609497
0.0001,3994.0,119.49520111083984,1.957634687423706
0.0001,3995.0,119.4952163696289,1.9576326608657837
0.0001,3996.0,119.49520874023438,1.9576301574707031
0.0001,3997.0,119.49520874023438,1.957627534866333
0.0001,3998.0,119.49520874023438,1.9576250314712524
0.0001,3999.0,119.49520111083984,1.9576228857040405
0.0001,4000.0,119.4952163696289,1.957620620727539
0.0001,4001.0,119.49520874023438,1.957617998123169
0.0001,4002.0,119.49520111083984,1.957615852355957
0.0001,4003.0,119.4952163696289,1.9576133489608765
0.0001,4004.0,119.49520874023438,1.957610845565796
0.0001,4005.0,119.49520874023438,1.9576082229614258
0.0001,4006.0,119.49520874023438,1.9576060771942139
0.0001,4007.0,119.49520111083984,1.9576036930084229
0.0001,4008.0,119.4952163696289,1.9576011896133423
0.0001,4009.0,119.49520874023438,1.9575990438461304
0.0001,4010.0,119.49520111083984,1.957596778869629
0.0001,4011.0,119.49520874023438,1.957594633102417
0.0001,4012.0,119.49520111083984,1.9575920104980469
0.0001,4013.0,119.49520111083984,1.9575897455215454
0.0001,4014.0,119.49520874023438,1.957587480545044
0.0001,4015.0,119.49520111083984,1.9575847387313843
0.0001,4016.0,119.49520111083984,1.957582712173462
0.0001,4017.0,119.49520874023438,1.957580327987671
0.0001,4018.0,119.49520874023438,1.9575779438018799
0.0001,4019.0,119.49520874023438,1.957575798034668
0.0001,4020.0,119.49520111083984,1.9575735330581665
0.0001,4021.0,119.49520111083984,1.957571029663086
0.0001,4022.0,119.49520874023438,1.9575693607330322
0.0001,4023.0,119.49520874023438,1.957566499710083
0.0001,4024.0,119.49520111083984,1.957564115524292
0.0001,4025.0,119.49520111083984,1.9575618505477905
0.0001,4026.0,119.49520111083984,1.957559585571289
0.0001,4027.0,119.49519348144531,1.9575573205947876
0.0001,4028.0,119.49520874023438,1.9575550556182861
0.0001,4029.0,119.49520111083984,1.9575526714324951
0.0001,4030.0,119.49520874023438,1.9575504064559937
0.0001,4031.0,119.49520874023438,1.9575483798980713
0.0001,4032.0,119.49520111083984,1.9575458765029907
0.0001,4033.0,119.49520874023438,1.9575437307357788
0.0001,4034.0,119.49520111083984,1.9575411081314087
0.0001,4035.0,119.49519348144531,1.9575392007827759
0.0001,4036.0,119.49520874023438,1.9575369358062744
0.0001,4037.0,119.49520111083984,1.9575351476669312
0.0001,4038.0,119.49520111083984,1.9575321674346924
0.0001,4039.0,119.49520111083984,1.9575302600860596
0.0001,4040.0,119.49519348144531,1.9575281143188477
0.0001,4041.0,119.49519348144531,1.9575259685516357
0.0001,4042.0,119.49520111083984,1.9575233459472656
0.0001,4043.0,119.49520111083984,1.9575210809707642
0.0001,4044.0,119.49519348144531,1.9575188159942627
0.0001,4045.0,119.49520874023438,1.9575170278549194
0.0001,4046.0,119.49520111083984,1.9575145244598389
0.0001,4047.0,119.49519348144531,1.9575122594833374
0.0001,4048.0,119.49520111083984,1.957509994506836
0.0001,4049.0,119.49519348144531,1.9575080871582031
0.0001,4050.0,119.49520874023438,1.9575058221817017
0.0001,4051.0,119.49520111083984,1.9575035572052002
0.0001,4052.0,119.49520111083984,1.9575014114379883
0.0001,4053.0,119.49520111083984,1.9574992656707764
0.0001,4054.0,119.49519348144531,1.957497000694275
0.0001,4055.0,119.49519348144531,1.9574949741363525
0.0001,4056.0,119.49520111083984,1.957492470741272
0.0001,4057.0,119.49520111083984,1.9574906826019287
0.0001,4058.0,119.49519348144531,1.9574882984161377
0.0001,4059.0,119.49520874023438,1.9574861526489258
0.0001,4060.0,119.49520111083984,1.9574840068817139
0.0001,4061.0,119.49519348144531,1.9574819803237915
0.0001,4062.0,119.49520111083984,1.95747971534729
0.0001,4063.0,119.49519348144531,1.9574775695800781
0.0001,4064.0,119.49519348144531,1.9574753046035767
0.0001,4065.0,119.49520111083984,1.9574733972549438
0.0001,4066.0,119.49520111083984,1.957471251487732
0.0001,4067.0,119.49519348144531,1.9574689865112305
0.0001,4068.0,119.49520111083984,1.9574668407440186
0.0001,4069.0,119.49519348144531,1.9574648141860962
0.0001,4070.0,119.49518585205078,1.9574626684188843
0.0001,4071.0,119.49520111083984,1.9574604034423828
0.0001,4072.0,119.49519348144531,1.957458257675171
0.0001,4073.0,119.49519348144531,1.957456350326538
0.0001,4074.0,119.49520111083984,1.9574543237686157
0.0001,4075.0,119.49520111083984,1.9574520587921143
0.0001,4076.0,119.49519348144531,1.9574499130249023
0.0001,4077.0,119.49520111083984,1.9574480056762695
0.0001,4078.0,119.49519348144531,1.9574458599090576
0.0001,4079.0,119.49519348144531,1.9574435949325562
0.0001,4080.0,119.49520111083984,1.9574416875839233
0.0001,4081.0,119.49519348144531,1.9574391841888428
0.0001,4082.0,119.49519348144531,1.95743727684021
0.0001,4083.0,119.49519348144531,1.9574353694915771
0.0001,4084.0,119.49519348144531,1.9574333429336548
0.0001,4085.0,119.49518585205078,1.9574311971664429
0.0001,4086.0,119.49520111083984,1.95742928981781
0.0001,4087.0,119.49519348144531,1.9574272632598877
0.0001,4088.0,119.49519348144531,1.9574251174926758
0.0001,4089.0,119.49518585205078,1.9574229717254639
0.0001,4090.0,119.49520111083984,1.9574207067489624
0.0001,4091.0,119.49519348144531,1.9574190378189087
0.0001,4092.0,119.49518585205078,1.9574168920516968
0.0001,4093.0,119.49519348144531,1.9574148654937744
0.0001,4094.0,119.49518585205078,1.9574127197265625
0.0001,4095.0,119.49518585205078,1.9574105739593506
0.0001,4096.0,119.49519348144531,1.9574085474014282
0.0001,4097.0,119.49519348144531,1.9574066400527954
0.0001,4098.0,119.49518585205078,1.9574047327041626
0.0001,4099.0,119.49519348144531,1.9574028253555298
0.0001,4100.0,119.49518585205078,1.9574006795883179
0.0001,4101.0,119.49518585205078,1.957398772239685
0.0001,4102.0,119.49519348144531,1.9573967456817627
0.0001,4103.0,119.49519348144531,1.9573943614959717
0.0001,4104.0,119.49518585205078,1.9573924541473389
0.0001,4105.0,119.49520111083984,1.957390546798706
0.0001,4106.0,119.49519348144531,1.9573885202407837
0.0001,4107.0,119.49519348144531,1.9573863744735718
0.0001,4108.0,119.49518585205078,1.957384705543518
0.0001,4109.0,119.49519348144531,1.9573824405670166
0.0001,4110.0,119.49518585205078,1.9573805332183838
0.0001,4111.0,119.49518585205078,1.957378625869751
0.0001,4112.0,119.49519348144531,1.9573767185211182
0.0001,4113.0,119.49519348144531,1.9573745727539062
0.0001,4114.0,119.49518585205078,1.9573726654052734
0.0001,4115.0,119.49519348144531,1.9573707580566406
0.0001,4116.0,119.49518585205078,1.9573686122894287
0.0001,4117.0,119.49517822265625,1.957366704940796
0.0001,4118.0,119.49519348144531,1.957364797592163
0.0001,4119.0,119.49518585205078,1.9573628902435303
0.0001,4120.0,119.49518585205078,1.957360863685608
0.0001,4121.0,119.49517822265625,1.9573590755462646
0.0001,4122.0,119.49519348144531,1.9573568105697632
0.0001,4123.0,119.49518585205078,1.957355260848999
0.0001,4124.0,119.49518585205078,1.9573533535003662
0.0001,4125.0,119.49518585205078,1.9573510885238647
0.0001,4126.0,119.49518585205078,1.9573490619659424
0.0001,4127.0,119.49517822265625,1.9573472738265991
0.0001,4128.0,119.49519348144531,1.9573452472686768
0.0001,4129.0,119.49518585205078,1.9573434591293335
0.0001,4130.0,119.49518585205078,1.9573417901992798
0.0001,4131.0,119.49517822265625,1.9573395252227783
0.0001,4132.0,119.49518585205078,1.957337737083435
0.0001,4133.0,119.49517822265625,1.9573358297348022
0.0001,4134.0,119.49517822265625,1.9573339223861694
0.0001,4135.0,119.49518585205078,1.9573323726654053
0.0001,4136.0,119.49518585205078,1.9573301076889038
0.0001,4137.0,119.49517822265625,1.9573285579681396
0.0001,4138.0,119.49519348144531,1.9573261737823486
0.0001,4139.0,119.49519348144531,1.957324743270874
0.0001,4140.0,119.49518585205078,1.9573228359222412
0.0001,4141.0,119.49518585205078,1.9573209285736084
0.0001,4142.0,119.49518585205078,1.9573190212249756
0.0001,4143.0,119.49518585205078,1.9573171138763428
0.0001,4144.0,119.49517822265625,1.9573150873184204
0.0001,4145.0,119.49519348144531,1.9573135375976562
0.0001,4146.0,119.49518585205078,1.9573112726211548
0.0001,4147.0,119.49518585205078,1.957309365272522
0.0001,4148.0,119.49517822265625,1.9573075771331787
0.0001,4149.0,119.49518585205078,1.957305908203125
0.0001,4150.0,119.49517822265625,1.9573040008544922
0.0001,4151.0,119.49517822265625,1.9573023319244385
0.0001,4152.0,119.49518585205078,1.9572999477386475
0.0001,4153.0,119.49518585205078,1.9572985172271729
0.0001,4154.0,119.49517822265625,1.9572967290878296
0.0001,4155.0,119.49519348144531,1.9572947025299072
0.0001,4156.0,119.49518585205078,1.957293152809143
0.0001,4157.0,119.49518585205078,1.9572908878326416
0.0001,4158.0,119.49517822265625,1.957289457321167
0.0001,4159.0,119.49518585205078,1.9572875499725342
0.0001,4160.0,119.49517822265625,1.9572856426239014
0.0001,4161.0,119.49517822265625,1.9572837352752686
0.0001,4162.0,119.49519348144531,1.9572820663452148
0.0001,4163.0,119.49518585205078,1.9572803974151611
0.0001,4164.0,119.49518585205078,1.9572784900665283
0.0001,4165.0,119.49517822265625,1.9572765827178955
0.0001,4166.0,119.49518585205078,1.9572750329971313
0.0001,4167.0,119.49517822265625,1.9572731256484985
0.0001,4168.0,119.49517822265625,1.9572712182998657
0.0001,4169.0,119.49517059326172,1.9572694301605225
0.0001,4170.0,119.49518585205078,1.9572677612304688
0.0001,4171.0,119.49517822265625,1.957265853881836
0.0001,4172.0,119.49517822265625,1.9572639465332031
0.0001,4173.0,119.49518585205078,1.957262396812439
0.0001,4174.0,119.49518585205078,1.9572603702545166
0.0001,4175.0,119.49517822265625,1.9572588205337524
0.0001,4176.0,119.49517822265625,1.9572570323944092
0.0001,4177.0,119.49518585205078,1.9572551250457764
0.0001,4178.0,119.49517822265625,1.9572534561157227
0.0001,4179.0,119.49517822265625,1.957251787185669
0.0001,4180.0,119.49518585205078,1.9572499990463257
0.0001,4181.0,119.49518585205078,1.957248330116272
0.0001,4182.0,119.49517822265625,1.9572465419769287
0.0001,4183.0,119.49517822265625,1.957244634628296
0.0001,4184.0,119.49517822265625,1.957242727279663
0.0001,4185.0,119.49517822265625,1.957241415977478
0.0001,4186.0,119.49517059326172,1.9572395086288452
0.0001,4187.0,119.49517059326172,1.957237958908081
0.0001,4188.0,119.49518585205078,1.9572360515594482
0.0001,4189.0,119.49517822265625,1.9572346210479736
0.0001,4190.0,119.49517822265625,1.9572327136993408
0.0001,4191.0,119.49517059326172,1.957230806350708
0.0001,4192.0,119.49518585205078,1.9572293758392334
0.0001,4193.0,119.49517822265625,1.9572274684906006
0.0001,4194.0,119.49517822265625,1.9572257995605469
0.0001,4195.0,119.49517822265625,1.9572241306304932
0.0001,4196.0,119.49517822265625,1.95722234249115
0.0001,4197.0,119.49517822265625,1.957220435142517
0.0001,4198.0,119.49517059326172,1.957218885421753
0.0001,4199.0,119.49518585205078,1.9572175741195679
0.0001,4200.0,119.49517822265625,1.9572153091430664
0.0001,4201.0,119.49517822265625,1.9572137594223022
0.0001,4202.0,119.49517059326172,1.9572120904922485
0.0001,4203.0,119.49517822265625,1.9572103023529053
0.0001,4204.0,119.49517822265625,1.9572089910507202
0.0001,4205.0,119.49517059326172,1.9572070837020874
0.0001,4206.0,119.49517059326172,1.9572055339813232
0.0001,4207.0,119.49517822265625,1.9572038650512695
0.0001,4208.0,119.49517822265625,1.9572019577026367
0.0001,4209.0,119.49517059326172,1.9572006464004517
0.0001,4210.0,119.49518585205078,1.9571990966796875
0.0001,4211.0,119.49517822265625,1.9571974277496338
0.0001,4212.0,119.49517822265625,1.9571956396102905
0.0001,4213.0,119.49517822265625,1.9571937322616577
0.0001,4214.0,119.49517822265625,1.957192063331604
0.0001,4215.0,119.49517822265625,1.9571902751922607
0.0001,4216.0,119.49517059326172,1.9571889638900757
0.0001,4217.0,119.49517059326172,1.957187294960022
0.0001,4218.0,119.49517822265625,1.9571855068206787
0.0001,4219.0,119.49517822265625,1.957183837890625
0.0001,4220.0,119.49517822265625,1.9571821689605713
0.0001,4221.0,119.49517059326172,1.9571806192398071
0.0001,4222.0,119.49517822265625,1.957179069519043
0.0001,4223.0,119.49517059326172,1.9571775197982788
0.0001,4224.0,119.49517059326172,1.957175850868225
0.0001,4225.0,119.49517059326172,1.9571740627288818
0.0001,4226.0,119.49517822265625,1.9571727514266968
0.0001,4227.0,119.49517822265625,1.9571707248687744
0.0001,4228.0,119.49517059326172,1.957169532775879
0.0001,4229.0,119.49517059326172,1.957167625427246
0.0001,4230.0,119.49517822265625,1.9571664333343506
0.0001,4231.0,119.49517822265625,1.9571647644042969
0.0001,4232.0,119.49517822265625,1.957162618637085
0.0001,4233.0,119.49517059326172,1.9571613073349
0.0001,4234.0,119.49517822265625,1.9571596384048462
0.0001,4235.0,119.49517059326172,1.957158088684082
0.0001,4236.0,119.49517059326172,1.9571564197540283
0.0001,4237.0,119.49517059326172,1.9571549892425537
0.0001,4238.0,119.49517822265625,1.957153081893921
0.0001,4239.0,119.49517822265625,1.9571517705917358
0.0001,4240.0,119.49517059326172,1.9571502208709717
0.0001,4241.0,119.49517059326172,1.957148551940918
0.0001,4242.0,119.49517822265625,1.9571470022201538
0.0001,4243.0,119.49517059326172,1.9571453332901
0.0001,4244.0,119.49517059326172,1.957144021987915
0.0001,4245.0,119.49516296386719,1.9571421146392822
0.0001,4246.0,119.49517822265625,1.9571406841278076
0.0001,4247.0,119.49517822265625,1.957139253616333
0.0001,4248.0,119.49517059326172,1.9571377038955688
0.0001,4249.0,119.49517059326172,1.9571361541748047
0.0001,4250.0,119.49517822265625,1.9571346044540405
0.0001,4251.0,119.49517822265625,1.9571330547332764
0.0001,4252.0,119.49517822265625,1.9571317434310913
0.0001,4253.0,119.49517059326172,1.9571298360824585
0.0001,4254.0,119.49517059326172,1.9571282863616943
0.0001,4255.0,119.49517059326172,1.9571269750595093
0.0001,4256.0,119.49517059326172,1.9571253061294556
0.0001,4257.0,119.49517059326172,1.9571239948272705
0.0001,4258.0,119.49516296386719,1.9571220874786377
0.0001,4259.0,119.49517822265625,1.957120656967163
0.0001,4260.0,119.49517059326172,1.9571192264556885
0.0001,4261.0,119.49517059326172,1.9571174383163452
0.0001,4262.0,119.49517059326172,1.9571161270141602
0.0001,4263.0,119.49517059326172,1.9571149349212646
0.0001,4264.0,119.49517059326172,1.9571130275726318
0.0001,4265.0,119.49516296386719,1.9571117162704468
0.0001,4266.0,119.49516296386719,1.9571101665496826
0.0001,4267.0,119.49517822265625,1.957108736038208
0.0001,4268.0,119.49517059326172,1.9571071863174438
0.0001,4269.0,119.49517059326172,1.9571056365966797
0.0001,4270.0,119.49516296386719,1.957103967666626
0.0001,4271.0,119.49516296386719,1.9571025371551514
0.0001,4272.0,119.49517822265625,1.9571011066436768
0.0001,4273.0,119.49517059326172,1.9570995569229126
0.0001,4274.0,119.49517059326172,1.9570980072021484
0.0001,4275.0,119.49517059326172,1.9570966958999634
0.0001,4276.0,119.49517059326172,1.9570953845977783
0.0001,4277.0,119.49517059326172,1.957093596458435
0.0001,4278.0,119.49516296386719,1.95709228515625
0.0001,4279.0,119.49516296386719,1.9570907354354858
0.0001,4280.0,119.49517822265625,1.9570894241333008
0.0001,4281.0,119.49517059326172,1.957087755203247
0.0001,4282.0,119.49517059326172,1.9570865631103516
0.0001,4283.0,119.49517059326172,1.9570850133895874
0.0001,4284.0,119.49516296386719,1.9570834636688232
0.0001,4285.0,119.49517059326172,1.9570820331573486
0.0001,4286.0,119.49516296386719,1.9570808410644531
0.0001,4287.0,119.49516296386719,1.957079291343689
0.0001,4288.0,119.49516296386719,1.957077980041504
0.0001,4289.0,119.49517059326172,1.957075834274292
0.0001,4290.0,119.49517059326172,1.957074761390686
0.0001,4291.0,119.49517059326172,1.957073450088501
0.0001,4292.0,119.49516296386719,1.9570719003677368
0.0001,4293.0,119.49517822265625,1.9570703506469727
0.0001,4294.0,119.49517059326172,1.9570693969726562
0.0001,4295.0,119.49517059326172,1.9570672512054443
0.0001,4296.0,119.49517059326172,1.957066297531128
0.0001,4297.0,119.49516296386719,1.9570648670196533
0.0001,4298.0,119.49517059326172,1.9570634365081787
0.0001,4299.0,119.49517059326172,1.957061767578125
0.0001,4300.0,119.49516296386719,1.9570605754852295
0.0001,4301.0,119.49516296386719,1.9570589065551758
0.0001,4302.0,119.49516296386719,1.9570577144622803
0.0001,4303.0,119.49517059326172,1.9570562839508057
0.0001,4304.0,119.49517059326172,1.9570550918579102
0.0001,4305.0,119.49516296386719,1.9570534229278564
0.0001,4306.0,119.49516296386719,1.957052230834961
0.0001,4307.0,119.49517059326172,1.9570505619049072
0.0001,4308.0,119.49516296386719,1.9570491313934326
0.0001,4309.0,119.49516296386719,1.957047700881958
0.0001,4310.0,119.49516296386719,1.9570462703704834
0.0001,4311.0,119.49515533447266,1.9570448398590088
0.0001,4312.0,119.49517059326172,1.9570438861846924
0.0001,4313.0,119.49517059326172,1.9570420980453491
0.0001,4314.0,119.49516296386719,1.9570411443710327
0.0001,4315.0,119.49516296386719,1.9570392370224
0.0001,4316.0,119.49517059326172,1.957038164138794
0.0001,4317.0,119.49517059326172,1.9570366144180298
0.0001,4318.0,119.49517059326172,1.9570356607437134
0.0001,4319.0,119.49516296386719,1.9570341110229492
0.0001,4320.0,119.49516296386719,1.9570327997207642
0.0001,4321.0,119.49517059326172,1.9570316076278687
0.0001,4322.0,119.49516296386719,1.957029938697815
0.0001,4323.0,119.49516296386719,1.9570286273956299
0.0001,4324.0,119.49516296386719,1.9570271968841553
0.0001,4325.0,119.49515533447266,1.9570261240005493
0.0001,4326.0,119.49517059326172,1.9570245742797852
0.0001,4327.0,119.49517059326172,1.9570232629776
0.0001,4328.0,119.49516296386719,1.957021951675415
0.0001,4329.0,119.49516296386719,1.9570204019546509
0.0001,4330.0,119.49516296386719,1.9570192098617554
0.0001,4331.0,119.49516296386719,1.9570178985595703
0.0001,4332.0,119.49516296386719,1.9570162296295166
0.0001,4333.0,119.49516296386719,1.9570152759552002
0.0001,4334.0,119.49515533447266,1.9570138454437256
0.0001,4335.0,119.49517059326172,1.9570125341415405
0.0001,4336.0,119.49517059326172,1.9570109844207764
0.0001,4337.0,119.49516296386719,1.95701003074646
0.0001,4338.0,119.49516296386719,1.957008719444275
0.0001,4339.0,119.49516296386719,1.9570070505142212
0.0001,4340.0,119.49517059326172,1.9570058584213257
0.0001,4341.0,119.49517059326172,1.9570045471191406
0.0001,4342.0,119.49517059326172,1.9570033550262451
0.0001,4343.0,119.49516296386719,1.9570016860961914
0.0001,4344.0,119.49516296386719,1.957000732421875
0.0001,4345.0,119.49517059326172,1.9569991827011108
0.0001,4346.0,119.49516296386719,1.9569978713989258
0.0001,4347.0,119.49516296386719,1.9569966793060303
0.0001,4348.0,119.49516296386719,1.9569956064224243
0.0001,4349.0,119.49515533447266,1.9569940567016602
0.0001,4350.0,119.49517059326172,1.9569928646087646
0.0001,4351.0,119.49517059326172,1.9569915533065796
0.0001,4352.0,119.49516296386719,1.9569902420043945
0.0001,4353.0,119.49516296386719,1.9569892883300781
0.0001,4354.0,119.49516296386719,1.956987738609314
0.0001,4355.0,119.49516296386719,1.956986427307129
0.0001,4356.0,119.49516296386719,1.9569852352142334
0.0001,4357.0,119.49516296386719,1.9569841623306274
0.0001,4358.0,119.49515533447266,1.9569826126098633
0.0001,4359.0,119.49515533447266,1.9569813013076782
0.0001,4360.0,119.49517059326172,1.9569801092147827
0.0001,4361.0,119.49516296386719,1.9569787979125977
0.0001,4362.0,119.49516296386719,1.9569774866104126
0.0001,4363.0,119.49516296386719,1.956976294517517
0.0001,4364.0,119.49515533447266,1.9569753408432007
0.0001,4365.0,119.49517059326172,1.9569737911224365
0.0001,4366.0,119.49517059326172,1.956972360610962
0.0001,4367.0,119.49516296386719,1.9569714069366455
0.0001,4368.0,119.49516296386719,1.95697021484375
0.0001,4369.0,119.49516296386719,1.9569685459136963
0.0001,4370.0,119.49516296386719,1.9569675922393799
0.0001,4371.0,119.49516296386719,1.9569664001464844
0.0001,4372.0,119.49516296386719,1.9569650888442993
0.0001,4373.0,119.49515533447266,1.9569635391235352
0.0001,4374.0,119.49515533447266,1.9569625854492188
0.0001,4375.0,119.49515533447266,1.9569613933563232
0.0001,4376.0,119.49516296386719,1.9569599628448486
0.0001,4377.0,119.49516296386719,1.9569587707519531
0.0001,4378.0,119.49516296386719,1.9569578170776367
0.0001,4379.0,119.49516296386719,1.9569565057754517
0.0001,4380.0,119.49515533447266,1.9569551944732666
0.0001,4381.0,119.49516296386719,1.956954002380371
0.0001,4382.0,119.49516296386719,1.956952691078186
0.0001,4383.0,119.49515533447266,1.9569518566131592
0.0001,4384.0,119.49515533447266,1.9569501876831055
0.0001,4385.0,119.49515533447266,1.956949234008789
0.0001,4386.0,119.49516296386719,1.956947922706604
0.0001,4387.0,119.49516296386719,1.9569467306137085
0.0001,4388.0,119.49516296386719,1.9569454193115234
0.0001,4389.0,119.49515533447266,1.9569441080093384
0.0001,4390.0,119.49515533447266,1.956943154335022
0.0001,4391.0,119.49517059326172,1.9569419622421265
0.0001,4392.0,119.49516296386719,1.9569406509399414
0.0001,4393.0,119.49516296386719,1.956939458847046
0.0001,4394.0,119.49516296386719,1.95693838596344
0.0001,4395.0,119.49516296386719,1.9569370746612549
0.0001,4396.0,119.49515533447266,1.9569358825683594
0.0001,4397.0,119.49516296386719,1.9569346904754639
0.0001,4398.0,119.49516296386719,1.9569333791732788
0.0001,4399.0,119.49515533447266,1.9569324254989624
0.0001,4400.0,119.49515533447266,1.9569311141967773
0.0001,4401.0,119.49515533447266,1.956930160522461
0.0001,4402.0,119.49516296386719,1.9569286108016968
0.0001,4403.0,119.49516296386719,1.9569276571273804
0.0001,4404.0,119.49516296386719,1.9569265842437744
0.0001,4405.0,119.49516296386719,1.956925392150879
0.0001,4406.0,119.49515533447266,1.9569242000579834
0.0001,4407.0,119.49515533447266,1.9569228887557983
0.0001,4408.0,119.49516296386719,1.956921935081482
0.0001,4409.0,119.49515533447266,1.956920862197876
0.0001,4410.0,119.49515533447266,1.9569194316864014
0.0001,4411.0,119.49515533447266,1.956918478012085
0.0001,4412.0,119.49514770507812,1.9569171667099
0.0001,4413.0,119.49516296386719,1.956916093826294
0.0001,4414.0,119.49516296386719,1.9569151401519775
0.0001,4415.0,119.49516296386719,1.956913709640503
0.0001,4416.0,119.49515533447266,1.956912636756897
0.0001,4417.0,119.49515533447266,1.9569116830825806
0.0001,4418.0,119.49515533447266,1.956910490989685
0.0001,4419.0,119.49516296386719,1.9569091796875
0.0001,4420.0,119.49516296386719,1.9569079875946045
0.0001,4421.0,119.49516296386719,1.956907033920288
0.0001,4422.0,119.49516296386719,1.9569056034088135
0.0001,4423.0,119.49515533447266,1.9569050073623657
0.0001,4424.0,119.49515533447266,1.9569040536880493
0.0001,4425.0,119.49516296386719,1.9569025039672852
0.0001,4426.0,119.49515533447266,1.9569013118743896
0.0001,4427.0,119.49515533447266,1.9569000005722046
0.0001,4428.0,119.49515533447266,1.9568994045257568
0.0001,4429.0,119.49515533447266,1.9568979740142822
0.0001,4430.0,119.49516296386719,1.9568967819213867
0.0001,4431.0,119.49516296386719,1.9568958282470703
0.0001,4432.0,119.49516296386719,1.9568945169448853
0.0001,4433.0,119.49515533447266,1.9568936824798584
0.0001,4434.0,119.49515533447266,1.9568923711776733
0.0001,4435.0,119.49515533447266,1.956891417503357
0.0001,4436.0,119.49516296386719,1.956890344619751
0.0001,4437.0,119.49515533447266,1.9568893909454346
0.0001,4438.0,119.49515533447266,1.9568876028060913
0.0001,4439.0,119.49515533447266,1.9568870067596436
0.0001,4440.0,119.49514770507812,1.9568859338760376
0.0001,4441.0,119.49514770507812,1.956884741783142
0.0001,4442.0,119.49516296386719,1.9568836688995361
0.0001,4443.0,119.49516296386719,1.9568824768066406
0.0001,4444.0,119.49515533447266,1.9568817615509033
0.0001,4445.0,119.49515533447266,1.9568803310394287
0.0001,4446.0,119.49515533447266,1.9568793773651123
0.0001,4447.0,119.49515533447266,1.9568783044815063
0.0001,4448.0,119.49516296386719,1.9568769931793213
0.0001,4449.0,119.49516296386719,1.9568761587142944
0.0001,4450.0,119.49516296386719,1.956875205039978
0.0001,4451.0,119.49515533447266,1.956873893737793
0.0001,4452.0,119.49515533447266,1.9568729400634766
0.0001,4453.0,119.49515533447266,1.9568719863891602
0.0001,4454.0,119.49516296386719,1.9568710327148438
0.0001,4455.0,119.49515533447266,1.9568697214126587
0.0001,4456.0,119.49515533447266,1.9568684101104736
0.0001,4457.0,119.49515533447266,1.9568678140640259
0.0001,4458.0,119.49515533447266,1.9568666219711304
0.0001,4459.0,119.49514770507812,1.956865668296814
0.0001,4460.0,119.49516296386719,1.956864595413208
0.0001,4461.0,119.49516296386719,1.9568634033203125
0.0001,4462.0,119.49515533447266,1.956862211227417
0.0001,4463.0,119.49515533447266,1.9568614959716797
0.0001,4464.0,119.49515533447266,1.9568599462509155
0.0001,4465.0,119.49515533447266,1.9568592309951782
0.0001,4466.0,119.49515533447266,1.9568580389022827
0.0001,4467.0,119.49515533447266,1.9568573236465454
0.0001,4468.0,119.49515533447266,1.9568560123443604
0.0001,4469.0,119.49515533447266,1.956855058670044
0.0001,4470.0,119.49514770507812,1.9568538665771484
0.0001,4471.0,119.49514770507812,1.9568531513214111
0.0001,4472.0,119.49514770507812,1.9568519592285156
0.0001,4473.0,119.49516296386719,1.9568510055541992
0.0001,4474.0,119.49515533447266,1.9568498134613037
0.0001,4475.0,119.49515533447266,1.9568488597869873
0.0001,4476.0,119.49515533447266,1.956847906112671
0.0001,4477.0,119.49514770507812,1.9568465948104858
0.0001,4478.0,119.49514770507812,1.9568458795547485
0.0001,4479.0,119.49516296386719,1.956844687461853
0.0001,4480.0,119.49516296386719,1.956843614578247
0.0001,4481.0,119.49515533447266,1.9568426609039307
0.0001,4482.0,119.49515533447266,1.9568418264389038
0.0001,4483.0,119.49515533447266,1.9568405151367188
0.0001,4484.0,119.49515533447266,1.9568397998809814
0.0001,4485.0,119.49515533447266,1.956838846206665
0.0001,4486.0,119.49515533447266,1.9568374156951904
0.0001,4487.0,119.49515533447266,1.956836462020874
0.0001,4488.0,119.49515533447266,1.9568357467651367
0.0001,4489.0,119.49514770507812,1.9568347930908203
0.0001,4490.0,119.49514770507812,1.9568336009979248
0.0001,4491.0,119.49514770507812,1.9568326473236084
0.0001,4492.0,119.49516296386719,1.956831693649292
0.0001,4493.0,119.49515533447266,1.9568309783935547
0.0001,4494.0,119.49515533447266,1.9568297863006592
0.0001,4495.0,119.49515533447266,1.9568287134170532
0.0001,4496.0,119.49515533447266,1.9568278789520264
0.0001,4497.0,119.49514770507812,1.9568265676498413
0.0001,4498.0,119.49515533447266,1.9568259716033936
0.0001,4499.0,119.49515533447266,1.9568248987197876
0.0001,4500.0,119.49515533447266,1.9568240642547607
0.0001,4501.0,119.49514770507812,1.9568229913711548
0.0001,4502.0,119.49514770507812,1.9568220376968384
0.0001,4503.0,119.49514770507812,1.956821084022522
0.0001,4504.0,119.49514770507812,1.9568202495574951
0.0001,4505.0,119.49515533447266,1.9568191766738892
0.0001,4506.0,119.49515533447266,1.9568179845809937
0.0001,4507.0,119.49515533447266,1.9568170309066772
0.0001,4508.0,119.49515533447266,1.9568164348602295
0.0001,4509.0,119.49514770507812,1.9568153619766235
0.0001,4510.0,119.49514770507812,1.956814169883728
0.0001,4511.0,119.49514770507812,1.9568132162094116
0.0001,4512.0,119.49516296386719,1.9568122625350952
0.0001,4513.0,119.49516296386719,1.956811547279358
0.0001,4514.0,119.49515533447266,1.956810712814331
0.0001,4515.0,119.49515533447266,1.9568092823028564
0.0001,4516.0,119.49515533447266,1.9568086862564087
0.0001,4517.0,119.49515533447266,1.9568077325820923
0.0001,4518.0,119.49515533447266,1.9568067789077759
0.0001,4519.0,119.49515533447266,1.956805944442749
0.0001,4520.0,119.49515533447266,1.956804633140564
0.0001,4521.0,119.49515533447266,1.9568036794662476
0.0001,4522.0,119.49514770507812,1.9568029642105103
0.0001,4523.0,119.49514770507812,1.9568021297454834
0.0001,4524.0,119.49514770507812,1.9568010568618774
0.0001,4525.0,119.49516296386719,1.9568004608154297
0.0001,4526.0,119.49515533447266,1.9567989110946655
0.0001,4527.0,119.49515533447266,1.9567983150482178
0.0001,4528.0,119.49515533447266,1.9567972421646118
0.0001,4529.0,119.49515533447266,1.956796407699585
0.0001,4530.0,119.49514770507812,1.9567954540252686
0.0001,4531.0,119.49514770507812,1.9567947387695312
0.0001,4532.0,119.49515533447266,1.9567934274673462
0.0001,4533.0,119.49515533447266,1.9567925930023193
0.0001,4534.0,119.49515533447266,1.956791877746582
0.0001,4535.0,119.49514770507812,1.9567911624908447
0.0001,4536.0,119.49514770507812,1.9567899703979492
0.0001,4537.0,119.49514770507812,1.956789255142212
0.0001,4538.0,119.49514770507812,1.9567883014678955
0.0001,4539.0,119.49515533447266,1.956787109375
0.0001,4540.0,119.49515533447266,1.9567863941192627
0.0001,4541.0,119.49515533447266,1.9567855596542358
0.0001,4542.0,119.49515533447266,1.9567844867706299
0.0001,4543.0,119.49514770507812,1.9567835330963135
0.0001,4544.0,119.49514770507812,1.9567829370498657
0.0001,4545.0,119.49514770507812,1.9567819833755493
0.0001,4546.0,119.49514770507812,1.9567811489105225
0.0001,4547.0,119.49516296386719,1.9567800760269165
0.0001,4548.0,119.49515533447266,1.9567792415618896
0.0001,4549.0,119.49515533447266,1.9567782878875732
0.0001,4550.0,119.49515533447266,1.956777572631836
0.0001,4551.0,119.49515533447266,1.9567766189575195
0.0001,4552.0,119.49514770507812,1.9567756652832031
0.0001,4553.0,119.49514770507812,1.9567749500274658
0.0001,4554.0,119.49515533447266,1.9567739963531494
0.0001,4555.0,119.49515533447266,1.956773042678833
0.0001,4556.0,119.49515533447266,1.9567722082138062
0.0001,4557.0,119.49514770507812,1.9567714929580688
0.0001,4558.0,119.49514770507812,1.9567705392837524
0.0001,4559.0,119.49514770507812,1.956769585609436
0.0001,4560.0,119.49514770507812,1.9567687511444092
0.0001,4561.0,119.49515533447266,1.9567676782608032
0.0001,4562.0,119.49515533447266,1.9567670822143555
0.0001,4563.0,119.49515533447266,1.956766128540039
0.0001,4564.0,119.49515533447266,1.9567654132843018
0.0001,4565.0,119.49515533447266,1.9567644596099854
0.0001,4566.0,119.49514770507812,1.9567636251449585
0.0001,4567.0,119.49514770507812,1.9567625522613525
0.0001,4568.0,119.49514770507812,1.9567619562149048
0.0001,4569.0,119.49515533447266,1.9567610025405884
0.0001,4570.0,119.49514770507812,1.9567601680755615
0.0001,4571.0,119.49514770507812,1.9567590951919556
0.0001,4572.0,119.49514770507812,1.9567584991455078
0.0001,4573.0,119.49514770507812,1.9567577838897705
0.0001,4574.0,119.49514770507812,1.9567569494247437
0.0001,4575.0,119.4951400756836,1.9567558765411377
0.0001,4576.0,119.49515533447266,1.95675528049469
0.0001,4577.0,119.49515533447266,1.9567543268203735
0.0001,4578.0,119.49515533447266,1.956753134727478
0.0001,4579.0,119.49515533447266,1.9567525386810303
0.0001,4580.0,119.49514770507812,1.956751823425293
0.0001,4581.0,119.49514770507812,1.9567506313323975
0.0001,4582.0,119.49514770507812,1.9567501544952393
0.0001,4583.0,119.49514770507812,1.9567493200302124
0.0001,4584.0,119.49515533447266,1.956748604774475
0.0001,4585.0,119.49515533447266,1.9567474126815796
0.0001,4586.0,119.49515533447266,1.956747055053711
0.0001,4587.0,119.49515533447266,1.9567457437515259
0.0001,4588.0,119.49515533447266,1.956744909286499
0.0001,4589.0,119.49514770507812,1.9567441940307617
0.0001,4590.0,119.49514770507812,1.956743597984314
0.0001,4591.0,119.49514770507812,1.9567428827285767
0.0001,4592.0,119.49515533447266,1.9567416906356812
0.0001,4593.0,119.49515533447266,1.9567410945892334
0.0001,4594.0,119.49514770507812,1.956740140914917
0.0001,4595.0,119.49514770507812,1.9567396640777588
0.0001,4596.0,119.49514770507812,1.9567387104034424
0.0001,4597.0,119.49514770507812,1.9567378759384155
0.0001,4598.0,119.49514770507812,1.9567369222640991
0.0001,4599.0,119.4951400756836,1.9567362070083618
0.0001,4600.0,119.49515533447266,1.9567352533340454
0.0001,4601.0,119.49515533447266,1.9567346572875977
0.0001,4602.0,119.49515533447266,1.9567337036132812
0.0001,4603.0,119.49515533447266,1.956732988357544
0.0001,4604.0,119.49514770507812,1.9567320346832275
0.0001,4605.0,119.49514770507812,1.9567314386367798
0.0001,4606.0,119.49514770507812,1.9567304849624634
0.0001,4607.0,119.49514770507812,1.9567296504974365
0.0001,4608.0,119.49515533447266,1.9567291736602783
0.0001,4609.0,119.49514770507812,1.956728219985962
0.0001,4610.0,119.49514770507812,1.9567276239395142
0.0001,4611.0,119.49514770507812,1.9567264318466187
0.0001,4612.0,119.49514770507812,1.956725835800171
0.0001,4613.0,119.49514770507812,1.9567248821258545
0.0001,4614.0,119.4951400756836,1.9567244052886963
0.0001,4615.0,119.4951400756836,1.9567235708236694
0.0001,4616.0,119.49515533447266,1.9567229747772217
0.0001,4617.0,119.49515533447266,1.9567216634750366
0.0001,4618.0,119.49515533447266,1.9567210674285889
0.0001,4619.0,119.49514770507812,1.9567205905914307
0.0001,4620.0,119.49514770507812,1.9567196369171143
0.0001,4621.0,119.49514770507812,1.9567188024520874
0.0001,4622.0,119.49514770507812,1.9567182064056396
0.0001,4623.0,119.49514770507812,1.9567177295684814
0.0001,4624.0,119.4951400756836,1.9567161798477173
0.0001,4625.0,119.49515533447266,1.9567155838012695
0.0001,4626.0,119.49515533447266,1.9567148685455322
0.0001,4627.0,119.49515533447266,1.9567142724990845
0.0001,4628.0,119.49515533447266,1.9567136764526367
0.0001,4629.0,119.49514770507812,1.9567127227783203
0.0001,4630.0,119.49514770507812,1.9567123651504517
0.0001,4631.0,119.49514770507812,1.9567111730575562
0.0001,4632.0,119.49514770507812,1.9567102193832397
0.0001,4633.0,119.49515533447266,1.956709623336792
0.0001,4634.0,119.49515533447266,1.9567091464996338
0.0001,4635.0,119.49514770507812,1.956708312034607
0.0001,4636.0,119.49514770507812,1.9567075967788696
0.0001,4637.0,119.49514770507812,1.9567067623138428
0.0001,4638.0,119.49514770507812,1.9567060470581055
0.0001,4639.0,119.49514770507812,1.9567053318023682
0.0001,4640.0,119.4951400756836,1.9567044973373413
0.0001,4641.0,119.4951400756836,1.956703782081604
0.0001,4642.0,119.49515533447266,1.9567029476165771
0.0001,4643.0,119.49515533447266,1.9567022323608398
0.0001,4644.0,119.49515533447266,1.956701636314392
0.0001,4645.0,119.49514770507812,1.9567006826400757
0.0001,4646.0,119.49514770507812,1.956700086593628
0.0001,4647.0,119.49514770507812,1.9566996097564697
0.0001,4648.0,119.49514770507812,1.9566987752914429
0.0001,4649.0,119.49514770507812,1.9566980600357056
0.0001,4650.0,119.49514770507812,1.9566972255706787
0.0001,4651.0,119.49514770507812,1.9566965103149414
0.0001,4652.0,119.49514770507812,1.956695556640625
0.0001,4653.0,119.49514770507812,1.9566949605941772
0.0001,4654.0,119.49514770507812,1.95669424533844
0.0001,4655.0,119.49514770507812,1.9566936492919922
0.0001,4656.0,119.4951400756836,1.9566926956176758
0.0001,4657.0,119.4951400756836,1.9566923379898071
0.0001,4658.0,119.4951400756836,1.9566913843154907
0.0001,4659.0,119.4951400756836,1.956690788269043
0.0001,4660.0,119.49515533447266,1.9566901922225952
0.0001,4661.0,119.49515533447266,1.9566891193389893
0.0001,4662.0,119.49514770507812,1.9566885232925415
0.0001,4663.0,119.49514770507812,1.9566881656646729
0.0001,4664.0,119.49514770507812,1.9566872119903564
0.0001,4665.0,119.49514770507812,1.9566866159439087
0.0001,4666.0,119.49514770507812,1.9566856622695923
0.0001,4667.0,119.49514770507812,1.9566850662231445
0.0001,4668.0,119.4951400756836,1.9566843509674072
0.0001,4669.0,119.49515533447266,1.9566837549209595
0.0001,4670.0,119.49515533447266,1.9566829204559326
0.0001,4671.0,119.49515533447266,1.9566822052001953
0.0001,4672.0,119.49515533447266,1.9566818475723267
0.0001,4673.0,119.49514770507812,1.9566808938980103
0.0001,4674.0,119.49514770507812,1.9566802978515625
0.0001,4675.0,119.49514770507812,1.9566795825958252
0.0001,4676.0,119.49514770507812,1.9566787481307983
0.0001,4677.0,119.49514770507812,1.956678032875061
0.0001,4678.0,119.49515533447266,1.9566770792007446
0.0001,4679.0,119.49514770507812,1.9566768407821655
0.0001,4680.0,119.49514770507812,1.9566761255264282
0.0001,4681.0,119.49514770507812,1.9566752910614014
0.0001,4682.0,119.49514770507812,1.9566748142242432
0.0001,4683.0,119.49514770507812,1.9566739797592163
0.0001,4684.0,119.4951400756836,1.956673264503479
0.0001,4685.0,119.4951400756836,1.9566729068756104
0.0001,4686.0,119.4951400756836,1.956671953201294
0.0001,4687.0,119.4951400756836,1.9566713571548462
0.0001,4688.0,119.49515533447266,1.9566705226898193
0.0001,4689.0,119.49515533447266,1.9566701650619507
0.0001,4690.0,119.49514770507812,1.9566692113876343
0.0001,4691.0,119.49514770507812,1.9566686153411865
0.0001,4692.0,119.49514770507812,1.9566679000854492
0.0001,4693.0,119.49514770507812,1.9566673040390015
0.0001,4694.0,119.49514770507812,1.9566665887832642
0.0001,4695.0,119.49514770507812,1.9566659927368164
0.0001,4696.0,119.4951400756836,1.956665277481079
0.0001,4697.0,119.49514770507812,1.9566646814346313
0.0001,4698.0,119.49514770507812,1.9566638469696045
0.0001,4699.0,119.49514770507812,1.9566633701324463
0.0001,4700.0,119.49514770507812,1.9566625356674194
0.0001,4701.0,119.49514770507812,1.9566619396209717
0.0001,4702.0,119.4951400756836,1.9566614627838135
0.0001,4703.0,119.4951400756836,1.9566606283187866
0.0001,4704.0,119.4951400756836,1.9566600322723389
0.0001,4705.0,119.4951400756836,1.9566595554351807
0.0001,4706.0,119.4951400756836,1.9566587209701538
0.0001,4707.0,119.49515533447266,1.9566583633422852
0.0001,4708.0,119.49514770507812,1.9566576480865479
0.0001,4709.0,119.49514770507812,1.956656813621521
0.0001,4710.0,119.49514770507812,1.9566562175750732
0.0001,4711.0,119.49514770507812,1.956655740737915
0.0001,4712.0,119.49514770507812,1.9566547870635986
0.0001,4713.0,119.49514770507812,1.9566541910171509
0.0001,4714.0,119.49514770507812,1.9566535949707031
0.0001,4715.0,119.4951400756836,1.9566532373428345
0.0001,4716.0,119.4951400756836,1.9566524028778076
0.0001,4717.0,119.49515533447266,1.9566519260406494
0.0001,4718.0,119.49515533447266,1.9566510915756226
0.0001,4719.0,119.49515533447266,1.956650733947754
0.0001,4720.0,119.49515533447266,1.9566495418548584
0.0001,4721.0,119.49514770507812,1.9566491842269897
0.0001,4722.0,119.49514770507812,1.9566484689712524
0.0001,4723.0,119.49514770507812,1.9566481113433838
0.0001,4724.0,119.49514770507812,1.9566476345062256
0.0001,4725.0,119.49514770507812,1.9566466808319092
0.0001,4726.0,119.49514770507812,1.9566459655761719
0.0001,4727.0,119.4951400756836,1.9566457271575928
0.0001,4728.0,119.49514770507812,1.9566450119018555
0.0001,4729.0,119.49514770507812,1.9566442966461182
0.0001,4730.0,119.49514770507812,1.9566434621810913
0.0001,4731.0,119.49514770507812,1.9566428661346436
0.0001,4732.0,119.49514770507812,1.9566423892974854
0.0001,4733.0,119.49514770507812,1.9566419124603271
0.0001,4734.0,119.4951400756836,1.956641435623169
0.0001,4735.0,119.4951400756836,1.9566409587860107
0.0001,4736.0,119.4951400756836,1.9566398859024048
0.0001,4737.0,119.4951400756836,1.956639289855957
0.0001,4738.0,119.49515533447266,1.9566386938095093
0.0001,4739.0,119.49515533447266,1.956637978553772
0.0001,4740.0,119.49514770507812,1.9566376209259033
0.0001,4741.0,119.49514770507812,1.9566370248794556
0.0001,4742.0,119.49514770507812,1.9566364288330078
0.0001,4743.0,119.49514770507812,1.9566357135772705
0.0001,4744.0,119.49514770507812,1.9566354751586914
0.0001,4745.0,119.49514770507812,1.956634759902954
0.0001,4746.0,119.49514770507812,1.9566338062286377
0.0001,4747.0,119.4951400756836,1.95663321018219
0.0001,4748.0,119.4951400756836,1.956632375717163
0.0001,4749.0,119.49514770507812,1.9566320180892944
0.0001,4750.0,119.49514770507812,1.9566314220428467
0.0001,4751.0,119.49514770507812,1.956631064414978
0.0001,4752.0,119.49514770507812,1.9566307067871094
0.0001,4753.0,119.49514770507812,1.956629753112793
0.0001,4754.0,119.4951400756836,1.9566293954849243
0.0001,4755.0,119.4951400756836,1.956628441810608
0.0001,4756.0,119.4951400756836,1.9566278457641602
0.0001,4757.0,119.4951400756836,1.9566272497177124
0.0001,4758.0,119.4951400756836,1.9566266536712646
0.0001,4759.0,119.4951400756836,1.956626296043396
0.0001,4760.0,119.49514770507812,1.9566256999969482
0.0001,4761.0,119.49514770507812,1.95662522315979
0.0001,4762.0,119.49514770507812,1.9566246271133423
0.0001,4763.0,119.49514770507812,1.9566240310668945
0.0001,4764.0,119.49514770507812,1.9566234350204468
0.0001,4765.0,119.49514770507812,1.9566227197647095
0.0001,4766.0,119.49514770507812,1.9566221237182617
0.0001,4767.0,119.4951400756836,1.9566214084625244
0.0001,4768.0,119.4951400756836,1.9566209316253662
0.0001,4769.0,119.4951400756836,1.9566205739974976
0.0001,4770.0,119.4951400756836,1.9566199779510498
0.0001,4771.0,119.49515533447266,1.9566196203231812
0.0001,4772.0,119.49515533447266,1.9566192626953125
0.0001,4773.0,119.49515533447266,1.956618309020996
0.0001,4774.0,119.49514770507812,1.9566173553466797
0.0001,4775.0,119.49514770507812,1.9566171169281006
0.0001,4776.0,119.49514770507812,1.9566164016723633
0.0001,4777.0,119.49514770507812,1.9566158056259155
0.0001,4778.0,119.49514770507812,1.9566154479980469
0.0001,4779.0,119.49514770507812,1.9566147327423096
0.0001,4780.0,119.49514770507812,1.9566142559051514
0.0001,4781.0,119.4951400756836,1.9566138982772827
0.0001,4782.0,119.4951400756836,1.956613302230835
0.0001,4783.0,119.49514770507812,1.9566128253936768
0.0001,4784.0,119.49514770507812,1.956612229347229
0.0001,4785.0,119.49514770507812,1.9566113948822021
0.0001,4786.0,119.49514770507812,1.9566106796264648
0.0001,4787.0,119.49514770507812,1.9566104412078857
0.0001,4788.0,119.49514770507812,1.9566097259521484
0.0001,4789.0,119.4951400756836,1.9566094875335693
0.0001,4790.0,119.4951400756836,1.9566090106964111
0.0001,4791.0,119.4951400756836,1.956608533859253
0.0001,4792.0,119.4951400756836,1.9566075801849365
0.0001,4793.0,119.4951400756836,1.956607460975647
0.0001,4794.0,119.4951400756836,1.9566068649291992
0.0001,4795.0,119.49515533447266,1.9566062688827515
0.0001,4796.0,119.49514770507812,1.9566055536270142
0.0001,4797.0,119.49514770507812,1.9566049575805664
0.0001,4798.0,119.49514770507812,1.9566043615341187
0.0001,4799.0,119.49514770507812,1.95660400390625
0.0001,4800.0,119.49514770507812,1.9566034078598022
0.0001,4801.0,119.49514770507812,1.9566028118133545
0.0001,4802.0,119.49514770507812,1.9566023349761963
0.0001,4803.0,119.4951400756836,1.9566020965576172
0.0001,4804.0,119.4951400756836,1.9566013813018799
0.0001,4805.0,119.4951400756836,1.9566009044647217
0.0001,4806.0,119.4951400756836,1.956600546836853
0.0001,4807.0,119.49514770507812,1.9565998315811157
0.0001,4808.0,119.49514770507812,1.9565989971160889
0.0001,4809.0,119.49514770507812,1.9565986394882202
0.0001,4810.0,119.49514770507812,1.9565980434417725
0.0001,4811.0,119.4951400756836,1.9565976858139038
0.0001,4812.0,119.4951400756836,1.9565973281860352
0.0001,4813.0,119.4951400756836,1.9565969705581665
0.0001,4814.0,119.4951400756836,1.95659601688385
0.0001,4815.0,119.4951400756836,1.9565954208374023
0.0001,4816.0,119.4951400756836,1.9565950632095337
0.0001,4817.0,119.4951400756836,1.956594705581665
0.0001,4818.0,119.4951400756836,1.9565942287445068
0.0001,4819.0,119.49514770507812,1.9565935134887695
0.0001,4820.0,119.49514770507812,1.9565929174423218
0.0001,4821.0,119.49514770507812,1.956592321395874
0.0001,4822.0,119.49514770507812,1.9565919637680054
0.0001,4823.0,119.49514770507812,1.9565916061401367
0.0001,4824.0,119.49514770507812,1.956591010093689
0.0001,4825.0,119.49514770507812,1.9565904140472412
0.0001,4826.0,119.49514770507812,1.956589937210083
0.0001,4827.0,119.4951400756836,1.9565894603729248
0.0001,4828.0,119.4951400756836,1.9565891027450562
0.0001,4829.0,119.4951400756836,1.9565887451171875
0.0001,4830.0,119.4951400756836,1.9565880298614502
0.0001,4831.0,119.4951400756836,1.9565871953964233
0.0001,4832.0,119.49515533447266,1.9565868377685547
0.0001,4833.0,119.49515533447266,1.956586480140686
0.0001,4834.0,119.49514770507812,1.9565861225128174
0.0001,4835.0,119.49514770507812,1.9565855264663696
0.0001,4836.0,119.49514770507812,1.956585168838501
0.0001,4837.0,119.49514770507812,1.9565843343734741
0.0001,4838.0,119.49514770507812,1.9565837383270264
0.0001,4839.0,119.49514770507812,1.9565836191177368
0.0001,4840.0,119.49514770507812,1.956583023071289
0.0001,4841.0,119.49514770507812,1.9565824270248413
0.0001,4842.0,119.49514770507812,1.9565820693969727
0.0001,4843.0,119.4951400756836,1.956581473350525
0.0001,4844.0,119.4951400756836,1.9565808773040771
0.0001,4845.0,119.49514770507812,1.9565805196762085
0.0001,4846.0,119.49514770507812,1.9565801620483398
0.0001,4847.0,119.49514770507812,1.956579566001892
0.0001,4848.0,119.49514770507812,1.9565792083740234
0.0001,4849.0,119.49514770507812,1.9565788507461548
0.0001,4850.0,119.49514770507812,1.956578016281128
0.0001,4851.0,119.4951400756836,1.9565776586532593
0.0001,4852.0,119.4951400756836,1.9565775394439697
0.0001,4853.0,119.4951400756836,1.9565767049789429
0.0001,4854.0,119.4951400756836,1.9565761089324951
0.0001,4855.0,119.4951400756836,1.9565757513046265
0.0001,4856.0,119.4951400756836,1.9565753936767578
0.0001,4857.0,119.4951400756836,1.9565750360488892
0.0001,4858.0,119.4951400756836,1.9565742015838623
0.0001,4859.0,119.49514770507812,1.9565738439559937
0.0001,4860.0,119.49514770507812,1.956573486328125
0.0001,4861.0,119.49514770507812,1.9565728902816772
0.0001,4862.0,119.49514770507812,1.9565725326538086
0.0001,4863.0,119.49514770507812,1.95657217502594
0.0001,4864.0,119.49514770507812,1.9565715789794922
0.0001,4865.0,119.49514770507812,1.9565709829330444
0.0001,4866.0,119.49514770507812,1.9565708637237549
0.0001,4867.0,119.49514770507812,1.9565703868865967
0.0001,4868.0,119.4951400756836,1.9565696716308594
0.0001,4869.0,119.4951400756836,1.9565693140029907
0.0001,4870.0,119.4951400756836,1.9565684795379639
0.0001,4871.0,119.4951400756836,1.9565683603286743
0.0001,4872.0,119.4951400756836,1.9565677642822266
0.0001,4873.0,119.49514770507812,1.9565675258636475
0.0001,4874.0,119.49514770507812,1.9565670490264893
0.0001,4875.0,119.49514770507812,1.9565664529800415
0.0001,4876.0,119.4951400756836,1.9565660953521729
0.0001,4877.0,119.4951400756836,1.956565499305725
0.0001,4878.0,119.4951400756836,1.956565260887146
0.0001,4879.0,119.4951400756836,1.9565646648406982
0.0001,4880.0,119.4951400756836,1.9565643072128296
0.0001,4881.0,119.4951400756836,1.956563949584961
0.0001,4882.0,119.4951400756836,1.9565635919570923
0.0001,4883.0,119.4951400756836,1.9565627574920654
0.0001,4884.0,119.4951400756836,1.9565622806549072
0.0001,4885.0,119.49513244628906,1.9565620422363281
0.0001,4886.0,119.49513244628906,1.9565616846084595
0.0001,4887.0,119.49514770507812,1.9565613269805908
0.0001,4888.0,119.49514770507812,1.956560730934143
0.0001,4889.0,119.49514770507812,1.9565601348876953
0.0001,4890.0,119.49514770507812,1.9565595388412476
0.0001,4891.0,119.49514770507812,1.956559181213379
0.0001,4892.0,119.49514770507812,1.9565589427947998
0.0001,4893.0,119.49514770507812,1.9565585851669312
0.0001,4894.0,119.4951400756836,1.9565579891204834
0.0001,4895.0,119.4951400756836,1.9565576314926147
0.0001,4896.0,119.4951400756836,1.956557273864746
0.0001,4897.0,119.4951400756836,1.9565566778182983
0.0001,4898.0,119.4951400756836,1.9565563201904297
0.0001,4899.0,119.4951400756836,1.956555724143982
0.0001,4900.0,119.4951400756836,1.9565553665161133
0.0001,4901.0,119.4951400756836,1.9565550088882446
0.0001,4902.0,119.49515533447266,1.956554651260376
0.0001,4903.0,119.49515533447266,1.9565541744232178
0.0001,4904.0,119.49514770507812,1.9565538167953491
0.0001,4905.0,119.49514770507812,1.9565534591674805
0.0001,4906.0,119.49514770507812,1.9565528631210327
0.0001,4907.0,119.49514770507812,1.956552505493164
0.0001,4908.0,119.49514770507812,1.956552267074585
0.0001,4909.0,119.49514770507812,1.9565519094467163
0.0001,4910.0,119.49514770507812,1.956551194190979
0.0001,4911.0,119.49514770507812,1.9565509557724
0.0001,4912.0,119.49514770507812,1.9565503597259521
0.0001,4913.0,119.4951400756836,1.956549882888794
0.0001,4914.0,119.4951400756836,1.9565494060516357
0.0001,4915.0,119.4951400756836,1.9565489292144775
0.0001,4916.0,119.4951400756836,1.9565486907958984
0.0001,4917.0,119.49514770507812,1.9565480947494507
0.0001,4918.0,119.49514770507812,1.956547737121582
0.0001,4919.0,119.49514770507812,1.9565473794937134
0.0001,4920.0,119.49514770507812,1.9565471410751343
0.0001,4921.0,119.49514770507812,1.956546425819397
0.0001,4922.0,119.4951400756836,1.9565461874008179
0.0001,4923.0,119.4951400756836,1.9565458297729492
0.0001,4924.0,119.4951400756836,1.9565454721450806
0.0001,4925.0,119.4951400756836,1.956545114517212
0.0001,4926.0,119.4951400756836,1.9565446376800537
0.0001,4927.0,119.4951400756836,1.9565441608428955
0.0001,4928.0,119.4951400756836,1.9565435647964478
0.0001,4929.0,119.4951400756836,1.956543207168579
0.0001,4930.0,119.4951400756836,1.956542730331421
0.0001,4931.0,119.4951400756836,1.9565423727035522
0.0001,4932.0,119.49513244628906,1.9565422534942627
0.0001,4933.0,119.49514770507812,1.9565420150756836
0.0001,4934.0,119.49514770507812,1.9565412998199463
0.0001,4935.0,119.49514770507812,1.956540822982788
0.0001,4936.0,119.49514770507812,1.9565407037734985
0.0001,4937.0,119.49514770507812,1.9565403461456299
0.0001,4938.0,119.49514770507812,1.9565398693084717
0.0001,4939.0,119.49514770507812,1.9565393924713135
0.0001,4940.0,119.49514770507812,1.9565391540527344
0.0001,4941.0,119.49514770507812,1.9565387964248657
0.0001,4942.0,119.4951400756836,1.956538200378418
0.0001,4943.0,119.4951400756836,1.9565378427505493
0.0001,4944.0,119.4951400756836,1.9565372467041016
0.0001,4945.0,119.4951400756836,1.9565370082855225
0.0001,4946.0,119.4951400756836,1.9565362930297852
0.0001,4947.0,119.4951400756836,1.956536054611206
0.0001,4948.0,119.4951400756836,1.9565356969833374
0.0001,4949.0,119.4951400756836,1.9565355777740479
0.0001,4950.0,119.49514770507812,1.9565349817276
0.0001,4951.0,119.49514770507812,1.9565346240997314
0.0001,4952.0,119.49514770507812,1.9565341472625732
0.0001,4953.0,119.4951400756836,1.9565340280532837
0.0001,4954.0,119.4951400756836,1.956533670425415
0.0001,4955.0,119.4951400756836,1.9565331935882568
0.0001,4956.0,119.4951400756836,1.9565327167510986
0.0001,4957.0,119.4951400756836,1.9565327167510986
0.0001,4958.0,119.4951400756836,1.9565321207046509
0.0001,4959.0,119.4951400756836,1.9565315246582031
0.0001,4960.0,119.4951400756836,1.9565311670303345
0.0001,4961.0,119.4951400756836,1.9565305709838867
0.0001,4962.0,119.4951400756836,1.9565305709838867
0.0001,4963.0,119.49513244628906,1.956529974937439
0.0001,4964.0,119.49513244628906,1.9565293788909912
0.0001,4965.0,119.49513244628906,1.9565292596817017
0.0001,4966.0,119.49513244628906,1.956528902053833
0.0001,4967.0,119.49514770507812,1.956528902053833
0.0001,4968.0,119.49514770507812,1.9565283060073853
0.0001,4969.0,119.49514770507812,1.9565280675888062
0.0001,4970.0,119.49514770507812,1.9565277099609375
0.0001,4971.0,119.49514770507812,1.9565271139144897
0.0001,4972.0,119.49514770507812,1.956526756286621
0.0001,4973.0,119.49514770507812,1.9565263986587524
0.0001,4974.0,119.4951400756836,1.9565260410308838
0.0001,4975.0,119.4951400756836,1.9565258026123047
0.0001,4976.0,119.4951400756836,1.956525444984436
0.0001,4977.0,119.4951400756836,1.9565248489379883
0.0001,4978.0,119.4951400756836,1.9565246105194092
0.0001,4979.0,119.4951400756836,1.9565238952636719
0.0001,4980.0,119.4951400756836,1.9565238952636719
0.0001,4981.0,119.4951400756836,1.9565232992172241
0.0001,4982.0,119.4951400756836,1.9565231800079346
0.0001,4983.0,119.4951400756836,1.9565227031707764
0.0001,4984.0,119.4951400756836,1.9565225839614868
0.0001,4985.0,119.49514770507812,1.9565223455429077
0.0001,4986.0,119.49514770507812,1.95652174949646
0.0001,4987.0,119.49514770507812,1.9565212726593018
0.0001,4988.0,119.49514770507812,1.9565210342407227
0.0001,4989.0,119.49514770507812,1.956520676612854
0.0001,4990.0,119.49514770507812,1.9565203189849854
0.0001,4991.0,119.49514770507812,1.9565198421478271
0.0001,4992.0,119.49514770507812,1.9565194845199585
0.0001,4993.0,119.49514770507812,1.956519365310669
0.0001,4994.0,119.49514770507812,1.9565187692642212
0.0001,4995.0,119.49514770507812,1.9565184116363525
0.0001,4996.0,119.4951400756836,1.9565181732177734
0.0001,4997.0,119.4951400756836,1.9565179347991943
0.0001,4998.0,119.4951400756836,1.9565175771713257
0.0001,4999.0,119.4951400756836,1.9565174579620361
0.0001,5000.0,119.4951400756836,1.9565166234970093
0.0001,5001.0,119.4951400756836,1.9565165042877197
0.0001,5002.0,119.4951400756836,1.9565160274505615
0.0001,5003.0,119.49514770507812,1.9565156698226929
0.0001,5004.0,119.49514770507812,1.9565153121948242
0.0001,5005.0,119.49514770507812,1.9565150737762451
0.0001,5006.0,119.49514770507812,1.9565147161483765
0.0001,5007.0,119.49514770507812,1.956514596939087
0.0001,5008.0,119.4951400756836,1.9565143585205078
0.0001,5009.0,119.4951400756836,1.9565136432647705
0.0001,5010.0,119.4951400756836,1.9565131664276123
0.0001,5011.0,119.4951400756836,1.9565128087997437
0.0001,5012.0,119.4951400756836,1.956512689590454
0.0001,5013.0,119.4951400756836,1.956512451171875
0.0001,5014.0,119.4951400756836,1.9565120935440063
0.0001,5015.0,119.4951400756836,1.9565118551254272
0.0001,5016.0,119.4951400756836,1.9565114974975586
0.0001,5017.0,119.4951400756836,1.9565112590789795
0.0001,5018.0,119.4951400756836,1.9565107822418213
0.0001,5019.0,119.4951400756836,1.956510305404663
0.0001,5020.0,119.49513244628906,1.9565098285675049
0.0001,5021.0,119.49513244628906,1.9565095901489258
0.0001,5022.0,119.49514770507812,1.9565092325210571
0.0001,5023.0,119.49514770507812,1.9565092325210571
0.0001,5024.0,119.49514770507812,1.9565088748931885
0.0001,5025.0,119.49514770507812,1.9565083980560303
0.0001,5026.0,119.49514770507812,1.9565080404281616
0.0001,5027.0,119.49514770507812,1.956507921218872
0.0001,5028.0,119.49514770507812,1.9565073251724243
0.0001,5029.0,119.49514770507812,1.9565069675445557
0.0001,5030.0,119.49514770507812,1.9565067291259766
0.0001,5031.0,119.49514770507812,1.956506371498108
0.0001,5032.0,119.4951400756836,1.9565061330795288
0.0001,5033.0,119.4951400756836,1.9565060138702393
0.0001,5034.0,119.4951400756836,1.9565054178237915
0.0001,5035.0,119.4951400756836,1.9565050601959229
0.0001,5036.0,119.4951400756836,1.9565045833587646
0.0001,5037.0,119.4951400756836,1.956504464149475
0.0001,5038.0,119.4951400756836,1.956504225730896
0.0001,5039.0,119.4951400756836,1.9565038681030273
0.0001,5040.0,119.4951400756836,1.9565036296844482
0.0001,5041.0,119.4951400756836,1.95650315284729
0.0001,5042.0,119.49514770507812,1.95650315284729
0.0001,5043.0,119.49514770507812,1.9565026760101318
0.0001,5044.0,119.49514770507812,1.9565025568008423
0.0001,5045.0,119.4951400756836,1.9565019607543945
0.0001,5046.0,119.4951400756836,1.9565016031265259
0.0001,5047.0,119.4951400756836,1.9565013647079468
0.0001,5048.0,119.4951400756836,1.9565010070800781
0.0001,5049.0,119.4951400756836,1.956500768661499
0.0001,5050.0,119.4951400756836,1.9565004110336304
0.0001,5051.0,119.4951400756836,1.9565002918243408
0.0001,5052.0,119.4951400756836,1.9565000534057617
0.0001,5053.0,119.4951400756836,1.956499695777893
0.0001,5054.0,119.4951400756836,1.9564993381500244
0.0001,5055.0,119.4951400756836,1.9564987421035767
0.0001,5056.0,119.4951400756836,1.9564985036849976
0.0001,5057.0,119.49513244628906,1.9564985036849976
0.0001,5058.0,119.49513244628906,1.956498384475708
0.0001,5059.0,119.49513244628906,1.9564979076385498
0.0001,5060.0,119.49513244628906,1.9564974308013916
0.0001,5061.0,119.49513244628906,1.9564971923828125
0.0001,5062.0,119.49513244628906,1.9564969539642334
0.0001,5063.0,119.49514770507812,1.9564965963363647
0.0001,5064.0,119.49514770507812,1.9564964771270752
0.0001,5065.0,119.49514770507812,1.956496000289917
0.0001,5066.0,119.49514770507812,1.9564955234527588
0.0001,5067.0,119.49514770507812,1.9564952850341797
0.0001,5068.0,119.49514770507812,1.9564950466156006
0.0001,5069.0,119.49514770507812,1.956494688987732
0.0001,5070.0,119.49514770507812,1.9564945697784424
0.0001,5071.0,119.4951400756836,1.9564940929412842
0.0001,5072.0,119.4951400756836,1.9564937353134155
0.0001,5073.0,119.4951400756836,1.956493616104126
0.0001,5074.0,119.4951400756836,1.9564931392669678
0.0001,5075.0,119.4951400756836,1.9564927816390991
0.0001,5076.0,119.4951400756836,1.9564927816390991
0.0001,5077.0,119.4951400756836,1.9564924240112305
0.0001,5078.0,119.4951400756836,1.9564924240112305
0.0001,5079.0,119.4951400756836,1.9564918279647827
0.0001,5080.0,119.4951400756836,1.9564917087554932
0.0001,5081.0,119.4951400756836,1.956491470336914
0.0001,5082.0,119.4951400756836,1.9564908742904663
0.0001,5083.0,119.4951400756836,1.9564907550811768
0.0001,5084.0,119.49513244628906,1.9564905166625977
0.0001,5085.0,119.49513244628906,1.956490159034729
0.0001,5086.0,119.49514770507812,1.95648992061615
0.0001,5087.0,119.49514770507812,1.9564898014068604
0.0001,5088.0,119.49514770507812,1.9564893245697021
0.0001,5089.0,119.49514770507812,1.9564893245697021
0.0001,5090.0,119.49514770507812,1.956488847732544
0.0001,5091.0,119.49514770507812,1.956488847732544
0.0001,5092.0,119.49514770507812,1.956488013267517
0.0001,5093.0,119.49514770507812,1.9564878940582275
0.0001,5094.0,119.49514770507812,1.9564872980117798
0.0001,5095.0,119.49514770507812,1.9564872980117798
0.0001,5096.0,119.49514770507812,1.956486701965332
0.0001,5097.0,119.49514770507812,1.9564869403839111
0.0001,5098.0,119.49514770507812,1.956486463546753
0.0001,5099.0,119.4951400756836,1.9564863443374634
0.0001,5100.0,119.4951400756836,1.9564857482910156
0.0001,5101.0,119.4951400756836,1.9564857482910156
0.0001,5102.0,119.4951400756836,1.9564851522445679
0.0001,5103.0,119.4951400756836,1.9564851522445679
0.0001,5104.0,119.4951400756836,1.9564850330352783
0.0001,5105.0,119.4951400756836,1.9564845561981201
0.0001,5106.0,119.4951400756836,1.9564841985702515
0.0001,5107.0,119.4951400756836,1.956484079360962
0.0001,5108.0,119.4951400756836,1.956484079360962
0.0001,5109.0,119.49514770507812,1.9564838409423828
0.0001,5110.0,119.49514770507812,1.9564836025238037
0.0001,5111.0,119.49514770507812,1.9564831256866455
0.0001,5112.0,119.49514770507812,1.9564826488494873
0.0001,5113.0,119.4951400756836,1.9564825296401978
0.0001,5114.0,119.4951400756836,1.956482172012329
0.0001,5115.0,119.4951400756836,1.95648193359375
0.0001,5116.0,119.4951400756836,1.956481695175171
0.0001,5117.0,119.4951400756836,1.9564813375473022
0.0001,5118.0,119.4951400756836,1.9564812183380127
0.0001,5119.0,119.4951400756836,1.9564812183380127
0.0001,5120.0,119.4951400756836,1.9564803838729858
0.0001,5121.0,119.4951400756836,1.9564803838729858
0.0001,5122.0,119.4951400756836,1.956479787826538
0.0001,5123.0,119.4951400756836,1.9564794301986694
0.0001,5124.0,119.4951400756836,1.9564794301986694
0.0001,5125.0,119.4951400756836,1.9564793109893799
0.0001,5126.0,119.4951400756836,1.9564790725708008
0.0001,5127.0,119.4951400756836,1.9564788341522217
0.0001,5128.0,119.4951400756836,1.9564787149429321
0.0001,5129.0,119.49513244628906,1.9564783573150635
0.0001,5130.0,119.49513244628906,1.9564781188964844
0.0001,5131.0,119.49513244628906,1.9564777612686157
0.0001,5132.0,119.49513244628906,1.9564775228500366
0.0001,5133.0,119.49513244628906,1.956477403640747
0.0001,5134.0,119.49514770507812,1.9564768075942993
0.0001,5135.0,119.49514770507812,1.9564769268035889
0.0001,5136.0,119.49514770507812,1.9564765691757202
0.0001,5137.0,119.49514770507812,1.9564764499664307
0.0001,5138.0,119.49514770507812,1.9564762115478516
0.0001,5139.0,119.49514770507812,1.9564759731292725
0.0001,5140.0,119.49514770507812,1.956475853919983
0.0001,5141.0,119.49514770507812,1.9564754962921143
0.0001,5142.0,119.49514770507812,1.956475019454956
0.0001,5143.0,119.49514770507812,1.9564745426177979
0.0001,5144.0,119.4951400756836,1.9564740657806396
0.0001,5145.0,119.4951400756836,1.9564743041992188
0.0001,5146.0,119.4951400756836,1.9564740657806396
0.0001,5147.0,119.4951400756836,1.95647394657135
0.0001,5148.0,119.4951400756836,1.956473708152771
0.0001,5149.0,119.4951400756836,1.9564733505249023
0.0001,5150.0,119.4951400756836,1.9564731121063232
0.0001,5151.0,119.4951400756836,1.9564727544784546
0.0001,5152.0,119.4951400756836,1.956472635269165
0.0001,5153.0,119.4951400756836,1.9564721584320068
0.0001,5154.0,119.4951400756836,1.9564720392227173
0.0001,5155.0,119.4951400756836,1.9564718008041382
0.0001,5156.0,119.4951400756836,1.9564716815948486
0.0001,5157.0,119.4951400756836,1.9564712047576904
0.0001,5158.0,119.4951400756836,1.9564712047576904
0.0001,5159.0,119.4951400756836,1.9564708471298218
0.0001,5160.0,119.49514770507812,1.9564707279205322
0.0001,5161.0,119.4951400756836,1.9564704895019531
0.0001,5162.0,119.4951400756836,1.956470251083374
0.0001,5163.0,119.4951400756836,1.9564698934555054
0.0001,5164.0,119.4951400756836,1.9564698934555054
0.0001,5165.0,119.4951400756836,1.9564695358276367
0.0001,5166.0,119.4951400756836,1.956469178199768
0.0001,5167.0,119.4951400756836,1.956468939781189
0.0001,5168.0,119.4951400756836,1.9564685821533203
0.0001,5169.0,119.4951400756836,1.9564682245254517
0.0001,5170.0,119.4951400756836,1.9564682245254517
0.0001,5171.0,119.4951400756836,1.956467866897583
0.0001,5172.0,119.4951400756836,1.956467628479004
0.0001,5173.0,119.4951400756836,1.956467628479004
0.0001,5174.0,119.4951400756836,1.9564673900604248
0.0001,5175.0,119.4951400756836,1.9564670324325562
0.0001,5176.0,119.4951400756836,1.9564666748046875
0.0001,5177.0,119.4951400756836,1.9564666748046875
0.0001,5178.0,119.49513244628906,1.9564663171768188
0.0001,5179.0,119.49513244628906,1.9564660787582397
0.0001,5180.0,119.49513244628906,1.9564659595489502
0.0001,5181.0,119.49513244628906,1.956465721130371
0.0001,5182.0,119.49513244628906,1.956465721130371
0.0001,5183.0,119.49513244628906,1.9564651250839233
0.0001,5184.0,119.49513244628906,1.9564651250839233
0.0001,5185.0,119.49513244628906,1.9564647674560547
0.0001,5186.0,119.49513244628906,1.9564645290374756
0.0001,5187.0,119.49513244628906,1.9564645290374756
0.0001,5188.0,119.49514770507812,1.956464171409607
0.0001,5189.0,119.49514770507812,1.9564640522003174
0.0001,5190.0,119.49514770507812,1.9564634561538696
0.0001,5191.0,119.49514770507812,1.9564634561538696
0.0001,5192.0,119.49514770507812,1.956463098526001
0.0001,5193.0,119.49514770507812,1.956463098526001
0.0001,5194.0,119.49514770507812,1.9564628601074219
0.0001,5195.0,119.49514770507812,1.9564626216888428
0.0001,5196.0,119.4951400756836,1.9564626216888428
0.0001,5197.0,119.4951400756836,1.9564621448516846
0.0001,5198.0,119.4951400756836,1.9564621448516846
0.0001,5199.0,119.4951400756836,1.9564616680145264
0.0001,5200.0,119.4951400756836,1.9564615488052368
0.0001,5201.0,119.4951400756836,1.9564613103866577
0.0001,5202.0,119.4951400756836,1.9564611911773682
0.0001,5203.0,119.4951400756836,1.95646071434021
0.0001,5204.0,119.4951400756836,1.9564605951309204
0.0001,5205.0,119.4951400756836,1.9564602375030518
0.0001,5206.0,119.4951400756836,1.9564602375030518
0.0001,5207.0,119.4951400756836,1.9564599990844727
0.0001,5208.0,119.4951400756836,1.9564599990844727
0.0001,5209.0,119.4951400756836,1.9564597606658936
0.0001,5210.0,119.4951400756836,1.956459403038025
0.0001,5211.0,119.4951400756836,1.956459403038025
0.0001,5212.0,119.4951400756836,1.9564590454101562
0.0001,5213.0,119.4951400756836,1.9564586877822876
0.0001,5214.0,119.4951400756836,1.9564586877822876
0.0001,5215.0,119.49513244628906,1.9564586877822876
0.0001,5216.0,119.49513244628906,1.956458330154419
0.0001,5217.0,119.49514770507812,1.9564580917358398
0.0001,5218.0,119.49514770507812,1.9564578533172607
0.0001,5219.0,119.49514770507812,1.956457495689392
0.0001,5220.0,119.49514770507812,1.9564571380615234
0.0001,5221.0,119.49514770507812,1.9564571380615234
0.0001,5222.0,119.49514770507812,1.9564567804336548
0.0001,5223.0,119.49514770507812,1.9564567804336548
0.0001,5224.0,119.49514770507812,1.9564565420150757
0.0001,5225.0,119.49514770507812,1.956456184387207
0.0001,5226.0,119.49514770507812,1.956456184387207
0.0001,5227.0,119.49514770507812,1.9564558267593384
0.0001,5228.0,119.49514770507812,1.9564555883407593
0.0001,5229.0,119.49514770507812,1.9564552307128906
0.0001,5230.0,119.49514770507812,1.9564549922943115
0.0001,5231.0,119.49514770507812,1.956454873085022
0.0001,5232.0,119.49514770507812,1.9564546346664429
0.0001,5233.0,119.49514770507812,1.9564545154571533
0.0001,5234.0,119.49514770507812,1.9564542770385742
0.0001,5235.0,119.4951400756836,1.9564539194107056
0.0001,5236.0,119.4951400756836,1.9564540386199951
0.0001,5237.0,119.4951400756836,1.9564536809921265
0.0001,5238.0,119.4951400756836,1.956453561782837
0.0001,5239.0,119.4951400756836,1.956453561782837
0.0001,5240.0,119.4951400756836,1.9564530849456787
0.0001,5241.0,119.4951400756836,1.9564530849456787
0.0001,5242.0,119.4951400756836,1.9564529657363892
0.0001,5243.0,119.4951400756836,1.9564523696899414
0.0001,5244.0,119.4951400756836,1.9564523696899414
0.0001,5245.0,119.4951400756836,1.9564521312713623
0.0001,5246.0,119.4951400756836,1.9564520120620728
0.0001,5247.0,119.4951400756836,1.9564517736434937
0.0001,5248.0,119.4951400756836,1.956451654434204
0.0001,5249.0,119.4951400756836,1.956451654434204
0.0001,5250.0,119.49514770507812,1.956451416015625
0.0001,5251.0,119.49514770507812,1.9564510583877563
0.0001,5252.0,119.49514770507812,1.9564508199691772
0.0001,5253.0,119.49514770507812,1.9564508199691772
0.0001,5254.0,119.4951400756836,1.9564508199691772
0.0001,5255.0,119.4951400756836,1.9564507007598877
0.0001,5256.0,119.4951400756836,1.9564504623413086
0.0001,5257.0,119.4951400756836,1.95645010471344
0.0001,5258.0,119.4951400756836,1.95645010471344
0.0001,5259.0,119.4951400756836,1.9564495086669922
0.0001,5260.0,119.4951400756836,1.9564495086669922
0.0001,5261.0,119.4951400756836,1.956449270248413
0.0001,5262.0,119.4951400756836,1.956449270248413
0.0001,5263.0,119.4951400756836,1.9564491510391235
0.0001,5264.0,119.4951400756836,1.9564489126205444
0.0001,5265.0,119.4951400756836,1.9564485549926758
0.0001,5266.0,119.4951400756836,1.9564483165740967
0.0001,5267.0,119.4951400756836,1.956447958946228
0.0001,5268.0,119.4951400756836,1.9564478397369385
0.0001,5269.0,119.4951400756836,1.9564476013183594
0.0001,5270.0,119.4951400756836,1.9564476013183594
0.0001,5271.0,119.4951400756836,1.9564472436904907
0.0001,5272.0,119.4951400756836,1.9564470052719116
0.0001,5273.0,119.4951400756836,1.956446886062622
0.0001,5274.0,119.4951400756836,1.956446647644043
0.0001,5275.0,119.4951400756836,1.956446647644043
0.0001,5276.0,119.49513244628906,1.9564464092254639
0.0001,5277.0,119.49513244628906,1.9564460515975952
0.0001,5278.0,119.49513244628906,1.9564459323883057
0.0001,5279.0,119.49513244628906,1.9564459323883057
0.0001,5280.0,119.49513244628906,1.9564456939697266
0.0001,5281.0,119.49513244628906,1.9564454555511475
0.0001,5282.0,119.49513244628906,1.9564454555511475
0.0001,5283.0,119.49513244628906,1.956445336341858
0.0001,5284.0,119.49513244628906,1.9564450979232788
0.0001,5285.0,119.49514770507812,1.9564449787139893
0.0001,5286.0,119.49514770507812,1.9564447402954102
0.0001,5287.0,119.49514770507812,1.956444501876831
0.0001,5288.0,119.49514770507812,1.9564443826675415
0.0001,5289.0,119.49514770507812,1.9564441442489624
0.0001,5290.0,119.49514770507812,1.9564440250396729
0.0001,5291.0,119.49514770507812,1.9564440250396729
0.0001,5292.0,119.49514770507812,1.9564437866210938
0.0001,5293.0,119.49514770507812,1.9564435482025146
0.0001,5294.0,119.49514770507812,1.956443428993225
0.0001,5295.0,119.49514770507812,1.9564430713653564
0.0001,5296.0,119.49514770507812,1.9564430713653564
0.0001,5297.0,119.49514770507812,1.9564428329467773
0.0001,5298.0,119.4951400756836,1.9564425945281982
0.0001,5299.0,119.4951400756836,1.9564424753189087
0.0001,5300.0,119.4951400756836,1.9564424753189087
0.0001,5301.0,119.4951400756836,1.9564424753189087
0.0001,5302.0,119.4951400756836,1.9564424753189087
0.0001,5303.0,119.4951400756836,1.95644211769104
0.0001,5304.0,119.4951400756836,1.956441879272461
0.0001,5305.0,119.4951400756836,1.9564415216445923
0.0001,5306.0,119.4951400756836,1.9564412832260132
0.0001,5307.0,119.4951400756836,1.9564411640167236
0.0001,5308.0,119.4951400756836,1.9564409255981445
0.0001,5309.0,119.4951400756836,1.9564405679702759
0.0001,5310.0,119.4951400756836,1.9564409255981445
0.0001,5311.0,119.4951400756836,1.9564405679702759
0.0001,5312.0,119.4951400756836,1.9564403295516968
0.0001,5313.0,119.4951400756836,1.9564399719238281
0.0001,5314.0,119.4951400756836,1.9564399719238281
0.0001,5315.0,119.4951400756836,1.9564399719238281
0.0001,5316.0,119.4951400756836,1.956439733505249
0.0001,5317.0,119.4951400756836,1.9564396142959595
0.0001,5318.0,119.4951400756836,1.9564393758773804
0.0001,5319.0,119.4951400756836,1.9564393758773804
0.0001,5320.0,119.4951400756836,1.9564392566680908
0.0001,5321.0,119.4951400756836,1.9564390182495117
0.0001,5322.0,119.49513244628906,1.956438422203064
0.0001,5323.0,119.4951400756836,1.956438422203064
0.0001,5324.0,119.4951400756836,1.9564383029937744
0.0001,5325.0,119.4951400756836,1.9564380645751953
0.0001,5326.0,119.4951400756836,1.9564378261566162
0.0001,5327.0,119.4951400756836,1.9564378261566162
0.0001,5328.0,119.4951400756836,1.9564377069473267
0.0001,5329.0,119.4951400756836,1.9564377069473267
0.0001,5330.0,119.4951400756836,1.9564374685287476
0.0001,5331.0,119.4951400756836,1.956437349319458
0.0001,5332.0,119.4951400756836,1.9564368724822998
0.0001,5333.0,119.4951400756836,1.9564368724822998
0.0001,5334.0,119.4951400756836,1.9564367532730103
0.0001,5335.0,119.4951400756836,1.9564367532730103
0.0001,5336.0,119.4951400756836,1.9564367532730103
0.0001,5337.0,119.4951400756836,1.9564363956451416
0.0001,5338.0,119.4951400756836,1.9564361572265625
0.0001,5339.0,119.4951400756836,1.9564359188079834
0.0001,5340.0,119.4951400756836,1.9564357995986938
0.0001,5341.0,119.4951400756836,1.9564355611801147
0.0001,5342.0,119.4951400756836,1.9564355611801147
0.0001,5343.0,119.4951400756836,1.956435203552246
0.0001,5344.0,119.4951400756836,1.956435203552246
0.0001,5345.0,119.4951400756836,1.956434965133667
0.0001,5346.0,119.4951400756836,1.956434965133667
0.0001,5347.0,119.4951400756836,1.9564348459243774
0.0001,5348.0,119.49513244628906,1.9564348459243774
0.0001,5349.0,119.49513244628906,1.9564346075057983
0.0001,5350.0,119.49513244628906,1.9564346075057983
0.0001,5351.0,119.49513244628906,1.9564344882965088
0.0001,5352.0,119.49513244628906,1.9564340114593506
0.0001,5353.0,119.49513244628906,1.9564340114593506
0.0001,5354.0,119.49513244628906,1.956433653831482
0.0001,5355.0,119.49513244628906,1.9564335346221924
0.0001,5356.0,119.49513244628906,1.9564330577850342
0.0001,5357.0,119.49513244628906,1.9564332962036133
0.0001,5358.0,119.49513244628906,1.9564330577850342
0.0001,5359.0,119.49513244628906,1.9564330577850342
0.0001,5360.0,119.49513244628906,1.9564327001571655
0.0001,5361.0,119.49513244628906,1.9564327001571655
0.0001,5362.0,119.49513244628906,1.956432580947876
0.0001,5363.0,119.49513244628906,1.956432580947876
0.0001,5364.0,119.49513244628906,1.9564321041107178
0.0001,5365.0,119.49514770507812,1.9564321041107178
0.0001,5366.0,119.49514770507812,1.9564319849014282
0.0001,5367.0,119.49514770507812,1.9564319849014282
0.0001,5368.0,119.49514770507812,1.9564317464828491
0.0001,5369.0,119.49514770507812,1.9564317464828491
0.0001,5370.0,119.49514770507812,1.9564316272735596
0.0001,5371.0,119.49514770507812,1.9564316272735596
0.0001,5372.0,119.49514770507812,1.9564311504364014
0.0001,5373.0,119.49514770507812,1.9564311504364014
0.0001,5374.0,119.49514770507812,1.9564307928085327
0.0001,5375.0,119.49514770507812,1.9564307928085327
0.0001,5376.0,119.4951400756836,1.956430435180664
0.0001,5377.0,119.4951400756836,1.9564306735992432
0.0001,5378.0,119.4951400756836,1.956430196762085
0.0001,5379.0,119.4951400756836,1.956430196762085
0.0001,5380.0,119.4951400756836,1.9564300775527954
0.0001,5381.0,119.4951400756836,1.9564300775527954
0.0001,5382.0,119.4951400756836,1.9564298391342163
0.0001,5383.0,119.4951400756836,1.9564298391342163
0.0001,5384.0,119.4951400756836,1.9564297199249268
0.0001,5385.0,119.4951400756836,1.9564294815063477
0.0001,5386.0,119.4951400756836,1.9564292430877686
0.0001,5387.0,119.4951400756836,1.9564292430877686
0.0001,5388.0,119.4951400756836,1.956429123878479
0.0001,5389.0,119.4951400756836,1.956429123878479
0.0001,5390.0,119.4951400756836,1.9564288854599
0.0001,5391.0,119.4951400756836,1.9564287662506104
0.0001,5392.0,119.4951400756836,1.9564285278320312
0.0001,5393.0,119.4951400756836,1.9564281702041626
0.0001,5394.0,119.4951400756836,1.9564282894134521
0.0001,5395.0,119.4951400756836,1.9564279317855835
0.0001,5396.0,119.4951400756836,1.956427812576294
0.0001,5397.0,119.4951400756836,1.9564275741577148
0.0001,5398.0,119.4951400756836,1.956427812576294
0.0001,5399.0,119.4951400756836,1.9564273357391357
0.0001,5400.0,119.4951400756836,1.9564273357391357
0.0001,5401.0,119.4951400756836,1.9564272165298462
0.0001,5402.0,119.4951400756836,1.9564272165298462
0.0001,5403.0,119.4951400756836,1.9564268589019775
0.0001,5404.0,119.4951400756836,1.956426978111267
0.0001,5405.0,119.49513244628906,1.9564263820648193
0.0001,5406.0,119.49513244628906,1.9564268589019775
0.0001,5407.0,119.49513244628906,1.9564262628555298
0.0001,5408.0,119.49513244628906,1.9564263820648193
0.0001,5409.0,119.49513244628906,1.9564260244369507
0.0001,5410.0,119.49513244628906,1.9564259052276611
0.0001,5411.0,119.49513244628906,1.9564259052276611
0.0001,5412.0,119.49514770507812,1.956425666809082
0.0001,5413.0,119.49514770507812,1.956425428390503
0.0001,5414.0,119.49514770507812,1.956425666809082
0.0001,5415.0,119.49514770507812,1.9564253091812134
0.0001,5416.0,119.49514770507812,1.9564253091812134
0.0001,5417.0,119.49514770507812,1.9564250707626343
0.0001,5418.0,119.49514770507812,1.9564249515533447
0.0001,5419.0,119.49514770507812,1.9564249515533447
0.0001,5420.0,119.49514770507812,1.9564244747161865
0.0001,5421.0,119.49514770507812,1.9564244747161865
0.0001,5422.0,119.49514770507812,1.956424355506897
0.0001,5423.0,119.49514770507812,1.956424355506897
0.0001,5424.0,119.49514770507812,1.956424355506897
0.0001,5425.0,119.49514770507812,1.9564241170883179
0.0001,5426.0,119.49514770507812,1.9564239978790283
0.0001,5427.0,119.49514770507812,1.9564239978790283
0.0001,5428.0,119.49514770507812,1.9564239978790283
0.0001,5429.0,119.49514770507812,1.9564237594604492
0.0001,5430.0,119.49514770507812,1.9564237594604492
0.0001,5431.0,119.49514770507812,1.9564235210418701
0.0001,5432.0,119.49514770507812,1.9564235210418701
0.0001,5433.0,119.49514770507812,1.9564231634140015
0.0001,5434.0,119.49514770507812,1.9564231634140015
0.0001,5435.0,119.49514770507812,1.956423044204712
0.0001,5436.0,119.49514770507812,1.956423044204712
0.0001,5437.0,119.49514770507812,1.956423044204712
0.0001,5438.0,119.4951400756836,1.9564225673675537
0.0001,5439.0,119.4951400756836,1.9564225673675537
0.0001,5440.0,119.4951400756836,1.9564224481582642
0.0001,5441.0,119.4951400756836,1.9564224481582642
0.0001,5442.0,119.4951400756836,1.956422209739685
0.0001,5443.0,119.4951400756836,1.9564220905303955
0.0001,5444.0,119.4951400756836,1.9564220905303955
0.0001,5445.0,119.4951400756836,1.9564218521118164
0.0001,5446.0,119.4951400756836,1.9564216136932373
0.0001,5447.0,119.4951400756836,1.9564216136932373
0.0001,5448.0,119.4951400756836,1.9564216136932373
0.0001,5449.0,119.4951400756836,1.9564214944839478
0.0001,5450.0,119.4951400756836,1.9564212560653687
0.0001,5451.0,119.4951400756836,1.9564212560653687
0.0001,5452.0,119.4951400756836,1.956421136856079
0.0001,5453.0,119.4951400756836,1.956421136856079
0.0001,5454.0,119.4951400756836,1.9564208984375
0.0001,5455.0,119.4951400756836,1.9564208984375
0.0001,5456.0,119.4951400756836,1.956420660018921
0.0001,5457.0,119.4951400756836,1.956420660018921
0.0001,5458.0,119.4951400756836,1.956420660018921
0.0001,5459.0,119.4951400756836,1.9564203023910522
0.0001,5460.0,119.4951400756836,1.9564203023910522
0.0001,5461.0,119.4951400756836,1.9564203023910522
0.0001,5462.0,119.4951400756836,1.9564201831817627
0.0001,5463.0,119.4951400756836,1.9564197063446045
0.0001,5464.0,119.4951400756836,1.9564197063446045
0.0001,5465.0,119.4951400756836,1.956419587135315
0.0001,5466.0,119.49514770507812,1.956419587135315
0.0001,5467.0,119.49514770507812,1.9564193487167358
0.0001,5468.0,119.49514770507812,1.9564192295074463
0.0001,5469.0,119.49514770507812,1.9564193487167358
0.0001,5470.0,119.4951400756836,1.9564189910888672
0.0001,5471.0,119.4951400756836,1.9564192295074463
0.0001,5472.0,119.4951400756836,1.9564186334609985
0.0001,5473.0,119.4951400756836,1.9564186334609985
0.0001,5474.0,119.4951400756836,1.9564183950424194
0.0001,5475.0,119.4951400756836,1.9564186334609985
0.0001,5476.0,119.4951400756836,1.9564182758331299
0.0001,5477.0,119.4951400756836,1.9564182758331299
0.0001,5478.0,119.4951400756836,1.9564182758331299
0.0001,5479.0,119.4951400756836,1.9564180374145508
0.0001,5480.0,119.4951400756836,1.9564180374145508
0.0001,5481.0,119.4951400756836,1.9564177989959717
0.0001,5482.0,119.4951400756836,1.9564176797866821
0.0001,5483.0,119.4951400756836,1.9564177989959717
0.0001,5484.0,119.4951400756836,1.956417441368103
0.0001,5485.0,119.4951400756836,1.956417441368103
0.0001,5486.0,119.4951400756836,1.956417441368103
0.0001,5487.0,119.4951400756836,1.9564173221588135
0.0001,5488.0,119.4951400756836,1.9564170837402344
0.0001,5489.0,119.4951400756836,1.9564167261123657
0.0001,5490.0,119.4951400756836,1.9564167261123657
0.0001,5491.0,119.4951400756836,1.9564167261123657
0.0001,5492.0,119.4951400756836,1.9564167261123657
0.0001,5493.0,119.4951400756836,1.9564164876937866
0.0001,5494.0,119.4951400756836,1.9564164876937866
0.0001,5495.0,119.4951400756836,1.956416368484497
0.0001,5496.0,119.4951400756836,1.956416130065918
0.0001,5497.0,119.4951400756836,1.956416130065918
0.0001,5498.0,119.4951400756836,1.956416130065918
0.0001,5499.0,119.4951400756836,1.9564158916473389
0.0001,5500.0,119.4951400756836,1.9564157724380493
0.0001,5501.0,119.4951400756836,1.9564157724380493
0.0001,5502.0,119.4951400756836,1.9564157724380493
0.0001,5503.0,119.4951400756836,1.9564154148101807
0.0001,5504.0,119.4951400756836,1.9564154148101807
0.0001,5505.0,119.4951400756836,1.9564151763916016
0.0001,5506.0,119.4951400756836,1.9564151763916016
0.0001,5507.0,119.4951400756836,1.9564151763916016
0.0001,5508.0,119.4951400756836,1.9564149379730225
0.0001,5509.0,119.49513244628906,1.9564149379730225
0.0001,5510.0,119.49513244628906,1.956414818763733
0.0001,5511.0,119.49513244628906,1.9564149379730225
0.0001,5512.0,119.49513244628906,1.9564145803451538
0.0001,5513.0,119.49513244628906,1.956414818763733
0.0001,5514.0,119.49513244628906,1.9564145803451538
0.0001,5515.0,119.49513244628906,1.9564144611358643
0.0001,5516.0,119.49513244628906,1.9564142227172852
0.0001,5517.0,119.49513244628906,1.9564142227172852
0.0001,5518.0,119.49513244628906,1.9564138650894165
0.0001,5519.0,119.49513244628906,1.9564138650894165
0.0001,5520.0,119.49513244628906,1.9564138650894165
0.0001,5521.0,119.49513244628906,1.9564136266708374
0.0001,5522.0,119.49513244628906,1.9564136266708374
0.0001,5523.0,119.49513244628906,1.9564136266708374
0.0001,5524.0,119.49513244628906,1.9564135074615479
0.0001,5525.0,119.49513244628906,1.9564135074615479
0.0001,5526.0,119.49513244628906,1.9564135074615479
0.0001,5527.0,119.49513244628906,1.9564132690429688
0.0001,5528.0,119.49514770507812,1.9564132690429688
0.0001,5529.0,119.49514770507812,1.9564132690429688
0.0001,5530.0,119.49514770507812,1.9564132690429688
0.0001,5531.0,119.49514770507812,1.9564130306243896
0.0001,5532.0,119.49514770507812,1.9564130306243896
0.0001,5533.0,119.49514770507812,1.956412672996521
0.0001,5534.0,119.49514770507812,1.956412672996521
0.0001,5535.0,119.49514770507812,1.9564125537872314
0.0001,5536.0,119.49514770507812,1.9564125537872314
0.0001,5537.0,119.49514770507812,1.9564123153686523
0.0001,5538.0,119.49514770507812,1.9564123153686523
0.0001,5539.0,119.49514770507812,1.9564123153686523
0.0001,5540.0,119.49514770507812,1.9564120769500732
0.0001,5541.0,119.49514770507812,1.9564120769500732
0.0001,5542.0,119.49514770507812,1.9564120769500732
0.0001,5543.0,119.49514770507812,1.9564119577407837
0.0001,5544.0,119.49514770507812,1.9564120769500732
0.0001,5545.0,119.49514770507812,1.9564119577407837
0.0001,5546.0,119.49514770507812,1.956411600112915
0.0001,5547.0,119.49514770507812,1.956411600112915
0.0001,5548.0,119.49514770507812,1.956411600112915
0.0001,5549.0,119.49514770507812,1.9564111232757568
0.0001,5550.0,119.49514770507812,1.9564111232757568
0.0001,5551.0,119.49514770507812,1.9564111232757568
0.0001,5552.0,119.49514770507812,1.9564110040664673
0.0001,5553.0,119.4951400756836,1.9564110040664673
0.0001,5554.0,119.4951400756836,1.9564107656478882
0.0001,5555.0,119.4951400756836,1.9564107656478882
0.0001,5556.0,119.4951400756836,1.9564107656478882
0.0001,5557.0,119.4951400756836,1.9564104080200195
0.0001,5558.0,119.4951400756836,1.9564104080200195
0.0001,5559.0,119.4951400756836,1.9564104080200195
0.0001,5560.0,119.4951400756836,1.9564104080200195
0.0001,5561.0,119.4951400756836,1.9564101696014404
0.0001,5562.0,119.4951400756836,1.9564101696014404
0.0001,5563.0,119.4951400756836,1.9564100503921509
0.0001,5564.0,119.4951400756836,1.9564100503921509
0.0001,5565.0,119.4951400756836,1.9564098119735718
0.0001,5566.0,119.4951400756836,1.9564098119735718
0.0001,5567.0,119.4951400756836,1.9564096927642822
0.0001,5568.0,119.4951400756836,1.9564098119735718
0.0001,5569.0,119.4951400756836,1.9564096927642822
0.0001,5570.0,119.4951400756836,1.9564094543457031
0.0001,5571.0,119.4951400756836,1.956409215927124
0.0001,5572.0,119.4951400756836,1.956409215927124
0.0001,5573.0,119.4951400756836,1.956409215927124
0.0001,5574.0,119.4951400756836,1.9564090967178345
0.0001,5575.0,119.4951400756836,1.9564090967178345
0.0001,5576.0,119.4951400756836,1.9564088582992554
0.0001,5577.0,119.4951400756836,1.9564090967178345
0.0001,5578.0,119.4951400756836,1.9564088582992554
0.0001,5579.0,119.4951400756836,1.9564088582992554
0.0001,5580.0,119.4951400756836,1.9564087390899658
0.0001,5581.0,119.4951400756836,1.9564087390899658
0.0001,5582.0,119.4951400756836,1.9564085006713867
0.0001,5583.0,119.4951400756836,1.9564087390899658
0.0001,5584.0,119.4951400756836,1.956408143043518
0.0001,5585.0,119.4951400756836,1.956408143043518
0.0001,5586.0,119.4951400756836,1.956408143043518
0.0001,5587.0,119.4951400756836,1.956408143043518
0.0001,5588.0,119.4951400756836,1.956407904624939
0.0001,5589.0,119.4951400756836,1.956407904624939
0.0001,5590.0,119.4951400756836,1.956407904624939
0.0001,5591.0,119.4951400756836,1.9564077854156494
0.0001,5592.0,119.4951400756836,1.9564075469970703
0.0001,5593.0,119.4951400756836,1.9564077854156494
0.0001,5594.0,119.4951400756836,1.9564075469970703
0.0001,5595.0,119.4951400756836,1.9564073085784912
0.0001,5596.0,119.4951400756836,1.9564073085784912
0.0001,5597.0,119.4951400756836,1.9564073085784912
0.0001,5598.0,119.4951400756836,1.9564073085784912
0.0001,5599.0,119.49513244628906,1.9564071893692017
0.0001,5600.0,119.49513244628906,1.9564071893692017
0.0001,5601.0,119.49513244628906,1.9564071893692017
0.0001,5602.0,119.49513244628906,1.9564069509506226
0.0001,5603.0,119.4951400756836,1.9564069509506226
0.0001,5604.0,119.4951400756836,1.956406831741333
0.0001,5605.0,119.4951400756836,1.956406831741333
0.0001,5606.0,119.4951400756836,1.956406831741333
0.0001,5607.0,119.4951400756836,1.956406831741333
0.0001,5608.0,119.4951400756836,1.956406593322754
0.0001,5609.0,119.4951400756836,1.956406593322754
0.0001,5610.0,119.4951400756836,1.9564063549041748
0.0001,5611.0,119.4951400756836,1.956406593322754
0.0001,5612.0,119.4951400756836,1.9564062356948853
0.0001,5613.0,119.4951400756836,1.9564062356948853
0.0001,5614.0,119.4951400756836,1.9564059972763062
0.0001,5615.0,119.4951400756836,1.9564059972763062
0.0001,5616.0,119.4951400756836,1.9564059972763062
0.0001,5617.0,119.4951400756836,1.9564058780670166
0.0001,5618.0,119.4951400756836,1.9564059972763062
0.0001,5619.0,119.4951400756836,1.9564058780670166
0.0001,5620.0,119.4951400756836,1.9564056396484375
0.0001,5621.0,119.4951400756836,1.9564058780670166
0.0001,5622.0,119.4951400756836,1.9564056396484375
0.0001,5623.0,119.4951400756836,1.9564054012298584
0.0001,5624.0,119.4951400756836,1.9564054012298584
0.0001,5625.0,119.4951400756836,1.9564052820205688
0.0001,5626.0,119.4951400756836,1.9564052820205688
0.0001,5627.0,119.4951400756836,1.9564052820205688
0.0001,5628.0,119.4951400756836,1.9564052820205688
0.0001,5629.0,119.4951400756836,1.9564050436019897
0.0001,5630.0,119.4951400756836,1.9564050436019897
0.0001,5631.0,119.4951400756836,1.9564050436019897
0.0001,5632.0,119.4951400756836,1.9564050436019897
0.0001,5633.0,119.4951400756836,1.9564049243927002
0.0001,5634.0,119.4951400756836,1.9564049243927002
0.0001,5635.0,119.4951400756836,1.9564049243927002
0.0001,5636.0,119.4951400756836,1.956404685974121
0.0001,5637.0,119.4951400756836,1.9564049243927002
0.0001,5638.0,119.4951400756836,1.956404447555542
0.0001,5639.0,119.4951400756836,1.9564049243927002
0.0001,5640.0,119.4951400756836,1.9564043283462524
0.0001,5641.0,119.4951400756836,1.9564040899276733
0.0001,5642.0,119.4951400756836,1.956404447555542
0.0001,5643.0,119.4951400756836,1.9564040899276733
0.0001,5644.0,119.4951400756836,1.9564043283462524
0.0001,5645.0,119.4951400756836,1.9564040899276733
0.0001,5646.0,119.4951400756836,1.9564040899276733
0.0001,5647.0,119.4951400756836,1.9564037322998047
0.0001,5648.0,119.4951400756836,1.9564037322998047
0.0001,5649.0,119.4951400756836,1.956403374671936
0.0001,5650.0,119.4951400756836,1.9564037322998047
0.0001,5651.0,119.4951400756836,1.956403374671936
0.0001,5652.0,119.4951400756836,1.9564037322998047
0.0001,5653.0,119.4951400756836,1.956403374671936
0.0001,5654.0,119.4951400756836,1.9564034938812256
0.0001,5655.0,119.49513244628906,1.956403136253357
0.0001,5656.0,119.49513244628906,1.956403136253357
0.0001,5657.0,119.49513244628906,1.9564030170440674
0.0001,5658.0,119.49513244628906,1.9564030170440674
0.0001,5659.0,119.49513244628906,1.9564030170440674
0.0001,5660.0,119.49513244628906,1.9564030170440674
0.0001,5661.0,119.49513244628906,1.9564030170440674
0.0001,5662.0,119.49513244628906,1.9564030170440674
0.0001,5663.0,119.49513244628906,1.9564027786254883
0.0001,5664.0,119.49513244628906,1.9564025402069092
0.0001,5665.0,119.49513244628906,1.9564025402069092
0.0001,5666.0,119.49513244628906,1.9564025402069092
0.0001,5667.0,119.49513244628906,1.9564025402069092
0.0001,5668.0,119.49513244628906,1.956402063369751
0.0001,5669.0,119.49513244628906,1.956402063369751
0.0001,5670.0,119.49513244628906,1.956402063369751
0.0001,5671.0,119.49513244628906,1.956402063369751
0.0001,5672.0,119.49513244628906,1.9564018249511719
0.0001,5673.0,119.49513244628906,1.9564018249511719
0.0001,5674.0,119.49513244628906,1.9564018249511719
0.0001,5675.0,119.49513244628906,1.9564018249511719
0.0001,5676.0,119.49513244628906,1.9564018249511719
0.0001,5677.0,119.49513244628906,1.9564015865325928
0.0001,5678.0,119.49513244628906,1.9564015865325928
0.0001,5679.0,119.49513244628906,1.9564015865325928
0.0001,5680.0,119.49513244628906,1.9564014673233032
0.0001,5681.0,119.49513244628906,1.9564014673233032
0.0001,5682.0,119.49513244628906,1.9564014673233032
0.0001,5683.0,119.49513244628906,1.9564014673233032
0.0001,5684.0,119.49513244628906,1.9564014673233032
0.0001,5685.0,119.49513244628906,1.9564014673233032
0.0001,5686.0,119.49513244628906,1.9564012289047241
0.0001,5687.0,119.49513244628906,1.9564012289047241
0.0001,5688.0,119.49513244628906,1.9564012289047241
0.0001,5689.0,119.49513244628906,1.9564012289047241
0.0001,5690.0,119.49513244628906,1.9564012289047241
0.0001,5691.0,119.49513244628906,1.9564008712768555
0.0001,5692.0,119.49513244628906,1.9564006328582764
0.0001,5693.0,119.49513244628906,1.9564006328582764
0.0001,5694.0,119.49513244628906,1.9564006328582764
0.0001,5695.0,119.49513244628906,1.9564002752304077
0.0001,5696.0,119.49513244628906,1.9564006328582764
0.0001,5697.0,119.49513244628906,1.9564002752304077
0.0001,5698.0,119.49514770507812,1.9564002752304077
0.0001,5699.0,119.49514770507812,1.9564002752304077
0.0001,5700.0,119.49514770507812,1.9564002752304077
0.0001,5701.0,119.49514770507812,1.9564002752304077
0.0001,5702.0,119.49514770507812,1.9564002752304077
0.0001,5703.0,119.49514770507812,1.9564002752304077
0.0001,5704.0,119.49514770507812,1.9564002752304077
0.0001,5705.0,119.49514770507812,1.9564001560211182
0.0001,5706.0,119.49514770507812,1.9564001560211182
0.0001,5707.0,119.49514770507812,1.9564001560211182
0.0001,5708.0,119.49514770507812,1.956399917602539
0.0001,5709.0,119.49514770507812,1.956399917602539
0.0001,5710.0,119.49514770507812,1.956399917602539
0.0001,5711.0,119.49514770507812,1.956399917602539
0.0001,5712.0,119.49514770507812,1.95639967918396
0.0001,5713.0,119.49514770507812,1.95639967918396
0.0001,5714.0,119.49514770507812,1.95639967918396
0.0001,5715.0,119.49514770507812,1.95639967918396
0.0001,5716.0,119.49514770507812,1.9563995599746704
0.0001,5717.0,119.49514770507812,1.9563993215560913
0.0001,5718.0,119.49514770507812,1.9563993215560913
0.0001,5719.0,119.49514770507812,1.9563993215560913
0.0001,5720.0,119.49514770507812,1.9563993215560913
0.0001,5721.0,119.4951400756836,1.9563992023468018
0.0001,5722.0,119.4951400756836,1.9563989639282227
0.0001,5723.0,119.4951400756836,1.9563989639282227
0.0001,5724.0,119.4951400756836,1.9563989639282227
0.0001,5725.0,119.4951400756836,1.9563989639282227
0.0001,5726.0,119.4951400756836,1.9563989639282227
0.0001,5727.0,119.4951400756836,1.9563989639282227
0.0001,5728.0,119.4951400756836,1.9563987255096436
0.0001,5729.0,119.4951400756836,1.9563989639282227
0.0001,5730.0,119.4951400756836,1.9563987255096436
0.0001,5731.0,119.4951400756836,1.9563989639282227
0.0001,5732.0,119.4951400756836,1.9563987255096436
0.0001,5733.0,119.4951400756836,1.9563987255096436
0.0001,5734.0,119.4951400756836,1.9563987255096436
0.0001,5735.0,119.4951400756836,1.9563987255096436
0.0001,5736.0,119.4951400756836,1.956398606300354
0.0001,5737.0,119.4951400756836,1.956398606300354
0.0001,5738.0,119.4951400756836,1.956398606300354
0.0001,5739.0,119.4951400756836,1.956398606300354
0.0001,5740.0,119.4951400756836,1.956398606300354
0.0001,5741.0,119.4951400756836,1.956398606300354
0.0001,5742.0,119.4951400756836,1.956398367881775
0.0001,5743.0,119.4951400756836,1.9563982486724854
0.0001,5744.0,119.4951400756836,1.9563982486724854
0.0001,5745.0,119.4951400756836,1.9563980102539062
0.0001,5746.0,119.4951400756836,1.9563982486724854
0.0001,5747.0,119.4951400756836,1.9563977718353271
0.0001,5748.0,119.4951400756836,1.9563980102539062
0.0001,5749.0,119.4951400756836,1.9563977718353271
0.0001,5750.0,119.4951400756836,1.9563976526260376
0.0001,5751.0,119.4951400756836,1.9563974142074585
0.0001,5752.0,119.4951400756836,1.9563976526260376
0.0001,5753.0,119.4951400756836,1.956397294998169
0.0001,5754.0,119.4951400756836,1.9563974142074585
0.0001,5755.0,119.4951400756836,1.9563974142074585
0.0001,5756.0,119.4951400756836,1.956397294998169
0.0001,5757.0,119.4951400756836,1.956397294998169
0.0001,5758.0,119.4951400756836,1.956397294998169
0.0001,5759.0,119.4951400756836,1.956397294998169
0.0001,5760.0,119.4951400756836,1.956397294998169
0.0001,5761.0,119.4951400756836,1.956397294998169
0.0001,5762.0,119.4951400756836,1.956397294998169
0.0001,5763.0,119.4951400756836,1.956397294998169
0.0001,5764.0,119.4951400756836,1.956397294998169
0.0001,5765.0,119.4951400756836,1.9563970565795898
0.0001,5766.0,119.4951400756836,1.9563970565795898
0.0001,5767.0,119.4951400756836,1.9563970565795898
0.0001,5768.0,119.4951400756836,1.9563968181610107
0.0001,5769.0,119.4951400756836,1.9563970565795898
0.0001,5770.0,119.4951400756836,1.9563968181610107
0.0001,5771.0,119.4951400756836,1.9563970565795898
0.0001,5772.0,119.4951400756836,1.9563968181610107
0.0001,5773.0,119.4951400756836,1.9563968181610107
0.0001,5774.0,119.4951400756836,1.9563966989517212
0.0001,5775.0,119.4951400756836,1.9563968181610107
0.0001,5776.0,119.4951400756836,1.9563966989517212
0.0001,5777.0,119.4951400756836,1.956396460533142
0.0001,5778.0,119.4951400756836,1.956396460533142
0.0001,5779.0,119.4951400756836,1.956396460533142
0.0001,5780.0,119.4951400756836,1.9563963413238525
0.0001,5781.0,119.4951400756836,1.9563963413238525
0.0001,5782.0,119.4951400756836,1.9563963413238525
0.0001,5783.0,119.4951400756836,1.9563963413238525
0.0001,5784.0,119.4951400756836,1.9563963413238525
0.0001,5785.0,119.4951400756836,1.9563961029052734
0.0001,5786.0,119.4951400756836,1.9563961029052734
0.0001,5787.0,119.4951400756836,1.9563961029052734
0.0001,5788.0,119.4951400756836,1.9563961029052734
0.0001,5789.0,119.4951400756836,1.9563961029052734
0.0001,5790.0,119.4951400756836,1.9563958644866943
0.0001,5791.0,119.4951400756836,1.9563961029052734
0.0001,5792.0,119.4951400756836,1.9563958644866943
0.0001,5793.0,119.4951400756836,1.9563961029052734
0.0001,5794.0,119.4951400756836,1.9563958644866943
0.0001,5795.0,119.4951400756836,1.9563958644866943
0.0001,5796.0,119.4951400756836,1.9563958644866943
0.0001,5797.0,119.4951400756836,1.9563958644866943
0.0001,5798.0,119.4951400756836,1.9563958644866943
0.0001,5799.0,119.4951400756836,1.9563957452774048
0.0001,5800.0,119.49513244628906,1.9563958644866943
0.0001,5801.0,119.49513244628906,1.9563957452774048
0.0001,5802.0,119.49513244628906,1.9563957452774048
0.0001,5803.0,119.49513244628906,1.9563957452774048
0.0001,5804.0,119.49513244628906,1.9563955068588257
0.0001,5805.0,119.49513244628906,1.9563957452774048
0.0001,5806.0,119.49513244628906,1.9563953876495361
0.0001,5807.0,119.49513244628906,1.9563953876495361
0.0001,5808.0,119.49513244628906,1.9563953876495361
0.0001,5809.0,119.49513244628906,1.956394910812378
0.0001,5810.0,119.49513244628906,1.956394910812378
0.0001,5811.0,119.49513244628906,1.956395149230957
0.0001,5812.0,119.49513244628906,1.956394910812378
0.0001,5813.0,119.49513244628906,1.956395149230957
