lr,epoch,train_loss,val_loss
0.0001,0.0,3.462649520874022,2.2704227485656743
0.0001,1.0,3.4319941864013668,2.240647157669067
0.0001,2.0,3.401905769348145,2.2113557338714602
0.0001,3.0,3.3723161544799805,2.182542526245117
0.0001,4.0,3.343218868255616,2.1541992149353026
0.0001,5.0,3.314606536865234,2.126318622589111
0.0001,6.0,3.286472782135011,2.098894342422486
0.0001,7.0,3.2588118400573745,2.0719211616516113
0.0001,8.0,3.2316187248229986,2.045393995285034
0.0001,9.0,3.204888580322266,2.0193082370758053
0.0001,10.0,3.1786167678833017,1.9936591968536377
0.0001,11.0,3.152798770904541,1.9684423761367797
0.0001,12.0,3.127429840087889,1.9436532363891605
0.0001,13.0,3.102505428314209,1.9192872323989867
0.0001,14.0,3.078020721435547,1.8953395853042603
0.0001,15.0,3.0539710750579836,1.8718058023452762
0.0001,16.0,3.0303516426086423,1.848681076049805
0.0001,17.0,3.00715742111206,1.8259606323242188
0.0001,18.0,2.9843835258483886,1.8036396617889403
0.0001,19.0,2.9620249786376953,1.7817131671905517
0.0001,20.0,2.940076515197754,1.7601762714385987
0.0001,21.0,2.9185330734252926,1.7390240774154662
0.0001,22.0,2.8973894042968746,1.718251275062561
0.0001,23.0,2.8766403083801273,1.6978530406951906
0.0001,24.0,2.8562803764343263,1.6778240680694583
0.0001,25.0,2.8363042926788333,1.658159369468689
0.0001,26.0,2.8167067260742185,1.6388535327911378
0.0001,27.0,2.797482042312622,1.6199016361236573
0.0001,28.0,2.778625022888183,1.6012981872558596
0.0001,29.0,2.7601300468444823,1.583038019180298
0.0001,30.0,2.741991561889649,1.5651158761978148
0.0001,31.0,2.7242041931152348,1.5475265407562255
0.0001,32.0,2.706762371063233,1.5302645511627198
0.0001,33.0,2.6896604290008557,1.5133248414993286
0.0001,34.0,2.672893016815185,1.4967020912170412
0.0001,35.0,2.6564545059204105,1.4803910217285159
0.0001,36.0,2.640339382171631,1.4643863058090212
0.0001,37.0,2.624542232513428,1.4486828403472902
0.0001,38.0,2.60905746459961,1.4332754325866701
0.0001,39.0,2.5938797187805176,1.4181587858200075
0.0001,40.0,2.5790034503936776,1.4033277397155763
0.0001,41.0,2.5644233360290527,1.3887773571014403
0.0001,42.0,2.550134059906006,1.37450244808197
0.0001,43.0,2.536130250930786,1.3604979648590088
0.0001,44.0,2.52240665435791,1.3467589807510374
0.0001,45.0,2.508957967758179,1.333280534744263
0.0001,46.0,2.4957791061401355,1.320057737350464
0.0001,47.0,2.4828649444580084,1.3070856885910036
0.0001,48.0,2.4702103652954084,1.2943596439361573
0.0001,49.0,2.457810382843018,1.2818749265670775
0.0001,50.0,2.4456599845886227,1.269626796722412
0.0001,51.0,2.433754417419434,1.2576106758117676
0.0001,52.0,2.42208874130249,1.245822040557861
0.0001,53.0,2.410658290863037,1.2342563486099243
0.0001,54.0,2.399458282470704,1.222909308433533
0.0001,55.0,2.3884841957092284,1.211776421546936
0.0001,56.0,2.3777314224243167,1.2008535518646242
0.0001,57.0,2.3671954727172846,1.1901363582611086
0.0001,58.0,2.356871974945068,1.179620782852173
0.0001,59.0,2.346756553649903,1.1693027782440188
0.0001,60.0,2.3368450775146488,1.1591782264709476
0.0001,61.0,2.327133188247681,1.1492432708740232
0.0001,62.0,2.3176169013977055,1.1394940671920777
0.0001,63.0,2.3082920932769775,1.129926817893982
0.0001,64.0,2.299154861450195,1.1205377416610716
0.0001,65.0,2.29020125579834,1.1113232517242433
0.0001,66.0,2.281427465438844,1.1022797355651857
0.0001,67.0,2.2728298301696777,1.093403633117676
0.0001,68.0,2.264404577255249,1.0846915616989137
0.0001,69.0,2.256148101806641,1.0761401348114012
0.0001,70.0,2.2480569076538086,1.06774600315094
0.0001,71.0,2.2401275463104238,1.059506046295166
0.0001,72.0,2.2323566093444827,1.05141690158844
0.0001,73.0,2.2247407264709467,1.0434755244255067
0.0001,74.0,2.217276683807373,1.035678997039795
0.0001,75.0,2.2099612789154057,1.0280241346359251
0.0001,76.0,2.2027914352416986,1.0205081405639649
0.0001,77.0,2.1957640190124508,1.013128088951111
0.0001,78.0,2.188876043319703,1.0058812260627747
0.0001,79.0,2.1821246337890616,0.9987647747993468
0.0001,80.0,2.1755068702697753,0.9917760887145997
0.0001,81.0,2.1690199527740477,0.9849125061035156
0.0001,82.0,2.1626611213684077,0.9781714591979981
0.0001,83.0,2.1564276771545408,0.9715504646301272
0.0001,84.0,2.1503170051574707,0.9650470738410949
0.0001,85.0,2.1443265705108643,0.95865882062912
0.0001,86.0,2.1384537773132326,0.9523834352493287
0.0001,87.0,2.132696193695069,0.9462185487747192
0.0001,88.0,2.127051382064819,0.940161861896515
0.0001,89.0,2.121516975402832,0.9342113351821898
0.0001,90.0,2.116090730667114,0.9283647260665895
0.0001,91.0,2.110770318984986,0.9226198682785034
0.0001,92.0,2.1055535259246825,0.9169748220443725
0.0001,93.0,2.100438247680665,0.9114274625778197
0.0001,94.0,2.0954222640991214,0.9059759373664856
0.0001,95.0,2.090503650665284,0.9006182103157043
0.0001,96.0,2.085680244445801,0.8953524408340454
0.0001,97.0,2.0809500942230224,0.8901767883300782
0.0001,98.0,2.076311323165893,0.8850894470214843
0.0001,99.0,2.071761968612671,0.8800886340141296
0.0001,100.0,2.0673002376556395,0.8751726827621461
0.0001,101.0,2.062924228668213,0.8703398900032046
0.0001,102.0,2.0586322765350347,0.8655885772705078
0.0001,103.0,2.054422506332398,0.8609171323776246
0.0001,104.0,2.050293336868286,0.8563239912986755
0.0001,105.0,2.0462430210113522,0.8518076543807984
0.0001,106.0,2.042270046234131,0.847366523742676
0.0001,107.0,2.038372694015504,0.8429992098808288
0.0001,108.0,2.0345494499206547,0.83870423412323
0.0001,109.0,2.0307988109588626,0.8344801678657532
0.0001,110.0,2.027119251251221,0.8303256311416627
0.0001,111.0,2.0235093631744387,0.8262393460273743
0.0001,112.0,2.0199676494598386,0.8222198629379273
0.0001,113.0,2.016492794036866,0.8182659902572631
0.0001,114.0,2.0130833415985108,0.814376395225525
0.0001,115.0,2.009738004684448,0.8105499000549315
0.0001,116.0,2.0064554672241215,0.8067852635383607
0.0001,117.0,2.0032344589233397,0.8030813379287718
0.0001,118.0,2.0000736904144283,0.7994368553161622
0.0001,119.0,1.9969719600677494,0.7958508162498474
0.0001,120.0,1.9939280414581302,0.7923219723701479
0.0001,121.0,1.9909407672882082,0.7888493914604188
0.0001,122.0,1.988009023666382,0.7854318928718567
0.0001,123.0,1.9851316661834721,0.7820684423446655
0.0001,124.0,1.982307529449463,0.7787580809593201
0.0001,125.0,1.9795356197357175,0.7754997539520263
0.0001,126.0,1.9768148822784426,0.7722924737930298
0.0001,127.0,1.9741441516876226,0.7691353664398194
0.0001,128.0,1.9715225582122806,0.7660274472236634
0.0001,129.0,1.9689490375518803,0.7629677915573119
0.0001,130.0,1.9664226512908938,0.7599555330276492
0.0001,131.0,1.9639424552917482,0.756989688396454
0.0001,132.0,1.9615074539184576,0.7540695180892945
0.0001,133.0,1.9591168003082278,0.7511940941810609
0.0001,134.0,1.9567695693969724,0.748362666130066
0.0001,135.0,1.9544649200439455,0.745574414253235
0.0001,136.0,1.952201965332031,0.7428284912109375
0.0001,137.0,1.94997989654541,0.7401241245269775
0.0001,138.0,1.9477978763580326,0.7374606251716612
0.0001,139.0,1.9456550636291505,0.7348371849060059
0.0001,140.0,1.9435507583618157,0.7322531085014343
0.0001,141.0,1.9414841251373294,0.7297076554298402
0.0001,142.0,1.9394544124603272,0.7272001390457155
0.0001,143.0,1.9374609241485594,0.7247299008369447
0.0001,144.0,1.9355028877258296,0.7222962002754212
0.0001,145.0,1.9335796184539797,0.7198984303474427
0.0001,146.0,1.9316904373168942,0.7175359649658204
0.0001,147.0,1.9298346290588384,0.7152081060409545
0.0001,148.0,1.9280115680694583,0.7129142885208131
0.0001,149.0,1.92622059059143,0.710653862953186
0.0001,150.0,1.924461025238037,0.7084263620376587
0.0001,151.0,1.9227322959899904,0.7062309789657594
0.0001,152.0,1.921033790588379,0.7040673246383666
0.0001,153.0,1.919364879608154,0.7019348282814026
0.0001,154.0,1.9177249908447271,0.6998328256607056
0.0001,155.0,1.9161135253906247,0.6977608389854432
0.0001,156.0,1.9145299701690672,0.6957184343338014
0.0001,157.0,1.9129737319946287,0.6937049450874331
0.0001,158.0,1.911444301605224,0.6917199120521547
0.0001,159.0,1.9099411125183101,0.6897629065513612
0.0001,160.0,1.9084636859893804,0.6878333673477173
0.0001,161.0,1.907011493682861,0.6859308853149414
0.0001,162.0,1.905584060668945,0.684054931640625
0.0001,163.0,1.9041808872222903,0.6822050428390503
0.0001,164.0,1.9028015022277829,0.6803807983398439
0.0001,165.0,1.9014454116821284,0.6785817689895629
0.0001,166.0,1.9001121845245363,0.6768075227737428
0.0001,167.0,1.8988013954162601,0.6750575847625733
0.0001,168.0,1.8975125427246096,0.6733316168785095
0.0001,169.0,1.8962453041076657,0.6716290907859804
0.0001,170.0,1.8949991521835332,0.6699497895240784
0.0001,171.0,1.8937737369537353,0.6682931580543519
0.0001,172.0,1.8925686225891116,0.6666588678359986
0.0001,173.0,1.891383405685425,0.6650465760231018
0.0001,174.0,1.8902177381515506,0.663455867767334
0.0001,175.0,1.8890712413787845,0.6618863949775695
0.0001,176.0,1.887943504333496,0.6603377900123597
0.0001,177.0,1.8868342132568359,0.6588097486495971
0.0001,178.0,1.8857429847717284,0.6573018884658813
0.0001,179.0,1.884669459342956,0.6558138661384582
0.0001,180.0,1.8836133441925047,0.6543453836441041
0.0001,181.0,1.8825742549896243,0.6528960695266723
0.0001,182.0,1.8815518760681154,0.651465693473816
0.0001,183.0,1.8805459117889403,0.6500538744926453
0.0001,184.0,1.8795560245513914,0.6486602692604064
0.0001,185.0,1.8785819187164305,0.6472847151756287
0.0001,186.0,1.877623279571533,0.6459267826080322
0.0001,187.0,1.8766798267364497,0.6445862531661989
0.0001,188.0,1.8757512617111203,0.6432628488540647
0.0001,189.0,1.8748373184204108,0.641956229686737
0.0001,190.0,1.873937702178955,0.6406661767959595
0.0001,191.0,1.873052145004273,0.6393924627304077
0.0001,192.0,1.8721803951263427,0.6381347589492798
0.0001,193.0,1.8713221921920782,0.636892831325531
0.0001,194.0,1.8704772529602052,0.6356663846969605
0.0001,195.0,1.869645363807679,0.6344552054405213
0.0001,196.0,1.8688262672424316,0.6332590785026551
0.0001,197.0,1.8680197172164912,0.6320777521133423
0.0001,198.0,1.8672254791259761,0.6309109964370727
0.0001,199.0,1.8664433441162112,0.6297585535049438
0.0001,200.0,1.8656730346679689,0.6286202039718628
0.0001,201.0,1.8649143934249877,0.6274957070350647
0.0001,202.0,1.8641671543121339,0.6263849081993103
0.0001,203.0,1.863431167602539,0.6252875752449035
0.0001,204.0,1.8627061624526975,0.6242034492492676
0.0001,205.0,1.861991971969605,0.6231323466300965
0.0001,206.0,1.8612883968353269,0.622074140071869
0.0001,207.0,1.860595215797424,0.6210284934043885
0.0001,208.0,1.8599122676849364,0.6199953265190126
0.0001,209.0,1.8592393875122073,0.6189744057655334
0.0001,210.0,1.858576316833496,0.6179655408859253
0.0001,211.0,1.8579229335784913,0.6169685673713684
0.0001,212.0,1.857279045104981,0.6159832882881165
0.0001,213.0,1.8566444816589354,0.6150095057487489
0.0001,214.0,1.8560190792083748,0.6140470862388612
0.0001,215.0,1.8554026660919187,0.6130958852767944
0.0001,216.0,1.8547950782775875,0.6121556553840638
0.0001,217.0,1.8541962051391598,0.6112262487411498
0.0001,218.0,1.853605810165405,0.6103075428009035
0.0001,219.0,1.8530237846374507,0.6093993458747864
0.0001,220.0,1.852449989318847,0.6085015516281127
0.0001,221.0,1.8518842658996584,0.6076139402389528
0.0001,222.0,1.8513264884948726,0.6067364010810852
0.0001,223.0,1.850776466369629,0.6058687658309936
0.0001,224.0,1.8502341127395632,0.6050109157562256
0.0001,225.0,1.849699268341065,0.6041626720428467
0.0001,226.0,1.8491718187332158,0.6033239431381225
0.0001,227.0,1.848651628494263,0.6024945063591002
0.0001,228.0,1.848138555526733,0.6016743102073671
0.0001,229.0,1.8476324863433835,0.6008631973266602
0.0001,230.0,1.847133292198181,0.6000610055923462
0.0001,231.0,1.8466408977508546,0.5992676877975464
0.0001,232.0,1.8461551361083985,0.598483003616333
0.0001,233.0,1.8456759128570548,0.5977069249153139
0.0001,234.0,1.845203113555908,0.5969392900466919
0.0001,235.0,1.8447366218566896,0.5961799936294556
0.0001,236.0,1.8442763233184816,0.5954288897514344
0.0001,237.0,1.843822161674499,0.5946858754158019
0.0001,238.0,1.8433739566802978,0.5939508461952211
0.0001,239.0,1.842931632995605,0.5932236728668213
0.0001,240.0,1.8424951553344724,0.5925042600631714
0.0001,241.0,1.842064311027527,0.5917925262451172
0.0001,242.0,1.8416391429901129,0.5910882925987244
0.0001,243.0,1.8412194042205812,0.5903915033340453
0.0001,244.0,1.840805150032044,0.5897021017074585
0.0001,245.0,1.8403962059021,0.589019904613495
0.0001,246.0,1.839992486000061,0.5883448324203493
0.0001,247.0,1.8395939083099373,0.5876768255233763
0.0001,248.0,1.8392004146575927,0.5870157089233398
0.0001,249.0,1.8388118953704833,0.586361517906189
0.0001,250.0,1.838428280830383,0.5857140340805053
0.0001,251.0,1.8380494842529294,0.5850732407569885
0.0001,252.0,1.8376754169464113,0.5844389805793762
0.0001,253.0,1.8373060474395753,0.583811267375946
0.0001,254.0,1.8369412384033206,0.5831899037361146
0.0001,255.0,1.8365809650421145,0.5825748624801635
0.0001,256.0,1.8362251300811767,0.581966113090515
0.0001,257.0,1.8358736696243285,0.5813634729385376
0.0001,258.0,1.8355265293121334,0.5807668809890746
0.0001,259.0,1.8351835918426511,0.5801762933731079
0.0001,260.0,1.834844822883606,0.5795916261672974
0.0001,261.0,1.8345101757049567,0.5790127711296081
0.0001,262.0,1.8341795425415037,0.5784396834373475
0.0001,263.0,1.8338528861999512,0.5778722670078279
0.0001,264.0,1.8335301589965822,0.5773104894161223
0.0001,265.0,1.8332112503051756,0.5767542266845703
0.0001,266.0,1.8328961591720583,0.5762034401893618
0.0001,267.0,1.8325847959518435,0.5756580481529237
0.0001,268.0,1.8322770643234254,0.5751179485321045
0.0001,269.0,1.8319729900360107,0.5745831525325775
0.0001,270.0,1.8316724681854246,0.5740535204410553
0.0001,271.0,1.8313754558563236,0.573529031276703
0.0001,272.0,1.831081880569458,0.5730095732212067
0.0001,273.0,1.8307917127609263,0.5724951725006103
0.0001,274.0,1.8305048789978022,0.5719856317043304
0.0001,275.0,1.8302213401794438,0.5714809851646423
0.0001,276.0,1.829941061019898,0.5709811701774598
0.0001,277.0,1.829663968086243,0.570486095905304
0.0001,278.0,1.8293900203704831,0.5699957261085511
0.0001,279.0,1.8291191978454593,0.5695099616050722
0.0001,280.0,1.828851420402527,0.56902881026268
0.0001,281.0,1.828586672782898,0.5685521550178528
0.0001,282.0,1.8283248643875118,0.5680799808502198
0.0001,283.0,1.8280659790039062,0.5676122183799743
0.0001,284.0,1.827809982299805,0.5671488151550294
0.0001,285.0,1.827556838989258,0.5666897053718566
0.0001,286.0,1.8273064460754391,0.5662348749637605
0.0001,287.0,1.827058850288391,0.5657842125892641
0.0001,288.0,1.826813940048218,0.5653377079963685
0.0001,289.0,1.826571710586548,0.5648953042030336
0.0001,290.0,1.826332130432129,0.5644569439888001
0.0001,291.0,1.8260951576232907,0.5640226056575776
0.0001,292.0,1.8258607339858999,0.5635922148227692
0.0001,293.0,1.8256288166046146,0.5631657547950746
0.0001,294.0,1.825399415969849,0.562743129491806
0.0001,295.0,1.8251724624633785,0.562324329137802
0.0001,296.0,1.8249479084014892,0.5619093382358551
0.0001,297.0,1.824725793838501,0.5614980435371398
0.0001,298.0,1.8245059947967521,0.5610904233455658
0.0001,299.0,1.8242885055541993,0.5606864585876467
0.0001,300.0,1.8240732955932617,0.5602861003875732
0.0001,301.0,1.8238603630065922,0.5598892800807952
0.0001,302.0,1.8236496582031256,0.55949600982666
0.0001,303.0,1.823441139221191,0.5591062064170836
0.0001,304.0,1.8232347812652587,0.5587198276519777
0.0001,305.0,1.8230305347442632,0.5583368535041809
0.0001,306.0,1.8228284158706667,0.5579572196006776
0.0001,307.0,1.8226283597946165,0.5575809416770935
0.0001,308.0,1.8224303617477424,0.5572079339027405
0.0001,309.0,1.8222343749999996,0.5568381445407866
0.0001,310.0,1.8220403804779055,0.5564716012477875
0.0001,311.0,1.8218483562469479,0.5561082174777985
0.0001,312.0,1.821658262252808,0.5557479443550111
0.0001,313.0,1.8214700565338133,0.5553908209800721
0.0001,314.0,1.8212837905883787,0.555036750793457
0.0001,315.0,1.8210993623733527,0.5546856858730316
0.0001,316.0,1.8209167633056644,0.5543376488685609
0.0001,317.0,1.82073596572876,0.5539925801753999
0.0001,318.0,1.8205569982528684,0.5536504304409028
0.0001,319.0,1.8203797607421877,0.553311176776886
0.0001,320.0,1.8202042884826661,0.5529748153686522
0.0001,321.0,1.820030511856079,0.5526412739753723
0.0001,322.0,1.8198584556579585,0.5523105807304383
0.0001,323.0,1.819688070297241,0.5519826221466063
0.0001,324.0,1.81951932144165,0.5516574330329895
0.0001,325.0,1.8193521986007695,0.5513349461555481
0.0001,326.0,1.8191867198944092,0.5510151574611665
0.0001,327.0,1.8190228404998785,0.5506980020999909
0.0001,328.0,1.818860502243042,0.5503834969997405
0.0001,329.0,1.8186997146606445,0.5500715963840483
0.0001,330.0,1.818540491104126,0.5497622661590578
0.0001,331.0,1.8183827219009403,0.5494554944038391
0.0001,332.0,1.8182265014648438,0.5491512410640716
0.0001,333.0,1.8180717401504511,0.5488494589328765
0.0001,334.0,1.8179184017181402,0.5485501708984375
0.0001,335.0,1.8177665309906008,0.5482533125877381
0.0001,336.0,1.8176160964965826,0.5479588568210602
0.0001,337.0,1.8174670505523682,0.5476668152809143
0.0001,338.0,1.8173193683624262,0.5473771195411683
0.0001,339.0,1.8171730813980105,0.547089762210846
0.0001,340.0,1.817028141021728,0.5468047237396241
0.0001,341.0,1.8168845100402837,0.5465219919681549
0.0001,342.0,1.816742227554321,0.5462415220737458
0.0001,343.0,1.8166012296676637,0.5459633078575136
0.0001,344.0,1.816461547851563,0.5456872746944428
0.0001,345.0,1.8163231010437013,0.5454134793281556
0.0001,346.0,1.8161859436035157,0.5451418397426605
0.0001,347.0,1.8160499973297117,0.5448723797798157
0.0001,348.0,1.8159152841567998,0.5446050333976745
0.0001,349.0,1.815781810760498,0.5443397943973541
0.0001,350.0,1.8156495027542114,0.5440766832828522
0.0001,351.0,1.8155183734893796,0.5438155767917632
0.0001,352.0,1.815388436317444,0.5435565533638
0.0001,353.0,1.8152596626281736,0.5432995450496674
0.0001,354.0,1.8151320018768304,0.5430445461273193
0.0001,355.0,1.8150054893493652,0.5427915325164795
0.0001,356.0,1.8148800954818731,0.5425404891967773
0.0001,357.0,1.8147557992935182,0.5422913966178894
0.0001,358.0,1.8146325759887691,0.5420442082881927
0.0001,359.0,1.814510454177856,0.5417989752292633
0.0001,360.0,1.814389377593994,0.541555574655533
0.0001,361.0,1.814269353866577,0.5413140735626221
0.0001,362.0,1.8141503877639773,0.541074420452118
0.0001,363.0,1.8140324382781985,0.5408365991115569
0.0001,364.0,1.8139155101776123,0.5406005873680114
0.0001,365.0,1.8137996006011963,0.5403663752079011
0.0001,366.0,1.8136846771240231,0.540133945465088
0.0001,367.0,1.8135707187652585,0.5399033102989197
0.0001,368.0,1.8134577426910399,0.5396743490695954
0.0001,369.0,1.8133457450866701,0.5394471740722656
0.0001,370.0,1.8132346792221075,0.5392217137813567
0.0001,371.0,1.8131245632171635,0.5389979262351989
0.0001,372.0,1.8130153827667235,0.5387758202552797
0.0001,373.0,1.8129071025848382,0.5385553717613221
0.0001,374.0,1.8127997303009034,0.538336582183838
0.0001,375.0,1.81269327545166,0.5381194417476655
0.0001,376.0,1.8125877180099492,0.5379039020538331
0.0001,377.0,1.8124830274581916,0.5376899302005769
0.0001,378.0,1.8123791999816896,0.5374775769710541
0.0001,379.0,1.8122762269973756,0.5372667925357818
0.0001,380.0,1.812174123764039,0.5370575654506683
0.0001,381.0,1.812072890281677,0.5368498420715332
0.0001,382.0,1.8119724512100226,0.5366437094211578
0.0001,383.0,1.8118728141784666,0.5364390296936036
0.0001,384.0,1.8117740325927736,0.5362358703613282
0.0001,385.0,1.8116760520935056,0.5360342140197755
0.0001,386.0,1.8115788564682003,0.5358339962959289
0.0001,387.0,1.811482461929321,0.5356352484226227
0.0001,388.0,1.8113868417739867,0.5354379215240479
0.0001,389.0,1.8112920198440554,0.5352420592308045
0.0001,390.0,1.8111979227066042,0.5350475981235504
0.0001,391.0,1.8111046209335326,0.5348545551300049
0.0001,392.0,1.8110120429992675,0.5346628699302675
0.0001,393.0,1.810920198440552,0.5344725813865663
0.0001,394.0,1.8108291101455687,0.5342836527824403
0.0001,395.0,1.8107387361526486,0.5340960900783539
0.0001,396.0,1.8106490926742553,0.5339098570346833
0.0001,397.0,1.8105601558685305,0.5337249300479889
0.0001,398.0,1.8104719524383546,0.5335413537025453
0.0001,399.0,1.8103843612670893,0.5333590660095214
0.0001,400.0,1.8102975330352782,0.5331780447959901
0.0001,401.0,1.8102113723754882,0.5329983496665954
0.0001,402.0,1.8101258773803712,0.5328198924064635
0.0001,403.0,1.8100410642623899,0.5326426997184753
0.0001,404.0,1.809956930160522,0.5324667525291443
0.0001,405.0,1.8098734092712407,0.5322920477390289
0.0001,406.0,1.8097905540466315,0.5321185240745544
0.0001,407.0,1.8097083473205569,0.5319462599754334
0.0001,408.0,1.8096267833709714,0.5317751619815827
0.0001,409.0,1.8095458326339722,0.5316053175926209
0.0001,410.0,1.8094654912948611,0.5314365766048432
0.0001,411.0,1.809385795593261,0.5312690558433534
0.0001,412.0,1.8093067111968995,0.5311026854515075
0.0001,413.0,1.8092282323837274,0.5309374558925629
0.0001,414.0,1.8091503410339356,0.5307733483314514
0.0001,415.0,1.8090730400085449,0.5306104011535644
0.0001,416.0,1.808996338844299,0.5304485430717468
0.0001,417.0,1.8089202280044552,0.5302878375053407
0.0001,418.0,1.808844660758972,0.5301281759738923
0.0001,419.0,1.8087696895599361,0.5299696621894837
0.0001,420.0,1.8086952686309807,0.52981219124794
0.0001,421.0,1.8086214256286621,0.5296557850837708
0.0001,422.0,1.8085481300354007,0.5295004630088805
0.0001,423.0,1.8084753894805912,0.5293462126255035
0.0001,424.0,1.8084032039642337,0.5291929759979248
0.0001,425.0,1.8083315324783324,0.5290407786369323
0.0001,426.0,1.8082603807449342,0.5288895816802978
0.0001,427.0,1.8081898021698,0.5287394349575043
0.0001,428.0,1.8081197242736822,0.5285902924537658
0.0001,429.0,1.8080501518249508,0.5284421620368959
0.0001,430.0,1.807981105804443,0.528295003414154
0.0001,431.0,1.8079125795364377,0.5281488304138183
0.0001,432.0,1.8078445491790776,0.5280035991668701
0.0001,433.0,1.8077770099639887,0.5278593881130217
0.0001,434.0,1.8077099704742434,0.5277161118984223
0.0001,435.0,1.8076434020996097,0.5275737631320954
0.0001,436.0,1.807577360153198,0.5274323828220367
0.0001,437.0,1.8075117826461788,0.5272919595241548
0.0001,438.0,1.80744668674469,0.5271524319648743
0.0001,439.0,1.8073820419311517,0.5270138015747071
0.0001,440.0,1.807317879676819,0.5268761277198791
0.0001,441.0,1.807254180908203,0.5267393231391906
0.0001,442.0,1.8071909532547,0.5266034126281738
0.0001,443.0,1.8071281700134274,0.5264683992862701
0.0001,444.0,1.8070658321380613,0.5263342642784118
0.0001,445.0,1.80700394153595,0.5262009949684143
0.0001,446.0,1.8069424924850461,0.5260686414241792
0.0001,447.0,1.806881509780884,0.5259370827674866
0.0001,448.0,1.806820934295654,0.5258063931465149
0.0001,449.0,1.8067608089447023,0.525676552295685
0.0001,450.0,1.80670109462738,0.5255475599765779
0.0001,451.0,1.8066418094635008,0.5254194183349609
0.0001,452.0,1.806582948684692,0.5252920324802398
0.0001,453.0,1.806524496078491,0.5251655123233796
0.0001,454.0,1.8064664545059204,0.5250398025512695
0.0001,455.0,1.8064088230133055,0.5249148888587952
0.0001,456.0,1.8063515996932984,0.5247907676696778
0.0001,457.0,1.8062947883605958,0.5246674520969391
0.0001,458.0,1.8062383594512934,0.524544887304306
0.0001,459.0,1.80618234539032,0.5244231245517731
0.0001,460.0,1.8061267032623287,0.5243021407127381
0.0001,461.0,1.8060714550018313,0.524181890964508
0.0001,462.0,1.806016574859619,0.5240624508857726
0.0001,463.0,1.8059621086120603,0.5239437024593353
0.0001,464.0,1.8059080085754393,0.5238257558345795
0.0001,465.0,1.8058542518615721,0.5237085151672363
0.0001,466.0,1.805800912857056,0.5235920181274414
0.0001,467.0,1.805747916221619,0.5234762516021729
0.0001,468.0,1.8056952953338623,0.5233612446784973
0.0001,469.0,1.8056430473327638,0.5232468945980071
0.0001,470.0,1.8055911417007449,0.5231333084106445
0.0001,471.0,1.805539598464966,0.5230203833580018
0.0001,472.0,1.805488374710083,0.5229081835746765
0.0001,473.0,1.8054375438690182,0.5227966885566712
0.0001,474.0,1.8053870449066165,0.522685867547989
0.0001,475.0,1.8053368835449222,0.5225757336616517
0.0001,476.0,1.80528705406189,0.5224662628173827
0.0001,477.0,1.8052376041412357,0.5223575091361999
0.0001,478.0,1.8051884431838994,0.5222493951320648
0.0001,479.0,1.8051396541595457,0.5221419224739074
0.0001,480.0,1.8050911636352536,0.5220351295471191
0.0001,481.0,1.8050430202484125,0.5219290070533752
0.0001,482.0,1.8049951839447023,0.5218235182762146
0.0001,483.0,1.804947670936585,0.5217186849117279
0.0001,484.0,1.8049005050659181,0.5216144487857819
0.0001,485.0,1.804853633880615,0.521510906457901
0.0001,486.0,1.804807062149048,0.5214079325199127
0.0001,487.0,1.804760820388794,0.5213056101799012
0.0001,488.0,1.8047148923873906,0.5212038972377777
0.0001,489.0,1.8046692485809326,0.5211028137207031
0.0001,490.0,1.8046239204406738,0.5210023365020753
0.0001,491.0,1.8045788869857786,0.5209024469852448
0.0001,492.0,1.8045341739654541,0.5208031618595124
0.0001,493.0,1.804489742279053,0.5207044870853424
0.0001,494.0,1.8044455966949462,0.5206063859462738
0.0001,495.0,1.8044017562866217,0.5205088846683501
0.0001,496.0,1.804358196258545,0.5204119455814362
0.0001,497.0,1.8043149156570428,0.5203155806064607
0.0001,498.0,1.8042719192504884,0.5202198157310486
0.0001,499.0,1.8042292385101308,0.520124609231949
0.0001,500.0,1.8041867809295653,0.5200299515724184
0.0001,501.0,1.8041446437835698,0.5199358620643616
0.0001,502.0,1.804102781295776,0.519842315196991
0.0001,503.0,1.8040611858367916,0.5197493672370911
0.0001,504.0,1.8040198564529415,0.5196569266319275
0.0001,505.0,1.8039787988662723,0.5195650420188903
0.0001,506.0,1.8039379892349243,0.5194736936092377
0.0001,507.0,1.8038974666595464,0.5193828852176666
0.0001,508.0,1.8038572330474854,0.5192926099300385
0.0001,509.0,1.8038172054290769,0.5192028291225433
0.0001,510.0,1.8037774639129633,0.5191135866641998
0.0001,511.0,1.8037379636764526,0.5190248818397523
0.0001,512.0,1.8036987247467045,0.5189366986751556
0.0001,513.0,1.8036597366333003,0.5188490178585052
0.0001,514.0,1.803621013641357,0.5187618184089661
0.0001,515.0,1.8035825128555296,0.5186751554012299
0.0001,516.0,1.8035442943573,0.5185889551639558
0.0001,517.0,1.8035062828063968,0.5185032866001129
0.0001,518.0,1.8034685401916501,0.5184181189537049
0.0001,519.0,1.803431043624878,0.5183334293365479
0.0001,520.0,1.803393754005432,0.5182492105960845
0.0001,521.0,1.8033567333221434,0.5181654706001283
0.0001,522.0,1.803319937705994,0.518082235097885
0.0001,523.0,1.8032833709716796,0.5179994566440582
0.0001,524.0,1.8032470321655278,0.517917161464691
0.0001,525.0,1.8032109375,0.5178353257179259
0.0001,526.0,1.803175055503846,0.5177539806365968
0.0001,527.0,1.8031394062042236,0.5176730537414551
0.0001,528.0,1.8031039791107177,0.5175926184654236
0.0001,529.0,1.803068794250489,0.5175126280784608
0.0001,530.0,1.803033805847168,0.5174331040382385
0.0001,531.0,1.8029990596771241,0.5173540000915529
0.0001,532.0,1.8029645023345946,0.5172753508090973
0.0001,533.0,1.8029301948547363,0.5171971569061279
0.0001,534.0,1.8028960800170895,0.5171193966865539
0.0001,535.0,1.8028621921539307,0.5170420720577239
0.0001,536.0,1.8028284902572629,0.5169651885032653
0.0001,537.0,1.8027950248718259,0.5168887100219726
0.0001,538.0,1.8027617568969732,0.5168126966953278
0.0001,539.0,1.802728699684143,0.5167370676994324
0.0001,540.0,1.8026958370208748,0.5166618671417237
0.0001,541.0,1.8026632080078129,0.5165871028900146
0.0001,542.0,1.802630743026734,0.5165127320289612
0.0001,543.0,1.8025985012054446,0.5164387757778167
0.0001,544.0,1.8025664482116697,0.5163652381896973
0.0001,545.0,1.8025345954895022,0.5162921042442321
0.0001,546.0,1.802502952575684,0.5162193658351898
0.0001,547.0,1.8024714794158934,0.5161470584869385
0.0001,548.0,1.802440227508545,0.5160751264095307
0.0001,549.0,1.8024091539382927,0.5160035841464996
0.0001,550.0,1.8023782672882072,0.5159324285984039
0.0001,551.0,1.8023475666046143,0.5158616890907287
0.0001,552.0,1.8023170804977415,0.5157913022041322
0.0001,553.0,1.8022867584228521,0.5157213289737702
0.0001,554.0,1.8022566165924074,0.5156517088413238
0.0001,555.0,1.80222665309906,0.515582495212555
0.0001,556.0,1.8021969203948975,0.5155136563777925
0.0001,557.0,1.8021673316955573,0.5154451730251313
0.0001,558.0,1.8021379241943358,0.5153770654201507
0.0001,559.0,1.802108701705933,0.5153093457221986
0.0001,560.0,1.8020796432495116,0.5152419714927674
0.0001,561.0,1.8020507707595825,0.5151749768257141
0.0001,562.0,1.8020220842361456,0.5151083121299743
0.0001,563.0,1.8019935493469241,0.5150420172214509
0.0001,564.0,1.801965207099915,0.5149761087894439
0.0001,565.0,1.801937009811402,0.5149105248451235
0.0001,566.0,1.8019089860916138,0.5148452873229981
0.0001,567.0,1.8018811454772958,0.5147804107666016
0.0001,568.0,1.8018534774780277,0.514715892791748
0.0001,569.0,1.8018259592056272,0.5146516919136048
0.0001,570.0,1.801798631668091,0.5145878329277038
0.0001,571.0,1.8017714338302606,0.5145243301391602
0.0001,572.0,1.8017444276809693,0.5144611680507659
0.0001,573.0,1.8017175579071043,0.5143983626365662
0.0001,574.0,1.8016908836364747,0.5143358387947082
0.0001,575.0,1.8016643428802481,0.5142736628055573
0.0001,576.0,1.8016379718780517,0.5142118268013
0.0001,577.0,1.801611749649048,0.514150310754776
0.0001,578.0,1.8015856819152831,0.514089141368866
0.0001,579.0,1.8015597753524784,0.5140282301902771
0.0001,580.0,1.8015340251922605,0.5139676761627198
0.0001,581.0,1.801508415222168,0.5139074518680573
0.0001,582.0,1.8014829778671269,0.513847529888153
0.0001,583.0,1.801457650184631,0.5137879374027252
0.0001,584.0,1.8014325065612797,0.5137286305427552
0.0001,585.0,1.801407512664795,0.5136696453094483
0.0001,586.0,1.8013826560974124,0.5136109652519225
0.0001,587.0,1.8013579406738287,0.5135525727272033
0.0001,588.0,1.801333383560181,0.5134945263862609
0.0001,589.0,1.8013089599609373,0.513436728000641
0.0001,590.0,1.8012846784591676,0.5133792796134948
0.0001,591.0,1.8012605381011961,0.5133220732212067
0.0001,592.0,1.8012365741729728,0.5132652144432068
0.0001,593.0,1.8012126913070676,0.5132086045742035
0.0001,594.0,1.8011889972686763,0.5131523356437684
0.0001,595.0,1.801165420532227,0.513096314907074
0.0001,596.0,1.8011419849395758,0.5130405936241149
0.0001,597.0,1.8011186838150026,0.5129851698875427
0.0001,598.0,1.801095542907715,0.5129300174713134
0.0001,599.0,1.8010725078582766,0.5128751623630523
0.0001,600.0,1.8010495996475222,0.5128205604553222
0.0001,601.0,1.801026839256287,0.5127662625312805
0.0001,602.0,1.8010042400360107,0.5127122340202332
0.0001,603.0,1.8009817276000974,0.5126584658622743
0.0001,604.0,1.8009593677520745,0.512604995250702
0.0001,605.0,1.8009371204376223,0.512551763534546
0.0001,606.0,1.8009150142669674,0.5124988384246827
0.0001,607.0,1.8008930225372315,0.5124461443424225
0.0001,608.0,1.800871187210083,0.5123937239646913
0.0001,609.0,1.8008494434356694,0.5123415930271149
0.0001,610.0,1.80082785320282,0.5122897052764893
0.0001,611.0,1.8008063898086548,0.5122380828857422
0.0001,612.0,1.8007850255966187,0.5121867122650147
0.0001,613.0,1.8007637777328487,0.5121356129646302
0.0001,614.0,1.8007426929473878,0.512084766626358
0.0001,615.0,1.8007216815948481,0.5120341548919678
0.0001,616.0,1.8007008457183833,0.5119838292598725
0.0001,617.0,1.8006800909042358,0.5119337143898011
0.0001,618.0,1.8006594696044926,0.5118838765621185
0.0001,619.0,1.8006389427185063,0.5118342933654786
0.0001,620.0,1.8006185388565055,0.5117849411964416
0.0001,621.0,1.8005982608795166,0.5117358496189118
0.0001,622.0,1.8005780925750732,0.5116869924068451
0.0001,623.0,1.8005580596923834,0.5116383402347566
0.0001,624.0,1.8005381126403806,0.5115899903774263
0.0001,625.0,1.8005183105468747,0.5115418486595155
0.0001,626.0,1.800498596191406,0.5114939675331115
0.0001,627.0,1.8004789943695065,0.5114462814331054
0.0001,628.0,1.8004595098495486,0.511398861169815
0.0001,629.0,1.800440135955811,0.511351662158966
0.0001,630.0,1.8004208679199214,0.5113046803474428
0.0001,631.0,1.800401726722717,0.5112579665184022
0.0001,632.0,1.8003826637268063,0.5112114281654359
0.0001,633.0,1.8003637351989747,0.5111651742458344
0.0001,634.0,1.8003448886871327,0.511119110584259
0.0001,635.0,1.8003261766433716,0.511073272228241
0.0001,636.0,1.8003075561523436,0.5110276966094972
0.0001,637.0,1.8002890243530274,0.510982307434082
0.0001,638.0,1.8002706146240233,0.5109371304512023
0.0001,639.0,1.8002523174285883,0.5108921868801116
0.0001,640.0,1.80023410987854,0.5108474507331848
0.0001,641.0,1.8002160015106197,0.5108029654026032
0.0001,642.0,1.8001980047225954,0.5107586500644684
0.0001,643.0,1.8001800918579098,0.5107145674228668
0.0001,644.0,1.8001622982025147,0.5106707148551941
0.0001,645.0,1.8001445932388298,0.5106270480155946
0.0001,646.0,1.8001269731521614,0.5105835914611816
0.0001,647.0,1.8001094894409182,0.5105403380393982
0.0001,648.0,1.8000920753479002,0.5104973220825195
0.0001,649.0,1.8000747623443605,0.5104545006752015
0.0001,650.0,1.800057544708252,0.5104118666648865
0.0001,651.0,1.8000404443740843,0.5103694536685943
0.0001,652.0,1.800023414611817,0.510327224969864
0.0001,653.0,1.8000064868927002,0.5102852246761322
0.0001,654.0,1.799989645957947,0.5102434117794038
0.0001,655.0,1.7999729022979742,0.5102018013000488
0.0001,656.0,1.799956254959107,0.5101603600978851
0.0001,657.0,1.7999397172927856,0.5101191368103027
0.0001,658.0,1.7999232263565068,0.51007812333107
0.0001,659.0,1.7999068584442133,0.5100373077392579
0.0001,660.0,1.7998905944824215,0.5099966645240784
0.0001,661.0,1.7998743724823,0.5099561936855317
0.0001,662.0,1.7998582811355592,0.5099159374237061
0.0001,663.0,1.7998422718048102,0.5098758757114411
0.0001,664.0,1.799826338768006,0.5098360102176667
0.0001,665.0,1.7998105144500742,0.5097963159084321
0.0001,666.0,1.7997947559356688,0.5097568097114562
0.0001,667.0,1.7997790641784663,0.5097174894809723
0.0001,668.0,1.7997634983062747,0.5096783537864684
0.0001,669.0,1.7997480049133299,0.5096393947601319
0.0001,670.0,1.799732601165772,0.5096006698608398
0.0001,671.0,1.7997172794342045,0.5095620512962341
0.0001,672.0,1.7997020263671875,0.509523645877838
0.0001,673.0,1.7996868457794186,0.5094854052066803
0.0001,674.0,1.7996718044281015,0.5094473309516906
0.0001,675.0,1.7996567993164065,0.5094094758033753
0.0001,676.0,1.7996418838500972,0.5093717579841613
0.0001,677.0,1.7996270523071296,0.509334243774414
0.0001,678.0,1.7996123065948486,0.5092968728542328
0.0001,679.0,1.7995976276397703,0.5092597196102142
0.0001,680.0,1.7995830516815179,0.5092227025032043
0.0001,681.0,1.7995685539245603,0.5091858601570128
0.0001,682.0,1.799554113388062,0.5091491837501525
0.0001,683.0,1.799539758682251,0.5091126921176911
0.0001,684.0,1.7995254707336423,0.5090763626098633
0.0001,685.0,1.7995112800598139,0.5090402009487152
0.0001,686.0,1.7994971618652347,0.5090041909217836
0.0001,687.0,1.7994831123352046,0.5089683570861816
0.0001,688.0,1.799469150543213,0.5089326930046081
0.0001,689.0,1.7994552688598633,0.5088971552848817
0.0001,690.0,1.7994414567947385,0.5088618409633636
0.0001,691.0,1.7994276876449586,0.5088266396522523
0.0001,692.0,1.7994140243530272,0.5087916126251221
0.0001,693.0,1.7994004421234127,0.5087567443847656
0.0001,694.0,1.7993869132995606,0.5087220368385315
0.0001,695.0,1.799373445510864,0.5086874904632569
0.0001,696.0,1.7993600950241089,0.5086530783176422
0.0001,697.0,1.7993467807769772,0.5086188578605653
0.0001,698.0,1.7993335351943975,0.5085847852230072
0.0001,699.0,1.7993203811645515,0.508550859451294
0.0001,700.0,1.7993072929382332,0.5085170614719392
0.0001,701.0,1.7992942771911622,0.5084834475517273
0.0001,702.0,1.7992813100814817,0.5084499554634093
0.0001,703.0,1.7992684345245353,0.5084166293144226
0.0001,704.0,1.7992556037902834,0.5083834691047668
0.0001,705.0,1.799242874145508,0.5083504271507264
0.0001,706.0,1.7992301874160768,0.508317542552948
0.0001,707.0,1.7992175636291496,0.5082848315238954
0.0001,708.0,1.7992050514221196,0.5082522351741791
0.0001,709.0,1.799192554473877,0.508219825744629
0.0001,710.0,1.7991801548004156,0.5081875154972078
0.0001,711.0,1.7991678123474117,0.5081553571224213
0.0001,712.0,1.799155534744263,0.5081233406066894
0.0001,713.0,1.7991433277130124,0.5080914897918702
0.0001,714.0,1.7991311664581304,0.5080597741603852
0.0001,715.0,1.7991190948486324,0.5080281980037689
0.0001,716.0,1.799107070922852,0.5079967460632324
0.0001,717.0,1.7990951080322268,0.5079654507637025
0.0001,718.0,1.799083213806152,0.5079342741966247
0.0001,719.0,1.7990713672637941,0.5079032726287842
0.0001,720.0,1.7990596103668222,0.5078723678588868
0.0001,721.0,1.7990479297637942,0.5078416137695312
0.0001,722.0,1.7990362806320184,0.5078109986782073
0.0001,723.0,1.7990246849060059,0.5077805018424988
0.0001,724.0,1.7990131721496583,0.507750156879425
0.0001,725.0,1.7990017099380493,0.5077199552059174
0.0001,726.0,1.7989903154373161,0.5076898627281189
0.0001,727.0,1.7989789733886714,0.5076599061489105
0.0001,728.0,1.7989676990509031,0.5076301097869873
0.0001,729.0,1.798956482887268,0.50760040473938
0.0001,730.0,1.798945325851441,0.5075708508491515
0.0001,731.0,1.7989342060089106,0.5075414109230042
0.0001,732.0,1.7989231910705568,0.5075121171474457
0.0001,733.0,1.7989121732711797,0.5074829182624817
0.0001,734.0,1.7989012432098388,0.5074538495540619
0.0001,735.0,1.7988903713226323,0.5074249289035797
0.0001,736.0,1.7988795633316046,0.5073961472511291
0.0001,737.0,1.7988688144683838,0.5073674759864808
0.0001,738.0,1.7988580970764152,0.5073389432430266
0.0001,739.0,1.798847480773926,0.5073105142116547
0.0001,740.0,1.798836870193482,0.5072822034358978
0.0001,741.0,1.7988263416290284,0.5072540264129638
0.0001,742.0,1.7988158550262447,0.507225965499878
0.0001,743.0,1.7988054256439205,0.507198041677475
0.0001,744.0,1.7987950725555422,0.5071702120304108
0.0001,745.0,1.7987847537994386,0.5071424863338471
0.0001,746.0,1.7987744865417479,0.5071149141788482
0.0001,747.0,1.7987642898559566,0.5070874764919281
0.0001,748.0,1.7987541141510015,0.5070601255893709
0.0001,749.0,1.7987440299987794,0.5070328841209412
0.0001,750.0,1.7987339572906493,0.5070057740211487
0.0001,751.0,1.7987239685058602,0.5069788060188293
0.0001,752.0,1.7987140064239504,0.506951898097992
0.0001,753.0,1.7987041130065924,0.5069251425266266
0.0001,754.0,1.7986942653656004,0.5068985097408294
0.0001,755.0,1.798684478759766,0.5068719713687897
0.0001,756.0,1.7986747131347656,0.5068455410003662
0.0001,757.0,1.7986650390625,0.5068192231655121
0.0001,758.0,1.7986554203033445,0.506793037891388
0.0001,759.0,1.798645803451538,0.5067669377326965
0.0001,760.0,1.7986362609863282,0.5067409462928771
0.0001,761.0,1.7986267623901364,0.5067150802612305
0.0001,762.0,1.7986173419952391,0.5066893343925476
0.0001,763.0,1.7986079463958737,0.5066636636257171
0.0001,764.0,1.7985985736846928,0.506638141155243
0.0001,765.0,1.7985892744064331,0.5066126935482026
0.0001,766.0,1.7985800189971926,0.5065873589515686
0.0001,767.0,1.7985708208084101,0.5065621376037598
0.0001,768.0,1.7985616683959955,0.5065370426177978
0.0001,769.0,1.798552551269531,0.5065120148658753
0.0001,770.0,1.7985434961318971,0.5064871106147766
0.0001,771.0,1.7985344667434693,0.5064623131752014
0.0001,772.0,1.7985255165100102,0.506437623500824
0.0001,773.0,1.7985165691375742,0.5064130425453186
0.0001,774.0,1.7985076999664311,0.5063885324001313
0.0001,775.0,1.7984988555908192,0.5063641428947449
0.0001,776.0,1.79849006652832,0.506339849948883
0.0001,777.0,1.7984813232421877,0.5063156628608705
0.0001,778.0,1.798472627639771,0.5062915759086609
0.0001,779.0,1.7984639873504642,0.5062675857543946
0.0001,780.0,1.7984553661346436,0.5062436790466308
0.0001,781.0,1.79844680404663,0.5062199234962464
0.0001,782.0,1.7984382762908935,0.506196222782135
0.0001,783.0,1.798429787635803,0.5061726422309876
0.0001,784.0,1.7984213542938232,0.5061491467952728
0.0001,785.0,1.7984129848480221,0.5061257474422455
0.0001,786.0,1.798404609680176,0.5061024644374847
0.0001,787.0,1.798396297454834,0.5060792517662047
0.0001,788.0,1.7983880558013916,0.5060561470985412
0.0001,789.0,1.7983798294067386,0.5060331265926362
0.0001,790.0,1.7983716325759886,0.5060102047920227
0.0001,791.0,1.7983634948730463,0.505987412929535
0.0001,792.0,1.7983554077148438,0.5059646451473236
0.0001,793.0,1.7983473291397094,0.5059420332908631
0.0001,794.0,1.7983393211364747,0.5059194550514221
0.0001,795.0,1.798331338882447,0.5058970358371735
0.0001,796.0,1.7983234071731562,0.5058746719360352
0.0001,797.0,1.798315517425537,0.5058524069786071
0.0001,798.0,1.7983076477050781,0.5058302540779114
0.0001,799.0,1.7982998466491695,0.5058081531524659
0.0001,800.0,1.798292056083679,0.5057861599922181
0.0001,801.0,1.7982843179702752,0.5057642478942872
0.0001,802.0,1.798276618957519,0.5057424221038818
0.0001,803.0,1.7982689476013187,0.5057206854820251
0.0001,804.0,1.7982613296508778,0.5056990370750427
0.0001,805.0,1.7982537422180176,0.5056774921417236
0.0001,806.0,1.7982462062835696,0.5056560320854188
0.0001,807.0,1.7982386884689332,0.5056346659660339
0.0001,808.0,1.7982312545776373,0.5056133618354798
0.0001,809.0,1.798223784446716,0.505592140674591
0.0001,810.0,1.7982163782119758,0.50557102060318
0.0001,811.0,1.7982090492248535,0.5055499873161315
0.0001,812.0,1.7982017278671272,0.5055290350914001
0.0001,813.0,1.7981944265365595,0.5055081677436829
0.0001,814.0,1.7981871795654294,0.5054873981475829
0.0001,815.0,1.7981799821853637,0.5054666805267334
0.0001,816.0,1.7981727962493894,0.5054460902214051
0.0001,817.0,1.798165651321411,0.5054255254268646
0.0001,818.0,1.7981585474014283,0.5054050812721252
0.0001,819.0,1.7981515007019044,0.5053847041130066
0.0001,820.0,1.7981444597244258,0.5053644354343415
0.0001,821.0,1.7981374473571772,0.5053442325592041
0.0001,822.0,1.7981304721832272,0.5053241024017334
0.0001,823.0,1.7981235504150388,0.5053040490150451
0.0001,824.0,1.7981166820526122,0.5052840762138368
0.0001,825.0,1.798109807014465,0.505264194726944
0.0001,826.0,1.7981029739379886,0.5052443926334381
0.0001,827.0,1.7980962114334105,0.5052246568202973
0.0001,828.0,1.7980894393920903,0.5052049889564514
0.0001,829.0,1.7980827159881596,0.5051854152679444
0.0001,830.0,1.798076031684875,0.5051659126281739
0.0001,831.0,1.7980693788528441,0.5051465096473694
0.0001,832.0,1.7980627365112307,0.5051271665096284
0.0001,833.0,1.7980561561584478,0.5051079027652741
0.0001,834.0,1.7980495872497564,0.5050887339115143
0.0001,835.0,1.798043067932129,0.505069622516632
0.0001,836.0,1.7980365772247315,0.5050505678653717
0.0001,837.0,1.798030118942261,0.5050316162109374
0.0001,838.0,1.7980236797332758,0.5050127274990082
0.0001,839.0,1.798017294883728,0.5049939270019532
0.0001,840.0,1.798010896682739,0.5049751915931702
0.0001,841.0,1.7980045642852776,0.5049565203189851
0.0001,842.0,1.797998266220092,0.5049379439353943
0.0001,843.0,1.7979920158386236,0.504919406414032
0.0001,844.0,1.7979857711791996,0.5049009668827057
0.0001,845.0,1.7979795608520506,0.5048826010227203
0.0001,846.0,1.7979733695983884,0.5048643107414245
0.0001,847.0,1.7979672031402587,0.5048460450172424
0.0001,848.0,1.7979610958099368,0.5048279056549072
0.0001,849.0,1.7979550285339352,0.5048098258972168
0.0001,850.0,1.7979489574432368,0.5047917788028717
0.0001,851.0,1.7979429092407218,0.504773853302002
0.0001,852.0,1.7979369258880618,0.504755985736847
0.0001,853.0,1.7979309577941893,0.5047381758689881
0.0001,854.0,1.797925013542175,0.5047204129695892
0.0001,855.0,1.797919103622437,0.5047027819156648
0.0001,856.0,1.797913249015808,0.504685155391693
0.0001,857.0,1.7979073524475098,0.5046676449775697
0.0001,858.0,1.79790153503418,0.5046501889228822
0.0001,859.0,1.797895742416382,0.5046327569484711
0.0001,860.0,1.797889949798584,0.5046154417991638
0.0001,861.0,1.7978842201232914,0.5045981845855713
0.0001,862.0,1.7978785238265993,0.5045810036659241
0.0001,863.0,1.7978728485107422,0.5045638582706451
0.0001,864.0,1.79786720085144,0.5045468180179594
0.0001,865.0,1.797861539840699,0.5045298132896423
0.0001,866.0,1.7978559808731078,0.50451287651062
0.0001,867.0,1.797850370407105,0.5044960193634033
0.0001,868.0,1.7978448457717895,0.5044792094230652
0.0001,869.0,1.7978393049240113,0.504462471485138
0.0001,870.0,1.7978338174819941,0.5044457833766938
0.0001,871.0,1.7978283319473267,0.5044291875362396
0.0001,872.0,1.7978229370117185,0.5044126286506653
0.0001,873.0,1.7978174953460697,0.5043961396217347
0.0001,874.0,1.7978121147155761,0.5043797228336334
0.0001,875.0,1.797806758880615,0.5043633799552918
0.0001,876.0,1.7978014278411867,0.5043470721244813
0.0001,877.0,1.7977961215972902,0.5043308603763581
0.0001,878.0,1.7977908420562745,0.504314641714096
0.0001,879.0,1.7977855749130252,0.5042985475063324
0.0001,880.0,1.797780349731446,0.5042825162410737
0.0001,881.0,1.797775127410889,0.5042665286064147
0.0001,882.0,1.7977699508666996,0.5042506022453307
0.0001,883.0,1.797764806747437,0.5042347378730774
0.0001,884.0,1.7977596759796148,0.5042189347743987
0.0001,885.0,1.7977545471191407,0.5042031865119935
0.0001,886.0,1.7977495136260977,0.5041875081062316
0.0001,887.0,1.797744441986084,0.5041718556880951
0.0001,888.0,1.7977393856048582,0.504156298160553
0.0001,889.0,1.7977343807220452,0.5041407999992371
0.0001,890.0,1.7977294311523444,0.5041253523826599
0.0001,891.0,1.797724462509155,0.5041099646091461
0.0001,892.0,1.7977195129394536,0.5040946254730225
0.0001,893.0,1.7977145919799804,0.5040793566703797
0.0001,894.0,1.7977097225189205,0.5040641560554504
0.0001,895.0,1.7977048664093023,0.5040489714145661
0.0001,896.0,1.797700031280518,0.5040338761806489
0.0001,897.0,1.7976951942443846,0.5040188031196594
0.0001,898.0,1.7976903953552248,0.5040038228034974
0.0001,899.0,1.797685625076294,0.5039889125823974
0.0001,900.0,1.7976808843612673,0.503974041223526
0.0001,901.0,1.7976761293411259,0.5039592070579528
0.0001,902.0,1.797671455383301,0.5039444212913513
0.0001,903.0,1.7976667842864986,0.5039297294616699
0.0001,904.0,1.7976621341705321,0.5039150488376618
0.0001,905.0,1.7976574907302862,0.5039004633426666
0.0001,906.0,1.7976528863906858,0.5038859195709229
0.0001,907.0,1.7976483020782479,0.5038714241981506
0.0001,908.0,1.7976437215805052,0.5038569684028624
0.0001,909.0,1.797639175415039,0.5038426060676575
0.0001,910.0,1.7976346626281734,0.5038282608985901
0.0001,911.0,1.7976301345825196,0.5038139939308167
0.0001,912.0,1.7976256599426272,0.503799738407135
0.0001,913.0,1.797621200561523,0.5037855877876282
0.0001,914.0,1.7976167678833013,0.5037714898586274
0.0001,915.0,1.7976123609542853,0.5037574059963226
0.0001,916.0,1.7976079463958738,0.5037433834075928
0.0001,917.0,1.7976035728454591,0.5037294449806213
0.0001,918.0,1.7975992250442503,0.5037155377864837
0.0001,919.0,1.7975948829650876,0.5037016656398774
0.0001,920.0,1.7975905628204345,0.5036878490447999
0.0001,921.0,1.7975862846374508,0.5036741125583649
0.0001,922.0,1.7975820026397704,0.5036603701114655
0.0001,923.0,1.7975777645111082,0.5036467192173005
0.0001,924.0,1.797573547363281,0.5036331391334534
0.0001,925.0,1.797569314002991,0.5036195697784424
0.0001,926.0,1.797565124511719,0.5036060793399812
0.0001,927.0,1.7975609416961675,0.50359259557724
0.0001,928.0,1.7975568037033083,0.5035791878700256
0.0001,929.0,1.797552684783936,0.5035658285617828
0.0001,930.0,1.7975485363006587,0.503552516937256
0.0001,931.0,1.7975444688796998,0.5035392498970033
0.0001,932.0,1.7975403871536257,0.503526041507721
0.0001,933.0,1.797536355018616,0.5035128996372223
0.0001,934.0,1.797532299995422,0.5034997696876525
0.0001,935.0,1.7975282735824591,0.5034867091178895
0.0001,936.0,1.7975242891311647,0.5034737000465392
0.0001,937.0,1.7975203323364257,0.503460720062256
0.0001,938.0,1.797516354560852,0.5034477941989899
0.0001,939.0,1.7975124015808102,0.5034349312782288
0.0001,940.0,1.7975085039138803,0.5034220871925353
0.0001,941.0,1.7975045919418327,0.5034093110561371
0.0001,942.0,1.797500703811645,0.5033965756893158
0.0001,943.0,1.797496849060059,0.5033838787078858
0.0001,944.0,1.7974929904937746,0.5033712122440338
0.0001,945.0,1.7974891529083248,0.5033586199283601
0.0001,946.0,1.7974853858947755,0.5033461012840271
0.0001,947.0,1.7974815578460697,0.5033335700035095
0.0001,948.0,1.7974777870178225,0.5033211171627046
0.0001,949.0,1.7974740314483646,0.5033086738586425
0.0001,950.0,1.7974702835083012,0.5032963008880615
0.0001,951.0,1.797466592788696,0.5032839660644531
0.0001,952.0,1.7974628524780272,0.5032716794013977
0.0001,953.0,1.7974592084884646,0.5032594695091248
0.0001,954.0,1.7974554939270018,0.5032472665309906
0.0001,955.0,1.797451864242554,0.5032351343631745
0.0001,956.0,1.7974482364654545,0.5032230246067045
0.0001,957.0,1.7974446086883547,0.5032109129428863
0.0001,958.0,1.7974410114288326,0.5031989266872405
0.0001,959.0,1.7974374160766604,0.5031869430541993
0.0001,960.0,1.7974338474273683,0.5031750051975251
0.0001,961.0,1.7974303169250492,0.5031631317138672
0.0001,962.0,1.7974267559051509,0.5031512718200684
0.0001,963.0,1.7974232788085942,0.5031394572257996
0.0001,964.0,1.7974197463989259,0.5031277165412903
0.0001,965.0,1.797416263580322,0.5031160032749176
0.0001,966.0,1.7974128170013424,0.5031043200492857
0.0001,967.0,1.7974093427658082,0.503092691898346
0.0001,968.0,1.7974059371948246,0.5030810830593109
0.0001,969.0,1.7974025030136107,0.5030695171356201
0.0001,970.0,1.7973990907669075,0.5030579988956452
0.0001,971.0,1.7973957262039186,0.5030465548038483
0.0001,972.0,1.7973923196792607,0.5030351068973541
0.0001,973.0,1.7973890018463128,0.5030237002372742
0.0001,974.0,1.7973856391906735,0.5030123524665833
0.0001,975.0,1.7973822975158698,0.5030010566711426
0.0001,976.0,1.7973790092468263,0.5029897627830506
0.0001,977.0,1.7973757095336913,0.5029785284996033
0.0001,978.0,1.7973724126815798,0.5029673228263856
0.0001,979.0,1.7973691768646236,0.5029562001228333
0.0001,980.0,1.7973659257888794,0.502945085287094
0.0001,981.0,1.7973626794815065,0.5029339942932128
0.0001,982.0,1.7973594732284548,0.5029229521751404
0.0001,983.0,1.7973562622070316,0.5029119892120361
0.0001,984.0,1.79735307598114,0.502901047229767
0.0001,985.0,1.7973498888015742,0.5028901269435883
0.0001,986.0,1.7973467378616337,0.5028792285919189
0.0001,987.0,1.7973436155319205,0.5028683989048004
0.0001,988.0,1.7973404951095586,0.5028575875759125
0.0001,989.0,1.7973373661041256,0.5028468346595764
0.0001,990.0,1.7973342628479003,0.5028361144065858
0.0001,991.0,1.7973311882019045,0.5028254356384277
0.0001,992.0,1.7973281269073476,0.5028147776126861
0.0001,993.0,1.7973250522613526,0.502804168701172
0.0001,994.0,1.7973220214843748,0.502793594121933
0.0001,995.0,1.797318971633911,0.5027830605506897
0.0001,996.0,1.7973159599304205,0.5027725815773011
0.0001,997.0,1.797312967300415,0.5027621290683746
0.0001,998.0,1.79731000328064,0.5027516722679137
0.0001,999.0,1.7973070354461673,0.5027413084506988
0.0001,1000.0,1.7973040580749513,0.5027309529781341
0.0001,1001.0,1.7973010921478279,0.5027206251621246
0.0001,1002.0,1.797298164367676,0.5027103650569916
0.0001,1003.0,1.7972952566146845,0.5027001304626466
0.0001,1004.0,1.797292340278626,0.5026899280548094
0.0001,1005.0,1.7972894420623777,0.5026797506809235
0.0001,1006.0,1.7972865991592415,0.502669603586197
0.0001,1007.0,1.7972837381362912,0.5026595079898835
0.0001,1008.0,1.7972808876037598,0.5026494486331939
0.0001,1009.0,1.797278038024902,0.5026394026279449
0.0001,1010.0,1.7972752227783209,0.5026294097900392
0.0001,1011.0,1.7972724075317386,0.5026194493770599
0.0001,1012.0,1.7972696065902705,0.5026095082759856
0.0001,1013.0,1.797266834259033,0.502599624633789
0.0001,1014.0,1.7972640438079834,0.5025897617340088
0.0001,1015.0,1.7972612781524662,0.5025799412727358
0.0001,1016.0,1.797258546829224,0.5025701546669005
0.0001,1017.0,1.7972558231353761,0.5025603964328766
0.0001,1018.0,1.7972530860900877,0.5025506768226624
0.0001,1019.0,1.7972503719329838,0.5025409660339355
0.0001,1020.0,1.7972476701736453,0.5025313131809235
0.0001,1021.0,1.7972450084686282,0.5025216925144195
0.0001,1022.0,1.7972423152923587,0.5025121061801912
0.0001,1023.0,1.7972396621704108,0.502502546787262
0.0001,1024.0,1.797236993789672,0.5024930303096771
0.0001,1025.0,1.797234355926513,0.5024835267066956
0.0001,1026.0,1.797231719970703,0.5024740712642669
0.0001,1027.0,1.7972291259765623,0.5024646379947663
0.0001,1028.0,1.797226521492004,0.5024552328586579
0.0001,1029.0,1.797223961830139,0.5024458673000335
0.0001,1030.0,1.7972213649749764,0.5024365553855896
0.0001,1031.0,1.7972188196182255,0.5024272480010986
0.0001,1032.0,1.7972162590026848,0.5024179995059966
0.0001,1033.0,1.7972137184143064,0.5024087793827056
0.0001,1034.0,1.7972111663818364,0.5023995652198792
0.0001,1035.0,1.797208654403686,0.5023903946876526
0.0001,1036.0,1.7972061691284182,0.50238126039505
0.0001,1037.0,1.7972036800384517,0.5023721659183503
0.0001,1038.0,1.797201187133789,0.5023630754947662
0.0001,1039.0,1.7971987123489384,0.5023540215492249
0.0001,1040.0,1.797196241378784,0.5023450102806092
0.0001,1041.0,1.7971937942504883,0.5023360333442689
0.0001,1042.0,1.797191371917725,0.5023270611763001
0.0001,1043.0,1.797188945770264,0.5023181710243225
0.0001,1044.0,1.7971865177154533,0.5023092916011811
0.0001,1045.0,1.7971841011047365,0.5023004286289215
0.0001,1046.0,1.7971817245483401,0.5022915799617768
0.0001,1047.0,1.7971793384552013,0.5022827963829042
0.0001,1048.0,1.7971769647598268,0.502274011850357
0.0001,1049.0,1.7971745996475224,0.5022652723789215
0.0001,1050.0,1.7971722583770753,0.5022565762996675
0.0001,1051.0,1.7971699237823489,0.5022478718757629
0.0001,1052.0,1.7971675720214846,0.5022392239570618
0.0001,1053.0,1.797165256500245,0.5022306096553804
0.0001,1054.0,1.7971629695892335,0.5022219958305358
0.0001,1055.0,1.797160661697388,0.5022134072780609
0.0001,1056.0,1.7971583623886112,0.5022048869132997
0.0001,1057.0,1.797156126022339,0.5021963675022125
0.0001,1058.0,1.7971538562774656,0.502187906742096
0.0001,1059.0,1.7971515655517576,0.502179430246353
0.0001,1060.0,1.7971493291854856,0.5021710169315338
0.0001,1061.0,1.79714709854126,0.5021626343727111
0.0001,1062.0,1.797144855499267,0.5021542699337006
0.0001,1063.0,1.7971426658630374,0.5021459293365478
0.0001,1064.0,1.7971404552459713,0.5021376287937165
0.0001,1065.0,1.7971382617950442,0.5021293370723725
0.0001,1066.0,1.7971360912322998,0.502121085882187
0.0001,1067.0,1.7971338987350471,0.5021128787994384
0.0001,1068.0,1.797131744384766,0.5021046807765961
0.0001,1069.0,1.7971295738220219,0.5020964961051941
0.0001,1070.0,1.7971274137496955,0.5020883584022522
0.0001,1071.0,1.7971252937316902,0.5020802342891693
0.0001,1072.0,1.7971231584548955,0.5020721402168273
0.0001,1073.0,1.797121053695679,0.5020640833377837
0.0001,1074.0,1.797118939399719,0.5020560431480409
0.0001,1075.0,1.797116844177246,0.5020480501651764
0.0001,1076.0,1.797114765167237,0.5020400793552399
0.0001,1077.0,1.797112682342529,0.502032119512558
0.0001,1078.0,1.7971106147766112,0.5020241847038269
0.0001,1079.0,1.7971085338592532,0.5020162792205811
0.0001,1080.0,1.7971064968109125,0.5020084269046783
0.0001,1081.0,1.7971044483184817,0.5020005555152892
0.0001,1082.0,1.797102432250977,0.501992748260498
0.0001,1083.0,1.797100387573243,0.5019849619865419
0.0001,1084.0,1.797098386764526,0.5019771802425385
0.0001,1085.0,1.7970963745117188,0.5019694459438323
0.0001,1086.0,1.7970943965911867,0.5019617102146149
0.0001,1087.0,1.7970923833847048,0.5019540634155274
0.0001,1088.0,1.7970904245376589,0.5019463784694672
0.0001,1089.0,1.7970884437561045,0.5019387240409852
0.0001,1090.0,1.7970865058898933,0.5019311296939851
0.0001,1091.0,1.7970845317840578,0.5019235177040101
0.0001,1092.0,1.7970826110839844,0.5019159889221191
0.0001,1093.0,1.7970806522369387,0.5019084372520447
0.0001,1094.0,1.7970787296295172,0.5019009304046631
0.0001,1095.0,1.797076837539673,0.5018934383392334
0.0001,1096.0,1.7970748996734613,0.5018859734535217
0.0001,1097.0,1.7970730171203615,0.5018785269260406
0.0001,1098.0,1.7970711107254023,0.5018711223602296
0.0001,1099.0,1.7970692462921145,0.5018637311458588
0.0001,1100.0,1.797067358016968,0.5018563823699952
0.0001,1101.0,1.7970654802322386,0.5018490259647369
0.0001,1102.0,1.7970636558532715,0.5018416974544526
0.0001,1103.0,1.7970617828369142,0.5018344056606292
0.0001,1104.0,1.797059955596924,0.5018271403312684
0.0001,1105.0,1.7970581283569333,0.501819905757904
0.0001,1106.0,1.7970562858581542,0.501812680721283
0.0001,1107.0,1.7970544891357427,0.5018054883480072
0.0001,1108.0,1.797052677154541,0.5017983283996583
0.0001,1109.0,1.7970508508682252,0.5017911660671233
0.0001,1110.0,1.7970490989685062,0.5017840371131896
0.0001,1111.0,1.7970472927093508,0.5017769241333008
0.0001,1112.0,1.79704551410675,0.501769856929779
0.0001,1113.0,1.7970437583923338,0.5017627923488617
0.0001,1114.0,1.7970419931411739,0.5017557427883149
0.0001,1115.0,1.797040229797363,0.5017487616539
0.0001,1116.0,1.7970384883880621,0.5017417769432069
0.0001,1117.0,1.7970367679595947,0.5017347927093506
0.0001,1118.0,1.7970350341796877,0.5017278463840484
0.0001,1119.0,1.7970333013534543,0.5017209377288818
0.0001,1120.0,1.7970316047668458,0.5017140612602234
0.0001,1121.0,1.7970298881530762,0.5017071747779847
0.0001,1122.0,1.7970281848907468,0.5017003207206726
0.0001,1123.0,1.797026505470276,0.5016935043334961
0.0001,1124.0,1.7970248317718511,0.5016866991519928
0.0001,1125.0,1.7970231485366819,0.5016799149513245
0.0001,1126.0,1.7970214538574218,0.5016731534004212
0.0001,1127.0,1.7970198183059696,0.5016664140224456
0.0001,1128.0,1.7970181732177737,0.5016596980094908
0.0001,1129.0,1.7970165271759035,0.5016529927253724
0.0001,1130.0,1.797014886856079,0.5016463222503662
0.0001,1131.0,1.7970132446289069,0.5016396603584291
0.0001,1132.0,1.7970116405487064,0.5016330418586732
0.0001,1133.0,1.79701003074646,0.5016264204978942
0.0001,1134.0,1.797008397102356,0.5016198389530182
0.0001,1135.0,1.7970067701339727,0.501613267660141
0.0001,1136.0,1.7970052127838139,0.50160671377182
0.0001,1137.0,1.7970035943984988,0.5016001834869386
0.0001,1138.0,1.7970020427703857,0.5015936927795409
0.0001,1139.0,1.797000457763672,0.5015872006416321
0.0001,1140.0,1.7969988842010498,0.5015807228088379
0.0001,1141.0,1.7969973182678223,0.5015742890834808
0.0001,1142.0,1.7969957818984992,0.5015678515434264
0.0001,1143.0,1.7969942255020135,0.5015614562034607
0.0001,1144.0,1.796992698669434,0.5015550637245179
0.0001,1145.0,1.7969911689758307,0.5015487194061279
0.0001,1146.0,1.7969896278381352,0.5015423798561097
0.0001,1147.0,1.7969881172180178,0.5015360698699951
0.0001,1148.0,1.7969865932464597,0.5015297739505767
0.0001,1149.0,1.7969850769042972,0.5015234682559967
0.0001,1150.0,1.7969835968017582,0.5015172400474548
0.0001,1151.0,1.7969820842742923,0.5015109791755676
0.0001,1152.0,1.796980631828308,0.5015047571659088
0.0001,1153.0,1.7969791431427007,0.5014985806941986
0.0001,1154.0,1.7969776687622065,0.5014923973083497
0.0001,1155.0,1.7969762077331548,0.5014862139225006
0.0001,1156.0,1.7969747314453128,0.5014800851345064
0.0001,1157.0,1.796973278999329,0.5014739861488342
0.0001,1158.0,1.796971830368042,0.5014678649902344
0.0001,1159.0,1.796970376968384,0.5014617917537689
0.0001,1160.0,1.7969689474105837,0.5014557359218598
0.0001,1161.0,1.7969675283432007,0.5014496881961823
0.0001,1162.0,1.7969660987854,0.5014436876773835
0.0001,1163.0,1.7969646987915033,0.5014376873970032
0.0001,1164.0,1.7969632749557498,0.501431706905365
0.0001,1165.0,1.7969618940353393,0.5014257378578186
0.0001,1166.0,1.7969604949951172,0.5014197940826417
0.0001,1167.0,1.796959079742431,0.5014138796329499
0.0001,1168.0,1.7969577198028557,0.5014079957008362
0.0001,1169.0,1.796956338882446,0.5014020829200745
0.0001,1170.0,1.7969549646377565,0.5013962287902833
0.0001,1171.0,1.796953605651856,0.5013903980255127
0.0001,1172.0,1.79695223236084,0.5013845639228821
0.0001,1173.0,1.7969508829116818,0.5013787426948548
0.0001,1174.0,1.7969495372772226,0.501372965335846
0.0001,1175.0,1.7969482002258295,0.5013671932220459
0.0001,1176.0,1.7969468498229981,0.501361427307129
0.0001,1177.0,1.7969455184936522,0.5013557131290436
0.0001,1178.0,1.7969441986083978,0.5013500103950501
0.0001,1179.0,1.7969428806304928,0.5013443055152892
0.0001,1180.0,1.796941562652588,0.5013385872840881
0.0001,1181.0,1.7969402475357055,0.501332927942276
0.0001,1182.0,1.7969389486312868,0.5013273031711579
0.0001,1183.0,1.7969376392364504,0.5013216557502748
0.0001,1184.0,1.7969363632202147,0.5013160474300385
0.0001,1185.0,1.796935075759887,0.5013104627132415
0.0001,1186.0,1.7969338102340695,0.5013048875331879
0.0001,1187.0,1.7969325494766235,0.5012993047237397
0.0001,1188.0,1.7969312705993645,0.5012937636375427
0.0001,1189.0,1.7969300136566162,0.5012882461547852
0.0001,1190.0,1.7969287490844723,0.5012827260494234
0.0001,1191.0,1.7969275054931637,0.5012772345542907
0.0001,1192.0,1.796926271438599,0.5012717936038971
0.0001,1193.0,1.7969249954223643,0.5012663559913635
0.0001,1194.0,1.7969237489700316,0.5012609102725983
0.0001,1195.0,1.7969225502014166,0.5012554564476014
0.0001,1196.0,1.7969213123321528,0.5012500879764558
0.0001,1197.0,1.7969201068878173,0.501244719028473
0.0001,1198.0,1.7969189014434814,0.5012393245697021
0.0001,1199.0,1.796917698860169,0.5012339730262757
0.0001,1200.0,1.796916470527649,0.5012286419868469
0.0001,1201.0,1.7969152832031248,0.5012233202457429
0.0001,1202.0,1.7969140872955318,0.5012180151939392
0.0001,1203.0,1.7969128847122193,0.5012127323150635
0.0001,1204.0,1.7969117183685297,0.5012074620723724
0.0001,1205.0,1.7969105625152588,0.501202219247818
0.0001,1206.0,1.7969093799591067,0.5011969685554505
0.0001,1207.0,1.7969082012176516,0.5011917669773102
0.0001,1208.0,1.796907017707825,0.5011865327358247
0.0001,1209.0,1.7969058732986454,0.5011813855171204
0.0001,1210.0,1.7969047422409057,0.501176206111908
0.0001,1211.0,1.7969036064147943,0.501171062707901
0.0001,1212.0,1.7969024457931517,0.501165905237198
0.0001,1213.0,1.7969012985229487,0.5011607797145844
0.0001,1214.0,1.7969001770019537,0.5011556856632232
0.0001,1215.0,1.796899045944214,0.5011505930423736
0.0001,1216.0,1.796897948265076,0.5011455347537994
0.0001,1217.0,1.7968967914581293,0.5011404762268067
0.0001,1218.0,1.7968956851959232,0.5011354336738586
0.0001,1219.0,1.7968945837020878,0.5011303994655609
0.0001,1220.0,1.796893497467041,0.5011253890991212
0.0001,1221.0,1.7968923854827874,0.5011204030513764
0.0001,1222.0,1.7968912849426277,0.501115419626236
0.0001,1223.0,1.7968902130126954,0.5011104528903961
0.0001,1224.0,1.796889125823975,0.5011055150032043
0.0001,1225.0,1.796888067245483,0.5011005957126617
0.0001,1226.0,1.7968869600296022,0.5010956647396088
0.0001,1227.0,1.7968858900070193,0.5010907688140869
0.0001,1228.0,1.7968848361968996,0.5010858960151672
0.0001,1229.0,1.796883791923523,0.5010810151100159
0.0001,1230.0,1.796882730484009,0.5010761780738832
0.0001,1231.0,1.7968816776275633,0.5010713288784028
0.0001,1232.0,1.796880639076233,0.5010664896965027
0.0001,1233.0,1.7968795986175534,0.5010616927146913
0.0001,1234.0,1.7968785419464106,0.5010569076538086
0.0001,1235.0,1.7968775177001957,0.5010521123409272
0.0001,1236.0,1.7968764896392826,0.5010473291873931
0.0001,1237.0,1.7968754453659055,0.5010425839424133
0.0001,1238.0,1.7968744602203368,0.5010378458499908
0.0001,1239.0,1.7968734397888189,0.501033121585846
0.0001,1240.0,1.7968724117279051,0.5010284101963044
0.0001,1241.0,1.7968714122772211,0.5010237195491791
0.0001,1242.0,1.7968704204559325,0.5010190258026123
0.0001,1243.0,1.7968693981170654,0.5010143876075744
0.0001,1244.0,1.796868417739868,0.5010097422599793
0.0001,1245.0,1.7968674325942995,0.501005068063736
0.0001,1246.0,1.7968664398193355,0.5010004687309265
0.0001,1247.0,1.796865478515625,0.5009958567619325
0.0001,1248.0,1.7968645143508908,0.5009912414550781
0.0001,1249.0,1.7968635158538815,0.5009866757392882
0.0001,1250.0,1.796862558364868,0.5009821381568909
0.0001,1251.0,1.796861591339111,0.5009775617122652
0.0001,1252.0,1.7968606147766113,0.5009730143547058
0.0001,1253.0,1.796859678268432,0.5009684886932373
0.0001,1254.0,1.7968587169647219,0.5009639756679535
0.0001,1255.0,1.7968577651977542,0.5009594898223877
0.0001,1256.0,1.7968568458557128,0.5009549965858459
0.0001,1257.0,1.7968558883666985,0.5009505362510682
0.0001,1258.0,1.7968549585342408,0.5009460833072662
0.0001,1259.0,1.7968540439605718,0.5009416294097901
0.0001,1260.0,1.7968530864715575,0.500937204360962
0.0001,1261.0,1.796852184295654,0.5009327926635742
0.0001,1262.0,1.796851254463196,0.5009283792972564
0.0001,1263.0,1.7968503322601321,0.500924008846283
0.0001,1264.0,1.7968494300842284,0.5009196352958679
0.0001,1265.0,1.7968485174179074,0.5009152662754058
0.0001,1266.0,1.7968476486206058,0.5009109230041504
0.0001,1267.0,1.7968467082977295,0.5009066009521485
0.0001,1268.0,1.7968458328247068,0.5009022693634033
0.0001,1269.0,1.7968449325561524,0.5008979527950288
0.0001,1270.0,1.7968440418243417,0.5008936750888824
0.0001,1271.0,1.7968431797027582,0.5008893740177154
0.0001,1272.0,1.7968422660827637,0.500885115146637
0.0001,1273.0,1.796841418266297,0.50088086271286
0.0001,1274.0,1.796840524673462,0.5008766140937805
0.0001,1275.0,1.796839690208435,0.5008723945617676
0.0001,1276.0,1.7968387842178342,0.5008681828975677
0.0001,1277.0,1.7968379516601556,0.5008639636039733
0.0001,1278.0,1.7968370742797846,0.500859771490097
0.0001,1279.0,1.7968362169265755,0.5008555982112886
0.0001,1280.0,1.796835378646851,0.5008514370918274
0.0001,1281.0,1.7968345289230345,0.5008472576141357
0.0001,1282.0,1.7968336830139164,0.5008431487083436
0.0001,1283.0,1.7968328399658209,0.5008390045166016
0.0001,1284.0,1.7968320121765142,0.5008348941802978
0.0001,1285.0,1.7968311748504637,0.5008307971954346
0.0001,1286.0,1.7968303451538081,0.5008267116546632
0.0001,1287.0,1.796829521179199,0.5008226475715638
0.0001,1288.0,1.7968287057876584,0.5008185579776765
0.0001,1289.0,1.7968278732299805,0.5008145155906678
0.0001,1290.0,1.7968270606994632,0.5008104901313782
0.0001,1291.0,1.7968262462615956,0.5008064386844635
0.0001,1292.0,1.7968254508972172,0.5008024306297302
0.0001,1293.0,1.7968246326446526,0.5007984330654144
0.0001,1294.0,1.7968238382339474,0.5007944474220276
0.0001,1295.0,1.7968230533599856,0.5007904551029205
0.0001,1296.0,1.7968222332000736,0.5007865085601808
0.0001,1297.0,1.7968214797973638,0.5007825682163238
0.0001,1298.0,1.796820653915405,0.5007786123752594
0.0001,1299.0,1.796819894790649,0.5007746949195861
0.0001,1300.0,1.796819087028504,0.5007707829475404
0.0001,1301.0,1.7968183307647703,0.5007668633460999
0.0001,1302.0,1.7968175430297855,0.5007629542350769
0.0001,1303.0,1.796816795349121,0.5007590823173522
0.0001,1304.0,1.7968160076141355,0.5007552127838135
0.0001,1305.0,1.7968152561187745,0.5007513442039491
0.0001,1306.0,1.7968145046234127,0.5007475152015686
0.0001,1307.0,1.796813724517822,0.5007436776161195
0.0001,1308.0,1.7968129949569693,0.5007398431301117
0.0001,1309.0,1.796812220573425,0.5007360243797301
0.0001,1310.0,1.796811475753784,0.5007322540283204
0.0001,1311.0,1.7968107357025143,0.5007284603118897
0.0001,1312.0,1.7968099994659428,0.5007246966362
0.0001,1313.0,1.7968092594146734,0.5007209186553954
0.0001,1314.0,1.7968085098266604,0.5007171654701233
0.0001,1315.0,1.7968077993392948,0.5007134184837342
0.0001,1316.0,1.7968070430755616,0.5007096993923188
0.0001,1317.0,1.7968063354492188,0.5007059631347656
0.0001,1318.0,1.7968056106567387,0.5007022554874421
0.0001,1319.0,1.796804876327515,0.5006985337734222
0.0001,1320.0,1.7968041820526124,0.500694859981537
0.0001,1321.0,1.7968034458160398,0.5006911749839784
0.0001,1322.0,1.7968027410507201,0.5006875116825104
0.0001,1323.0,1.7968020362854007,0.5006838574409485
0.0001,1324.0,1.7968013210296634,0.5006802175045014
0.0001,1325.0,1.7968006420135494,0.50067657828331
0.0001,1326.0,1.7967999248504642,0.500672945022583
0.0001,1327.0,1.7967992362976073,0.5006693387031557
0.0001,1328.0,1.796798552513123,0.5006657414436341
0.0001,1329.0,1.7967978439331065,0.5006621453762055
0.0001,1330.0,1.7967971639633176,0.5006585729122162
0.0001,1331.0,1.7967964973449706,0.5006550066471099
0.0001,1332.0,1.7967958011627203,0.5006514110565186
0.0001,1333.0,1.7967951078414923,0.5006478843688964
0.0001,1334.0,1.7967944679260257,0.5006443483829498
0.0001,1335.0,1.7967937583923341,0.5006408195495604
0.0001,1336.0,1.7967930908203122,0.5006373043060303
0.0001,1337.0,1.7967924308776853,0.50063379073143
0.0001,1338.0,1.796791794776916,0.5006302928924561
0.0001,1339.0,1.7967910947799683,0.500626821756363
0.0001,1340.0,1.796790466308594,0.5006233425140381
0.0001,1341.0,1.7967897968292235,0.500619871377945
0.0001,1342.0,1.796789129257203,0.5006164052486419
0.0001,1343.0,1.7967884969711303,0.5006129946708678
0.0001,1344.0,1.796787860870361,0.5006095328330995
0.0001,1345.0,1.7967871856689455,0.5006060981750489
0.0001,1346.0,1.7967865610122684,0.5006027085781097
0.0001,1347.0,1.7967859354019162,0.5005992932319642
0.0001,1348.0,1.7967852849960322,0.5005958914756774
0.0001,1349.0,1.7967846546173096,0.5005925118923188
0.0001,1350.0,1.7967840137481688,0.5005891456604004
0.0001,1351.0,1.7967833919525147,0.500585779428482
0.0001,1352.0,1.7967827539443972,0.5005824320316316
0.0001,1353.0,1.7967821578979493,0.5005791010856628
0.0001,1354.0,1.7967815284729007,0.500575734615326
0.0001,1355.0,1.7967808942794798,0.5005724391937255
0.0001,1356.0,1.7967802829742434,0.5005691075325013
0.0001,1357.0,1.7967796897888189,0.5005657978057863
0.0001,1358.0,1.796779059410095,0.5005625021457671
0.0001,1359.0,1.7967784624099732,0.5005592136383057
0.0001,1360.0,1.7967778635025016,0.5005559201240539
0.0001,1361.0,1.796777243614197,0.5005526731014251
0.0001,1362.0,1.7967766714096065,0.5005494141578675
0.0001,1363.0,1.796776044845581,0.5005461785793305
0.0001,1364.0,1.7967754526138304,0.5005429019927978
0.0001,1365.0,1.7967748575210571,0.5005397095680237
0.0001,1366.0,1.7967742729187017,0.5005364837646484
0.0001,1367.0,1.7967736854553225,0.5005332779884338
0.0001,1368.0,1.7967730951309198,0.5005300831794738
0.0001,1369.0,1.7967725076675412,0.5005268821716309
0.0001,1370.0,1.796771947860718,0.5005236935615539
0.0001,1371.0,1.7967713699340815,0.5005205197334289
0.0001,1372.0,1.7967707633972168,0.5005173592567445
0.0001,1373.0,1.7967702131271366,0.5005142118930817
0.0001,1374.0,1.7967696399688724,0.5005110547542573
0.0001,1375.0,1.796769075393677,0.5005079171657563
0.0001,1376.0,1.7967685022354125,0.5005047836303711
0.0001,1377.0,1.7967679557800291,0.5005016617774964
0.0001,1378.0,1.7967673873901369,0.5004985585212708
0.0001,1379.0,1.7967668418884282,0.5004954533576965
0.0001,1380.0,1.7967662830352784,0.5004923591613769
0.0001,1381.0,1.7967657108306885,0.5004892773628234
0.0001,1382.0,1.796765160560607,0.5004861950874329
0.0001,1383.0,1.7967646121978753,0.5004831316471099
0.0001,1384.0,1.7967640733718877,0.5004800779819488
0.0001,1385.0,1.796763514518738,0.5004770274162293
0.0001,1386.0,1.7967629709243769,0.5004739913940431
0.0001,1387.0,1.7967624244689941,0.5004709718227387
0.0001,1388.0,1.7967619037628175,0.5004679238796235
0.0001,1389.0,1.7967613725662226,0.500464942932129
0.0001,1390.0,1.7967608366012575,0.5004619328975678
0.0001,1391.0,1.7967603073120115,0.5004589285850525
0.0001,1392.0,1.7967597627639775,0.5004559502601623
0.0001,1393.0,1.7967592315673833,0.5004529604911805
0.0001,1394.0,1.796758722305298,0.500450025320053
0.0001,1395.0,1.796758198738098,0.5004470460414886
0.0001,1396.0,1.7967576780319219,0.5004441323280334
0.0001,1397.0,1.7967571611404416,0.50044118475914
0.0001,1398.0,1.7967566461563114,0.5004382436275482
0.0001,1399.0,1.7967561321258545,0.5004353048801422
0.0001,1400.0,1.7967556114196777,0.5004324033260346
0.0001,1401.0,1.796755121231079,0.5004295144081116
0.0001,1402.0,1.7967546081542964,0.5004266109466552
0.0001,1403.0,1.7967541084289553,0.5004237112998963
0.0001,1404.0,1.7967535982131961,0.5004208278656006
0.0001,1405.0,1.7967530908584597,0.500417941570282
0.0001,1406.0,1.7967525691986084,0.5004150919914245
0.0001,1407.0,1.7967520847320562,0.5004122595787049
0.0001,1408.0,1.7967516078948973,0.5004093871116638
0.0001,1409.0,1.7967511186599732,0.5004065456390381
0.0001,1410.0,1.7967506189346316,0.5004037108421325
0.0001,1411.0,1.796750131607056,0.5004008960723878
0.0001,1412.0,1.7967496452331544,0.5003981003761292
0.0001,1413.0,1.796749156951904,0.5003952538967134
0.0001,1414.0,1.7967486772537236,0.5003924696445464
0.0001,1415.0,1.79674818611145,0.5003896555900574
0.0001,1416.0,1.7967477169036863,0.5003868908882141
0.0001,1417.0,1.7967472314834594,0.5003841290473939
0.0001,1418.0,1.796746780395508,0.5003813605308532
0.0001,1419.0,1.7967463073730467,0.5003786029815674
0.0001,1420.0,1.7967458190917966,0.5003758356571198
0.0001,1421.0,1.796745357513427,0.5003731265068053
0.0001,1422.0,1.796744877815247,0.500370373249054
0.0001,1423.0,1.7967444353103639,0.5003676428794861
0.0001,1424.0,1.7967439727783203,0.5003649101257325
0.0001,1425.0,1.7967434959411621,0.5003622090816497
0.0001,1426.0,1.7967430315017698,0.5003595128059387
0.0001,1427.0,1.7967425899505611,0.5003568115234375
0.0001,1428.0,1.7967421350479127,0.5003541169166565
0.0001,1429.0,1.7967416858673098,0.5003514733314515
0.0001,1430.0,1.7967412214279173,0.5003487720489502
0.0001,1431.0,1.7967407836914062,0.5003461034297942
0.0001,1432.0,1.7967403411865235,0.5003434548377992
0.0001,1433.0,1.7967399005889888,0.5003408017158508
0.0001,1434.0,1.7967394475936893,0.5003381617069245
0.0001,1435.0,1.7967390079498295,0.5003355104923248
0.0001,1436.0,1.7967385711669928,0.5003329005241395
0.0001,1437.0,1.796738124847412,0.5003302800655366
0.0001,1438.0,1.796737688064575,0.5003276727199555
0.0001,1439.0,1.796737260818482,0.5003250637054444
0.0001,1440.0,1.79673681640625,0.5003224568367004
0.0001,1441.0,1.7967363739013666,0.5003198697566985
0.0001,1442.0,1.7967359447479245,0.5003172855377197
0.0001,1443.0,1.796735533714294,0.5003146970272065
0.0001,1444.0,1.7967351169586179,0.5003121378421783
0.0001,1445.0,1.7967346744537351,0.5003095781803132
0.0001,1446.0,1.7967342462539668,0.5003070147037506
0.0001,1447.0,1.796733828544617,0.5003044657707215
0.0001,1448.0,1.7967333946228026,0.500301929473877
0.0001,1449.0,1.7967330074310304,0.5002993886470795
0.0001,1450.0,1.7967325668334964,0.5002968602180481
0.0001,1451.0,1.7967321872711186,0.5002943518161773
0.0001,1452.0,1.7967317609786992,0.500291844844818
0.0001,1453.0,1.796731355667114,0.5002893621921539
0.0001,1454.0,1.7967309341430662,0.5002868418693542
0.0001,1455.0,1.7967305326461795,0.5002843556404114
0.0001,1456.0,1.7967301244735718,0.5002818551063538
0.0001,1457.0,1.7967297267913813,0.500279390335083
0.0001,1458.0,1.7967293071746826,0.5002769184112549
0.0001,1459.0,1.7967289266586302,0.5002744789123535
0.0001,1460.0,1.7967285270690916,0.5002719976902008
0.0001,1461.0,1.7967281112670899,0.5002695651054382
0.0001,1462.0,1.796727743148804,0.5002671086788177
0.0001,1463.0,1.7967273502349856,0.5002647023200988
0.0001,1464.0,1.7967269554138188,0.5002622506618499
0.0001,1465.0,1.7967265663146974,0.5002598557472229
0.0001,1466.0,1.7967261667251586,0.5002574255466461
0.0001,1467.0,1.7967257680892945,0.5002550122737883
0.0001,1468.0,1.7967254028320316,0.5002526147365569
0.0001,1469.0,1.7967250204086307,0.5002502479553224
0.0001,1470.0,1.7967246398925782,0.5002478499412537
0.0001,1471.0,1.7967242584228516,0.5002454514503478
0.0001,1472.0,1.7967238645553596,0.5002431223392486
0.0001,1473.0,1.7967235126495364,0.5002407243251801
0.0001,1474.0,1.7967231225967404,0.5002383823394776
0.0001,1475.0,1.7967227544784543,0.5002360482215882
0.0001,1476.0,1.7967223720550538,0.5002336850166321
0.0001,1477.0,1.7967220039367675,0.5002313370704652
0.0001,1478.0,1.796721633911133,0.5002290320396423
0.0001,1479.0,1.796721254348755,0.5002266960144043
0.0001,1480.0,1.796720911026002,0.5002243752479554
0.0001,1481.0,1.7967205410003657,0.5002220401763916
0.0001,1482.0,1.7967201700210573,0.5002197709083558
0.0001,1483.0,1.796719810485839,0.5002174665927888
0.0001,1484.0,1.7967194461822513,0.5002151682376862
0.0001,1485.0,1.796719079971314,0.5002128565311432
0.0001,1486.0,1.7967187242507932,0.500210620880127
0.0001,1487.0,1.7967183647155764,0.5002083642482757
0.0001,1488.0,1.796718013763428,0.5002060925960541
0.0001,1489.0,1.7967176704406735,0.5002038080692291
0.0001,1490.0,1.796717308998108,0.5002015650272369
0.0001,1491.0,1.7967169723510745,0.5001993298530578
0.0001,1492.0,1.7967166204452512,0.5001970713138579
0.0001,1493.0,1.7967162656784064,0.5001948409080506
0.0001,1494.0,1.7967159080505375,0.5001926102638246
0.0001,1495.0,1.7967155790328968,0.500190407037735
0.0001,1496.0,1.79671523475647,0.5001881885528564
0.0001,1497.0,1.7967148752212527,0.5001859700679779
0.0001,1498.0,1.7967145442962642,0.5001837711334229
0.0001,1499.0,1.7967142028808591,0.500181576013565
0.0001,1500.0,1.7967138662338253,0.5001793923377992
0.0001,1501.0,1.7967135334014894,0.5001772134304047
0.0001,1502.0,1.7967131958007818,0.5001750416755677
0.0001,1503.0,1.7967128715515133,0.5001728587150575
0.0001,1504.0,1.7967125329971316,0.5001706681251527
0.0001,1505.0,1.796712211608887,0.5001685109138488
0.0001,1506.0,1.7967118692398074,0.5001663622856141
0.0001,1507.0,1.7967115364074706,0.500164204120636
0.0001,1508.0,1.7967112169265744,0.5001620736122131
0.0001,1509.0,1.7967108774185179,0.5001599230766296
0.0001,1510.0,1.7967105684280396,0.5001577951908112
0.0001,1511.0,1.7967102508544925,0.5001556839942932
0.0001,1512.0,1.7967099227905277,0.5001535661220551
0.0001,1513.0,1.7967096052169802,0.5001514511108398
0.0001,1514.0,1.7967092847824104,0.5001493649482728
0.0001,1515.0,1.7967089834213255,0.5001472573280334
0.0001,1516.0,1.796708653450012,0.5001451601982116
0.0001,1517.0,1.7967083377838136,0.5001430697441102
0.0001,1518.0,1.7967080259323118,0.5001409819126129
0.0001,1519.0,1.7967077198028563,0.5001389002799989
0.0001,1520.0,1.7967074069976803,0.5001368582248688
0.0001,1521.0,1.7967071056365969,0.5001347842216491
0.0001,1522.0,1.7967067842483513,0.5001327228546143
0.0001,1523.0,1.7967064781188964,0.5001306784152985
0.0001,1524.0,1.7967061691284179,0.5001286339759827
0.0001,1525.0,1.7967058734893804,0.5001266121864318
0.0001,1526.0,1.7967055711746216,0.500124559879303
0.0001,1527.0,1.7967052659988407,0.5001225013732911
0.0001,1528.0,1.796704959869384,0.5001204965114594
0.0001,1529.0,1.7967046566009521,0.5001184980869293
0.0001,1530.0,1.796704345703125,0.5001164665222168
0.0001,1531.0,1.796704092025757,0.5001144528388977
0.0001,1532.0,1.7967037658691405,0.5001124444007873
0.0001,1533.0,1.796703469276428,0.5001104655265809
0.0001,1534.0,1.796703178405761,0.500108448266983
0.0001,1535.0,1.796702902793884,0.5001064686775207
0.0001,1536.0,1.7967025985717762,0.5001045019626618
0.0001,1537.0,1.7967023220062264,0.5001025066375732
0.0001,1538.0,1.7967020225524901,0.5001005365848542
0.0001,1539.0,1.7967017459869383,0.5000985853672028
0.0001,1540.0,1.7967014522552487,0.5000965924263001
0.0001,1541.0,1.7967011718750006,0.5000946633815765
0.0001,1542.0,1.7967008628845216,0.500092700958252
0.0001,1543.0,1.796700578689575,0.5000907762050628
0.0001,1544.0,1.7967003030776978,0.5000888311862945
0.0001,1545.0,1.7967000255584717,0.5000868966579436
0.0001,1546.0,1.7966997404098506,0.5000849776268005
0.0001,1547.0,1.7966994514465342,0.50008304810524
0.0001,1548.0,1.7966991930007936,0.5000811572074891
0.0001,1549.0,1.79669891834259,0.5000792059898376
0.0001,1550.0,1.7966986207962041,0.5000773301124573
0.0001,1551.0,1.7966983604431148,0.5000754241943359
0.0001,1552.0,1.7966980924606317,0.5000735411643981
0.0001,1553.0,1.796697815895081,0.5000716626644134
0.0001,1554.0,1.7966975440979007,0.5000697612762451
0.0001,1555.0,1.7966972732543949,0.5000678827762604
0.0001,1556.0,1.79669701385498,0.5000659983158112
0.0001,1557.0,1.7966967363357542,0.5000641350746154
0.0001,1558.0,1.796696455001831,0.5000622763633727
0.0001,1559.0,1.7966962127685544,0.5000604300498962
0.0001,1560.0,1.7966959381103518,0.5000585839748383
0.0001,1561.0,1.7966956958770754,0.5000567038059234
0.0001,1562.0,1.7966954097747805,0.5000548706054688
0.0001,1563.0,1.7966951656341557,0.5000530323982237
0.0001,1564.0,1.796694887161256,0.500051195383072
0.0001,1565.0,1.7966946458816526,0.5000494008064269
0.0001,1566.0,1.7966943874359134,0.5000475580692291
0.0001,1567.0,1.7966941184997558,0.5000457439422608
0.0001,1568.0,1.7966938600540159,0.5000439281463623
0.0001,1569.0,1.7966936225891112,0.5000421271324158
0.0001,1570.0,1.796693364143372,0.5000403304100036
0.0001,1571.0,1.796693106651306,0.5000385308265687
0.0001,1572.0,1.7966928558349613,0.5000367436408997
0.0001,1573.0,1.7966925945281982,0.5000349369049073
0.0001,1574.0,1.7966923646926876,0.5000331785678864
0.0001,1575.0,1.7966921024322506,0.5000314002037048
0.0001,1576.0,1.796691861152649,0.5000296328067779
0.0001,1577.0,1.7966916151046755,0.5000278549194335
0.0001,1578.0,1.7966913700103766,0.5000261101722717
0.0001,1579.0,1.796691125869751,0.500024320602417
0.0001,1580.0,1.796690884590149,0.5000225720405578
0.0001,1581.0,1.7966906356811523,0.5000208353996277
0.0001,1582.0,1.796690410614014,0.5000190806388856
0.0001,1583.0,1.7966901531219484,0.500017343521118
0.0001,1584.0,1.7966899375915526,0.5000155966281892
0.0001,1585.0,1.796689677238464,0.5000139162540436
0.0001,1586.0,1.7966894426345825,0.5000121760368347
0.0001,1587.0,1.7966891860961922,0.5000104424953461
0.0001,1588.0,1.7966889705657956,0.5000087449550629
0.0001,1589.0,1.7966887416839596,0.5000070037841796
0.0001,1590.0,1.7966884994506838,0.5000052988529206
0.0001,1591.0,1.796688261032104,0.5000035820007325
0.0001,1592.0,1.7966880435943609,0.5000019040107727
0.0001,1593.0,1.7966878204345709,0.5000002093315125
0.0001,1594.0,1.7966875772476196,0.4999985101222992
0.0001,1595.0,1.7966873388290405,0.4999968028068543
0.0001,1596.0,1.7966871137619023,0.4999951615333557
0.0001,1597.0,1.7966868963241576,0.4999935088157654
0.0001,1598.0,1.7966866741180427,0.4999918215274812
0.0001,1599.0,1.796686438560485,0.499990149974823
0.0001,1600.0,1.7966862125396725,0.4999884908199311
0.0001,1601.0,1.796685972213745,0.4999868464469909
0.0001,1602.0,1.7966857776641842,0.49998518896102906
0.0001,1603.0,1.7966855421066286,0.4999835395812988
0.0001,1604.0,1.7966853370666505,0.49998190641403195
0.0001,1605.0,1.7966850910186771,0.49998026251792904
0.0001,1606.0,1.796684881210327,0.4999786295890809
0.0001,1607.0,1.7966846714019773,0.49997699570655824
0.0001,1608.0,1.796684460639954,0.499975385427475
0.0001,1609.0,1.7966842441558837,0.4999737505912781
0.0001,1610.0,1.7966840095520022,0.4999721198081971
0.0001,1611.0,1.796683811187744,0.49997053766250604
0.0001,1612.0,1.7966835899353033,0.4999689259529115
0.0001,1613.0,1.7966833724975586,0.4999673233032227
0.0001,1614.0,1.796683156967164,0.49996570539474494
0.0001,1615.0,1.7966829757690428,0.49996411681175235
0.0001,1616.0,1.7966827249526973,0.4999625363349914
0.0001,1617.0,1.796682530403137,0.49996095418930064
0.0001,1618.0,1.7966823253631592,0.49995937299728394
0.0001,1619.0,1.796682124137878,0.4999578032493592
0.0001,1620.0,1.79668191242218,0.499956218957901
0.0001,1621.0,1.7966817140579228,0.4999546506404876
0.0001,1622.0,1.7966814899444583,0.4999530909061432
0.0001,1623.0,1.7966813011169431,0.4999515361785889
0.0001,1624.0,1.7966810798645017,0.49994997072219843
0.0001,1625.0,1.79668088054657,0.49994842195510864
0.0001,1626.0,1.796680679321289,0.4999468560218811
0.0001,1627.0,1.7966804857254024,0.49994533205032354
0.0001,1628.0,1.796680294036865,0.4999437730312347
0.0001,1629.0,1.7966800870895385,0.49994224166870116
0.0001,1630.0,1.7966799039840695,0.49994072914123533
0.0001,1631.0,1.7966796960830689,0.49993918275833127
0.0001,1632.0,1.7966794824600212,0.4999376702308655
0.0001,1633.0,1.7966792955398563,0.4999361455440522
0.0001,1634.0,1.7966790866851805,0.4999346258640289
0.0001,1635.0,1.7966789093017586,0.4999331285953522
0.0001,1636.0,1.796678706169129,0.4999316134452819
0.0001,1637.0,1.7966785116195678,0.4999300994873047
0.0001,1638.0,1.7966783065795902,0.4999286389350891
0.0001,1639.0,1.7966781330108648,0.4999271275997163
0.0001,1640.0,1.7966779489517206,0.49992565131187433
0.0001,1641.0,1.7966777496337902,0.49992415785789496
0.0001,1642.0,1.7966775703430176,0.49992266893386844
0.0001,1643.0,1.796677367210388,0.49992119598388673
0.0001,1644.0,1.7966771898269656,0.49991973733901973
0.0001,1645.0,1.7966769933700562,0.4999182660579682
0.0001,1646.0,1.796676811218262,0.4999168128967285
0.0001,1647.0,1.796676631927491,0.4999153289794922
0.0001,1648.0,1.7966764373779296,0.49991386771202084
0.0001,1649.0,1.7966762504577636,0.49991240668296816
0.0001,1650.0,1.7966760520935063,0.499910973072052
0.0001,1651.0,1.7966758813858037,0.49990951752662655
0.0001,1652.0,1.7966757164001466,0.4999080958366395
0.0001,1653.0,1.7966755352020263,0.4999066472053528
0.0001,1654.0,1.7966753540039062,0.4999052202701569
0.0001,1655.0,1.7966751565933226,0.49990378952026365
0.0001,1656.0,1.7966749820709234,0.49990234589576715
0.0001,1657.0,1.796674812316894,0.49990094375610344
0.0001,1658.0,1.7966746387481691,0.4998995244503021
0.0001,1659.0,1.796674447059632,0.49989810776710514
0.0001,1660.0,1.796674280166626,0.4998967003822326
0.0001,1661.0,1.7966741056442261,0.4998953037261963
0.0001,1662.0,1.796673927307129,0.4998938755989075
0.0001,1663.0,1.7966737499237064,0.499892472743988
0.0001,1664.0,1.796673582077027,0.49989110326766983
0.0001,1665.0,1.7966733980178833,0.49988969039917
0.0001,1666.0,1.7966732406616213,0.4998883090019226
0.0001,1667.0,1.7966730623245242,0.49988693213462826
0.0001,1668.0,1.7966728925704956,0.49988555526733397
0.0001,1669.0,1.796672720909119,0.4998841776847839
0.0001,1670.0,1.7966725597381592,0.49988281250000005
0.0001,1671.0,1.7966724052429195,0.49988144254684436
0.0001,1672.0,1.7966722335815426,0.4998800675868988
0.0001,1673.0,1.796672052383423,0.49987871146202084
0.0001,1674.0,1.7966718854904176,0.4998773627281189
0.0001,1675.0,1.7966717243194583,0.4998760027885437
0.0001,1676.0,1.7966715621948242,0.49987462830543516
0.0001,1677.0,1.79667139339447,0.49987330055236817
0.0001,1678.0,1.796671225547791,0.4998719580173493
0.0001,1679.0,1.7966710615158084,0.4998706095218659
0.0001,1680.0,1.796670910835266,0.4998692765235902
0.0001,1681.0,1.7966707420349124,0.4998679394721985
0.0001,1682.0,1.7966705570220953,0.49986661195755
0.0001,1683.0,1.7966704263687132,0.4998652949333191
0.0001,1684.0,1.7966702594757087,0.4998639731407165
0.0001,1685.0,1.796670100212097,0.4998626446723938
0.0001,1686.0,1.796669923782348,0.4998613431453704
0.0001,1687.0,1.7966697912216187,0.49986000823974613
0.0001,1688.0,1.796669602394104,0.4998587303161621
0.0001,1689.0,1.7966694803237915,0.49985738897323617
0.0001,1690.0,1.7966693153381343,0.4998561053276062
0.0001,1691.0,1.796669154167175,0.49985480451583864
0.0001,1692.0,1.7966689949035646,0.4998535056114196
0.0001,1693.0,1.796668849945068,0.49985223054885863
0.0001,1694.0,1.7966686849594116,0.49985093903541566
0.0001,1695.0,1.7966685352325438,0.4998496377468109
0.0001,1696.0,1.796668380737305,0.49984836745262146
0.0001,1697.0,1.7966682319641114,0.499847109079361
0.0001,1698.0,1.7966680860519406,0.49984581732749944
0.0001,1699.0,1.7966679372787477,0.49984451317787176
0.0001,1700.0,1.796667798995972,0.49984327340126045
0.0001,1701.0,1.7966676378250124,0.49984201765060426
0.0001,1702.0,1.796667477607728,0.4998407549858093
0.0001,1703.0,1.796667356491089,0.4998394906520843
0.0001,1704.0,1.7966671867370605,0.4998382358551025
0.0001,1705.0,1.7966670341491697,0.4998369746208191
0.0001,1706.0,1.7966668901443485,0.49983573675155635
0.0001,1707.0,1.796666748046875,0.49983448791503915
0.0001,1708.0,1.7966666011810304,0.4998332481384277
0.0001,1709.0,1.79666646194458,0.49983200263977057
0.0001,1710.0,1.7966663265228264,0.4998307626247406
0.0001,1711.0,1.7966661653518676,0.49982952713966367
0.0001,1712.0,1.7966660232543954,0.49982831406593325
0.0001,1713.0,1.796665891647339,0.4998271064758301
0.0001,1714.0,1.7966657447814938,0.4998258666992187
0.0001,1715.0,1.7966656112670898,0.4998246667385101
0.0001,1716.0,1.7966654510498046,0.49982340979576106
0.0001,1717.0,1.7966653280258174,0.4998221838474274
0.0001,1718.0,1.7966651773452762,0.4998210065364838
0.0001,1719.0,1.7966650438308716,0.49981980466842646
0.0001,1720.0,1.7966649112701418,0.4998185753822326
0.0001,1721.0,1.7966647844314578,0.4998173844814301
0.0001,1722.0,1.7966646413803102,0.49981620216369627
0.0001,1723.0,1.7966645011901856,0.4998149986267091
0.0001,1724.0,1.7966643638610842,0.4998138175010682
0.0001,1725.0,1.7966642198562617,0.49981261444091796
0.0001,1726.0,1.7966640911102294,0.49981144142150874
0.0001,1727.0,1.7966639471054076,0.49981025528907774
0.0001,1728.0,1.796663818359375,0.49980908966064463
0.0001,1729.0,1.7966636848449709,0.4998079094886779
0.0001,1730.0,1.796663552284241,0.49980671334266663
0.0001,1731.0,1.796663414955139,0.49980554819107054
0.0001,1732.0,1.7966632728576655,0.4998043839931489
0.0001,1733.0,1.7966631355285645,0.4998032419681549
0.0001,1734.0,1.7966630258560181,0.4998020837306977
0.0001,1735.0,1.7966628761291505,0.4998009276390076
0.0001,1736.0,1.7966627473831183,0.4997997760772706
0.0001,1737.0,1.7966626405715946,0.49979862761497496
0.0001,1738.0,1.7966624965667723,0.49979745483398436
0.0001,1739.0,1.796662364006043,0.49979634118080146
0.0001,1740.0,1.7966622390747073,0.4997951946258544
0.0001,1741.0,1.7966621265411378,0.49979405617713946
0.0001,1742.0,1.796662004470825,0.49979291200637826
0.0001,1743.0,1.7966618843078612,0.49979177260398866
0.0001,1744.0,1.7966617336273194,0.499790657043457
0.0001,1745.0,1.7966616172790528,0.49978951430320745
0.0001,1746.0,1.7966614961624152,0.49978839468955993
0.0001,1747.0,1.79666135597229,0.4997872767448426
0.0001,1748.0,1.7966612377166746,0.49978614282608036
0.0001,1749.0,1.796661109924316,0.49978502082824716
0.0001,1750.0,1.7966609973907466,0.4997839150428773
0.0001,1751.0,1.7966608772277834,0.4997828011512756
0.0001,1752.0,1.7966607532501226,0.49978168702125547
0.0001,1753.0,1.796660630226135,0.4997806077003479
0.0001,1754.0,1.7966605005264276,0.4997795009613037
0.0001,1755.0,1.79666037940979,0.49977839875221264
0.0001,1756.0,1.7966602592468262,0.499777309179306
0.0001,1757.0,1.7966601419448849,0.49977622413635253
0.0001,1758.0,1.7966600198745726,0.49977511572837824
0.0001,1759.0,1.796659929275513,0.49977403855323793
0.0001,1760.0,1.7966597986221313,0.4997729454040527
0.0001,1761.0,1.7966596755981445,0.49977186775207516
0.0001,1762.0,1.7966595621109007,0.4997707877159119
0.0001,1763.0,1.7966594390869135,0.4997697167396546
0.0001,1764.0,1.7966593227386471,0.49976866197586056
0.0001,1765.0,1.796659223556519,0.49976757764816293
0.0001,1766.0,1.7966590862274168,0.49976651906967157
0.0001,1767.0,1.7966589775085458,0.49976544737815853
0.0001,1768.0,1.7966588640213013,0.49976438140869145
0.0001,1769.0,1.796658742904663,0.4997633476257324
0.0001,1770.0,1.7966586360931394,0.4997622809410095
0.0001,1771.0,1.7966585321426394,0.4997612185478211
0.0001,1772.0,1.796658399581908,0.49976017785072335
0.0001,1773.0,1.7966582880020139,0.4997591359615326
0.0001,1774.0,1.796658208847046,0.499758083820343
0.0001,1775.0,1.7966580982208253,0.49975705385208136
0.0001,1776.0,1.796657958984375,0.49975600624084465
0.0001,1777.0,1.7966578674316411,0.4997549533843995
0.0001,1778.0,1.7966577510833739,0.49975393295288084
0.0001,1779.0,1.7966576375961305,0.49975290632247926
0.0001,1780.0,1.7966575155258182,0.49975188255310066
0.0001,1781.0,1.7966574277877803,0.4997508642673492
0.0001,1782.0,1.7966572933197018,0.4997498338222503
0.0001,1783.0,1.7966572074890135,0.49974879240989684
0.0001,1784.0,1.7966570854187012,0.49974780678749087
0.0001,1785.0,1.796656986236572,0.49974675154685977
0.0001,1786.0,1.796656876564026,0.4997457654476165
0.0001,1787.0,1.7966567735672,0.4997447681427002
0.0001,1788.0,1.7966566734313965,0.4997437243461609
0.0001,1789.0,1.7966565532684324,0.49974273085594173
0.0001,1790.0,1.7966564636230467,0.49974173569679264
0.0001,1791.0,1.7966563568115237,0.49974074387550355
0.0001,1792.0,1.796656260490417,0.499739734172821
0.0001,1793.0,1.796656147003174,0.49973873519897455
0.0001,1794.0,1.7966560516357422,0.4997377524375916
0.0001,1795.0,1.7966559448242188,0.4997367634773255
0.0001,1796.0,1.7966558389663698,0.49973577666282665
0.0001,1797.0,1.7966557388305664,0.4997347798347474
0.0001,1798.0,1.796655629158021,0.49973379683494573
0.0001,1799.0,1.7966555290222164,0.4997328259944916
0.0001,1800.0,1.7966554431915278,0.49973185563087463
0.0001,1801.0,1.796655330657959,0.4997308802604675
0.0001,1802.0,1.7966552305221561,0.4997298967838287
0.0001,1803.0,1.7966551437377931,0.49972894144058233
0.0001,1804.0,1.7966550388336178,0.4997279496192933
0.0001,1805.0,1.7966549482345582,0.49972701430320743
0.0001,1806.0,1.7966548347473144,0.49972605657577507
0.0001,1807.0,1.79665472984314,0.49972509598731996
0.0001,1808.0,1.7966546506881713,0.49972413444519037
0.0001,1809.0,1.7966545543670651,0.4997231717109681
0.0001,1810.0,1.7966544609069828,0.499722231388092
0.0001,1811.0,1.7966543598175047,0.4997212774753571
0.0001,1812.0,1.7966542491912838,0.49972034311294555
0.0001,1813.0,1.7966541633605961,0.49971940279006954
0.0001,1814.0,1.7966540784835816,0.499718450307846
0.0001,1815.0,1.7966539707183833,0.4997175104618073
0.0001,1816.0,1.7966538772583014,0.4997166037559509
0.0001,1817.0,1.7966537694931035,0.499715639591217
0.0001,1818.0,1.796653710365296,0.4997147181034088
0.0001,1819.0,1.796653596878052,0.49971380639076235
0.0001,1820.0,1.796653516769409,0.49971286964416506
0.0001,1821.0,1.7966534137725838,0.49971193337440495
0.0001,1822.0,1.7966533098220823,0.4997110362052918
0.0001,1823.0,1.7966532258987424,0.49971010255813597
0.0001,1824.0,1.7966531295776367,0.49970922112464894
0.0001,1825.0,1.7966530351638796,0.4997082846164704
0.0001,1826.0,1.7966529388427737,0.49970738625526434
0.0001,1827.0,1.7966528568267826,0.4997064669132233
0.0001,1828.0,1.7966527690887457,0.49970555305480957
0.0001,1829.0,1.796652672767639,0.49970468115806577
0.0001,1830.0,1.7966526079177858,0.49970375776290893
0.0001,1831.0,1.7966525001525877,0.4997028565406799
0.0001,1832.0,1.7966524124145509,0.4997019629478454
0.0001,1833.0,1.7966523180007932,0.49970106101036077
0.0001,1834.0,1.7966522216796876,0.49970017027854924
0.0001,1835.0,1.7966521549224854,0.4996992757320404
0.0001,1836.0,1.796652042388916,0.4996983911991119
0.0001,1837.0,1.7966519889831547,0.499697515964508
0.0001,1838.0,1.796651895523071,0.4996966211795807
0.0001,1839.0,1.7966518058776857,0.4996957340240479
0.0001,1840.0,1.7966517057418825,0.4996948511600494
0.0001,1841.0,1.7966516389846805,0.49969396781921394
0.0001,1842.0,1.7966515274047852,0.49969311308860787
0.0001,1843.0,1.7966514568328853,0.4996922378540039
0.0001,1844.0,1.7966513805389408,0.49969137144088743
0.0001,1845.0,1.7966512784957882,0.4996905059814454
0.0001,1846.0,1.7966511888504033,0.49968961119651795
0.0001,1847.0,1.796651125907898,0.49968875503540044
0.0001,1848.0,1.7966510620117189,0.49968790841102606
0.0001,1849.0,1.796650966644287,0.499687023639679
0.0001,1850.0,1.796650859832764,0.4996861724853517
0.0001,1851.0,1.7966507720947273,0.49968533921241776
0.0001,1852.0,1.7966507148742674,0.49968449163436884
0.0001,1853.0,1.796650623321533,0.499683607339859
0.0001,1854.0,1.7966505432128907,0.49968276453018196
0.0001,1855.0,1.79665046787262,0.4996819097995758
0.0001,1856.0,1.7966503906250004,0.4996810777187346
0.0001,1857.0,1.7966503067016606,0.49968023633956904
0.0001,1858.0,1.796650228500367,0.4996793806552887
0.0001,1859.0,1.7966501522064209,0.49967854285240176
0.0001,1860.0,1.79665007019043,0.4996777114868164
0.0001,1861.0,1.7966499919891357,0.49967689156532297
0.0001,1862.0,1.7966499137878424,0.4996760592460633
0.0001,1863.0,1.7966498384475709,0.49967520713806163
0.0001,1864.0,1.7966497602462763,0.4996743700504303
0.0001,1865.0,1.7966496582031246,0.4996735444068909
0.0001,1866.0,1.7966495933532711,0.49967271614074704
0.0001,1867.0,1.7966495237350457,0.49967188215255737
0.0001,1868.0,1.7966494455337527,0.4996710793972016
0.0001,1869.0,1.796649368286133,0.4996702733039855
0.0001,1870.0,1.796649282455444,0.4996694483757019
0.0001,1871.0,1.7966492166519163,0.49966863799095146
0.0001,1872.0,1.796649128913879,0.49966780495643615
0.0001,1873.0,1.7966490516662599,0.49966700696945193
0.0001,1874.0,1.7966489858627317,0.4996662116050719
0.0001,1875.0,1.7966489028930666,0.4996653807163239
0.0001,1876.0,1.7966488428115852,0.49966457533836356
0.0001,1877.0,1.7966487627029413,0.49966379404067995
0.0001,1878.0,1.7966486902236947,0.4996629948616028
0.0001,1879.0,1.796648624420166,0.49966219544410717
0.0001,1880.0,1.7966485462188724,0.49966140913963314
0.0001,1881.0,1.7966484661102289,0.4996605851650239
0.0001,1882.0,1.7966484146118162,0.49965981149673466
0.0001,1883.0,1.796648315429687,0.4996590213775635
0.0001,1884.0,1.7966482543945315,0.49965823125839237
0.0001,1885.0,1.7966481819152835,0.49965743088722236
0.0001,1886.0,1.7966481065750122,0.49965664339065546
0.0001,1887.0,1.7966480255126955,0.49965586686134333
0.0001,1888.0,1.7966479539871216,0.49965507507324225
0.0001,1889.0,1.7966478891372684,0.499654317855835
0.0001,1890.0,1.7966478233337404,0.4996535687446594
0.0001,1891.0,1.796647750854493,0.4996527614593506
0.0001,1892.0,1.796647687911987,0.4996520063877105
0.0001,1893.0,1.7966475925445555,0.4996512296199799
0.0001,1894.0,1.7966475410461427,0.4996504530906678
0.0001,1895.0,1.796647478103637,0.4996497001647949
0.0001,1896.0,1.7966474056243902,0.49964893317222603
0.0001,1897.0,1.7966473121643054,0.4996481595039367
0.0001,1898.0,1.7966472721099858,0.49964736533164983
0.0001,1899.0,1.7966471977233887,0.49964662551879885
0.0001,1900.0,1.796647114753723,0.49964586257934573
0.0001,1901.0,1.7966470718383787,0.49964512014389045
0.0001,1902.0,1.7966469936370852,0.4996443576812744
0.0001,1903.0,1.7966469154357907,0.49964359998703
0.0001,1904.0,1.7966468601226806,0.49964287614822384
0.0001,1905.0,1.7966467885971062,0.4996421046257019
0.0001,1906.0,1.7966467428207393,0.4996413478851318
0.0001,1907.0,1.7966466693878171,0.4996406207084656
0.0001,1908.0,1.7966466016769407,0.499639885187149
0.0001,1909.0,1.7966465396881102,0.4996391253471374
0.0001,1910.0,1.7966464567184446,0.499638398885727
0.0001,1911.0,1.796646409988403,0.49963765287399303
0.0001,1912.0,1.7966463403701782,0.49963691520690917
0.0001,1913.0,1.7966462764739988,0.4996361842155457
0.0001,1914.0,1.7966462221145627,0.49963544273376465
0.0001,1915.0,1.7966461315155027,0.49963474464416524
0.0001,1916.0,1.7966460723876951,0.49963400650024414
0.0001,1917.0,1.7966460227966308,0.49963327741622926
0.0001,1918.0,1.7966459732055666,0.4996325435638427
0.0001,1919.0,1.7966458959579465,0.4996318058967591
0.0001,1920.0,1.7966458282470708,0.49963112688064576
0.0001,1921.0,1.7966457643508915,0.49963037514686587
0.0001,1922.0,1.7966456985473631,0.4996296617984772
0.0001,1923.0,1.7966456470489505,0.49962894225120547
0.0001,1924.0,1.7966455726623538,0.49962824082374574
0.0001,1925.0,1.7966455307006832,0.4996275153160096
0.0001,1926.0,1.7966454524993891,0.4996268210411072
0.0001,1927.0,1.7966454010009758,0.4996260855197907
0.0001,1928.0,1.7966453237533568,0.49962539911270143
0.0001,1929.0,1.7966452693939214,0.4996247022151947
0.0001,1930.0,1.7966452264785766,0.49962401056289674
0.0001,1931.0,1.7966451416015623,0.49962330460548404
0.0001,1932.0,1.7966450977325439,0.49962261152267456
0.0001,1933.0,1.7966450386047357,0.4996219024658204
0.0001,1934.0,1.796644979476929,0.4996212046146393
0.0001,1935.0,1.7966449136734006,0.49962050414085385
0.0001,1936.0,1.796644868850708,0.49961982893943785
0.0001,1937.0,1.7966447982788087,0.49961913514137263
0.0001,1938.0,1.7966447467803952,0.4996184387207031
0.0001,1939.0,1.7966446743011477,0.4996177487373353
0.0001,1940.0,1.7966446390151978,0.49961708831787105
0.0001,1941.0,1.7966445636749266,0.49961639189720153
0.0001,1942.0,1.79664451122284,0.4996157031059265
0.0001,1943.0,1.7966444644927981,0.499615032196045
0.0001,1944.0,1.796644402503967,0.4996143708229065
0.0001,1945.0,1.7966443319320682,0.49961369299888614
0.0001,1946.0,1.7966442880630493,0.4996130213737488
0.0001,1947.0,1.796644214630127,0.4996123332977295
0.0001,1948.0,1.7966441612243655,0.49961166167259213
0.0001,1949.0,1.7966441240310664,0.49961099386215213
0.0001,1950.0,1.7966440544128424,0.4996103382110595
0.0001,1951.0,1.7966439914703372,0.4996096568107606
0.0001,1952.0,1.796643951416015,0.4996089844703675
0.0001,1953.0,1.7966438922882082,0.4996083312034608
0.0001,1954.0,1.7966438331604004,0.4996076855659485
0.0001,1955.0,1.7966437854766841,0.4996070427894592
0.0001,1956.0,1.796643720626831,0.499606353521347
0.0001,1957.0,1.7966436595916748,0.4996056952476502
0.0001,1958.0,1.7966436157226566,0.49960503745079043
0.0001,1959.0,1.7966435728073118,0.4996043927669525
0.0001,1960.0,1.7966434850692754,0.499603768825531
0.0001,1961.0,1.7966434555053707,0.4996031174659729
0.0001,1962.0,1.796643392562866,0.49960245466232295
0.0001,1963.0,1.7966433315277102,0.49960181260108955
0.0001,1964.0,1.7966433095932002,0.49960114336013794
0.0001,1965.0,1.7966432447433465,0.49960053396224985
0.0001,1966.0,1.7966431684494022,0.4995998859405517
0.0001,1967.0,1.7966431331634518,0.49959924101829534
0.0001,1968.0,1.7966430912017821,0.4995986216068267
0.0001,1969.0,1.7966430330276495,0.49959795379638683
0.0001,1970.0,1.796642984390259,0.4995973470211029
0.0001,1971.0,1.796642919540405,0.49959670114517213
0.0001,1972.0,1.7966428728103636,0.4995960690975189
0.0001,1973.0,1.7966428213119505,0.4995954475402832
0.0001,1974.0,1.7966427841186532,0.499594810962677
0.0001,1975.0,1.7966427221298213,0.49959419274330136
0.0001,1976.0,1.7966426544189453,0.4995935535430909
0.0001,1977.0,1.7966426258087156,0.4995929143428802
0.0001,1978.0,1.7966425619125372,0.4995923113822936
0.0001,1979.0,1.7966425266265864,0.4995916941165924
0.0001,1980.0,1.796642475128173,0.49959108114242556
0.0001,1981.0,1.7966424236297611,0.4995904481410981
0.0001,1982.0,1.796642383575439,0.4995898509025574
0.0001,1983.0,1.7966423292160034,0.49958924460411075
0.0001,1984.0,1.7966422796249393,0.4995886092185975
0.0001,1985.0,1.7966422214508058,0.49958798646926883
0.0001,1986.0,1.7966421861648558,0.4995873720645904
0.0001,1987.0,1.7966421413421632,0.4995867822170257
0.0001,1988.0,1.796642072677612,0.49958617043495174
0.0001,1989.0,1.7966420383453372,0.4995855870246888
0.0001,1990.0,1.796641986846924,0.4995849509239197
0.0001,1991.0,1.7966419391632078,0.4995843770503998
0.0001,1992.0,1.796641899108887,0.4995837702751159
0.0001,1993.0,1.796641840934754,0.49958320212364205
0.0001,1994.0,1.7966418037414555,0.49958257722854615
0.0001,1995.0,1.7966417541503903,0.49958196616172795
0.0001,1996.0,1.7966417207717889,0.4995814080238342
0.0001,1997.0,1.7966416673660275,0.49958080315589903
0.0001,1998.0,1.796641613960266,0.49958021974563593
0.0001,1999.0,1.796641586303711,0.4995796091556548
0.0001,2000.0,1.79664151763916,0.49957902956008915
0.0001,2001.0,1.7966414709091183,0.4995784373283386
0.0001,2002.0,1.7966414241790778,0.4995778696537018
0.0001,2003.0,1.7966413879394534,0.49957728767395015
0.0001,2004.0,1.7966413345336918,0.49957668256759646
0.0001,2005.0,1.796641284942627,0.49957610559463506
0.0001,2006.0,1.7966412353515622,0.4995755424499511
0.0001,2007.0,1.796641216278076,0.4995749583244325
0.0001,2008.0,1.7966411800384527,0.4995743870735168
0.0001,2009.0,1.7966411151885988,0.49957378149032594
0.0001,2010.0,1.7966410818099978,0.4995732252597809
0.0001,2011.0,1.7966410245895388,0.4995726811885834
0.0001,2012.0,1.7966409931182863,0.4995720825195313
0.0001,2013.0,1.796640947341919,0.49957151460647575
0.0001,2014.0,1.7966408872604371,0.4995709309577941
0.0001,2015.0,1.7966408424377438,0.4995703773498535
0.0001,2016.0,1.7966408138275147,0.49956980299949655
0.0001,2017.0,1.7966407670974733,0.4995692253112793
0.0001,2018.0,1.7966407308578491,0.49956867623329165
0.0001,2019.0,1.7966406755447386,0.4995681130886079
0.0001,2020.0,1.7966406211853025,0.49956754660606384
0.0001,2021.0,1.7966406011581428,0.4995669994354249
0.0001,2022.0,1.7966405496597293,0.49956643629074093
0.0001,2023.0,1.7966405076980592,0.49956588768959037
0.0001,2024.0,1.796640466690064,0.499565327167511
0.0001,2025.0,1.796640432357788,0.49956478071212773
0.0001,2026.0,1.7966403875350951,0.49956420731544504
0.0001,2027.0,1.796640336990356,0.4995636694431306
0.0001,2028.0,1.796640291213989,0.49956311202049253
0.0001,2029.0,1.7966402587890622,0.4995625691413879
0.0001,2030.0,1.7966402139663697,0.49956202721595766
0.0001,2031.0,1.7966401805877683,0.49956148695945746
0.0001,2032.0,1.7966401424407967,0.4995609359741211
0.0001,2033.0,1.7966400938034062,0.4995603966712952
0.0001,2034.0,1.796640062332154,0.4995598616600037
0.0001,2035.0,1.796640025138855,0.4995593142509461
0.0001,2036.0,1.7966399860382083,0.4995587675571441
0.0001,2037.0,1.7966399517059326,0.49955823874473576
0.0001,2038.0,1.796639895439148,0.4995577130317688
0.0001,2039.0,1.7966398639678958,0.4995571818351745
0.0001,2040.0,1.7966398162841792,0.49955664658546445
0.0001,2041.0,1.7966397800445553,0.4995560972690583
0.0001,2042.0,1.7966397342681883,0.49955556917190547
0.0001,2043.0,1.7966397171020505,0.499555047750473
0.0001,2044.0,1.796639673233033,0.4995545063018798
0.0001,2045.0,1.7966396255493167,0.49955400657653803
0.0001,2046.0,1.7966395874023444,0.49955347847938536
0.0001,2047.0,1.7966395521163938,0.4995529534816743
0.0001,2048.0,1.7966395206451418,0.49955240464210515
0.0001,2049.0,1.796639486312866,0.4995518975257874
0.0001,2050.0,1.7966394338607785,0.49955139017105105
0.0001,2051.0,1.7966394042968745,0.4995508637428283
0.0001,2052.0,1.796639358520508,0.49955034780502316
0.0001,2053.0,1.7966393280029298,0.49954982709884643
0.0001,2054.0,1.796639307022095,0.4995493025779725
0.0001,2055.0,1.7966392364501953,0.4995487878322601
0.0001,2056.0,1.796639221191407,0.49954828286170955
0.0001,2057.0,1.7966391792297363,0.49954777312278736
0.0001,2058.0,1.7966391448974606,0.49954725503921504
0.0001,2059.0,1.7966391086578364,0.49954674577713015
0.0001,2060.0,1.7966390838623045,0.4995462055206299
0.0001,2061.0,1.7966390342712402,0.4995457282066345
0.0001,2062.0,1.796639015197754,0.4995452265739441
0.0001,2063.0,1.7966389560699465,0.49954472112655635
0.0001,2064.0,1.796638928413391,0.4995442161560058
0.0001,2065.0,1.79663889503479,0.49954371023178096
0.0001,2066.0,1.7966388607025146,0.49954323339462287
0.0001,2067.0,1.7966388263702393,0.4995427305698395
0.0001,2068.0,1.7966387863159188,0.499542228460312
0.0001,2069.0,1.7966387491226194,0.4995417077541351
0.0001,2070.0,1.7966387233734133,0.4995412137508392
0.0001,2071.0,1.7966386795043945,0.4995407469272614
0.0001,2072.0,1.7966386489868165,0.4995402390956879
0.0001,2073.0,1.7966386013031004,0.49953975820541385
0.0001,2074.0,1.796638586044312,0.4995392537117004
0.0001,2075.0,1.7966385354995726,0.4995387692451476
0.0001,2076.0,1.7966385145187376,0.4995382878780365
0.0001,2077.0,1.7966384716033934,0.49953781104087835
0.0001,2078.0,1.7966384468078618,0.499537297964096
0.0001,2079.0,1.796638409614563,0.4995368390083314
0.0001,2080.0,1.7966383676528936,0.49953635644912725
0.0001,2081.0,1.796638331413269,0.499535881280899
0.0001,2082.0,1.7966383199691778,0.4995353696346283
0.0001,2083.0,1.7966382799148566,0.49953492212295536
0.0001,2084.0,1.79663824558258,0.49953441405296334
0.0001,2085.0,1.796638206481934,0.4995339334011078
0.0001,2086.0,1.796638189315796,0.4995334508419037
0.0001,2087.0,1.7966381397247317,0.49953298234939575
0.0001,2088.0,1.79663810634613,0.49953250908851626
0.0001,2089.0,1.7966380805969242,0.49953202271461483
0.0001,2090.0,1.7966380643844604,0.4995315833091736
0.0001,2091.0,1.7966380176544192,0.4995310804843903
0.0001,2092.0,1.7966379823684695,0.49953062963485717
0.0001,2093.0,1.7966379566192625,0.49953016233444214
0.0001,2094.0,1.7966379280090332,0.49952969884872434
0.0001,2095.0,1.7966378984451297,0.49952923536300653
0.0001,2096.0,1.7966378526687623,0.49952875518798834
0.0001,2097.0,1.7966378250122073,0.49952829551696776
0.0001,2098.0,1.796637788772582,0.4995278375148774
0.0001,2099.0,1.796637756347656,0.49952738046646117
0.0001,2100.0,1.796637738227845,0.4995269124507904
0.0001,2101.0,1.796637712478638,0.4995264608860015
0.0001,2102.0,1.7966376695632935,0.499526015996933
0.0001,2103.0,1.796637638092041,0.4995255429744721
0.0001,2104.0,1.7966376152038577,0.4995250906944276
0.0001,2105.0,1.7966375827789303,0.49952462959289556
0.0001,2106.0,1.7966375656127935,0.49952417707443236
0.0001,2107.0,1.7966375160217292,0.49952372980117793
0.0001,2108.0,1.7966374750137326,0.49952329087257386
0.0001,2109.0,1.7966374588012697,0.4995228345394135
0.0001,2110.0,1.7966374235153195,0.49952239441871643
0.0001,2111.0,1.7966374063491817,0.49952193856239324
0.0001,2112.0,1.796637372970581,0.49952150177955623
0.0001,2113.0,1.7966373434066778,0.49952105283737175
0.0001,2114.0,1.7966373252868644,0.4995205879211426
0.0001,2115.0,1.796637281417847,0.49952015686035156
0.0001,2116.0,1.7966372604370118,0.49951969695091253
0.0001,2117.0,1.796637219429016,0.4995192468166352
0.0001,2118.0,1.7966371936798098,0.49951883840560907
0.0001,2119.0,1.7966371860504147,0.4995183997154236
0.0001,2120.0,1.796637125015259,0.4995179390907288
0.0001,2121.0,1.7966371269226078,0.4995174889564514
0.0001,2122.0,1.7966370687484743,0.4995170648097991
0.0001,2123.0,1.7966370706558228,0.49951661705970773
0.0001,2124.0,1.7966370210647584,0.4995161986351013
0.0001,2125.0,1.7966369981765746,0.4995157656669617
0.0001,2126.0,1.7966369771957393,0.49951531553268436
0.0001,2127.0,1.7966369514465332,0.4995148715972901
0.0001,2128.0,1.7966369018554686,0.49951446700096125
0.0001,2129.0,1.79663688659668,0.49951403021812435
0.0001,2130.0,1.7966368665695194,0.49951361846923825
0.0001,2131.0,1.796636832237244,0.49951317787170413
0.0001,2132.0,1.7966368150711056,0.4995127487182618
0.0001,2133.0,1.7966367864608763,0.4995123307704926
0.0001,2134.0,1.7966367340087892,0.4995119192600251
0.0001,2135.0,1.796636726379394,0.4995114898681641
0.0001,2136.0,1.796636689186096,0.4995110630989074
0.0001,2137.0,1.7966366720199587,0.49951065278053286
0.0001,2138.0,1.796636644363404,0.49951021718978894
0.0001,2139.0,1.7966366119384767,0.4995098152160644
0.0001,2140.0,1.7966365833282472,0.49950938844680787
0.0001,2141.0,1.7966365756988527,0.499508968114853
0.0001,2142.0,1.7966365470886232,0.49950855231285096
0.0001,2143.0,1.796636503219604,0.4995081348419189
0.0001,2144.0,1.796636480331421,0.49950774168968204
0.0001,2145.0,1.796636468887329,0.4995073111057282
0.0001,2146.0,1.7966364297866824,0.49950688958168027
0.0001,2147.0,1.796636413574219,0.49950647544860843
0.0001,2148.0,1.796636384963989,0.4995060803890229
0.0001,2149.0,1.79663635635376,0.4995056517124177
0.0001,2150.0,1.7966363162994383,0.4995052509307862
0.0001,2151.0,1.7966362972259526,0.4995048565864562
0.0001,2152.0,1.7966362762451167,0.49950442862510686
0.0001,2153.0,1.796636258125306,0.4995040552616119
0.0001,2154.0,1.796636222839356,0.49950365066528324
0.0001,2155.0,1.7966362171173094,0.49950323081016546
0.0001,2156.0,1.7966361789703367,0.49950281548500053
0.0001,2157.0,1.7966361446380605,0.4995024094581604
0.0001,2158.0,1.7966361236572261,0.49950202536582955
0.0001,2159.0,1.7966361074447628,0.49950161886215216
0.0001,2160.0,1.7966361055374145,0.49950120544433596
0.0001,2161.0,1.7966360578536984,0.4995008161067962
0.0001,2162.0,1.7966360235214232,0.4995004217624665
0.0001,2163.0,1.7966360006332402,0.4995000510215759
0.0001,2164.0,1.7966359806060788,0.49949963188171387
0.0001,2165.0,1.7966359615325924,0.49949923872947694
0.0001,2166.0,1.7966359310150144,0.49949884986877435
0.0001,2167.0,1.7966358966827394,0.49949844598770143
0.0001,2168.0,1.79663587474823,0.49949807119369505
0.0001,2169.0,1.7966358680725096,0.49949765920639044
0.0001,2170.0,1.7966358385086056,0.4994972882270812
0.0001,2171.0,1.796635807037353,0.49949691534042356
0.0001,2172.0,1.7966358089447019,0.49949651098251335
0.0001,2173.0,1.7966357555389403,0.49949613738059995
0.0001,2174.0,1.7966357421875003,0.4994957385063172
0.0001,2175.0,1.7966357097625738,0.49949536085128793
0.0001,2176.0,1.79663570022583,0.4994949967861175
0.0001,2177.0,1.7966356716156013,0.4994945890903474
0.0001,2178.0,1.7966356439590452,0.4994942283630371
0.0001,2179.0,1.796635625839234,0.49949384665489194
0.0001,2180.0,1.7966356124877931,0.4994934523105621
0.0001,2181.0,1.7966355895996093,0.49949309968948363
0.0001,2182.0,1.7966355743408202,0.499492700099945
0.0001,2183.0,1.7966355447769164,0.4994923343658448
0.0001,2184.0,1.7966355152130122,0.4994919714927673
0.0001,2185.0,1.7966354885101317,0.49949158620834355
0.0001,2186.0,1.7966354837417606,0.4994912095069885
0.0001,2187.0,1.7966354751586917,0.49949084115028386
0.0001,2188.0,1.7966354293823243,0.49949047708511357
0.0001,2189.0,1.7966354045867923,0.49949009490013124
0.0001,2190.0,1.79663537979126,0.4994897480010987
0.0001,2191.0,1.796635368347168,0.499489394903183
0.0001,2192.0,1.7966353368759158,0.4994890151023865
0.0001,2193.0,1.796635319709778,0.4994886529445649
0.0001,2194.0,1.7966352939605712,0.4994882774353027
0.0001,2195.0,1.796635280609131,0.49948790597915654
0.0001,2196.0,1.7966352558135985,0.4994875390529633
0.0001,2197.0,1.7966352376937866,0.4994871897697448
0.0001,2198.0,1.7966352252960203,0.49948681998252875
0.0001,2199.0,1.7966352052688603,0.4994864654541015
0.0001,2200.0,1.796635184288025,0.49948612761497496
0.0001,2201.0,1.7966351718902585,0.4994857521057129
0.0001,2202.0,1.7966351337432866,0.4994854159355164
0.0001,2203.0,1.7966351232528677,0.4994850311279298
0.0001,2204.0,1.7966350908279418,0.4994846704006196
0.0001,2205.0,1.79663508605957,0.4994843332767487
0.0001,2206.0,1.7966350669860838,0.49948397612571727
0.0001,2207.0,1.7966350431442255,0.49948362493515014
0.0001,2208.0,1.7966350135803228,0.49948325514793396
0.0001,2209.0,1.7966349954605108,0.49948289871215823
0.0001,2210.0,1.7966349811553957,0.4994825589656831
0.0001,2211.0,1.7966349592208861,0.4994822268486022
0.0001,2212.0,1.7966349153518675,0.4994818918704987
0.0001,2213.0,1.796634902954102,0.4994815211296082
0.0001,2214.0,1.7966348800659184,0.49948117041587836
0.0001,2215.0,1.7966348600387572,0.4994808468818664
0.0001,2216.0,1.7966348476409915,0.4994804971218109
0.0001,2217.0,1.7966348180770875,0.4994801554679871
0.0001,2218.0,1.7966348094940188,0.4994798185825348
0.0001,2219.0,1.7966348066329951,0.499479455947876
0.0001,2220.0,1.7966347770690907,0.49947913146018985
0.0001,2221.0,1.7966347427368163,0.49947878408432006
0.0001,2222.0,1.7966347084045406,0.4994784426689147
0.0001,2223.0,1.7966347026824956,0.49947811746597287
0.0001,2224.0,1.7966346874237058,0.4994777810573578
0.0001,2225.0,1.7966346759796143,0.4994774396419524
0.0001,2226.0,1.7966346664428714,0.4994770941734314
0.0001,2227.0,1.796634634017944,0.49947675943374636
0.0001,2228.0,1.7966346149444585,0.4994764115810395
0.0001,2229.0,1.7966345863342281,0.499476089000702
0.0001,2230.0,1.7966345806121824,0.49947575902938846
0.0001,2231.0,1.7966345653533935,0.49947541093826286
0.0001,2232.0,1.7966345386505131,0.4994750881195067
0.0001,2233.0,1.7966345148086549,0.4994747426509857
0.0001,2234.0,1.7966344947814938,0.49947441482543936
0.0001,2235.0,1.7966344909667968,0.49947408652305614
0.0001,2236.0,1.796634455680847,0.49947377204895016
0.0001,2237.0,1.796634450912475,0.49947344994544984
0.0001,2238.0,1.7966344289779657,0.4994731345176697
0.0001,2239.0,1.7966344194412227,0.499472776889801
0.0001,2240.0,1.796634385108948,0.49947245454788214
0.0001,2241.0,1.7966343765258794,0.4994721336364746
0.0001,2242.0,1.7966343584060673,0.4994718034267425
0.0001,2243.0,1.7966343450546267,0.49947146940231313
0.0001,2244.0,1.7966343288421631,0.49947116875648495
0.0001,2245.0,1.7966343278884895,0.4994708306789398
0.0001,2246.0,1.7966342859268196,0.49947050046920777
0.0001,2247.0,1.7966342601776122,0.49947018456459047
0.0001,2248.0,1.7966342496871945,0.49946985101699826
0.0001,2249.0,1.7966342353820806,0.49946957969665523
0.0001,2250.0,1.7966342163085944,0.49946923804283144
0.0001,2251.0,1.7966342020034793,0.4994689235687255
0.0001,2252.0,1.796634183883667,0.4994686102867127
0.0001,2253.0,1.796634156227112,0.4994682984352113
0.0001,2254.0,1.7966341514587398,0.4994679625034332
0.0001,2255.0,1.7966341276168825,0.49946765303611756
0.0001,2256.0,1.7966341209411625,0.4994673309326172
0.0001,2257.0,1.796634104728699,0.4994670431613922
0.0001,2258.0,1.7966340951919555,0.4994666957855225
0.0001,2259.0,1.7966340646743777,0.4994664044380188
0.0001,2260.0,1.7966340599060062,0.49946608352661137
0.0001,2261.0,1.7966340312957763,0.49946577310562135
0.0001,2262.0,1.7966340160369878,0.49946548080444336
0.0001,2263.0,1.7966339950561525,0.49946514081954957
0.0001,2264.0,1.7966339826583864,0.49946483206748965
0.0001,2265.0,1.796633977890014,0.4994645180702209
0.0001,2266.0,1.7966339359283445,0.49946420431137095
0.0001,2267.0,1.7966339416503905,0.49946389365196237
0.0001,2268.0,1.7966339187622065,0.4994635901451111
0.0001,2269.0,1.7966339187622065,0.4994633047580719
0.0001,2270.0,1.7966338796615604,0.4994629876613616
0.0001,2271.0,1.796633892059326,0.49946268844604486
0.0001,2272.0,1.7966338615417474,0.49946237134933474
0.0001,2273.0,1.7966338472366334,0.4994620611667633
0.0001,2274.0,1.7966338100433348,0.49946176314353946
0.0001,2275.0,1.7966338214874265,0.4994614639282226
0.0001,2276.0,1.7966337823867797,0.4994611742496491
0.0001,2277.0,1.7966337661743161,0.49946084833145143
0.0001,2278.0,1.7966337728500368,0.49946054840087895
0.0001,2279.0,1.7966337375640864,0.4994602465629578
0.0001,2280.0,1.796633739471436,0.49945996713638313
0.0001,2281.0,1.7966337203979492,0.499459656238556
0.0001,2282.0,1.7966336870193484,0.4994593658447266
0.0001,2283.0,1.7966336784362793,0.49945907235145576
0.0001,2284.0,1.7966336774826048,0.49945874452590944
0.0001,2285.0,1.796633668899536,0.499458484172821
0.0001,2286.0,1.796633658409119,0.4994581701755524
0.0001,2287.0,1.796633625030518,0.4994578664302825
0.0001,2288.0,1.7966336116790775,0.49945758056640627
0.0001,2289.0,1.7966335868835452,0.49945729446411136
0.0001,2290.0,1.7966335906982425,0.49945696020126346
0.0001,2291.0,1.7966335563659668,0.49945668959617623
0.0001,2292.0,1.7966335496902466,0.49945643091201775
0.0001,2293.0,1.7966335439682009,0.4994560868740083
0.0001,2294.0,1.7966335201263433,0.49945582985877984
0.0001,2295.0,1.7966335048675537,0.49945552110672004
0.0001,2296.0,1.7966335077285762,0.499455232143402
0.0001,2297.0,1.7966334800720212,0.49945493459701534
0.0001,2298.0,1.7966334686279293,0.49945464730262756
0.0001,2299.0,1.7966334381103517,0.499454372882843
0.0001,2300.0,1.796633441925049,0.49945408391952517
0.0001,2301.0,1.7966333942413326,0.4994537901878356
0.0001,2302.0,1.7966333999633788,0.4994534986019134
0.0001,2303.0,1.7966333942413335,0.49945323586463924
0.0001,2304.0,1.7966333827972414,0.4994529304504394
0.0001,2305.0,1.7966333560943608,0.4994526481628419
0.0001,2306.0,1.796633346557617,0.4994523832798005
0.0001,2307.0,1.7966333417892448,0.49945208930969237
0.0001,2308.0,1.7966333217620851,0.49945180702209474
0.0001,2309.0,1.7966332874298099,0.4994515299797059
0.0001,2310.0,1.7966332921981814,0.4994512274265289
0.0001,2311.0,1.7966332759857175,0.4994509580135345
0.0001,2312.0,1.7966332731246946,0.4994506878852844
0.0001,2313.0,1.796633248329163,0.49945040082931524
0.0001,2314.0,1.7966332349777223,0.4994501280784606
0.0001,2315.0,1.7966332244873044,0.4994498403072358
0.0001,2316.0,1.7966332111358645,0.49944955492019655
0.0001,2317.0,1.7966332073211668,0.49944928312301634
0.0001,2318.0,1.7966331739425656,0.4994490127563477
0.0001,2319.0,1.7966331615447995,0.4994487376213075
0.0001,2320.0,1.796633164405822,0.49944845628738405
0.0001,2321.0,1.796633158683777,0.4994481720924378
0.0001,2322.0,1.796633117675781,0.4994478991031648
0.0001,2323.0,1.7966331367492674,0.499447639465332
0.0001,2324.0,1.7966331119537355,0.4994473707675934
0.0001,2325.0,1.7966330957412715,0.4994470901489258
0.0001,2326.0,1.7966330738067622,0.4994468140602112
0.0001,2327.0,1.7966330699920647,0.49944653320312504
0.0001,2328.0,1.7966330566406246,0.49944627332687375
0.0001,2329.0,1.7966330547332767,0.4994459910392761
0.0001,2330.0,1.796633024215698,0.4994457376003265
0.0001,2331.0,1.796633001327515,0.49944547700881964
0.0001,2332.0,1.7966330080032347,0.49944520044326784
0.0001,2333.0,1.7966330070495606,0.49944491791725154
0.0001,2334.0,1.7966329898834228,0.4994446635246277
0.0001,2335.0,1.7966329813003539,0.4994443907737732
0.0001,2336.0,1.7966329689025873,0.499444135427475
0.0001,2337.0,1.7966329421997072,0.4994438786506653
0.0001,2338.0,1.7966329145431525,0.4994435915946959
0.0001,2339.0,1.7966329126358036,0.4994433555603027
0.0001,2340.0,1.7966328945159917,0.499443067073822
0.0001,2341.0,1.7966328792572024,0.49944279694557187
0.0001,2342.0,1.796632875442505,0.499442556142807
0.0001,2343.0,1.7966328668594365,0.49944228410720826
0.0001,2344.0,1.7966328516006476,0.49944201231002805
0.0001,2345.0,1.7966328430175778,0.49944176483154296
0.0001,2346.0,1.796632827758789,0.4994414975643158
0.0001,2347.0,1.796632810592651,0.49944126176834097
0.0001,2348.0,1.796632802963257,0.49944098687171945
0.0001,2349.0,1.7966327972412106,0.4994407136440277
0.0001,2350.0,1.7966327800750732,0.4994404740333558
0.0001,2351.0,1.796632756233215,0.49944020271301276
0.0001,2352.0,1.796632767677307,0.4994399600028992
0.0001,2353.0,1.7966327533721924,0.499439706325531
0.0001,2354.0,1.7966327476501465,0.4994394552707672
0.0001,2355.0,1.7966327400207522,0.4994391992092132
0.0001,2356.0,1.796632724761963,0.49943893980979914
0.0001,2357.0,1.7966327190399172,0.49943868064880365
0.0001,2358.0,1.796632699012756,0.49943842673301697
0.0001,2359.0,1.7966326885223396,0.4994382014274597
0.0001,2360.0,1.7966326770782461,0.4994379291534424
0.0001,2361.0,1.7966326608657834,0.49943769264221205
0.0001,2362.0,1.7966326475143428,0.49943742775917055
0.0001,2363.0,1.7966326389312743,0.499437192440033
0.0001,2364.0,1.7966326093673701,0.49943691611289975
0.0001,2365.0,1.796632614135742,0.49943668770790095
0.0001,2366.0,1.796632610321045,0.4994364304542542
0.0001,2367.0,1.7966325941085817,0.49943618750572205
0.0001,2368.0,1.79663258266449,0.4994359250068665
0.0001,2369.0,1.7966325836181645,0.4994356784820557
0.0001,2370.0,1.7966325607299813,0.49943545150756835
0.0001,2371.0,1.7966325626373294,0.4994351863861084
0.0001,2372.0,1.796632548332215,0.49943496322631836
0.0001,2373.0,1.7966325340270994,0.4994347338676453
0.0001,2374.0,1.796632524490356,0.4994344656467437
0.0001,2375.0,1.7966325111389163,0.49943422460556025
0.0001,2376.0,1.7966324930191042,0.49943396210670477
0.0001,2377.0,1.796632479667664,0.49943374609947205
0.0001,2378.0,1.7966324748992921,0.49943348097801205
0.0001,2379.0,1.7966324796676634,0.49943324637413034
0.0001,2380.0,1.7966324510574339,0.499433019399643
0.0001,2381.0,1.7966324348449714,0.4994327676296234
0.0001,2382.0,1.7966324338912965,0.49943252587318426
0.0001,2383.0,1.7966324319839482,0.4994322926998139
0.0001,2384.0,1.7966324329376229,0.4994320621490478
0.0001,2385.0,1.7966323995590212,0.4994318180084229
0.0001,2386.0,1.7966323966979985,0.4994315848350526
0.0001,2387.0,1.7966323843002325,0.4994313206672668
0.0001,2388.0,1.7966323776245112,0.49943108797073377
0.0001,2389.0,1.7966323623657223,0.4994308705329895
0.0001,2390.0,1.796632362365723,0.49943062591552745
0.0001,2391.0,1.796632347106934,0.4994303889274598
0.0001,2392.0,1.796632329940796,0.4994301490783692
0.0001,2393.0,1.7966323242187503,0.4994299070835113
0.0001,2394.0,1.7966323080062871,0.49942968750000005
0.0001,2395.0,1.796632308959961,0.4994294531345368
0.0001,2396.0,1.7966322898864742,0.4994292330741882
0.0001,2397.0,1.7966322898864746,0.49942898702621463
0.0001,2398.0,1.7966322927474976,0.4994287486076355
0.0001,2399.0,1.7966322736740112,0.49942853164672846
0.0001,2400.0,1.796632245063782,0.4994283061027527
0.0001,2401.0,1.7966322488784792,0.49942806577682497
0.0001,2402.0,1.7966322517395017,0.49942785096168524
0.0001,2403.0,1.796632228851318,0.4994276118278504
0.0001,2404.0,1.7966322193145752,0.4994273836612702
0.0001,2405.0,1.796632219314575,0.49942713689804086
0.0001,2406.0,1.796632201194763,0.49942693495750434
0.0001,2407.0,1.7966321859359737,0.4994267120361328
0.0001,2408.0,1.796632183074951,0.49942645478248593
0.0001,2409.0,1.796632179260254,0.4994262347221375
0.0001,2410.0,1.7966321697235104,0.49942600464820863
0.0001,2411.0,1.7966321544647217,0.4994257924556732
0.0001,2412.0,1.7966321496963502,0.49942554998397826
0.0001,2413.0,1.7966321334838866,0.4994253485202789
0.0001,2414.0,1.7966321153640747,0.49942513608932493
0.0001,2415.0,1.7966321077346803,0.49942490959167485
0.0001,2416.0,1.7966321020126346,0.4994246878623963
0.0001,2417.0,1.7966321010589597,0.4994244875907899
0.0001,2418.0,1.7966321048736564,0.499424243927002
0.0001,2419.0,1.7966320934295656,0.4994240264892579
0.0001,2420.0,1.7966320734024048,0.499423807144165
0.0001,2421.0,1.796632055282593,0.4994236054420471
0.0001,2422.0,1.7966320629119872,0.4994233756065369
0.0001,2423.0,1.7966320285797115,0.4994231643676758
0.0001,2424.0,1.7966320285797122,0.49942293977737434
0.0001,2425.0,1.7966320428848261,0.49942272996902465
0.0001,2426.0,1.796632019996643,0.49942251443862923
0.0001,2427.0,1.7966320171356205,0.4994222912788391
0.0001,2428.0,1.7966320037841792,0.49942207503318786
0.0001,2429.0,1.7966319875717156,0.49942188096046447
0.0001,2430.0,1.7966319751739506,0.49942165732383725
0.0001,2431.0,1.7966319761276242,0.4994214265346528
0.0001,2432.0,1.7966319618225095,0.49942122673988343
0.0001,2433.0,1.7966319637298578,0.4994210243225098
0.0001,2434.0,1.7966319427490236,0.4994207892417908
0.0001,2435.0,1.7966319475173953,0.49942059326171884
0.0001,2436.0,1.7966319179534913,0.49942038106918335
0.0001,2437.0,1.7966319360733027,0.4994201602935791
0.0001,2438.0,1.7966319103240969,0.49941993713378907
0.0001,2439.0,1.7966319122314456,0.499419731616974
0.0001,2440.0,1.7966318883895875,0.499419517993927
0.0001,2441.0,1.7966319065093992,0.4994193172454834
0.0001,2442.0,1.796631875991821,0.4994191172122956
0.0001,2443.0,1.7966318702697754,0.4994189069271089
0.0001,2444.0,1.796631855010986,0.4994187009334564
0.0001,2445.0,1.7966318702697752,0.4994184682369233
0.0001,2446.0,1.7966318664550776,0.4994182622432709
0.0001,2447.0,1.7966318626403806,0.4994180777072907
0.0001,2448.0,1.796631833076477,0.49941787481307987
0.0001,2449.0,1.7966318111419683,0.49941768026351935
0.0001,2450.0,1.7966318054199222,0.49941748404502867
0.0001,2451.0,1.796631806373596,0.49941726350784305
0.0001,2452.0,1.7966318092346185,0.499417056798935
0.0001,2453.0,1.7966317853927611,0.49941685128211977
0.0001,2454.0,1.7966317710876465,0.49941664910316463
0.0001,2455.0,1.796631782531738,0.4994164507389069
0.0001,2456.0,1.7966317653656003,0.4994162402153016
0.0001,2457.0,1.7966317615509035,0.49941605758666996
0.0001,2458.0,1.7966317529678346,0.49941584014892587
0.0001,2459.0,1.7966317539215093,0.49941566038131713
0.0001,2460.0,1.7966317405700682,0.49941545343399046
0.0001,2461.0,1.796631735801697,0.4994152486324311
0.0001,2462.0,1.7966317148208628,0.4994150483608247
0.0001,2463.0,1.796631711959839,0.49941485953330994
0.0001,2464.0,1.7966317157745357,0.4994146425724029
0.0001,2465.0,1.79663171005249,0.4994144499301911
0.0001,2466.0,1.7966316890716552,0.49941425085067753
0.0001,2467.0,1.7966316881179811,0.49941405630111685
0.0001,2468.0,1.7966316823959352,0.4994138607978821
0.0001,2469.0,1.7966316814422612,0.49941367340087883
0.0001,2470.0,1.7966316661834711,0.4994134957790375
0.0001,2471.0,1.7966316537857052,0.4994132730960846
0.0001,2472.0,1.7966316537857052,0.4994131026268006
0.0001,2473.0,1.796631652832031,0.49941290688514717
0.0001,2474.0,1.7966316270828249,0.49941271829605105
0.0001,2475.0,1.7966316280364985,0.4994125118255615
0.0001,2476.0,1.796631618499756,0.4994123210906983
0.0001,2477.0,1.7966316146850587,0.49941213202476503
0.0001,2478.0,1.7966316223144538,0.4994119513034821
0.0001,2479.0,1.7966316118240353,0.49941174292564394
0.0001,2480.0,1.7966315937042237,0.4994115710258484
0.0001,2481.0,1.7966315832138071,0.4994113883972167
0.0001,2482.0,1.7966315765380856,0.49941120195388783
0.0001,2483.0,1.7966315746307377,0.49941102814674376
0.0001,2484.0,1.796631559371948,0.4994108316898347
0.0001,2485.0,1.7966315660476682,0.4994106364250184
0.0001,2486.0,1.7966315584182744,0.49941046547889706
0.0001,2487.0,1.7966315536499025,0.4994102725982666
0.0001,2488.0,1.7966315402984618,0.49941007947921756
0.0001,2489.0,1.796631509780884,0.49940989542007447
0.0001,2490.0,1.7966315231323238,0.4994097039699555
0.0001,2491.0,1.7966315307617187,0.49940952706336983
0.0001,2492.0,1.7966315212249755,0.4994093508720398
0.0001,2493.0,1.7966315002441404,0.4994091682434082
0.0001,2494.0,1.7966314954757687,0.49940897560119624
0.0001,2495.0,1.7966314764022833,0.4994087750911712
0.0001,2496.0,1.7966314964294434,0.49940861535072334
0.0001,2497.0,1.79663147354126,0.49940842461586
0.0001,2498.0,1.7966314640045167,0.49940825033187863
0.0001,2499.0,1.79663146686554,0.4994080710411073
0.0001,2500.0,1.7966314582824705,0.49940790152549747
0.0001,2501.0,1.7966314525604246,0.49940771150589
0.0001,2502.0,1.7966314468383784,0.49940753340721133
0.0001,2503.0,1.7966314296722417,0.4994073412418365
0.0001,2504.0,1.7966314201354978,0.49940716409683233
0.0001,2505.0,1.7966314315795893,0.49940698814392087
0.0001,2506.0,1.7966314430236818,0.4994068181514741
0.0001,2507.0,1.7966314105987555,0.4994066543579101
0.0001,2508.0,1.7966314153671268,0.49940646767616276
0.0001,2509.0,1.7966314096450802,0.49940628004074095
0.0001,2510.0,1.7966313972473147,0.4994061026573182
0.0001,2511.0,1.7966313819885253,0.4994059414863587
0.0001,2512.0,1.7966313838958745,0.499405767917633
0.0001,2513.0,1.796631378173828,0.4994055826663971
0.0001,2514.0,1.796631387710571,0.49940542435646057
0.0001,2515.0,1.7966313676834105,0.49940523958206184
0.0001,2516.0,1.7966313657760615,0.499405065536499
0.0001,2517.0,1.7966313476562499,0.4994049112796783
0.0001,2518.0,1.7966313362121575,0.499404720544815
0.0001,2519.0,1.7966313400268556,0.4994045467376709
0.0001,2520.0,1.796631326675415,0.4994043769836426
0.0001,2521.0,1.7966313295364373,0.4994042031764984
0.0001,2522.0,1.796631328582764,0.49940402936935424
0.0001,2523.0,1.7966313190460204,0.49940386343002324
0.0001,2524.0,1.7966313238143914,0.49940370368957526
0.0001,2525.0,1.7966313152313231,0.4994035339355469
0.0001,2526.0,1.7966313152313231,0.49940336394310003
0.0001,2527.0,1.7966312990188602,0.4994031810760498
0.0001,2528.0,1.7966312866210938,0.49940299415588385
0.0001,2529.0,1.7966312866210932,0.49940287256240845
0.0001,2530.0,1.7966312885284426,0.49940267777442937
0.0001,2531.0,1.7966312723159792,0.49940252256393436
0.0001,2532.0,1.7966312627792356,0.4994023325443268
0.0001,2533.0,1.796631261825561,0.49940219354629517
0.0001,2534.0,1.7966312389373782,0.4994020161628724
0.0001,2535.0,1.7966312437057501,0.4994018359184265
0.0001,2536.0,1.7966312503814699,0.49940166044235235
0.0001,2537.0,1.7966312313079837,0.4994015049934387
0.0001,2538.0,1.7966312236785889,0.49940133476257326
0.0001,2539.0,1.7966312112808225,0.49940117478370666
0.0001,2540.0,1.7966312170028684,0.49940101051330565
0.0001,2541.0,1.7966312179565431,0.4994008655548096
0.0001,2542.0,1.7966312007904046,0.4994007012844085
0.0001,2543.0,1.7966312208175659,0.4994005315303802
0.0001,2544.0,1.796631195068359,0.4994003829956056
0.0001,2545.0,1.79663118648529,0.49940021276473995
0.0001,2546.0,1.7966311864852909,0.4994000687599182
0.0001,2547.0,1.7966311874389649,0.49939985871315007
0.0001,2548.0,1.7966311759948728,0.49939970588684085
0.0001,2549.0,1.7966311721801755,0.49939955878257747
0.0001,2550.0,1.7966311578750602,0.4993994157314301
0.0001,2551.0,1.7966311521530152,0.4993992462158204
0.0001,2552.0,1.7966311702728273,0.4993990960121156
0.0001,2553.0,1.7966311492919917,0.4993989236354828
0.0001,2554.0,1.7966311473846437,0.4993987767696381
0.0001,2555.0,1.7966311378479007,0.4993985857963562
0.0001,2556.0,1.7966311264038084,0.4993984494209289
0.0001,2557.0,1.7966311149597172,0.4993983132839203
0.0001,2558.0,1.7966311235427856,0.49939813566207886
0.0001,2559.0,1.7966311216354367,0.4993979792594909
0.0001,2560.0,1.7966311101913452,0.49939782691001894
0.0001,2561.0,1.7966311006546019,0.49939766716957096
0.0001,2562.0,1.796631106376648,0.4993975157737732
0.0001,2563.0,1.796631093978882,0.49939734506607053
0.0001,2564.0,1.7966310815811157,0.4993971860408783
0.0001,2565.0,1.796631091117859,0.49939703130722046
0.0001,2566.0,1.7966310930252072,0.4993968987464905
0.0001,2567.0,1.7966310863494885,0.4993967072963715
0.0001,2568.0,1.796631071090698,0.49939658546447757
0.0001,2569.0,1.796631076812745,0.4993964467048645
0.0001,2570.0,1.7966310701370236,0.49939629602432256
0.0001,2571.0,1.7966310491561888,0.49939613103866576
0.0001,2572.0,1.7966310529708864,0.49939597702026367
0.0001,2573.0,1.7966310625076296,0.49939580917358395
0.0001,2574.0,1.7966310377120973,0.49939566063880914
0.0001,2575.0,1.7966310443878177,0.49939553070068365
0.0001,2576.0,1.7966310329437258,0.4993953633308411
0.0001,2577.0,1.7966310262680059,0.49939519453048703
0.0001,2578.0,1.7966310396194465,0.4993950464725494
0.0001,2579.0,1.7966310272216803,0.49939491319656376
0.0001,2580.0,1.7966310157775878,0.4993947424888611
0.0001,2581.0,1.7966310100555418,0.4993946020603181
0.0001,2582.0,1.7966310119628903,0.4993944592475892
0.0001,2583.0,1.7966309843063353,0.49939430212974545
0.0001,2584.0,1.7966310052871701,0.4993941440582276
0.0001,2585.0,1.7966310062408448,0.49939399933815004
0.0001,2586.0,1.7966309967041012,0.49939384818077087
0.0001,2587.0,1.7966309843063355,0.49939370107650755
0.0001,2588.0,1.7966309852600102,0.4993935434818268
0.0001,2589.0,1.7966309719085698,0.49939340400695803
0.0001,2590.0,1.7966309700012209,0.49939326691627517
0.0001,2591.0,1.7966309661865234,0.4993931083679199
0.0001,2592.0,1.7966309652328496,0.49939296126365657
0.0001,2593.0,1.796630958557129,0.49939280843734746
0.0001,2594.0,1.7966309394836428,0.4993926529884338
0.0001,2595.0,1.7966309490203864,0.49939253211021417
0.0001,2596.0,1.7966309490203853,0.4993923773765564
0.0001,2597.0,1.7966309289932254,0.4993922429084778
0.0001,2598.0,1.7966309232711797,0.49939210367202763
0.0001,2599.0,1.7966309156417846,0.4993919486999512
0.0001,2600.0,1.7966309356689458,0.49939177656173706
0.0001,2601.0,1.7966309242248535,0.499391667842865
0.0001,2602.0,1.7966309156417841,0.4993914985656739
0.0001,2603.0,1.796630910873413,0.4993913769721986
0.0001,2604.0,1.796630905151367,0.49939122986793516
0.0001,2605.0,1.7966308937072752,0.49939109563827516
0.0001,2606.0,1.7966309013366695,0.4993909363746643
0.0001,2607.0,1.7966308898925785,0.4993908007144928
0.0001,2608.0,1.7966308736801146,0.4993906493186951
0.0001,2609.0,1.7966308851242068,0.4993905122280121
0.0001,2610.0,1.7966308746337885,0.4993903620243072
0.0001,2611.0,1.796630869865417,0.49939024734497073
0.0001,2612.0,1.7966308755874634,0.49939010596275324
0.0001,2613.0,1.7966308765411376,0.49938993287086486
0.0001,2614.0,1.7966308689117432,0.49938981437683105
0.0001,2615.0,1.7966308450698845,0.49938967370986936
0.0001,2616.0,1.7966308498382566,0.49938953733444225
0.0001,2617.0,1.7966308441162104,0.4993893814086914
0.0001,2618.0,1.796630845069885,0.4993892438411712
0.0001,2619.0,1.796630846977234,0.49938909721374514
0.0001,2620.0,1.7966308345794677,0.49938897752761846
0.0001,2621.0,1.796630835533141,0.49938882470130924
0.0001,2622.0,1.7966308422088626,0.49938871240615834
0.0001,2623.0,1.7966308126449577,0.4993885610103607
0.0001,2624.0,1.79663081741333,0.49938841462135325
0.0001,2625.0,1.7966308097839359,0.4993882768154145
0.0001,2626.0,1.79663081073761,0.4993881585597991
0.0001,2627.0,1.7966307983398435,0.4993880138397216
0.0001,2628.0,1.796630793571472,0.49938785982131956
0.0001,2629.0,1.7966308078765874,0.499387729883194
0.0001,2630.0,1.7966308069229127,0.49938760375976565
0.0001,2631.0,1.7966308050155637,0.4993874592781068
0.0001,2632.0,1.7966308002471918,0.49938733887672426
0.0001,2633.0,1.7966307888031001,0.4993871960639954
0.0001,2634.0,1.7966307811737066,0.4993870701789856
0.0001,2635.0,1.7966307811737057,0.4993869380950928
0.0001,2636.0,1.7966307868957516,0.4993867897987366
0.0001,2637.0,1.7966307754516602,0.49938667249679564
0.0001,2638.0,1.796630784034729,0.4993865284919738
0.0001,2639.0,1.7966307764053349,0.4993863832950592
0.0001,2640.0,1.7966307792663578,0.4993862571716309
0.0001,2641.0,1.7966307630538945,0.49938613295555107
0.0001,2642.0,1.7966307535171517,0.49938600349426265
0.0001,2643.0,1.7966307544708262,0.49938587427139275
0.0001,2644.0,1.7966307601928713,0.49938573026657107
0.0001,2645.0,1.7966307477951053,0.49938560438156127
0.0001,2646.0,1.796630731582642,0.4993854792118072
0.0001,2647.0,1.7966307315826422,0.4993853583335876
0.0001,2648.0,1.7966307344436645,0.4993852345943451
0.0001,2649.0,1.7966307249069216,0.4993850893974304
0.0001,2650.0,1.7966307296752932,0.4993849625587463
0.0001,2651.0,1.7966307306289673,0.4993848326206207
0.0001,2652.0,1.796630719184876,0.4993847007751465
0.0001,2653.0,1.7966307125091558,0.4993845784664154
0.0001,2654.0,1.796630711555481,0.4993844566345215
0.0001,2655.0,1.7966307039260867,0.4993843197822571
0.0001,2656.0,1.7966307125091552,0.49938420653343196
0.0001,2657.0,1.796630719184876,0.4993840727806091
0.0001,2658.0,1.7966306943893433,0.49938393759727484
0.0001,2659.0,1.7966306905746463,0.49938382101058965
0.0001,2660.0,1.7966306829452514,0.499383682012558
0.0001,2661.0,1.7966306962966918,0.49938356423377994
0.0001,2662.0,1.7966306867599489,0.49938342094421395
0.0001,2663.0,1.7966306781768802,0.4993833220005036
0.0001,2664.0,1.7966306810379031,0.49938319611549375
0.0001,2665.0,1.7966306734085085,0.49938308191299435
0.0001,2666.0,1.796630669593812,0.49938292837142945
0.0001,2667.0,1.796630670547486,0.4993828201293945
0.0001,2668.0,1.7966306667327885,0.4993826596736908
0.0001,2669.0,1.7966306667327876,0.4993825697898865
0.0001,2670.0,1.7966306591033934,0.4993824486732482
0.0001,2671.0,1.7966306591033934,0.49938230276107787
0.0001,2672.0,1.7966306524276734,0.49938218688964836
0.0001,2673.0,1.7966306400299072,0.4993820796012879
0.0001,2674.0,1.7966306400299075,0.49938196563720705
0.0001,2675.0,1.7966306219100954,0.4993818490505219
0.0001,2676.0,1.796630641937256,0.49938171577453616
0.0001,2677.0,1.796630628585815,0.4993815972805023
0.0001,2678.0,1.7966306343078613,0.4993814604282379
0.0001,2679.0,1.7966306457519532,0.499381326675415
0.0001,2680.0,1.796630630493164,0.49938121819496156
0.0001,2681.0,1.7966306142807014,0.4993810858726502
0.0001,2682.0,1.7966306171417232,0.4993809754848481
0.0001,2683.0,1.7966306257247926,0.4993808712959289
0.0001,2684.0,1.7966306228637694,0.4993807218074799
0.0001,2685.0,1.7966306152343752,0.4993806247711182
0.0001,2686.0,1.796630611419678,0.49938051962852475
0.0001,2687.0,1.7966305866241457,0.49938039565086373
0.0001,2688.0,1.7966306028366092,0.4993802952766419
0.0001,2689.0,1.7966305980682364,0.4993801629543305
0.0001,2690.0,1.7966306056976316,0.499380033493042
0.0001,2691.0,1.7966305904388422,0.4993799211978912
0.0001,2692.0,1.7966305837631225,0.49937980031967166
0.0001,2693.0,1.796630582809448,0.4993796825408936
0.0001,2694.0,1.7966305866241452,0.4993795771598816
0.0001,2695.0,1.7966305732727048,0.49937944412231444
0.0001,2696.0,1.7966305837631225,0.49937931036949157
0.0001,2697.0,1.7966305713653563,0.49937919807434084
0.0001,2698.0,1.7966305809020995,0.49937907814979543
0.0001,2699.0,1.796630570411682,0.4993789730072022
0.0001,2700.0,1.7966305599212642,0.49937885499000545
0.0001,2701.0,1.7966305541992187,0.49937876129150377
0.0001,2702.0,1.7966305541992187,0.49937860655784605
0.0001,2703.0,1.7966305475234987,0.4993785223960876
0.0001,2704.0,1.7966305503845215,0.4993783879280091
0.0001,2705.0,1.7966305522918704,0.4993782782554626
0.0001,2706.0,1.7966305541992191,0.49937816286087033
0.0001,2707.0,1.7966305465698245,0.499378057718277
0.0001,2708.0,1.7966305255889894,0.4993779258728028
0.0001,2709.0,1.7966305427551275,0.4993778150081634
0.0001,2710.0,1.7966305341720583,0.49937770223617556
0.0001,2711.0,1.796630527496338,0.4993775906562805
0.0001,2712.0,1.7966305351257328,0.49937745690345764
0.0001,2713.0,1.796630528450013,0.4993773708343505
0.0001,2714.0,1.796630519866943,0.4993772444725037
0.0001,2715.0,1.7966305274963381,0.49937713289260866
0.0001,2716.0,1.7966305122375488,0.49937700867652907
0.0001,2717.0,1.7966305103302,0.4993769207000732
0.0001,2718.0,1.79663050365448,0.49937682366371156
0.0001,2719.0,1.7966305160522464,0.4993767070770264
0.0001,2720.0,1.7966305217742926,0.49937656188011176
0.0001,2721.0,1.7966305084228513,0.4993764667510986
0.0001,2722.0,1.7966305007934575,0.49937635970115657
0.0001,2723.0,1.7966304988861088,0.49937623739242554
0.0001,2724.0,1.7966305046081543,0.499376139163971
0.0001,2725.0,1.7966305093765256,0.49937601423263556
0.0001,2726.0,1.7966304979324343,0.4993759179115295
0.0001,2727.0,1.7966304807662963,0.4993757987022399
0.0001,2728.0,1.7966305074691773,0.49937569665908804
0.0001,2729.0,1.7966304979324343,0.49937559342384347
0.0001,2730.0,1.7966304931640626,0.4993754754066467
0.0001,2731.0,1.7966304702758789,0.4993753569126129
0.0001,2732.0,1.7966304817199705,0.4993752517700195
0.0001,2733.0,1.7966304683685301,0.49937515282630923
0.0001,2734.0,1.7966304845809937,0.4993750286102295
0.0001,2735.0,1.7966304712295538,0.4993749387264252
0.0001,2736.0,1.7966304740905759,0.4993748326301575
0.0001,2737.0,1.7966304712295533,0.4993747160434723
0.0001,2738.0,1.7966304492950438,0.49937459230422976
0.0001,2739.0,1.7966304435729983,0.49937450957298274
0.0001,2740.0,1.7966304588317874,0.4993743929862975
0.0001,2741.0,1.7966304426193236,0.49937430930137633
0.0001,2742.0,1.7966304397583,0.4993741784095764
0.0001,2743.0,1.796630444526672,0.4993740632534027
0.0001,2744.0,1.796630458831787,0.49937396574020393
0.0001,2745.0,1.7966304407119749,0.49937385606765744
0.0001,2746.0,1.796630445480347,0.49937376236915587
0.0001,2747.0,1.7966304416656491,0.49937365198135386
0.0001,2748.0,1.7966304445266728,0.4993735389709473
0.0001,2749.0,1.7966304378509523,0.49937344217300417
0.0001,2750.0,1.7966304244995124,0.4993733382225036
0.0001,2751.0,1.796630424499512,0.49937321901321413
0.0001,2752.0,1.7966304454803472,0.49937310814857483
0.0001,2753.0,1.796630421638489,0.4993730144500733
0.0001,2754.0,1.7966304016113281,0.49937291145324714
0.0001,2755.0,1.7966304130554203,0.49937280821800234
0.0001,2756.0,1.796630403518677,0.49937271261215216
0.0001,2757.0,1.7966304073333736,0.49937260985374443
0.0001,2758.0,1.7966304044723511,0.4993725204467774
0.0001,2759.0,1.7966304016113284,0.49937240386009213
0.0001,2760.0,1.796630397796631,0.4993723044395447
0.0001,2761.0,1.7966304082870483,0.4993722002506256
0.0001,2762.0,1.7966304035186764,0.4993720934391022
0.0001,2763.0,1.7966304035186766,0.49937199378013614
0.0001,2764.0,1.7966303691864016,0.49937190103530893
0.0001,2765.0,1.7966303939819337,0.4993717935085296
0.0001,2766.0,1.7966304016113286,0.4993716902732849
0.0001,2767.0,1.7966303939819341,0.49937158441543583
0.0001,2768.0,1.7966304073333748,0.4993714861869812
0.0001,2769.0,1.7966303844451896,0.49937139868736263
0.0001,2770.0,1.7966303787231448,0.49937129354476933
0.0001,2771.0,1.7966303739547733,0.4993712124824524
0.0001,2772.0,1.796630373954773,0.49937111115455624
0.0001,2773.0,1.7966303749084476,0.4993709886074066
0.0001,2774.0,1.7966303834915154,0.49937090110778815
0.0001,2775.0,1.796630381584167,0.4993708074092865
0.0001,2776.0,1.7966303911209103,0.4993707218170166
0.0001,2777.0,1.7966303768157956,0.49937061333656313
0.0001,2778.0,1.79663036441803,0.4993705306053161
0.0001,2779.0,1.796630362510681,0.49937042450904845
0.0001,2780.0,1.796630351066589,0.49937030005455024
0.0001,2781.0,1.7966303510665893,0.4993702185153961
0.0001,2782.0,1.7966303558349612,0.49937011694908146
0.0001,2783.0,1.7966303672790527,0.49937003326416024
0.0001,2784.0,1.7966303634643557,0.4993699190616608
0.0001,2785.0,1.796630347251892,0.49936984205245977
0.0001,2786.0,1.7966303501129146,0.4993697454929351
0.0001,2787.0,1.7966303348541253,0.4993696269989013
0.0001,2788.0,1.796630356788635,0.49936953902244574
0.0001,2789.0,1.7966303348541264,0.49936943435668946
0.0001,2790.0,1.7966303405761719,0.4993693602085114
0.0001,2791.0,1.796630337715148,0.49936927080154414
0.0001,2792.0,1.7966303472518925,0.49936915802955634
0.0001,2793.0,1.7966303501129146,0.4993690495491028
0.0001,2794.0,1.7966303319931027,0.49936897230148314
0.0001,2795.0,1.7966303348541257,0.4993688778877259
0.0001,2796.0,1.7966303367614744,0.49936877393722534
0.0001,2797.0,1.796630326271057,0.4993686890602112
0.0001,2798.0,1.796630319595337,0.49936860108375547
0.0001,2799.0,1.796630334854126,0.4993685059547424
0.0001,2800.0,1.7966303243637085,0.49936841154098505
0.0001,2801.0,1.7966303358078002,0.49936831068992615
0.0001,2802.0,1.796630334854126,0.49936821699142453
0.0001,2803.0,1.7966303138732913,0.4993681199550629
0.0001,2804.0,1.7966303224563602,0.4993680267333985
0.0001,2805.0,1.7966303081512447,0.4993679330348969
0.0001,2806.0,1.7966303005218505,0.49936784696578984
0.0001,2807.0,1.7966303176879879,0.4993677594661713
0.0001,2808.0,1.7966303253173825,0.4993676509857179
0.0001,2809.0,1.7966303215026858,0.49936756157875056
0.0001,2810.0,1.7966303081512451,0.49936747789382935
0.0001,2811.0,1.7966303014755254,0.49936739110946654
0.0001,2812.0,1.7966303100585945,0.4993672902584076
0.0001,2813.0,1.796630296707153,0.49936719512939454
0.0001,2814.0,1.796630290985107,0.4993671057224274
0.0001,2815.0,1.7966302852630618,0.49936701011657714
0.0001,2816.0,1.7966302967071535,0.49936692976951597
0.0001,2817.0,1.79663028717041,0.49936684417724614
0.0001,2818.0,1.7966303062438964,0.4993667509555817
0.0001,2819.0,1.796630279541015,0.49936665725708
0.0001,2820.0,1.7966302776336678,0.49936656713485716
0.0001,2821.0,1.796630302429199,0.49936648774147036
0.0001,2822.0,1.7966302900314326,0.49936637353897106
0.0001,2823.0,1.796630270004272,0.49936630201339716
0.0001,2824.0,1.796630294799805,0.4993662037849427
0.0001,2825.0,1.796630272865295,0.49936612129211433
0.0001,2826.0,1.7966302852630611,0.49936600923538205
0.0001,2827.0,1.7966302804946903,0.49936594009399404
0.0001,2828.0,1.7966302862167356,0.499365871667862
0.0001,2829.0,1.796630270004272,0.49936578035354623
0.0001,2830.0,1.7966302690505978,0.4993656728267669
0.0001,2831.0,1.7966302757263188,0.4993655948638917
0.0001,2832.0,1.7966302785873414,0.49936550712585454
0.0001,2833.0,1.7966302661895752,0.4993654038906098
0.0001,2834.0,1.7966302700042722,0.4993653106689453
0.0001,2835.0,1.7966302728652954,0.4993652479648591
0.0001,2836.0,1.7966302719116214,0.4993651528358459
0.0001,2837.0,1.7966302499771118,0.4993650889396668
0.0001,2838.0,1.7966302461624148,0.4993649754524231
0.0001,2839.0,1.7966302585601805,0.4993648893833161
0.0001,2840.0,1.7966302528381348,0.49936480379104614
0.0001,2841.0,1.7966302585601803,0.4993647360801697
0.0001,2842.0,1.7966302604675297,0.49936463212966925
0.0001,2843.0,1.7966302461624148,0.49936453247070317
0.0001,2844.0,1.7966302480697636,0.4993644828796387
0.0001,2845.0,1.7966302499771118,0.4993643701076508
0.0001,2846.0,1.7966302518844601,0.49936429643630986
0.0001,2847.0,1.796630239486694,0.4993641912937164
0.0001,2848.0,1.7966302413940427,0.4993641228675842
0.0001,2849.0,1.796630230903625,0.49936404442787174
0.0001,2850.0,1.7966302261352536,0.4993639664649964
0.0001,2851.0,1.7966302309036248,0.49936387777328495
0.0001,2852.0,1.7966302318572995,0.49936378908157353
0.0001,2853.0,1.7966302280426023,0.49936368942260745
0.0001,2854.0,1.7966302232742308,0.49936361861228934
0.0001,2855.0,1.7966302261352542,0.4993635182380677
0.0001,2856.0,1.7966302242279049,0.49936342453956595
0.0001,2857.0,1.7966302280426028,0.49936334395408627
0.0001,2858.0,1.7966302328109736,0.49936327362060545
0.0001,2859.0,1.7966302223205566,0.49936319756507874
0.0001,2860.0,1.7966302280426028,0.4993631172180175
0.0001,2861.0,1.7966302165985104,0.4993630316257476
0.0001,2862.0,1.7966302347183227,0.499362934589386
0.0001,2863.0,1.7966301975250247,0.4993628716468811
0.0001,2864.0,1.7966302185058594,0.4993627798557282
0.0001,2865.0,1.796630214691162,0.49936270189285276
0.0001,2866.0,1.7966302108764654,0.499362609386444
0.0001,2867.0,1.7966302289962768,0.4993625433444978
0.0001,2868.0,1.7966302051544194,0.4993624610900879
0.0001,2869.0,1.796630213737488,0.4993623864650726
0.0001,2870.0,1.7966301975250247,0.4993623082637787
0.0001,2871.0,1.7966302061080932,0.49936221313476564
0.0001,2872.0,1.7966301994323732,0.4993621389865875
0.0001,2873.0,1.7966301937103275,0.49936204004287715
0.0001,2874.0,1.796630193710327,0.49936197495460505
0.0001,2875.0,1.796630202293396,0.49936190080642706
0.0001,2876.0,1.7966301956176765,0.4993618068695068
0.0001,2877.0,1.7966301879882813,0.49936171126365664
0.0001,2878.0,1.7966301832199096,0.49936164903640756
0.0001,2879.0,1.7966302032470702,0.49936157560348515
0.0001,2880.0,1.7966301898956305,0.4993615052700042
0.0001,2881.0,1.7966301851272581,0.49936142539978035
0.0001,2882.0,1.7966301975250247,0.4993613379001619
0.0001,2883.0,1.7966301984786994,0.4993612518310546
0.0001,2884.0,1.796630217552185,0.4993611719608307
0.0001,2885.0,1.7966302089691162,0.4993610901832581
0.0001,2886.0,1.7966301927566533,0.49936103439331053
0.0001,2887.0,1.7966301822662354,0.4993609583377839
0.0001,2888.0,1.7966301908493045,0.4993608574867249
0.0001,2889.0,1.7966301822662354,0.49936078214645385
0.0001,2890.0,1.7966301727294918,0.4993607137203217
0.0001,2891.0,1.796630168914795,0.49936062622070315
0.0001,2892.0,1.7966301755905152,0.4993605456352233
0.0001,2893.0,1.7966301784515384,0.4993604867458344
0.0001,2894.0,1.7966301784515377,0.4993604140281678
0.0001,2895.0,1.7966301746368405,0.4993603327274323
0.0001,2896.0,1.7966301784515382,0.4993602623939514
0.0001,2897.0,1.7966301689147948,0.4993601794242859
0.0001,2898.0,1.7966301574707026,0.49936011338233943
0.0001,2899.0,1.7966301679611205,0.49936005020141605
0.0001,2900.0,1.7966301641464226,0.49935996198654176
0.0001,2901.0,1.7966301574707033,0.4993598973751069
0.0001,2902.0,1.796630157470703,0.4993598155975342
0.0001,2903.0,1.7966301631927488,0.49935973715782167
0.0001,2904.0,1.796630169868469,0.4993596589565276
0.0001,2905.0,1.7966301746368414,0.49935957527160646
0.0001,2906.0,1.7966301698684695,0.4993594896793365
0.0001,2907.0,1.7966301622390752,0.4993594155311585
0.0001,2908.0,1.7966301622390748,0.4993593420982362
0.0001,2909.0,1.7966301469802854,0.4993592855930329
0.0001,2910.0,1.7966301689147945,0.49935919952392577
0.0001,2911.0,1.7966301479339608,0.4993591361045837
0.0001,2912.0,1.7966301546096803,0.49935905814170833
0.0001,2913.0,1.7966301460266112,0.49935897064208984
0.0001,2914.0,1.7966301460266114,0.49935889649391174
0.0001,2915.0,1.7966301517486571,0.49935884141921993
0.0001,2916.0,1.7966301422119142,0.49935875654220585
0.0001,2917.0,1.796630146026611,0.4993586640357971
0.0001,2918.0,1.7966301326751708,0.4993586144447326
0.0001,2919.0,1.7966301488876344,0.4993585298061371
0.0001,2920.0,1.7966301479339604,0.4993584420681001
0.0001,2921.0,1.7966301450729378,0.49935837984085085
0.0001,2922.0,1.7966301326751717,0.49935831475257886
0.0001,2923.0,1.7966301250457768,0.4993582577705383
0.0001,2924.0,1.796630142211914,0.49935816717147824
0.0001,2925.0,1.7966301460266114,0.4993580973148346
0.0001,2926.0,1.7966301317214972,0.49935803437232973
0.0001,2927.0,1.7966301441192625,0.4993579785823823
0.0001,2928.0,1.7966301374435425,0.49935789871215813
0.0001,2929.0,1.7966301374435427,0.49935782003402707
0.0001,2930.0,1.796630136489868,0.49935774970054625
0.0001,2931.0,1.7966301307678214,0.4993576736450195
0.0001,2932.0,1.7966301259994502,0.49935761690139774
0.0001,2933.0,1.7966301250457763,0.49935753631591806
0.0001,2934.0,1.7966301202774047,0.4993574450016022
0.0001,2935.0,1.796630126953125,0.4993573892116546
0.0001,2936.0,1.7966301202774044,0.49935732221603396
0.0001,2937.0,1.7966301269531249,0.4993572504520416
0.0001,2938.0,1.7966301336288457,0.4993571870326996
0.0001,2939.0,1.7966301202774058,0.4993571200370789
0.0001,2940.0,1.7966301202774053,0.4993570477962494
0.0001,2941.0,1.796630119323731,0.499356979370117
0.0001,2942.0,1.7966301212310796,0.4993569140434265
0.0001,2943.0,1.7966301422119142,0.49935684418678283
0.0001,2944.0,1.7966301279067995,0.4993567728996277
0.0001,2945.0,1.796630098342896,0.49935670876502997
0.0001,2946.0,1.7966301212310791,0.49935664153099063
0.0001,2947.0,1.7966301221847538,0.49935656213760377
0.0001,2948.0,1.7966301221847532,0.49935649061202997
0.0001,2949.0,1.7966301374435427,0.49935643625259396
0.0001,2950.0,1.796630121231079,0.49935635375976556
0.0001,2951.0,1.7966301155090336,0.4993562967777253
0.0001,2952.0,1.7966301078796394,0.4993562414646149
0.0001,2953.0,1.7966301050186162,0.499356164932251
0.0001,2954.0,1.7966301002502445,0.4993560900688172
0.0001,2955.0,1.7966300992965698,0.49935605406761174
0.0001,2956.0,1.7966300973892215,0.499355968952179
0.0001,2957.0,1.7966301002502447,0.49935589051246637
0.0001,2958.0,1.7966301155090334,0.49935582518577576
0.0001,2959.0,1.7966301088333139,0.4993557763099671
0.0001,2960.0,1.7966300907135018,0.49935571503639226
0.0001,2961.0,1.7966301164627079,0.4993556249141694
0.0001,2962.0,1.7966301107406617,0.4993555583953857
0.0001,2963.0,1.796630103111267,0.49935548806190494
0.0001,2964.0,1.7966300926208494,0.49935545325279235
0.0001,2965.0,1.7966301059722898,0.49935536575317385
0.0001,2966.0,1.79663009929657,0.4993553178310395
0.0001,2967.0,1.7966300849914554,0.4993552300930023
0.0001,2968.0,1.7966300849914556,0.4993551769256592
0.0001,2969.0,1.7966300983428958,0.49935509824752805
0.0001,2970.0,1.796630097389222,0.4993550488948822
0.0001,2971.0,1.7966300888061524,0.4993549766540528
0.0001,2972.0,1.7966301012039185,0.4993548998832703
0.0001,2973.0,1.79663010597229,0.4993548467159271
0.0001,2974.0,1.7966300868988034,0.49935477304458625
0.0001,2975.0,1.7966301002502438,0.49935471487045285
0.0001,2976.0,1.7966301059722904,0.49935466742515566
0.0001,2977.0,1.796630081176759,0.49935460329055786
0.0001,2978.0,1.7966300773620607,0.4993545317649842
0.0001,2979.0,1.7966301012039192,0.499354478597641
0.0001,2980.0,1.796630094528198,0.49935441827774046
0.0001,2981.0,1.7966300697326656,0.4993543524742127
0.0001,2982.0,1.7966300687789911,0.4993542859554291
0.0001,2983.0,1.7966300802230835,0.4993542141914368
0.0001,2984.0,1.7966300706863403,0.49935415649414067
0.0001,2985.0,1.796630079269409,0.49935409522056584
0.0001,2986.0,1.7966300888061528,0.4993540291786194
0.0001,2987.0,1.7966300811767582,0.49935396051406866
0.0001,2988.0,1.7966300716400143,0.49935391068458557
0.0001,2989.0,1.7966300859451294,0.49935386061668396
0.0001,2990.0,1.7966300725936892,0.49935379028320315
0.0001,2991.0,1.7966300754547126,0.4993537330627441
0.0001,2992.0,1.7966300916671751,0.49935367226600647
0.0001,2993.0,1.7966300754547124,0.4993536076545716
0.0001,2994.0,1.7966300792694094,0.49935353803634647
0.0001,2995.0,1.7966300697326665,0.4993534948825836
0.0001,2996.0,1.7966300792694094,0.4993534333705903
0.0001,2997.0,1.796630075454712,0.49935334920883184
0.0001,2998.0,1.7966300582885744,0.49935329604148865
0.0001,2999.0,1.7966300697326658,0.49935324907302864
0.0001,3000.0,1.796630078315735,0.4993531575202943
0.0001,3001.0,1.796630066871643,0.49935311841964725
0.0001,3002.0,1.7966300773620603,0.49935306715965266
0.0001,3003.0,1.7966300764083862,0.49935298538208006
0.0001,3004.0,1.7966300764083853,0.499352937221527
0.0001,3005.0,1.7966300582885744,0.4993528878688812
0.0001,3006.0,1.7966300563812254,0.49935281419754035
0.0001,3007.0,1.7966300535202024,0.49935274267196655
0.0001,3008.0,1.7966300582885741,0.4993526837825775
0.0001,3009.0,1.7966300611495973,0.49935264182090766
0.0001,3010.0,1.7966300697326656,0.499352575302124
0.0001,3011.0,1.7966300573348997,0.49935251832008365
0.0001,3012.0,1.7966300582885737,0.4993524663448335
0.0001,3013.0,1.796630061149597,0.4993524212837219
0.0001,3014.0,1.796630060195923,0.49935234642028814
0.0001,3015.0,1.7966300601959222,0.4993522925376893
0.0001,3016.0,1.796630050659179,0.49935224008560186
0.0001,3017.0,1.7966300621032714,0.49935216474533084
0.0001,3018.0,1.7966300525665273,0.4993521094322205
0.0001,3019.0,1.7966300487518307,0.49935205054283144
0.0001,3020.0,1.796630049705506,0.49935198593139646
0.0001,3021.0,1.7966300487518312,0.4993519442081451
0.0001,3022.0,1.796630065917969,0.49935187506675727
0.0001,3023.0,1.7966300506591792,0.4993518471717835
0.0001,3024.0,1.7966300373077393,0.49935177803039554
0.0001,3025.0,1.7966300468444825,0.4993517191410065
0.0001,3026.0,1.7966300640106208,0.4993516693115234
0.0001,3027.0,1.7966300420761114,0.4993515911102296
0.0001,3028.0,1.796630044937134,0.4993515453338623
0.0001,3029.0,1.7966300420761117,0.499351482629776
0.0001,3030.0,1.7966300401687625,0.499351438999176
0.0001,3031.0,1.7966300544738771,0.49935139465332024
0.0001,3032.0,1.7966300306320195,0.49935131287574763
0.0001,3033.0,1.7966300449371342,0.49935126161575316
0.0001,3034.0,1.7966300258636478,0.4993512001037598
0.0001,3035.0,1.7966300420761117,0.49935115432739263
0.0001,3036.0,1.7966300392150882,0.49935109925270077
0.0001,3037.0,1.7966300306320195,0.49935104417800913
0.0001,3038.0,1.79663003730774,0.49935098266601574
0.0001,3039.0,1.7966300458908082,0.4993509294986724
0.0001,3040.0,1.796630047798157,0.4993508927822113
0.0001,3041.0,1.79663005065918,0.4993508224487305
0.0001,3042.0,1.7966300535202036,0.4993507666587829
0.0001,3043.0,1.796630037307739,0.49935073065757746
0.0001,3044.0,1.796630033493042,0.49935066008567813
0.0001,3045.0,1.7966300334930423,0.4993505897521972
0.0001,3046.0,1.7966300373077395,0.4993505516052246
0.0001,3047.0,1.7966300401687618,0.4993504979610444
0.0001,3048.0,1.796630028724671,0.4993504502773285
0.0001,3049.0,1.7966300363540644,0.49935040473937986
0.0001,3050.0,1.796630034446716,0.49935036039352415
0.0001,3051.0,1.796630045890808,0.49935030579566964
0.0001,3052.0,1.7966300363540648,0.4993502292633056
0.0001,3053.0,1.796630024909973,0.49935018920898444
0.0001,3054.0,1.796630047798156,0.49935013532638556
0.0001,3055.0,1.7966300201416021,0.49935009598732
0.0001,3056.0,1.7966300315856933,0.49935003089904784
0.0001,3057.0,1.7966300134658812,0.4993499732017517
0.0001,3058.0,1.796630019187927,0.49934991621971125
0.0001,3059.0,1.7966300296783446,0.49934986352920535
0.0001,3060.0,1.7966300334930414,0.4993498196601868
0.0001,3061.0,1.796630031585693,0.49934975266456605
0.0001,3062.0,1.7966300163269044,0.4993497159481049
0.0001,3063.0,1.796630017280578,0.4993496606349945
0.0001,3064.0,1.7966300125122066,0.49934960556030283
0.0001,3065.0,1.7966300249099731,0.4993495535850525
0.0001,3066.0,1.7966300287246701,0.49934948682785035
0.0001,3067.0,1.7966300392150873,0.4993494534492492
0.0001,3068.0,1.796630023002624,0.49934939193725586
0.0001,3069.0,1.7966300220489504,0.4993493647575378
0.0001,3070.0,1.7966300230026242,0.49934929823875435
0.0001,3071.0,1.7966300144195553,0.4993492391109467
0.0001,3072.0,1.7966300325393678,0.49934918999671934
0.0001,3073.0,1.7966300077438355,0.49934912276268
0.0001,3074.0,1.7966300258636472,0.4993490796089173
0.0001,3075.0,1.7966300230026242,0.49934901237487794
0.0001,3076.0,1.7966300201416014,0.4993489642143249
0.0001,3077.0,1.7966300220489504,0.49934891295433037
0.0001,3078.0,1.7966300144195555,0.4993488616943359
0.0001,3079.0,1.7966300182342523,0.49934881234169004
0.0001,3080.0,1.796630009651184,0.49934874892234804
0.0001,3081.0,1.7966300125122068,0.4993487222194672
0.0001,3082.0,1.796630024909973,0.49934866762161256
0.0001,3083.0,1.796630008697509,0.4993486151695252
0.0001,3084.0,1.7966300163269042,0.4993485643863678
0.0001,3085.0,1.796630018234253,0.49934851431846616
0.0001,3086.0,1.7966300106048578,0.4993484482765198
0.0001,3087.0,1.7966300258636474,0.49934841489791876
0.0001,3088.0,1.7966300134658817,0.4993483750820159
0.0001,3089.0,1.7966300182342525,0.4993483140468597
0.0001,3090.0,1.796630001068115,0.49934825849533065
0.0001,3091.0,1.796630004882812,0.4993482375144958
0.0001,3092.0,1.79662998008728,0.4993481917381286
0.0001,3093.0,1.7966300172805796,0.49934812402725215
0.0001,3094.0,1.7966300039291385,0.4993480644226075
0.0001,3095.0,1.796630010604859,0.49934801816940305
0.0001,3096.0,1.7966300106048587,0.4993479654788971
0.0001,3097.0,1.7966300048828123,0.49934789443016053
0.0001,3098.0,1.7966300144195557,0.4993478584289551
0.0001,3099.0,1.796630001068115,0.4993478181362152
0.0001,3100.0,1.7966300010681158,0.49934778571128846
0.0001,3101.0,1.7966300153732302,0.49934773111343383
0.0001,3102.0,1.7966300163269042,0.4993476715087891
0.0001,3103.0,1.7966300048828125,0.49934760808944706
0.0001,3104.0,1.7966299934387209,0.49934756875038144
0.0001,3105.0,1.7966299934387207,0.499347511768341
0.0001,3106.0,1.7966299953460692,0.4993474650382996
0.0001,3107.0,1.796630009651184,0.499347426891327
0.0001,3108.0,1.7966300001144409,0.4993473775386811
0.0001,3109.0,1.7966299915313722,0.4993473267555236
0.0001,3110.0,1.7966300058364866,0.4993472824096679
0.0001,3111.0,1.796629998207092,0.4993472235202789
0.0001,3112.0,1.796630002975464,0.4993471887111664
0.0001,3113.0,1.7966300115585323,0.4993471467494965
0.0001,3114.0,1.7966300077438353,0.4993470935821534
0.0001,3115.0,1.7966300039291376,0.4993470342159271
0.0001,3116.0,1.7966300086975093,0.4993470175266265
0.0001,3117.0,1.7966300125122068,0.4993469638824463
0.0001,3118.0,1.7966300020217896,0.49934692430496225
0.0001,3119.0,1.796630004882812,0.49934686994552624
0.0001,3120.0,1.7966299934387204,0.49934681534767156
0.0001,3121.0,1.7966299867630005,0.4993467617034912
0.0001,3122.0,1.7966299848556522,0.4993467330932617
0.0001,3123.0,1.796630001068115,0.4993466968536377
0.0001,3124.0,1.7966299991607662,0.49934663605690005
0.0001,3125.0,1.7966299839019777,0.49934660744667053
0.0001,3126.0,1.7966299896240234,0.4993465688228607
0.0001,3127.0,1.7966299934387209,0.49934653520584105
0.0001,3128.0,1.7966299962997432,0.4993464736938476
0.0001,3129.0,1.7966300010681153,0.4993464217185974
0.0001,3130.0,1.7966299934387209,0.4993463742733002
0.0001,3131.0,1.7966300048828125,0.499346338748932
0.0001,3132.0,1.7966299781799313,0.4993462882041932
0.0001,3133.0,1.796629991531372,0.4993462386131287
0.0001,3134.0,1.7966299848556517,0.49934618425369265
0.0001,3135.0,1.796630003929138,0.4993461513519287
0.0001,3136.0,1.7966299896240232,0.49934610176086425
0.0001,3137.0,1.7966299848556517,0.4993460524082184
0.0001,3138.0,1.7966299991607668,0.4993460080623627
0.0001,3139.0,1.7966299858093264,0.4993459644317627
0.0001,3140.0,1.7966299753189083,0.49934592962265023
0.0001,3141.0,1.796629978179932,0.49934588384628303
0.0001,3142.0,1.7966299810409552,0.49934584569931034
0.0001,3143.0,1.7966299915313724,0.49934579634666443
0.0001,3144.0,1.7966299791336056,0.4993457531929017
0.0001,3145.0,1.796629984855652,0.4993456988334655
0.0001,3146.0,1.7966299982070921,0.49934566283226023
0.0001,3147.0,1.796629989624023,0.49934560227394115
0.0001,3148.0,1.796629981994629,0.4993455643653869
0.0001,3149.0,1.7966299724578858,0.4993455214500427
0.0001,3150.0,1.7966299705505369,0.49934547829627984
0.0001,3151.0,1.796629982948303,0.4993454365730285
0.0001,3152.0,1.7966299743652345,0.49934539270401
0.0001,3153.0,1.7966299762725833,0.49934535598754887
0.0001,3154.0,1.7966299753189088,0.49934529066085814
0.0001,3155.0,1.7966299686431892,0.49934524965286253
0.0001,3156.0,1.7966299810409547,0.4993452229499817
0.0001,3157.0,1.796629977226258,0.4993451714515686
0.0001,3158.0,1.7966299800872807,0.49934512329101566
0.0001,3159.0,1.7966299772262573,0.499345079421997
0.0001,3160.0,1.796629974365235,0.4993450453281402
0.0001,3161.0,1.7966299772262568,0.4993450162410735
0.0001,3162.0,1.79662997341156,0.4993449592590333
0.0001,3163.0,1.7966299896240236,0.49934492444992074
0.0001,3164.0,1.7966299877166754,0.4993448660373688
0.0001,3165.0,1.796629976272583,0.4993448300361634
0.0001,3166.0,1.7966299762725826,0.4993448045253754
0.0001,3167.0,1.796629983901977,0.4993447360992432
0.0001,3168.0,1.7966299762725837,0.4993447012901306
0.0001,3169.0,1.7966299705505369,0.4993446619510651
0.0001,3170.0,1.7966299552917486,0.4993446202278138
0.0001,3171.0,1.7966299715042116,0.4993445935249329
0.0001,3172.0,1.7966299800872803,0.49934455490112306
0.0001,3173.0,1.7966299753189086,0.49934452390670775
0.0001,3174.0,1.7966299619674682,0.49934445738792427
0.0001,3175.0,1.7966299667358396,0.4993444123268127
0.0001,3176.0,1.7966299858093266,0.4993443698883057
0.0001,3177.0,1.7966299924850466,0.49934432554244995
0.0001,3178.0,1.7966299819946292,0.49934429001808167
0.0001,3179.0,1.7966299924850464,0.4993442554473877
0.0001,3180.0,1.7966299858093264,0.4993442234992981
0.0001,3181.0,1.7966299781799313,0.4993441812992096
0.0001,3182.0,1.7966299667358396,0.49934412026405334
0.0001,3183.0,1.7966299886703494,0.49934408926963814
0.0001,3184.0,1.7966299724578862,0.4993440568447112
0.0001,3185.0,1.796629972457886,0.4993440189361572
0.0001,3186.0,1.796629978179932,0.49934397649765017
0.0001,3187.0,1.7966299781799322,0.49934391999244687
0.0001,3188.0,1.7966299629211429,0.4993438909053803
0.0001,3189.0,1.7966299600601199,0.4993438420295716
0.0001,3190.0,1.796629962921143,0.49934381055831917
0.0001,3191.0,1.7966299686431886,0.49934377837181093
0.0001,3192.0,1.7966299724578865,0.49934371805191047
0.0001,3193.0,1.7966299648284918,0.49934368515014654
0.0001,3194.0,1.7966299552917486,0.4993436450958252
0.0001,3195.0,1.7966299591064459,0.49934360504150394
0.0001,3196.0,1.7966299610137941,0.49934355521202084
0.0001,3197.0,1.7966299562454224,0.4993435025215149
0.0001,3198.0,1.7966299743652339,0.4993434748649596
0.0001,3199.0,1.7966299743652343,0.49934343719482427
0.0001,3200.0,1.7966299648284914,0.49934339928627014
0.0001,3201.0,1.7966299715042118,0.49934337639808657
0.0001,3202.0,1.7966299686431888,0.49934332323074343
0.0001,3203.0,1.7966299791336058,0.49934328889846796
0.0001,3204.0,1.7966299591064452,0.4993432440757752
0.0001,3205.0,1.7966299724578858,0.49934318947792056
0.0001,3206.0,1.7966299781799315,0.4993431680202484
0.0001,3207.0,1.7966299629211429,0.49934311723709096
0.0001,3208.0,1.7966299762725828,0.4993430905342102
0.0001,3209.0,1.7966299543380737,0.4993430480957031
0.0001,3210.0,1.7966299591064454,0.4993430216312409
0.0001,3211.0,1.7966299552917477,0.499342972278595
0.0001,3212.0,1.796629958152771,0.49934293031692506
0.0001,3213.0,1.7966299438476554,0.4993429236412048
0.0001,3214.0,1.7966299571990962,0.49934287476539607
0.0001,3215.0,1.7966299629211422,0.4993428189754486
0.0001,3216.0,1.7966299638748167,0.4993427700996398
0.0001,3217.0,1.7966299724578858,0.4993427386283874
0.0001,3218.0,1.7966299667358394,0.49934268403053284
0.0001,3219.0,1.7966299829483021,0.49934266448020936
0.0001,3220.0,1.7966299753189088,0.4993426167964936
0.0001,3221.0,1.7966299648284911,0.499342567205429
0.0001,3222.0,1.7966299705505369,0.49934254074096684
0.0001,3223.0,1.7966299676895137,0.4993425085544586
0.0001,3224.0,1.7966299533843992,0.49934246659278875
0.0001,3225.0,1.796629964828491,0.4993424222469329
0.0001,3226.0,1.7966299743652339,0.49934237289428707
0.0001,3227.0,1.7966299629211417,0.4993423285484314
0.0001,3228.0,1.796629961013794,0.499342315196991
0.0001,3229.0,1.7966299571990962,0.4993422620296478
0.0001,3230.0,1.7966299476623535,0.49934223914146425
0.0001,3231.0,1.7966299505233758,0.49934221267700196
0.0001,3232.0,1.7966299533843986,0.49934216308593743
0.0001,3233.0,1.796629953384399,0.49934213209152223
0.0001,3234.0,1.7966299734115598,0.4993420999050141
0.0001,3235.0,1.7966299495697022,0.4993420598506928
0.0001,3236.0,1.7966299724578851,0.4993420219421386
0.0001,3237.0,1.7966299772262568,0.4993419795036317
0.0001,3238.0,1.7966299686431877,0.4993419401645661
0.0001,3239.0,1.7966299667358394,0.4993419091701508
0.0001,3240.0,1.796629961013793,0.49934188127517704
0.0001,3241.0,1.7966299648284907,0.4993418259620666
0.0001,3242.0,1.7966299676895139,0.4993417911529541
0.0001,3243.0,1.7966299524307254,0.499341754436493
0.0001,3244.0,1.796629955291748,0.49934170508384706
0.0001,3245.0,1.7966299438476563,0.49934169244766236
0.0001,3246.0,1.7966299591064452,0.4993416366577148
0.0001,3247.0,1.7966299419403076,0.49934159421920765
0.0001,3248.0,1.7966299486160278,0.49934156250953676
0.0001,3249.0,1.7966299438476563,0.49934151434898383
0.0001,3250.0,1.7966299562454224,0.4993414897918701
0.0001,3251.0,1.7966299591064454,0.4993414607048035
0.0001,3252.0,1.7966299533843995,0.499341411113739
0.0001,3253.0,1.7966299638748173,0.49934136557579045
0.0001,3254.0,1.796629950523376,0.4993413510322571
0.0001,3255.0,1.7966299610137944,0.4993413219451904
0.0001,3256.0,1.7966299629211424,0.4993412642478943
0.0001,3257.0,1.796629979133606,0.49934124016761783
0.0001,3258.0,1.7966299571990965,0.49934120917320246
0.0001,3259.0,1.796629957199097,0.4993411862850189
0.0001,3260.0,1.7966299486160273,0.49934114694595333
0.0001,3261.0,1.7966299505233767,0.4993411102294922
0.0001,3262.0,1.796629955291748,0.49934106659889227
0.0001,3263.0,1.7966299619674686,0.4993410279750825
0.0001,3264.0,1.7966299581527707,0.4993409841060638
0.0001,3265.0,1.7966299514770512,0.49934094619750974
0.0001,3266.0,1.7966299400329586,0.4993409018516541
0.0001,3267.0,1.7966299428939814,0.49934089064598086
0.0001,3268.0,1.7966299505233758,0.4993408772945404
0.0001,3269.0,1.7966299495697018,0.4993408379554748
0.0001,3270.0,1.7966299419403076,0.49934080123901364
0.0001,3271.0,1.7966299571990965,0.49934076333045957
0.0001,3272.0,1.7966299438476558,0.4993407366275788
0.0001,3273.0,1.7966299352645876,0.4993406884670258
0.0001,3274.0,1.7966299552917482,0.4993406510353088
0.0001,3275.0,1.7966299438476558,0.49934063577651966
0.0001,3276.0,1.7966299390792853,0.49934058380126944
0.0001,3277.0,1.7966299428939816,0.4993405394554138
0.0001,3278.0,1.79662994480133,0.49934052634239195
0.0001,3279.0,1.7966299648284911,0.4993405003547669
0.0001,3280.0,1.7966299591064454,0.49934044599533084
0.0001,3281.0,1.7966299571990965,0.4993404211997986
0.0001,3282.0,1.7966299505233767,0.49934039068222047
0.0001,3283.0,1.7966299524307252,0.49934033370018
0.0001,3284.0,1.796629957199097,0.4993403110504152
0.0001,3285.0,1.796629949569702,0.4993402705192566
0.0001,3286.0,1.7966299543380735,0.4993402388095855
0.0001,3287.0,1.7966299314498904,0.49934020638465876
0.0001,3288.0,1.7966299591064452,0.4993401887416839
0.0001,3289.0,1.7966299476623535,0.4993401589393616
0.0001,3290.0,1.7966299571990965,0.4993401279449463
0.0001,3291.0,1.7966299438476558,0.4993400988578796
0.0001,3292.0,1.7966299438476558,0.4993400728702545
0.0001,3293.0,1.7966299495697016,0.499340032339096
0.0001,3294.0,1.7966299581527707,0.49933999443054206
0.0001,3295.0,1.7966299514770507,0.499339963912964
0.0001,3296.0,1.7966299457550043,0.49933992981910713
0.0001,3297.0,1.7966299390792844,0.499339899301529
0.0001,3298.0,1.7966299400329584,0.49933986878395076
0.0001,3299.0,1.7966299371719359,0.4993398339748383
0.0001,3300.0,1.7966299562454222,0.49933979654312133
0.0001,3301.0,1.7966299467086797,0.499339771270752
0.0001,3302.0,1.7966299514770505,0.4993397352695465
0.0001,3303.0,1.7966299552917482,0.4993397123813629
0.0001,3304.0,1.7966299457550043,0.49933968782424926
0.0001,3305.0,1.796629942893982,0.4993396496772766
0.0001,3306.0,1.796629944801331,0.49933962821960454
0.0001,3307.0,1.7966299343109138,0.4993396015167236
0.0001,3308.0,1.796629937171936,0.49933956360816956
0.0001,3309.0,1.7966299390792853,0.49933953261375424
0.0001,3310.0,1.7966299285888676,0.4993395047187806
0.0001,3311.0,1.7966299362182618,0.4993394870758057
0.0001,3312.0,1.7966299400329595,0.49933945894241344
0.0001,3313.0,1.796629948616027,0.49933941221237177
0.0001,3314.0,1.7966299505233765,0.49933936524391176
0.0001,3315.0,1.796629944801331,0.499339341878891
0.0001,3316.0,1.7966299467086793,0.4993393063545227
0.0001,3317.0,1.7966299362182623,0.49933927917480475
0.0001,3318.0,1.7966299285888676,0.49933925104141236
0.0001,3319.0,1.7966299314498906,0.4993392214775086
0.0001,3320.0,1.7966299428939831,0.499339197397232
0.0001,3321.0,1.7966299324035653,0.4993391644954681
0.0001,3322.0,1.79662994003296,0.499339144229889
0.0001,3323.0,1.7966299486160282,0.4993391098976136
0.0001,3324.0,1.7966299543380744,0.4993390789031983
0.0001,3325.0,1.7966299533844,0.49933904600143436
0.0001,3326.0,1.7966299419403073,0.49933901929855357
0.0001,3327.0,1.7966299428939825,0.49933898520469666
0.0001,3328.0,1.7966299467086793,0.49933894515037536
0.0001,3329.0,1.7966299438476563,0.49933891916275025
0.0001,3330.0,1.796629952430725,0.49933887290954587
0.0001,3331.0,1.7966299324035644,0.49933885717391957
0.0001,3332.0,1.796629948616028,0.4993388216495514
0.0001,3333.0,1.7966299495697025,0.4993388063907623
0.0001,3334.0,1.7966299419403078,0.4993387777805328
0.0001,3335.0,1.7966299409866333,0.49933876419067375
0.0001,3336.0,1.796629948616028,0.4993386950492859
0.0001,3337.0,1.7966299505233765,0.49933868360519407
0.0001,3338.0,1.7966299381256108,0.4993386607170105
0.0001,3339.0,1.7966299467086795,0.49933865880966183
0.0001,3340.0,1.7966299343109136,0.4993386034965514
0.0001,3341.0,1.7966299371719356,0.49933856368064883
0.0001,3342.0,1.7966299381256108,0.49933856058120724
0.0001,3343.0,1.7966299457550055,0.49933851051330563
0.0001,3344.0,1.7966299343109131,0.49933847427368167
0.0001,3345.0,1.7966299543380742,0.4993384554386138
0.0001,3346.0,1.7966299543380737,0.499338428735733
0.0001,3347.0,1.7966299486160273,0.499338416814804
0.0001,3348.0,1.7966299543380735,0.49933836984634405
0.0001,3349.0,1.7966299505233767,0.499338342666626
0.0001,3350.0,1.7966299457550055,0.4993383121490479
0.0001,3351.0,1.796629961013794,0.4993382887840272
0.0001,3352.0,1.796629943847656,0.499338250875473
0.0001,3353.0,1.796629934310913,0.49933823823928836
0.0001,3354.0,1.7966299343109133,0.49933820509910576
0.0001,3355.0,1.7966299324035646,0.4993381810188294
0.0001,3356.0,1.796629936218262,0.4993381538391113
0.0001,3357.0,1.7966299495697025,0.4993381214141846
0.0001,3358.0,1.7966299419403076,0.499338092327118
0.0001,3359.0,1.7966299285888672,0.4993380753993989
0.0001,3360.0,1.796629934310913,0.49933805131912234
0.0001,3361.0,1.7966299400329586,0.49933801317214965
0.0001,3362.0,1.7966299409866333,0.4993379940986633
0.0001,3363.0,1.7966299285888672,0.4993379821777344
0.0001,3364.0,1.7966299324035642,0.4993379497528076
0.0001,3365.0,1.79662993812561,0.4993378908634186
0.0001,3366.0,1.7966299285888674,0.499337877035141
0.0001,3367.0,1.7966299381256108,0.49933786058425905
0.0001,3368.0,1.7966299314498904,0.49933781623840334
0.0001,3369.0,1.7966299343109127,0.49933778715133664
0.0001,3370.0,1.796629940032959,0.49933777379989625
0.0001,3371.0,1.796629945755005,0.4993377211093902
0.0001,3372.0,1.7966299448013305,0.49933772492408746
0.0001,3373.0,1.79662994480133,0.4993376977443695
0.0001,3374.0,1.7966299571990967,0.49933766984939576
0.0001,3375.0,1.7966299562454227,0.49933763885498045
0.0001,3376.0,1.7966299409866335,0.49933761978149416
0.0001,3377.0,1.7966299238204952,0.49933759069442746
0.0001,3378.0,1.7966299381256101,0.4993375685214997
0.0001,3379.0,1.7966299324035642,0.4993375279903413
0.0001,3380.0,1.7966299562454222,0.49933749985694886
0.0001,3381.0,1.7966299457550046,0.4993374650478363
0.0001,3382.0,1.7966299257278442,0.4993374404907226
0.0001,3383.0,1.7966299381256103,0.4993374304771424
0.0001,3384.0,1.7966299419403073,0.49933740377426145
0.0001,3385.0,1.7966299352645878,0.4993373599052429
0.0001,3386.0,1.796629932403565,0.49933733391761775
0.0001,3387.0,1.7966299257278444,0.4993373074531555
0.0001,3388.0,1.7966299266815187,0.4993372724056245
0.0001,3389.0,1.7966299400329595,0.49933726310729987
0.0001,3390.0,1.796629927635193,0.499337230682373
0.0001,3391.0,1.7966299343109136,0.4993372061252594
0.0001,3392.0,1.7966299381256108,0.4993371617794038
0.0001,3393.0,1.796629941940308,0.49933713126182555
0.0001,3394.0,1.7966299419403082,0.49933712553977966
0.0001,3395.0,1.7966299228668214,0.4993370990753174
0.0001,3396.0,1.7966299209594727,0.4993370628356934
0.0001,3397.0,1.7966299343109131,0.49933704137802126
0.0001,3398.0,1.7966299362182616,0.4993370261192322
0.0001,3399.0,1.7966299428939825,0.49933697485923756
0.0001,3400.0,1.7966299552917486,0.49933696532249444
0.0001,3401.0,1.7966299438476563,0.49933692526817314
0.0001,3402.0,1.7966299333572386,0.4993369023799896
0.0001,3403.0,1.7966299467086793,0.4993368928432464
0.0001,3404.0,1.796629948616028,0.4993368611335754
0.0001,3405.0,1.7966299428939823,0.49933684349060053
0.0001,3406.0,1.7966299467086781,0.4993368320465088
0.0001,3407.0,1.796629945755005,0.4993368029594421
0.0001,3408.0,1.7966299295425412,0.4993367803096771
0.0001,3409.0,1.7966299133300776,0.49933673715591437
0.0001,3410.0,1.7966299285888665,0.49933672380447397
0.0001,3411.0,1.7966299352645874,0.49933670234680183
0.0001,3412.0,1.79662994670868,0.49933666372299196
0.0001,3413.0,1.7966299247741697,0.4993366262912751
0.0001,3414.0,1.7966299304962157,0.49933659005165093
0.0001,3415.0,1.7966299266815189,0.49933658814430243
0.0001,3416.0,1.796629926681519,0.49933656096458434
0.0001,3417.0,1.7966299324035648,0.4993365406990051
0.0001,3418.0,1.7966299295425414,0.4993365159034729
0.0001,3419.0,1.796629920959473,0.499336483001709
0.0001,3420.0,1.7966299257278446,0.49933647871017456
0.0001,3421.0,1.7966299228668214,0.4993364367485046
0.0001,3422.0,1.7966299266815187,0.499336406469345
0.0001,3423.0,1.7966299448013308,0.4993363740444185
0.0001,3424.0,1.7966299371719359,0.49933637022972105
0.0001,3425.0,1.7966299428939816,0.49933633279800416
0.0001,3426.0,1.7966299285888672,0.49933630323410033
0.0001,3427.0,1.7966299419403078,0.4993362841606141
0.0001,3428.0,1.7966299266815182,0.49933626008033755
0.0001,3429.0,1.7966299324035646,0.4993362460136414
0.0001,3430.0,1.796629940986633,0.4993362329006196
0.0001,3431.0,1.7966299419403071,0.49933619737625123
0.0001,3432.0,1.7966299419403078,0.49933616447448725
0.0001,3433.0,1.7966299428939818,0.49933613967895496
0.0001,3434.0,1.7966299352645878,0.4993361129760743
0.0001,3435.0,1.796629946708679,0.4993360631465911
0.0001,3436.0,1.7966299333572389,0.4993360631465912
0.0001,3437.0,1.7966299400329595,0.49933604025840767
0.0001,3438.0,1.796629933357239,0.4993360137939454
0.0001,3439.0,1.7966299562454227,0.4993359951972962
0.0001,3440.0,1.7966299343109138,0.49933595275878917
0.0001,3441.0,1.7966299495697027,0.49933595275878917
0.0001,3442.0,1.7966299343109131,0.49933592748641975
0.0001,3443.0,1.7966299352645874,0.4993359072208404
0.0001,3444.0,1.7966299314498901,0.4993358709812164
0.0001,3445.0,1.7966299428939814,0.4993358387947082
0.0001,3446.0,1.7966299381256101,0.49933581161499024
0.0001,3447.0,1.7966299209594732,0.49933579444885257
0.0001,3448.0,1.796629927635193,0.49933578491210934
0.0001,3449.0,1.7966299419403082,0.49933574247360224
0.0001,3450.0,1.7966299381256103,0.4993357462882996
0.0001,3451.0,1.7966299238204964,0.49933571028709406
0.0001,3452.0,1.7966299314498901,0.49933569502830505
0.0001,3453.0,1.7966299371719363,0.49933565497398374
0.0001,3454.0,1.796629934310913,0.49933561897277834
0.0001,3455.0,1.7966299362182618,0.4993355979919434
0.0001,3456.0,1.7966299362182618,0.49933557915687565
0.0001,3457.0,1.7966299324035644,0.49933557081222535
0.0001,3458.0,1.7966299476623533,0.4993355402946472
0.0001,3459.0,1.7966299419403071,0.499335520029068
0.0001,3460.0,1.7966299505233765,0.49933548569679265
0.0001,3461.0,1.7966299419403071,0.49933545708656324
0.0001,3462.0,1.796629947662354,0.4993354356288911
0.0001,3463.0,1.7966299419403076,0.4993354279994966
0.0001,3464.0,1.7966299448013312,0.4993353991508484
0.0001,3465.0,1.7966299390792853,0.49933539152145384
0.0001,3466.0,1.7966299381256103,0.4993353655338288
0.0001,3467.0,1.796629936218262,0.499335348367691
0.0001,3468.0,1.7966299362182618,0.49933532500267036
0.0001,3469.0,1.7966299276351936,0.4993352990150451
0.0001,3470.0,1.7966299238204961,0.49933528757095336
0.0001,3471.0,1.7966299333572389,0.49933526277542106
0.0001,3472.0,1.7966299381256108,0.49933522939682
0.0001,3473.0,1.7966299304962163,0.4993352103233338
0.0001,3474.0,1.796629930496216,0.4993351855278015
0.0001,3475.0,1.7966299390792848,0.49933517026901236
0.0001,3476.0,1.7966299295425416,0.4993351366519928
0.0001,3477.0,1.7966299381256103,0.4993351323604584
0.0001,3478.0,1.7966299314498901,0.4993350949287414
0.0001,3479.0,1.7966299409866335,0.49933506965637203
0.0001,3480.0,1.7966299390792848,0.4993350448608398
0.0001,3481.0,1.7966299266815187,0.4993350143432617
0.0001,3482.0,1.7966299247741702,0.4993349952697754
0.0001,3483.0,1.7966299362182616,0.49933498597145076
0.0001,3484.0,1.7966299371719356,0.4993349359035491
0.0001,3485.0,1.7966299352645876,0.49933493971824644
0.0001,3486.0,1.7966299400329582,0.4993349175453186
0.0001,3487.0,1.7966299381256094,0.4993348851203919
0.0001,3488.0,1.796629947662353,0.4993348693847657
0.0001,3489.0,1.7966299428939816,0.4993348505496979
0.0001,3490.0,1.7966299409866335,0.4993348181247711
0.0001,3491.0,1.7966299476623535,0.499334808588028
0.0001,3492.0,1.7966299457550048,0.49933478760719296
0.0001,3493.0,1.7966299438476558,0.49933475351333617
0.0001,3494.0,1.7966299390792846,0.49933472228050224
0.0001,3495.0,1.7966299324035642,0.49933470106124883
0.0001,3496.0,1.7966299371719356,0.49933469009399417
0.0001,3497.0,1.7966299362182616,0.4993346710205078
0.0001,3498.0,1.7966299285888674,0.4993346445560456
0.0001,3499.0,1.7966299324035648,0.49933462548255925
0.0001,3500.0,1.7966299304962159,0.4993346102237701
0.0001,3501.0,1.7966299266815184,0.4993345811367034
0.0001,3502.0,1.7966299257278442,0.4993345775604249
0.0001,3503.0,1.796629922866821,0.49933454322814946
0.0001,3504.0,1.7966299343109124,0.4993345274925232
0.0001,3505.0,1.7966299343109133,0.4993344988822937
0.0001,3506.0,1.7966299352645883,0.49933449196815494
0.0001,3507.0,1.7966299238204957,0.4993344595432282
0.0001,3508.0,1.7966299247741704,0.49933444762229917
0.0001,3509.0,1.796629923820496,0.4993344151973724
0.0001,3510.0,1.7966299362182618,0.4993343827724456
0.0001,3511.0,1.7966299295425416,0.4993343815803527
0.0001,3512.0,1.7966299257278444,0.49933433151245116
0.0001,3513.0,1.7966299343109138,0.4993343176841736
0.0001,3514.0,1.7966299304962163,0.49933429741859436
0.0001,3515.0,1.7966299457550048,0.4993342890739441
0.0001,3516.0,1.7966299333572384,0.499334235906601
0.0001,3517.0,1.79662993144989,0.49933423781394964
0.0001,3518.0,1.7966299428939818,0.49933421373367304
0.0001,3519.0,1.7966299285888665,0.49933419466018686
0.0001,3520.0,1.7966299505233767,0.4993341789245605
0.0001,3521.0,1.7966299381256106,0.49933415603637693
0.0001,3522.0,1.796629947662354,0.4993341345787048
0.0001,3523.0,1.7966299419403078,0.49933410859107974
0.0001,3524.0,1.7966299409866338,0.4993340990543365
0.0001,3525.0,1.7966299352645876,0.4993340992927552
0.0001,3526.0,1.7966299495697027,0.4993340630531311
0.0001,3527.0,1.7966299343109136,0.49933403825759876
0.0001,3528.0,1.7966299343109138,0.49933402490615847
0.0001,3529.0,1.7966299295425416,0.49933399581909177
0.0001,3530.0,1.7966299295425419,0.49933397245407096
0.0001,3531.0,1.7966299352645874,0.49933395338058467
0.0001,3532.0,1.7966299343109127,0.49933394193649294
0.0001,3533.0,1.7966299495697025,0.4993339307308197
0.0001,3534.0,1.7966299457550048,0.4993339002132416
0.0001,3535.0,1.796629952430725,0.4993338875770569
0.0001,3536.0,1.796629944801331,0.4993338685035704
0.0001,3537.0,1.7966299390792844,0.49933383750915533
0.0001,3538.0,1.7966299152374265,0.49933383369445805
0.0001,3539.0,1.796629920959472,0.49933380079269407
0.0001,3540.0,1.7966299343109131,0.49933378982543947
0.0001,3541.0,1.796629934310913,0.4993337683677674
0.0001,3542.0,1.7966299343109131,0.4993337614536285
0.0001,3543.0,1.7966299381256103,0.4993337082862854
0.0001,3544.0,1.79662993144989,0.4993336968421937
0.0001,3545.0,1.7966299409866326,0.4993336791992187
0.0001,3546.0,1.7966299362182614,0.49933365583419803
0.0001,3547.0,1.7966299362182616,0.49933364057540897
0.0001,3548.0,1.7966299333572384,0.49933363366127004
0.0001,3549.0,1.796629934310913,0.4993336024284362
0.0001,3550.0,1.7966299371719365,0.4993335855007171
0.0001,3551.0,1.7966299428939823,0.49933357214927676
0.0001,3552.0,1.7966299190521233,0.4993335511684418
0.0001,3553.0,1.7966299114227295,0.49933352065086367
0.0001,3554.0,1.7966299285888672,0.4993335075378418
0.0001,3555.0,1.7966299343109138,0.49933347320556637
0.0001,3556.0,1.7966299276351931,0.49933345794677736
0.0001,3557.0,1.7966299371719365,0.4993334441184998
0.0001,3558.0,1.7966299381256103,0.4993334219455719
0.0001,3559.0,1.7966299381256103,0.4993334124088287
0.0001,3560.0,1.7966299285888676,0.49933337378501896
0.0001,3561.0,1.7966299400329595,0.4993333623409272
0.0001,3562.0,1.7966299362182618,0.4993333420753479
0.0001,3563.0,1.796629933357239,0.49933331680297854
0.0001,3564.0,1.7966299314498904,0.4993333015441894
0.0001,3565.0,1.7966299324035644,0.4993333039283753
0.0001,3566.0,1.7966299362182616,0.4993332686424256
0.0001,3567.0,1.7966299400329593,0.4993332514762879
0.0001,3568.0,1.7966299209594723,0.4993332383632661
0.0001,3569.0,1.7966299438476565,0.49933321213722237
0.0001,3570.0,1.7966299228668212,0.49933319044113156
0.0001,3571.0,1.7966299276351934,0.49933318543434146
0.0001,3572.0,1.7966299304962157,0.4993331563472748
0.0001,3573.0,1.7966299343109133,0.4993331391811371
0.0001,3574.0,1.7966299238204957,0.499333128452301
0.0001,3575.0,1.7966299324035646,0.4993331170082092
0.0001,3576.0,1.796629936218262,0.499333084344864
0.0001,3577.0,1.7966299295425414,0.4993330748081207
0.0001,3578.0,1.796629945755005,0.4993330552577973
0.0001,3579.0,1.7966299180984493,0.4993330366611481
0.0001,3580.0,1.7966299295425423,0.49933302521705625
0.0001,3581.0,1.7966299247741702,0.49933298921585084
0.0001,3582.0,1.7966299228668219,0.49933296060562127
0.0001,3583.0,1.7966299457550052,0.499332950592041
0.0001,3584.0,1.7966299400329595,0.49933292770385734
0.0001,3585.0,1.796629922866821,0.49933290481567383
0.0001,3586.0,1.7966299228668217,0.4993328909873962
0.0001,3587.0,1.796629920005799,0.4993328816890717
0.0001,3588.0,1.7966299266815184,0.4993328492641449
0.0001,3589.0,1.7966299486160278,0.49933282518386846
0.0001,3590.0,1.7966299409866333,0.49933281707763677
0.0001,3591.0,1.7966299486160282,0.4993328022956848
0.0001,3592.0,1.7966299276351931,0.49933277559280387
0.0001,3593.0,1.7966299428939823,0.49933276224136347
0.0001,3594.0,1.7966299381256108,0.49933274412155154
0.0001,3595.0,1.7966299495697022,0.49933272314071653
0.0001,3596.0,1.7966299409866338,0.4993327085971832
0.0001,3597.0,1.7966299371719359,0.49933268189430235
0.0001,3598.0,1.7966299552917482,0.49933266496658324
0.0001,3599.0,1.7966299486160278,0.49933265733718873
0.0001,3600.0,1.7966299610137937,0.4993326554298401
0.0001,3601.0,1.7966299362182616,0.4993326206207276
0.0001,3602.0,1.7966299486160282,0.49933259773254396
0.0001,3603.0,1.7966299343109133,0.499332592010498
0.0001,3604.0,1.7966299524307252,0.49933256912231444
0.0001,3605.0,1.7966299371719363,0.49933254957199097
0.0001,3606.0,1.7966299400329595,0.49933251523971567
0.0001,3607.0,1.7966299343109133,0.49933249497413634
0.0001,3608.0,1.7966299543380742,0.49933247590065
0.0001,3609.0,1.7966299343109131,0.4993324644565582
0.0001,3610.0,1.7966299486160284,0.4993324356079102
0.0001,3611.0,1.7966299314498901,0.4993324322700501
0.0001,3612.0,1.7966299285888676,0.4993324236869811
0.0001,3613.0,1.7966299276351936,0.4993323998451234
0.0001,3614.0,1.7966299362182618,0.4993323588371278
0.0001,3615.0,1.7966299190521249,0.4993323493003845
0.0001,3616.0,1.7966299390792848,0.4993323328495026
0.0001,3617.0,1.7966299362182625,0.49933232522010806
0.0001,3618.0,1.7966299324035648,0.49933230924606326
0.0001,3619.0,1.7966299285888674,0.4993322656154633
0.0001,3620.0,1.796629938125611,0.4993322699069977
0.0001,3621.0,1.796629936218262,0.4993322446346282
0.0001,3622.0,1.796629937171936,0.4993322396278382
0.0001,3623.0,1.7966299161911012,0.4993322124481201
0.0001,3624.0,1.7966299123764042,0.49933218383789063
0.0001,3625.0,1.7966299247741704,0.49933216810226444
0.0001,3626.0,1.7966299295425416,0.49933215928077695
0.0001,3627.0,1.7966299304962159,0.4993321478366852
0.0001,3628.0,1.7966299324035648,0.499332123041153
0.0001,3629.0,1.7966299476623537,0.49933210587501525
0.0001,3630.0,1.7966299428939823,0.4993320882320404
0.0001,3631.0,1.7966299352645874,0.4993320848941803
0.0001,3632.0,1.7966299390792848,0.4993320691585542
0.0001,3633.0,1.7966299438476563,0.49933203172683716
0.0001,3634.0,1.7966299619674677,0.4993320159912109
0.0001,3635.0,1.7966299591064454,0.4993320219516754
0.0001,3636.0,1.796629953384399,0.49933199334144585
0.0001,3637.0,1.7966299448013305,0.4993319780826568
0.0001,3638.0,1.7966299476623535,0.4993319742679595
0.0001,3639.0,1.7966299457550055,0.4993319475650787
0.0001,3640.0,1.7966299419403076,0.49933190894126894
0.0001,3641.0,1.7966299324035644,0.499331908941269
0.0001,3642.0,1.7966299390792848,0.4993318867683411
0.0001,3643.0,1.7966299514770505,0.4993318634033203
0.0001,3644.0,1.7966299266815184,0.49933185958862314
0.0001,3645.0,1.7966299400329593,0.4993318459987641
0.0001,3646.0,1.7966299343109131,0.49933181762695306
0.0001,3647.0,1.7966299333572393,0.49933179283142093
0.0001,3648.0,1.7966299314498904,0.49933176374435423
0.0001,3649.0,1.7966299381256108,0.4993317625522614
0.0001,3650.0,1.7966299324035646,0.49933176016807557
0.0001,3651.0,1.796629924774171,0.4993317506313324
0.0001,3652.0,1.7966299314498901,0.499331722021103
0.0001,3653.0,1.796629941940308,0.49933170747756955
0.0001,3654.0,1.796629951477051,0.49933170318603515
0.0001,3655.0,1.796629933357239,0.49933167839050296
0.0001,3656.0,1.796629945755005,0.49933166313171384
0.0001,3657.0,1.79662993812561,0.49933164238929756
0.0001,3658.0,1.7966299467086793,0.4993316342830659
0.0001,3659.0,1.7966299409866324,0.4993316152095794
0.0001,3660.0,1.796629943847657,0.49933160996437065
0.0001,3661.0,1.7966299304962157,0.499331592798233
0.0001,3662.0,1.7966299457550043,0.4993315796852112
0.0001,3663.0,1.7966299419403071,0.49933157515525817
0.0001,3664.0,1.7966299390792846,0.4993315525054932
0.0001,3665.0,1.7966299324035644,0.49933152818679816
0.0001,3666.0,1.796629940986633,0.4993315162658691
0.0001,3667.0,1.7966299428939818,0.49933149337768556
0.0001,3668.0,1.7966299285888672,0.4993314800262451
0.0001,3669.0,1.7966299295425412,0.49933144712448124
0.0001,3670.0,1.7966299514770507,0.4993314456939697
0.0001,3671.0,1.7966299343109133,0.49933141136169445
0.0001,3672.0,1.79662992477417,0.4993313944339753
0.0001,3673.0,1.7966299438476554,0.49933137869834904
0.0001,3674.0,1.796629943847656,0.4993313581943512
0.0001,3675.0,1.7966299400329586,0.49933136343955997
0.0001,3676.0,1.7966299505233765,0.49933134317398065
0.0001,3677.0,1.7966299438476563,0.49933131217956545
0.0001,3678.0,1.7966299390792848,0.49933130407333376
0.0001,3679.0,1.796629943847657,0.4993312778472901
0.0001,3680.0,1.7966299343109133,0.499331283569336
0.0001,3681.0,1.7966299390792846,0.499331241130829
0.0001,3682.0,1.7966299400329588,0.499331241130829
0.0001,3683.0,1.7966299371719359,0.49933122467994695
0.0001,3684.0,1.796629946708679,0.4993312151432038
0.0001,3685.0,1.7966299448013305,0.4993312056064606
0.0001,3686.0,1.796629941940307,0.4993311848640442
0.0001,3687.0,1.7966299343109131,0.4993311576843262
0.0001,3688.0,1.796629940032959,0.4993311443328858
0.0001,3689.0,1.7966299533843995,0.49933114671707146
0.0001,3690.0,1.796629943847656,0.4993311176300049
0.0001,3691.0,1.7966299314498897,0.49933109235763556
0.0001,3692.0,1.796629952430725,0.49933107519149783
0.0001,3693.0,1.796629952430725,0.4993310701847077
0.0001,3694.0,1.796629934310913,0.4993310606479644
0.0001,3695.0,1.7966299562454222,0.49933102393150336
0.0001,3696.0,1.7966299266815184,0.4993310225009918
0.0001,3697.0,1.7966299409866329,0.4993310029506684
0.0001,3698.0,1.7966299371719356,0.49933100485801707
0.0001,3699.0,1.796629940986634,0.49933098030090334
0.0001,3700.0,1.79662993144989,0.4993309841156006
0.0001,3701.0,1.796629940986633,0.4993309516906739
0.0001,3702.0,1.7966299381256106,0.499330936908722
0.0001,3703.0,1.7966299362182616,0.4993309173583985
0.0001,3704.0,1.7966299438476558,0.4993309078216553
0.0001,3705.0,1.7966299295425416,0.4993309111595154
0.0001,3706.0,1.7966299314498897,0.49933089590072627
0.0001,3707.0,1.7966299381256101,0.49933088135719306
0.0001,3708.0,1.7966299400329588,0.49933086371421814
0.0001,3709.0,1.7966299352645867,0.4993308427333832
0.0001,3710.0,1.7966299419403073,0.4993308198451996
0.0001,3711.0,1.7966299314498904,0.4993308141231537
0.0001,3712.0,1.7966299304962163,0.49933077788352964
0.0001,3713.0,1.7966299324035642,0.49933077287673955
0.0001,3714.0,1.7966299295425419,0.4993307633399963
0.0001,3715.0,1.7966299381256103,0.49933073234558106
0.0001,3716.0,1.7966299467086797,0.499330726146698
0.0001,3717.0,1.796629917144776,0.4993307108879089
0.0001,3718.0,1.7966299228668212,0.49933069944381714
0.0001,3719.0,1.7966299266815189,0.49933068060874936
0.0001,3720.0,1.7966299381256106,0.4993306481838226
0.0001,3721.0,1.796629940032959,0.4993306488990783
0.0001,3722.0,1.7966299409866333,0.4993306450843811
0.0001,3723.0,1.7966299343109138,0.4993306279182434
0.0001,3724.0,1.7966299390792844,0.4993306012153626
0.0001,3725.0,1.7966299371719359,0.499330593585968
0.0001,3726.0,1.7966299533843995,0.49933057403564446
0.0001,3727.0,1.7966299362182614,0.4993305621147155
0.0001,3728.0,1.7966299304962154,0.4993305506706238
0.0001,3729.0,1.7966299400329586,0.49933054947853084
0.0001,3730.0,1.7966299438476563,0.49933053040504455
0.0001,3731.0,1.7966299400329588,0.4993305051326752
0.0001,3732.0,1.7966299486160278,0.49933050131797796
0.0001,3733.0,1.7966299400329584,0.499330495595932
0.0001,3734.0,1.7966299448013305,0.4993304674625397
0.0001,3735.0,1.7966299495697018,0.4993304617404937
0.0001,3736.0,1.7966299457550052,0.49933043837547303
0.0001,3737.0,1.7966299457550052,0.4993304219245911
0.0001,3738.0,1.7966299324035642,0.49933043336868294
0.0001,3739.0,1.7966299419403071,0.4993304100036621
0.0001,3740.0,1.7966299400329586,0.49933037757873533
0.0001,3741.0,1.7966299381256101,0.4993303756713866
0.0001,3742.0,1.7966299381256101,0.49933035683631893
0.0001,3743.0,1.7966299390792841,0.49933032441139225
0.0001,3744.0,1.7966299400329586,0.49933030867576605
0.0001,3745.0,1.7966299390792844,0.49933031105995185
0.0001,3746.0,1.7966299304962154,0.4993302838802338
0.0001,3747.0,1.7966299467086793,0.49933027434349064
0.0001,3748.0,1.7966299381256106,0.4993302674293519
0.0001,3749.0,1.7966299457550048,0.49933025026321415
0.0001,3750.0,1.7966299381256108,0.49933024215698235
0.0001,3751.0,1.7966299390792841,0.49933022737503047
0.0001,3752.0,1.7966299304962159,0.4993302154541015
0.0001,3753.0,1.7966299352645871,0.49933019781112675
0.0001,3754.0,1.796629926681518,0.4993302016258241
0.0001,3755.0,1.7966299448013296,0.49933019089698794
0.0001,3756.0,1.7966299438476554,0.4993301522731781
0.0001,3757.0,1.7966299257278435,0.49933014082908633
0.0001,3758.0,1.7966299371719356,0.4993301427364349
0.0001,3759.0,1.7966299390792837,0.4993301141262054
0.0001,3760.0,1.7966299419403076,0.4993300919532776
0.0001,3761.0,1.7966299457550041,0.49933009386062627
0.0001,3762.0,1.79662993812561,0.49933008360862735
0.0001,3763.0,1.7966299266815176,0.49933008193969736
0.0001,3764.0,1.7966299381256101,0.499330057144165
0.0001,3765.0,1.7966299552917477,0.49933005142211917
0.0001,3766.0,1.79662993812561,0.49933005285263066
0.0001,3767.0,1.7966299390792848,0.49933002424240114
0.0001,3768.0,1.7966299371719354,0.49933001089096063
0.0001,3769.0,1.7966299428939816,0.49932999992370614
0.0001,3770.0,1.7966299362182612,0.49932997107505794
0.0001,3771.0,1.7966299304962157,0.4993299849033356
0.0001,3772.0,1.796629935264587,0.4993299412727356
0.0001,3773.0,1.7966299333572382,0.4993299412727356
0.0001,3774.0,1.7966299409866329,0.4993299126625061
0.0001,3775.0,1.7966299419403076,0.4993298926353455
0.0001,3776.0,1.796629929542541,0.4993298816680908
0.0001,3777.0,1.7966299533843992,0.49932986211776736
0.0001,3778.0,1.7966299428939816,0.49932986211776736
0.0001,3779.0,1.7966299495697025,0.49932985639572147
0.0001,3780.0,1.7966299419403073,0.49932985448837275
0.0001,3781.0,1.7966299438476565,0.49932983922958374
0.0001,3782.0,1.7966299524307254,0.4993298127651215
0.0001,3783.0,1.796629940986634,0.49932982230186473
0.0001,3784.0,1.7966299457550052,0.4993297998905183
0.0001,3785.0,1.7966299543380746,0.49932979750633244
0.0001,3786.0,1.7966299486160282,0.49932977342605595
0.0001,3787.0,1.7966299495697022,0.49932975578308103
0.0001,3788.0,1.7966299448013314,0.4993297328948974
0.0001,3789.0,1.796629951477051,0.4993297290802002
0.0001,3790.0,1.7966299362182616,0.499329692363739
0.0001,3791.0,1.7966299495697025,0.4993296790122985
0.0001,3792.0,1.7966299362182612,0.49932969617843626
0.0001,3793.0,1.796629941940308,0.4993296549320221
0.0001,3794.0,1.796629940032959,0.49932965493202214
0.0001,3795.0,1.7966299476623533,0.4993296358585358
0.0001,3796.0,1.7966299457550046,0.4993296320438385
0.0001,3797.0,1.7966299362182614,0.499329624414444
0.0001,3798.0,1.7966299486160275,0.49932961249351504
0.0001,3799.0,1.796629939079285,0.49932961440086365
0.0001,3800.0,1.7966299448013305,0.4993296017646789
0.0001,3801.0,1.7966299571990965,0.4993295750617981
0.0001,3802.0,1.7966299486160275,0.4993295593261718
0.0001,3803.0,1.7966299324035648,0.49932954263687135
0.0001,3804.0,1.79662993812561,0.4993295264244079
0.0001,3805.0,1.7966299343109131,0.499329520702362
0.0001,3806.0,1.7966299362182618,0.49932950425148015
0.0001,3807.0,1.7966299419403073,0.4993295023441315
0.0001,3808.0,1.7966299476623537,0.4993295023441314
0.0001,3809.0,1.7966299476623533,0.4993294947147369
0.0001,3810.0,1.79662993144989,0.4993294794559479
0.0001,3811.0,1.7966299476623533,0.4993294603824617
0.0001,3812.0,1.7966299247741704,0.4993294599056244
0.0001,3813.0,1.796629950523376,0.4993294434547425
0.0001,3814.0,1.7966299371719359,0.49932943582534794
0.0001,3815.0,1.7966299381256106,0.4993294281959534
0.0001,3816.0,1.7966299285888667,0.4993294105529786
0.0001,3817.0,1.796629941940308,0.49932939291000367
0.0001,3818.0,1.7966299352645876,0.4993293762207031
0.0001,3819.0,1.796629940032959,0.4993293528556825
0.0001,3820.0,1.7966299419403082,0.4993293414115905
0.0001,3821.0,1.7966299324035646,0.4993293211460113
0.0001,3822.0,1.7966299343109127,0.4993293135166168
0.0001,3823.0,1.7966299533844,0.499329302072525
0.0001,3824.0,1.7966299476623546,0.4993292825222015
0.0001,3825.0,1.796629944801331,0.49932928824424744
0.0001,3826.0,1.79662994003296,0.4993292679786682
0.0001,3827.0,1.7966299333572395,0.499329253911972
0.0001,3828.0,1.7966299428939823,0.4993292317390442
0.0001,3829.0,1.7966299419403085,0.49932923555374154
0.0001,3830.0,1.7966299591064459,0.49932922029495247
0.0001,3831.0,1.7966299514770507,0.499329210281372
0.0001,3832.0,1.796629952430725,0.49932919836044304
0.0001,3833.0,1.796629943847656,0.49932918691635136
0.0001,3834.0,1.796629960060119,0.49932918119430547
0.0001,3835.0,1.796629938125611,0.49932918310165403
0.0001,3836.0,1.7966299476623533,0.4993291625976562
0.0001,3837.0,1.7966299352645874,0.49932915329933164
0.0001,3838.0,1.7966299428939818,0.49932912993431094
0.0001,3839.0,1.796629937171936,0.4993291223049164
0.0001,3840.0,1.7966299533843995,0.4993291192054749
0.0001,3841.0,1.7966299533843997,0.4993291058540344
0.0001,3842.0,1.7966299600601197,0.49932909250259405
0.0001,3843.0,1.7966299419403073,0.4993290691375733
0.0001,3844.0,1.7966299381256108,0.49932906532287596
0.0001,3845.0,1.7966299400329595,0.49932906770706187
0.0001,3846.0,1.796629945755005,0.4993290538787842
0.0001,3847.0,1.7966299343109133,0.49932903432846076
0.0001,3848.0,1.7966299390792853,0.49932903861999517
0.0001,3849.0,1.7966299428939823,0.499329017162323
0.0001,3850.0,1.7966299400329593,0.499328980922699
0.0001,3851.0,1.7966299314498908,0.4993289885520935
0.0001,3852.0,1.7966299476623542,0.49932897210121163
0.0001,3853.0,1.7966299476623537,0.4993289625644684
0.0001,3854.0,1.7966299448013312,0.499328964471817
0.0001,3855.0,1.7966299610137944,0.4993289544582368
0.0001,3856.0,1.7966299543380733,0.499328926563263
0.0001,3857.0,1.7966299304962157,0.49932891130447393
0.0001,3858.0,1.7966299495697018,0.499328905582428
0.0001,3859.0,1.7966299400329588,0.49932888650894164
0.0001,3860.0,1.7966299400329588,0.4993288750648498
0.0001,3861.0,1.796629940986633,0.4993288745880126
0.0001,3862.0,1.7966299362182616,0.49932885932922355
0.0001,3863.0,1.796629921913147,0.4993288516998291
0.0001,3864.0,1.7966299457550048,0.4993288474082947
0.0001,3865.0,1.7966299400329586,0.4993288283348084
0.0001,3866.0,1.7966299428939823,0.4993288073539735
0.0001,3867.0,1.7966299324035644,0.4993288149833679
0.0001,3868.0,1.796629933357239,0.4993287980556488
0.0001,3869.0,1.7966299343109133,0.49932879853248596
0.0001,3870.0,1.7966299362182618,0.4993287739753723
0.0001,3871.0,1.7966299448013305,0.4993287656307221
0.0001,3872.0,1.7966299495697025,0.4993287580013274
0.0001,3873.0,1.7966299438476563,0.49932875108718866
0.0001,3874.0,1.7966299486160278,0.4993287296295166
0.0001,3875.0,1.7966299381256108,0.49932871961593633
0.0001,3876.0,1.796629948616028,0.4993287253379822
0.0001,3877.0,1.7966299438476565,0.49932871007919305
0.0001,3878.0,1.7966299524307257,0.4993286876678467
0.0001,3879.0,1.7966299448013308,0.4993286933898926
0.0001,3880.0,1.7966299533843997,0.49932867765426636
0.0001,3881.0,1.7966299381256103,0.49932865858078
0.0001,3882.0,1.796629940032959,0.49932865691184997
0.0001,3883.0,1.7966299381256103,0.4993286440372467
0.0001,3884.0,1.7966299419403076,0.49932863068580624
0.0001,3885.0,1.7966299591064456,0.4993286378383637
0.0001,3886.0,1.7966299581527714,0.49932861924171446
0.0001,3887.0,1.7966299552917477,0.499328605413437
0.0001,3888.0,1.7966299419403078,0.49932860231399534
0.0001,3889.0,1.7966299467086793,0.4993285999298096
0.0001,3890.0,1.7966299505233765,0.49932858276367187
0.0001,3891.0,1.7966299524307254,0.49932857084274296
0.0001,3892.0,1.7966299343109131,0.4993285555839538
0.0001,3893.0,1.7966299533843997,0.499328556060791
0.0001,3894.0,1.7966299514770514,0.49932853460311893
0.0001,3895.0,1.7966299495697022,0.4993285295963287
0.0001,3896.0,1.7966299495697027,0.49932851815223694
0.0001,3897.0,1.7966299514770514,0.49932849669456475
0.0001,3898.0,1.7966299419403076,0.4993285024166108
0.0001,3899.0,1.7966299390792848,0.499328489780426
0.0001,3900.0,1.7966299495697025,0.4993284795284271
0.0001,3901.0,1.7966299409866329,0.49932847261428825
0.0001,3902.0,1.7966299619674682,0.499328474521637
0.0001,3903.0,1.7966299552917484,0.4993284668922424
0.0001,3904.0,1.7966299428939811,0.49932845544815063
0.0001,3905.0,1.7966299438476567,0.4993284378051758
0.0001,3906.0,1.7966299495697025,0.4993284220695495
0.0001,3907.0,1.7966299457550052,0.49932840919494625
0.0001,3908.0,1.7966299400329588,0.4993283934593202
0.0001,3909.0,1.796629957199096,0.4993283762931825
0.0001,3910.0,1.7966299419403076,0.4993283863067627
0.0001,3911.0,1.7966299476623533,0.49932837057113655
0.0001,3912.0,1.7966299533843995,0.4993283820152283
0.0001,3913.0,1.7966299476623535,0.49932835984230045
0.0001,3914.0,1.7966299324035644,0.49932834601402276
0.0001,3915.0,1.7966299343109131,0.4993283257484436
0.0001,3916.0,1.7966299448013303,0.4993283257484437
0.0001,3917.0,1.7966299228668214,0.49932831001281736
0.0001,3918.0,1.796629946708679,0.4993282985687256
0.0001,3919.0,1.7966299448013305,0.4993282732963562
0.0001,3920.0,1.7966299304962159,0.4993282790184021
0.0001,3921.0,1.7966299371719363,0.49932827591896056
0.0001,3922.0,1.7966299562454227,0.49932826757431037
0.0001,3923.0,1.796629949569702,0.4993282446861267
0.0001,3924.0,1.7966299514770498,0.49932824540138243
0.0001,3925.0,1.7966299419403078,0.49932822561264045
0.0001,3926.0,1.7966299533843995,0.4993282263278962
0.0001,3927.0,1.796629947662353,0.4993282010555267
0.0001,3928.0,1.7966299362182616,0.4993281996250153
0.0001,3929.0,1.7966299505233767,0.49932819533348083
0.0001,3930.0,1.7966299591064452,0.49932817816734315
0.0001,3931.0,1.7966299514770505,0.4993281590938568
0.0001,3932.0,1.7966299371719365,0.49932815337181086
0.0001,3933.0,1.7966299581527712,0.4993281416893005
0.0001,3934.0,1.7966299591064454,0.4993281283378601
0.0001,3935.0,1.7966299371719363,0.4993281321525574
