lr,epoch,train_loss,val_loss
0.0001,0.0,2.46005088386536,2.148704746246338
0.0001,1.0,2.3122050491332993,2.0075303627014165
0.0001,2.0,2.17657845993042,1.8780680465698245
0.0001,3.0,2.0524268659591676,1.7596695716857909
0.0001,4.0,1.9390883966445942,1.6516657302856437
0.0001,5.0,1.8358741275787367,1.5533583776474
0.0001,6.0,1.7420709512710575,1.464030331039429
0.0001,7.0,1.6569534219741817,1.3829591951370244
0.0001,8.0,1.5797985239028933,1.3094325950622554
0.0001,9.0,1.509900263786315,1.2427621210098265
0.0001,10.0,1.4465826793670662,1.1822947566986086
0.0001,11.0,1.38920959300995,1.1274209627151488
0.0001,12.0,1.337190946388245,1.0775793217658995
0.0001,13.0,1.2899859611511237,1.0322581133842468
0.0001,14.0,1.2471036895751957,0.9909948096275332
0.0001,15.0,1.208101382827759,0.9533736438751221
0.0001,16.0,1.1725819349288944,0.9190226959228515
0.0001,17.0,1.1401902997970577,0.8876099960327147
0.0001,18.0,1.110609776210784,0.8588398007392883
0.0001,19.0,1.0835581131935133,0.8324487667083738
0.0001,20.0,1.058783899021149,0.8082024590492249
0.0001,21.0,1.0360631054878238,0.7858920448303222
0.0001,22.0,1.015195937824249,0.7653312311172487
0.0001,23.0,0.9960040326118462,0.7463538102149962
0.0001,24.0,0.9783280299186702,0.7288111675262452
0.0001,25.0,0.9620253109931944,0.7125703483581547
0.0001,26.0,0.9469680923461914,0.6975121559143065
0.0001,27.0,0.9330417485237126,0.683529623031616
0.0001,28.0,0.9201433227539062,0.6705266585350038
0.0001,29.0,0.9081802451133733,0.6584168009757996
0.0001,30.0,0.8970692043304447,0.6471222012519836
0.0001,31.0,0.8867351135253908,0.636572628688812
0.0001,32.0,0.8771102828979492,0.6267047614574432
0.0001,33.0,0.8681336313247678,0.6174613678932189
0.0001,34.0,0.8597499423027039,0.6087906909942626
0.0001,35.0,0.8519093562126161,0.6006458999633792
0.0001,36.0,0.8445667181015015,0.5929846050739289
0.0001,37.0,0.8376812019348141,0.5857683223724368
0.0001,38.0,0.8312157594680782,0.5789621984481811
0.0001,39.0,0.8251368551254282,0.5725344998836516
0.0001,40.0,0.8194140073776243,0.5664564858436584
0.0001,41.0,0.8140195652961734,0.5607019095897675
0.0001,42.0,0.808928378868103,0.5552469059944154
0.0001,43.0,0.8041175780296319,0.5500697586536405
0.0001,44.0,0.7995663199424746,0.5451505763053894
0.0001,45.0,0.7952556216239933,0.5404712624549866
0.0001,46.0,0.791168162727356,0.5360152044296265
0.0001,47.0,0.787288106155396,0.5317672338962555
0.0001,48.0,0.783600978469849,0.5277134445667269
0.0001,49.0,0.7800935337066652,0.5238410650253298
0.0001,50.0,0.7767536399841315,0.5201383674144747
0.0001,51.0,0.773570153236389,0.5165945851325989
0.0001,52.0,0.7705328515052802,0.5131997943878173
0.0001,53.0,0.7676323396682742,0.5099448508262636
0.0001,54.0,0.7648599620819088,0.5068213079929351
0.0001,55.0,0.7622077404022212,0.5038213803768158
0.0001,56.0,0.7596683225631718,0.500937853527069
0.0001,57.0,0.7572349052429199,0.4981640572547912
0.0001,58.0,0.7549012203216546,0.49549381809234627
0.0001,59.0,0.7526614512443545,0.49292137942314146
0.0001,60.0,0.7505102079391478,0.4904414228916169
0.0001,61.0,0.7484424962997438,0.48804898600578306
0.0001,62.0,0.7464536825180055,0.48573946142196667
0.0001,63.0,0.7445394327163698,0.4835085400104522
0.0001,64.0,0.7426957642555237,0.48135222258567806
0.0001,65.0,0.7409189193725586,0.4792667585849764
0.0001,66.0,0.7392054115295403,0.47724865036010755
0.0001,67.0,0.7375519983291626,0.47529462237358083
0.0001,68.0,0.7359556352615362,0.4734016076087951
0.0001,69.0,0.7344134753227237,0.471566732311249
0.0001,70.0,0.7329228588104245,0.4697872995853425
0.0001,71.0,0.7314813097000123,0.4680607754230499
0.0001,72.0,0.7300864685058592,0.4663847744464874
0.0001,73.0,0.7287361592292779,0.4647570679664612
0.0001,74.0,0.7274283090591428,0.46317554664611804
0.0001,75.0,0.7261609849929817,0.4616382139682771
0.0001,76.0,0.7249323676109312,0.46014321322441104
0.0001,77.0,0.7237407480239865,0.45868874664306647
0.0001,78.0,0.722584493255615,0.45727317357063285
0.0001,79.0,0.7214620782852177,0.45589490814208966
0.0001,80.0,0.720372075080872,0.45455245213508594
0.0001,81.0,0.7193131196975711,0.45324438810348516
0.0001,82.0,0.7182839178085332,0.45196938190460195
0.0001,83.0,0.7172832658767703,0.4507261448860167
0.0001,84.0,0.716309993648529,0.4495135048866273
0.0001,85.0,0.7153630392074584,0.4483302885055542
0.0001,86.0,0.714441340637207,0.4471754253864288
0.0001,87.0,0.7135439361572266,0.4460478734493256
0.0001,88.0,0.7126698801040643,0.44494664635658276
0.0001,89.0,0.7118182962417607,0.4438708253860475
0.0001,90.0,0.7109883474349974,0.44281951122283936
0.0001,91.0,0.710179228401184,0.4417918433666229
0.0001,92.0,0.7093901789665225,0.44078702549934395
0.0001,93.0,0.7086204748153679,0.43980428118705767
0.0001,94.0,0.707869435024262,0.43884288778305064
0.0001,95.0,0.7071364025115969,0.4379021109104156
0.0001,96.0,0.7064207368850711,0.4369812980175019
0.0001,97.0,0.7057218534469603,0.43607980499267585
0.0001,98.0,0.7050391775131232,0.435197016477585
0.0001,99.0,0.7043721641540533,0.43433233690261847
0.0001,100.0,0.7037202864646914,0.4334852173805236
0.0001,101.0,0.7030830533981323,0.43265509896278365
0.0001,102.0,0.7024599860191351,0.43184146394729617
0.0001,103.0,0.7018506393432621,0.43104384412765484
0.0001,104.0,0.7012545546531677,0.4302617285728457
0.0001,105.0,0.7006713314056399,0.4294946811676024
0.0001,106.0,0.7001005502700804,0.42874225964546214
0.0001,107.0,0.6995418565750129,0.42800402894020073
0.0001,108.0,0.698994860458374,0.42727960367202755
0.0001,109.0,0.6984592134475714,0.426568584060669
0.0001,110.0,0.6979345672607419,0.4258705993652344
0.0001,111.0,0.6974206173896782,0.4251852828025818
0.0001,112.0,0.6969170228958129,0.4245122821807863
0.0001,113.0,0.6964235109329225,0.42385129446983355
0.0001,114.0,0.6959397687911988,0.423201962518692
0.0001,115.0,0.6954655287742626,0.42256399607658385
0.0001,116.0,0.6950005217552181,0.42193707914352413
0.0001,117.0,0.6945444896697996,0.421320955657959
0.0001,118.0,0.6940971879005432,0.4207153072357178
0.0001,119.0,0.6936583732604984,0.4201198927879336
0.0001,120.0,0.6932278142929076,0.4195344476699828
0.0001,121.0,0.692805292892456,0.418958718061447
0.0001,122.0,0.6923905902862544,0.41839247474670405
0.0001,123.0,0.6919835004806517,0.4178354558467867
0.0001,124.0,0.691583823394775,0.417287466096878
0.0001,125.0,0.69119137506485,0.41674827933311465
0.0001,126.0,0.6908059549331668,0.4162176578998566
0.0001,127.0,0.6904273984909063,0.415695439195633
0.0001,128.0,0.6900555253982548,0.41518141026496896
0.0001,129.0,0.689690166473389,0.4146753608703614
0.0001,130.0,0.6893311568260194,0.4141771245479584
0.0001,131.0,0.688978347587585,0.413686524295807
0.0001,132.0,0.6886315867424015,0.41320338053703326
0.0001,133.0,0.6882907143592831,0.4127275257587433
0.0001,134.0,0.6879556066513063,0.41225879774093627
0.0001,135.0,0.6876261148452757,0.41179703660011285
0.0001,136.0,0.6873021156311039,0.41134207515716537
0.0001,137.0,0.6869834766387939,0.41089380249977114
0.0001,138.0,0.6866700656890867,0.4104520245075227
0.0001,139.0,0.686361766719818,0.4100166345596313
0.0001,140.0,0.686058460044861,0.409587497472763
0.0001,141.0,0.6857600273132324,0.40916445579528804
0.0001,142.0,0.6854663661956788,0.408747418832779
0.0001,143.0,0.6851773782730106,0.40833622612953197
0.0001,144.0,0.6848929489135742,0.4079307784080506
0.0001,145.0,0.6846129767417908,0.40753094944953916
0.0001,146.0,0.6843373657226561,0.407136626338959
0.0001,147.0,0.6840660179138189,0.406747695684433
0.0001,148.0,0.6837988447189332,0.4063640408515931
0.0001,149.0,0.6835357590675362,0.4059855753421784
0.0001,150.0,0.6832766729354856,0.40561218600273147
0.0001,151.0,0.6830214945793152,0.40524377889633173
0.0001,152.0,0.6827701526641843,0.40488025336265554
0.0001,153.0,0.6825225606918335,0.40452150874137877
0.0001,154.0,0.68227864189148,0.40416746654510494
0.0001,155.0,0.6820383216857914,0.4038180235862733
0.0001,156.0,0.6818015211105352,0.4034730891227723
0.0001,157.0,0.6815681764602665,0.4031326006889346
0.0001,158.0,0.6813382217407228,0.4027964569091796
0.0001,159.0,0.6811115718841545,0.4024645722389221
0.0001,160.0,0.6808881702423099,0.40213689036369327
0.0001,161.0,0.680667964935303,0.4018133228302002
0.0001,162.0,0.6804508684158322,0.4014937870502471
0.0001,163.0,0.6802368450164797,0.4011782134532928
0.0001,164.0,0.6800258186340327,0.4008665336608886
0.0001,165.0,0.679817740440369,0.4005586838245393
0.0001,166.0,0.6796125463485727,0.4002545865058901
0.0001,167.0,0.6794101850509644,0.39995416874885553
0.0001,168.0,0.679210603141785,0.39965739884376517
0.0001,169.0,0.679013746070862,0.399364178276062
0.0001,170.0,0.67881956911087,0.39907445096969607
0.0001,171.0,0.6786280208587643,0.39878817229270935
0.0001,172.0,0.6784390462875366,0.39850527482032777
0.0001,173.0,0.6782526058197017,0.3982256966114046
0.0001,174.0,0.6780686500549313,0.39794940638542153
0.0001,175.0,0.6778871332168586,0.39767629532814036
0.0001,176.0,0.6777080113410954,0.3974063632011414
0.0001,177.0,0.6775312477111816,0.3971395412445068
0.0001,178.0,0.6773567775726321,0.39687576456069956
0.0001,179.0,0.6771845890045161,0.39661499376297005
0.0001,180.0,0.6770146337509153,0.39635717320442204
0.0001,181.0,0.6768468658447264,0.3961022768974303
0.0001,182.0,0.6766812473297115,0.39585023074150116
0.0001,183.0,0.6765177452087401,0.3956010128021241
0.0001,184.0,0.6763563226699822,0.3953545561790467
0.0001,185.0,0.6761969361305233,0.39511082043647766
0.0001,186.0,0.6760395668983463,0.3948697738170624
0.0001,187.0,0.6758841716766361,0.3946313780307771
0.0001,188.0,0.6757307119369509,0.3943955662727357
0.0001,189.0,0.6755791681289677,0.39416233220100405
0.0001,190.0,0.6754294948577884,0.39393160424232493
0.0001,191.0,0.6752816663742067,0.39370336012840274
0.0001,192.0,0.6751356556892395,0.39347756609916695
0.0001,193.0,0.6749914235115051,0.39325417346954356
0.0001,194.0,0.6748489565849305,0.39303315882682793
0.0001,195.0,0.6747082038879396,0.3928144726276398
0.0001,196.0,0.674569157600403,0.39259808430671694
0.0001,197.0,0.6744317831039434,0.3923839548110963
0.0001,198.0,0.674296053695679,0.3921720737934112
0.0001,199.0,0.674161940574646,0.3919623792171478
0.0001,200.0,0.6740294239044191,0.39175486102104196
0.0001,201.0,0.673898478126526,0.3915494780063631
0.0001,202.0,0.6737690698623654,0.39134617810249345
0.0001,203.0,0.6736411844253543,0.3911449819087983
0.0001,204.0,0.673514787483215,0.3909458121776582
0.0001,205.0,0.6733898660659785,0.39074867572784433
0.0001,206.0,0.6732663902282714,0.39055351133346544
0.0001,207.0,0.6731443470954895,0.3903603013038635
0.0001,208.0,0.6730237113952641,0.3901690431118013
0.0001,209.0,0.6729044507980344,0.3899796662330627
0.0001,210.0,0.6727865619659432,0.3897921858787538
0.0001,211.0,0.672670009994507,0.38960654625892627
0.0001,212.0,0.6725547811508179,0.3894227354526519
0.0001,213.0,0.6724408605575564,0.38924072761535666
0.0001,214.0,0.6723282159805297,0.3890604881763459
0.0001,215.0,0.6722168416976929,0.38888200011253354
0.0001,216.0,0.6721067070007323,0.3887052493095397
0.0001,217.0,0.6719978044509889,0.3885301870107652
0.0001,218.0,0.6718901153564455,0.38835681695938123
0.0001,219.0,0.671783603286743,0.3881851102828979
0.0001,220.0,0.6716782741546626,0.3880150436639786
0.0001,221.0,0.6715741022109979,0.38784657545089724
0.0001,222.0,0.6714710737228394,0.3876797097682953
0.0001,223.0,0.6713691668510442,0.38751442246437073
0.0001,224.0,0.671268372154236,0.38735068688392643
0.0001,225.0,0.6711686632156374,0.3871884784698487
0.0001,226.0,0.6710700386047362,0.38702778377532976
0.0001,227.0,0.6709724712371832,0.3868685855388641
0.0001,228.0,0.670875958061218,0.3867108509778976
0.0001,229.0,0.6707804697036739,0.3865545846462249
0.0001,230.0,0.6706860029220584,0.3863997464656831
0.0001,231.0,0.6705925428390505,0.38624633557796473
0.0001,232.0,0.6705000650405885,0.386094316124916
0.0001,233.0,0.6704085733413697,0.38594367763996124
0.0001,234.0,0.6703180441856381,0.3857944108247757
0.0001,235.0,0.670228460597992,0.38564649586677563
0.0001,236.0,0.6701398124694826,0.3854999053239822
0.0001,237.0,0.6700520963668822,0.3853546295881271
0.0001,238.0,0.669965296649933,0.3852106432199478
0.0001,239.0,0.6698793825149535,0.38506795639991764
0.0001,240.0,0.669794363021851,0.3849265309333803
0.0001,241.0,0.6697102270126345,0.3847863517761231
0.0001,242.0,0.669626945877075,0.38464741108417505
0.0001,243.0,0.6695445193290709,0.3845096952438355
0.0001,244.0,0.6694629353523257,0.3843731842041016
0.0001,245.0,0.669382187080384,0.38423787426948547
0.0001,246.0,0.6693022521972654,0.3841037364006042
0.0001,247.0,0.6692231287002558,0.38397075157165544
0.0001,248.0,0.6691448087692257,0.38383892891407034
0.0001,249.0,0.669067268943787,0.3837082476854326
0.0001,250.0,0.6689905138969426,0.38357866947650915
0.0001,251.0,0.6689145310401912,0.3834502209901809
0.0001,252.0,0.6688392986297608,0.38332286159992224
0.0001,253.0,0.6687648155212406,0.38319658255577094
0.0001,254.0,0.6686910732269291,0.38307138013839714
0.0001,255.0,0.6686180625915534,0.3829472357988358
0.0001,256.0,0.6685457738876341,0.3828241450548171
0.0001,257.0,0.6684741949081425,0.38270207986831667
0.0001,258.0,0.668403315734863,0.3825810409069061
0.0001,259.0,0.6683331340789793,0.382461013364792
0.0001,260.0,0.6682636360168461,0.3823419786691666
0.0001,261.0,0.6681948183059698,0.3822239474296569
0.0001,262.0,0.6681266664505007,0.3821068884611129
0.0001,263.0,0.6680591747283935,0.381990781736374
0.0001,264.0,0.6679923353195191,0.3818756484031677
0.0001,265.0,0.6679261419296263,0.38176145489215835
0.0001,266.0,0.6678605791091916,0.3816482102632523
0.0001,267.0,0.6677956501007087,0.38153588619232165
0.0001,268.0,0.6677313430786134,0.3814244693517685
0.0001,269.0,0.6676676481246947,0.3813139502048494
0.0001,270.0,0.6676045639038083,0.3812043283939363
0.0001,271.0,0.6675420700073244,0.38109560554027555
0.0001,272.0,0.6674801744461063,0.38098773860931406
0.0001,273.0,0.6674188535690306,0.3808807450532913
0.0001,274.0,0.6673581264495849,0.38077460708618166
0.0001,275.0,0.6672979562759399,0.3806693254470825
0.0001,276.0,0.6672383590698243,0.38056486904621145
0.0001,277.0,0.667179316139221,0.3804612442255019
0.0001,278.0,0.6671208250045775,0.38035842998027797
0.0001,279.0,0.6670628725051879,0.38025643916130053
0.0001,280.0,0.6670054637908933,0.3801552485942841
0.0001,281.0,0.6669485834121707,0.3800548514842987
0.0001,282.0,0.6668922334671019,0.37995524928569807
0.0001,283.0,0.6668364025115967,0.379856405758858
0.0001,284.0,0.66678108329773,0.37975835750103004
0.0001,285.0,0.6667262719154361,0.3796610482215881
0.0001,286.0,0.6666719622612005,0.3795645064115525
0.0001,287.0,0.666618155288697,0.3794687071800232
0.0001,288.0,0.6665648283958439,0.37937363970279697
0.0001,289.0,0.6665119946479802,0.3792793025732039
0.0001,290.0,0.6664596329689023,0.3791857023000717
0.0001,291.0,0.6664077505111691,0.3790928124189376
0.0001,292.0,0.6663563385009768,0.3790006220817565
0.0001,293.0,0.6663053884506227,0.37890913934707643
0.0001,294.0,0.6662548919677734,0.37881835024356836
0.0001,295.0,0.66620485124588,0.3787282491445541
0.0001,296.0,0.6661552648544311,0.378638831281662
0.0001,297.0,0.6661061138153076,0.3785500791788102
0.0001,298.0,0.6660574022293088,0.37846199836730965
0.0001,299.0,0.6660091222763062,0.3783745684146882
0.0001,300.0,0.6659612780570983,0.37828780121803274
0.0001,301.0,0.6659138512611393,0.37820168383121505
0.0001,302.0,0.665866847991943,0.37811620047092426
0.0001,303.0,0.6658202579498288,0.3780313586950303
0.0001,304.0,0.6657740793228152,0.3779471375226973
0.0001,305.0,0.6657283020019531,0.3778635484457016
0.0001,306.0,0.6656829347610472,0.37778057365417494
0.0001,307.0,0.6656379602432252,0.3776981968402863
0.0001,308.0,0.6655933769226068,0.3776164293766022
0.0001,309.0,0.6655491791725161,0.37753525443077085
0.0001,310.0,0.6655053717613212,0.377454677462578
0.0001,311.0,0.6654619453430174,0.3773746833562852
0.0001,312.0,0.6654188882827763,0.3772952777147293
0.0001,313.0,0.6653762080192566,0.37721644310951224
0.0001,314.0,0.6653338949203492,0.37713818120956427
0.0001,315.0,0.6652919507980352,0.37706047933101655
0.0001,316.0,0.6652503604888913,0.3769833316564559
0.0001,317.0,0.6652091284751895,0.37690674805641183
0.0001,318.0,0.6651682538986202,0.3768307116985322
0.0001,319.0,0.6651277256011963,0.37675522127151484
0.0001,320.0,0.6650875354766843,0.3766802656650543
0.0001,321.0,0.6650476976394655,0.37660583698749556
0.0001,322.0,0.6650081953048703,0.37653194634914394
0.0001,323.0,0.6649690265655525,0.37645857357978807
0.0001,324.0,0.6649301973342894,0.3763857287645341
0.0001,325.0,0.6648916854858402,0.3763133835077285
0.0001,326.0,0.6648535020828249,0.37624155199527737
0.0001,327.0,0.6648156438827518,0.376170227098465
0.0001,328.0,0.6647780983924868,0.37609940433502204
0.0001,329.0,0.6647408678054814,0.37602907376289363
0.0001,330.0,0.6647039512634279,0.375959229516983
0.0001,331.0,0.6646673405647279,0.3758898752689362
0.0001,332.0,0.6646310375213624,0.37582100043296834
0.0001,333.0,0.6645950403213501,0.37575260994434356
0.0001,334.0,0.6645593389511107,0.3756846970081329
0.0001,335.0,0.66452393321991,0.3756172436952592
0.0001,336.0,0.6644888218879695,0.37555025255680063
0.0001,337.0,0.6644540009498593,0.37548372728824625
0.0001,338.0,0.6644194599151608,0.375417643547058
0.0001,339.0,0.664385214233398,0.375352035307884
0.0001,340.0,0.6643512463569643,0.37528685657978067
0.0001,341.0,0.6643175608634947,0.3752221238136291
0.0001,342.0,0.6642841506958007,0.37515783772468575
0.0001,343.0,0.6642510097503666,0.37509398646354675
0.0001,344.0,0.6642181363105776,0.3750305613040923
0.0001,345.0,0.6641855377197262,0.37496757380962364
0.0001,346.0,0.6641532014846794,0.37490501887798316
0.0001,347.0,0.6641211266517641,0.3748428644180297
0.0001,348.0,0.664089318466186,0.37478114886283875
0.0001,349.0,0.6640577632904047,0.374719844341278
0.0001,350.0,0.6640264618873596,0.3746589300870895
0.0001,351.0,0.66399541683197,0.3745984369754791
0.0001,352.0,0.6639646262168883,0.37453835022449505
0.0001,353.0,0.6639340698242188,0.3744786534786226
0.0001,354.0,0.6639037707328798,0.374419356417656
0.0001,355.0,0.6638737077713015,0.37436045904159543
0.0001,356.0,0.6638438888549805,0.37430194516181947
0.0001,357.0,0.6638143119812009,0.3742438184022904
0.0001,358.0,0.6637849670410154,0.37418607363700856
0.0001,359.0,0.6637558538436891,0.3741287092447281
0.0001,360.0,0.6637269738197331,0.3740717202901838
0.0001,361.0,0.6636983233451842,0.37401510920524583
0.0001,362.0,0.6636699020385742,0.37395887260437016
0.0001,363.0,0.6636417025566098,0.37390297465324407
0.0001,364.0,0.6636137296676635,0.37384746983051304
0.0001,365.0,0.6635859776496886,0.37379232885837554
0.0001,366.0,0.6635584415435801,0.3737375229358674
0.0001,367.0,0.663531131267547,0.37368308968544006
0.0001,368.0,0.6635040245056155,0.3736290019750596
0.0001,369.0,0.6634771378517156,0.37357526831626875
0.0001,370.0,0.6634504545211785,0.37352188448905954
0.0001,371.0,0.6634239856719973,0.37346883125305164
0.0001,372.0,0.6633977237701416,0.37341611540317543
0.0001,373.0,0.6633716632843014,0.3733637433528901
0.0001,374.0,0.6633458050727846,0.3733117104530335
0.0001,375.0,0.6633201524734498,0.3732600062370299
0.0001,376.0,0.6632946935653685,0.37320863115787495
0.0001,377.0,0.6632694381713868,0.3731575808525086
0.0001,378.0,0.6632443770408633,0.373106857275963
0.0001,379.0,0.6632195071220395,0.3730564555883407
0.0001,380.0,0.663194833755492,0.3730063791513441
0.0001,381.0,0.6631703466415407,0.3729565975427627
0.0001,382.0,0.6631460454940796,0.37290714821815496
0.0001,383.0,0.6631219379425046,0.37285801560878756
0.0001,384.0,0.663098011112213,0.3728091867923736
0.0001,385.0,0.6630742714881898,0.37276065325737
0.0001,386.0,0.6630507099151615,0.37271242983341213
0.0001,387.0,0.6630273340225219,0.3726645099639893
0.0001,388.0,0.6630041275024416,0.37261687917709346
0.0001,389.0,0.662981102561951,0.37256955533027647
0.0001,390.0,0.6629582517623903,0.372522518324852
0.0001,391.0,0.662935576820374,0.37247578468322745
0.0001,392.0,0.6629130783081051,0.3724293311834334
0.0001,393.0,0.662890739822388,0.37238316011428846
0.0001,394.0,0.6628685783386224,0.37233729348182665
0.0001,395.0,0.6628465860366826,0.3722916973352433
0.0001,396.0,0.6628247577667236,0.3722463870525361
0.0001,397.0,0.6628030923843392,0.37220133872032174
0.0001,398.0,0.662781591510773,0.37215657646656053
0.0001,399.0,0.6627602529525762,0.37211209144592267
0.0001,400.0,0.6627390707969664,0.3720678807973862
0.0001,401.0,0.6627180473327637,0.37202393388748173
0.0001,402.0,0.6626971917152404,0.37198025519847866
0.0001,403.0,0.6626764856338502,0.37193684101104746
0.0001,404.0,0.6626559280395513,0.3718937024593352
0.0001,405.0,0.6626355312347416,0.3718508160591127
0.0001,406.0,0.6626152872085573,0.37180818357467643
0.0001,407.0,0.6625951882362372,0.37176582643985745
0.0001,408.0,0.6625752395629884,0.3717237126588822
0.0001,409.0,0.6625554430007942,0.37168186206817644
0.0001,410.0,0.6625357931137082,0.3716402554512025
0.0001,411.0,0.6625162900924686,0.37159889628887177
0.0001,412.0,0.6624969280242917,0.37155778214931484
0.0001,413.0,0.6624777096748352,0.3715169146537782
0.0001,414.0,0.6624586325645444,0.3714762878894806
0.0001,415.0,0.6624396945953366,0.37143591234684004
0.0001,416.0,0.662420895862579,0.3713957739114763
0.0001,417.0,0.6624022375106815,0.37135587158203137
0.0001,418.0,0.6623837179183963,0.37131620495319373
0.0001,419.0,0.6623653362274174,0.37127678003311165
0.0001,420.0,0.6623470862388614,0.37123758840560916
0.0001,421.0,0.6623289701461794,0.37119862351417526
0.0001,422.0,0.6623109799385072,0.37115989360809337
0.0001,423.0,0.6622931324958798,0.37112138912677767
0.0001,424.0,0.662275409412384,0.3710831239700317
0.0001,425.0,0.6622578117370601,0.3710450679063797
0.0001,426.0,0.6622403464317316,0.37100724415779135
0.0001,427.0,0.6622230098724364,0.370969640159607
0.0001,428.0,0.6622057954788209,0.37093224701881394
0.0001,429.0,0.6621887050628659,0.37089507405757915
0.0001,430.0,0.6621717418670653,0.3708581230163576
0.0001,431.0,0.6621549032211301,0.37082138648033147
0.0001,432.0,0.662138181495667,0.37078485620021817
0.0001,433.0,0.662121576499939,0.3707485370159149
0.0001,434.0,0.662105101776123,0.370712438941002
0.0001,435.0,0.6620887392044065,0.37067654376029957
0.0001,436.0,0.6620724992752073,0.37064086291790005
0.0001,437.0,0.6620563755035399,0.37060538740158083
0.0001,438.0,0.6620403624534607,0.37057011241912846
0.0001,439.0,0.6620244667053221,0.3705350443601609
0.0001,440.0,0.662008682060242,0.37050017156600945
0.0001,441.0,0.6619930100440978,0.37046550812721246
0.0001,442.0,0.6619774496078483,0.3704310424804687
0.0001,443.0,0.6619620063781738,0.3703967669963837
0.0001,444.0,0.6619466681480409,0.37036269400119787
0.0001,445.0,0.6619314390182499,0.37032880532741547
0.0001,446.0,0.6619163201332097,0.3702951216936111
0.0001,447.0,0.6619013078689572,0.37026162545681013
0.0001,448.0,0.6618864046096807,0.37022831702232356
0.0001,449.0,0.6618716056823735,0.37019519708156595
0.0001,450.0,0.6618569074630739,0.3701622690916061
0.0001,451.0,0.6618423198699946,0.3701295222997664
0.0001,452.0,0.6618278310775757,0.37009695827960964
0.0001,453.0,0.6618134420394898,0.3700645879507065
0.0001,454.0,0.6617991628646851,0.3700324014186859
0.0001,455.0,0.6617849766731263,0.3700003828763963
0.0001,456.0,0.6617708972930907,0.3699685546875002
0.0001,457.0,0.6617569063186645,0.36993690764904036
0.0001,458.0,0.6617430209159848,0.3699054249763488
0.0001,459.0,0.6617292378425594,0.3698741229295732
0.0001,460.0,0.6617155422210693,0.3698429933547974
0.0001,461.0,0.6617019461631773,0.3698120505094527
0.0001,462.0,0.6616884444236755,0.3697812651634216
0.0001,463.0,0.6616750363349916,0.3697506623029709
0.0001,464.0,0.6616617193222043,0.3697202309370041
0.0001,465.0,0.6616484963417054,0.3696899576902389
0.0001,466.0,0.6616353685379024,0.3696598499059679
0.0001,467.0,0.6616223312377931,0.36962991387844085
0.0001,468.0,0.6616093823432925,0.3696001432657242
0.0001,469.0,0.6615965319633486,0.36957053699493425
0.0001,470.0,0.6615837621688838,0.3695410902023317
0.0001,471.0,0.6615710849761959,0.3695118102788925
0.0001,472.0,0.661558494281768,0.3694826960086824
0.0001,473.0,0.6615459862709048,0.36945373322963726
0.0001,474.0,0.6615335695266724,0.3694249283552171
0.0001,475.0,0.6615212377548216,0.36939628353118903
0.0001,476.0,0.6615089878082273,0.36936779916286466
0.0001,477.0,0.6614968263626099,0.36933946161270154
0.0001,478.0,0.6614847456932068,0.3693112853527069
0.0001,479.0,0.6614727497100834,0.36928326723575594
0.0001,480.0,0.6614608357429513,0.3692553941726684
0.0001,481.0,0.6614490036010747,0.3692276890039445
0.0001,482.0,0.661437251091003,0.36920011913776396
0.0001,483.0,0.6614255813598637,0.36917269711494455
0.0001,484.0,0.6614139925003052,0.36914543118476884
0.0001,485.0,0.6614024785995483,0.3691183100223542
0.0001,486.0,0.6613910439491271,0.36909133892059315
0.0001,487.0,0.6613796913146972,0.3690645184755324
0.0001,488.0,0.661368412590027,0.369037838959694
0.0001,489.0,0.6613572151184082,0.3690113023042678
0.0001,490.0,0.6613460886001586,0.36898489959239966
0.0001,491.0,0.6613350405693051,0.36895863974094395
0.0001,492.0,0.6613240646362306,0.3689325202941894
0.0001,493.0,0.6613131689071656,0.36890654692649844
0.0001,494.0,0.6613023393630986,0.36888069486618036
0.0001,495.0,0.6612915844917301,0.3688550009250642
0.0001,496.0,0.6612809087753294,0.3688294273614883
0.0001,497.0,0.6612703015327452,0.3688040088415146
0.0001,498.0,0.6612597652435308,0.3687787122249605
0.0001,499.0,0.6612493003845219,0.3687535583496093
0.0001,500.0,0.6612389045715323,0.3687285266876221
0.0001,501.0,0.6612285825729369,0.36870363497734077
0.0001,502.0,0.6612183288574214,0.36867887039184566
0.0001,503.0,0.6612081405639653,0.3686542482376098
0.0001,504.0,0.6611980293273924,0.3686297434568405
0.0001,505.0,0.661187972736359,0.3686053749561309
0.0001,506.0,0.661177994537354,0.3685811428308485
0.0001,507.0,0.6611680797576903,0.36855703158378594
0.0001,508.0,0.6611582286834721,0.36853304712772367
0.0001,509.0,0.6611484478950501,0.3685091772794723
0.0001,510.0,0.6611387299537663,0.36848544881343837
0.0001,511.0,0.6611290741920475,0.36846184191703785
0.0001,512.0,0.6611194857597343,0.368438352894783
0.0001,513.0,0.6611099658966063,0.3684149931430816
0.0001,514.0,0.6611005060195925,0.36839173574447637
0.0001,515.0,0.6610911073684694,0.368368613958359
0.0001,516.0,0.6610817733764652,0.3683456134319306
0.0001,517.0,0.6610724954605107,0.3683227331399919
0.0001,518.0,0.6610632833480837,0.368299966955185
0.0001,519.0,0.6610541308403014,0.3682773221492767
0.0001,520.0,0.6610450383186336,0.36825479307174674
0.0001,521.0,0.6610360120773312,0.3682323732852937
0.0001,522.0,0.6610270448684689,0.36821009197235105
0.0001,523.0,0.6610181320190431,0.36818791248798355
0.0001,524.0,0.6610092786788938,0.36816584672927843
0.0001,525.0,0.6610004878997809,0.36814388973712925
0.0001,526.0,0.6609917497634885,0.3681220494747162
0.0001,527.0,0.6609830709457396,0.36810032348632815
0.0001,528.0,0.6609744547843929,0.368078709244728
0.0001,529.0,0.6609658914566038,0.36805720465183256
0.0001,530.0,0.6609573774337776,0.36803581516742706
0.0001,531.0,0.6609489265441894,0.36801452841758714
0.0001,532.0,0.6609405269622805,0.3679933584213257
0.0001,533.0,0.6609321868896483,0.3679722896099092
0.0001,534.0,0.6609238994598389,0.3679513386249543
0.0001,535.0,0.660915663528442,0.3679304771423341
0.0001,536.0,0.6609074903488157,0.36790972678661343
0.0001,537.0,0.6608993611335756,0.367889097738266
0.0001,538.0,0.6608912926673891,0.3678685612916948
0.0001,539.0,0.6608832722663881,0.3678481237888336
0.0001,540.0,0.6608753066062927,0.3678277915000916
0.0001,541.0,0.6608673920631408,0.3678075671911239
0.0001,542.0,0.6608595196723938,0.36778744554519655
0.0001,543.0,0.66085170621872,0.36776742796897893
0.0001,544.0,0.6608439495086665,0.36774750084877017
0.0001,545.0,0.6608362346649175,0.36772768399715444
0.0001,546.0,0.6608285725593566,0.3677079607963563
0.0001,547.0,0.6608209589004521,0.36768833901882175
0.0001,548.0,0.6608133997917175,0.36766881842613214
0.0001,549.0,0.6608058883666993,0.36764939267635355
0.0001,550.0,0.6607984195709231,0.3676300777196884
0.0001,551.0,0.6607909986495977,0.36761085376739494
0.0001,552.0,0.660783631420136,0.3675917164087296
0.0001,553.0,0.6607763125419621,0.3675726880311965
0.0001,554.0,0.6607690340042114,0.36755374155044546
0.0001,555.0,0.6607618110656744,0.36753489747047413
0.0001,556.0,0.6607546293258667,0.3675161504745483
0.0001,557.0,0.6607474925041193,0.3674974865913392
0.0001,558.0,0.6607404037475582,0.3674789157390594
0.0001,559.0,0.660733361530304,0.3674604392051694
0.0001,560.0,0.6607263589859005,0.36744206326007844
0.0001,561.0,0.6607194101333621,0.36742376403808585
0.0001,562.0,0.660712501811981,0.36740555849075324
0.0001,563.0,0.6607056358337402,0.3673874486446381
0.0001,564.0,0.6606988143920899,0.367369422030449
0.0001,565.0,0.6606920368194575,0.3673514932632445
0.0001,566.0,0.6606853024482728,0.3673336543560028
0.0001,567.0,0.6606786131858823,0.3673158936738967
0.0001,568.0,0.6606719650268559,0.3672982284069062
0.0001,569.0,0.660665359306336,0.3672806475877762
0.0001,570.0,0.6606588040351872,0.3672631587266921
0.0001,571.0,0.6606522747039792,0.3672457465887069
0.0001,572.0,0.6606457973480225,0.36722843096256264
0.0001,573.0,0.6606393588066103,0.36721119182109846
0.0001,574.0,0.6606329611778257,0.36719403953552254
0.0001,575.0,0.6606266025543212,0.36717697238922115
0.0001,576.0,0.6606202835083005,0.3671599929571152
0.0001,577.0,0.6606140087127685,0.36714309341907503
0.0001,578.0,0.6606077737808228,0.36712627546787263
0.0001,579.0,0.660601576805115,0.36710953116416944
0.0001,580.0,0.660595415592194,0.36709287567138693
0.0001,581.0,0.660589296245575,0.3670762907505034
0.0001,582.0,0.6605832163810736,0.3670598009586335
0.0001,583.0,0.6605771762847901,0.3670433820009232
0.0001,584.0,0.6605711723327637,0.36702705087661747
0.0001,585.0,0.6605652043342595,0.36701079392433167
0.0001,586.0,0.6605592753410343,0.36699461390972143
0.0001,587.0,0.6605533882141108,0.36697851667404174
0.0001,588.0,0.6605475330352788,0.36696249008178705
0.0001,589.0,0.6605417135238651,0.3669465437173843
0.0001,590.0,0.6605359268188478,0.3669306663513185
0.0001,591.0,0.6605301815032958,0.3669148906707765
0.0001,592.0,0.6605244707107545,0.36689917113780995
0.0001,593.0,0.6605188022613517,0.3668835193395615
0.0001,594.0,0.6605131645202644,0.36686795892715457
0.0001,595.0,0.6605075578689575,0.36685246460437787
0.0001,596.0,0.6605019974708558,0.36683705134391803
0.0001,597.0,0.6604964637756345,0.36682170662879926
0.0001,598.0,0.6604909649848939,0.36680643012523667
0.0001,599.0,0.6604855066299439,0.36679123957157145
0.0001,600.0,0.6604800733566283,0.36677610635757457
0.0001,601.0,0.6604746757507318,0.3667610538244248
0.0001,602.0,0.6604693192481994,0.36674607164859774
0.0001,603.0,0.6604639842033387,0.366731155371666
0.0001,604.0,0.6604586935043331,0.3667163191795349
0.0001,605.0,0.6604534324645995,0.36670154254436493
0.0001,606.0,0.6604482054710389,0.3666868414878845
0.0001,607.0,0.6604430083274836,0.3666722167968751
0.0001,608.0,0.6604378378868105,0.3666576616048813
0.0001,609.0,0.6604327088356016,0.3666431731224061
0.0001,610.0,0.6604276071548464,0.3666287443637848
0.0001,611.0,0.6604225341796878,0.3666143929958344
0.0001,612.0,0.6604175032615661,0.36660010614395133
0.0001,613.0,0.6604124916076659,0.366585890340805
0.0001,614.0,0.6604075214385989,0.3665717324495317
0.0001,615.0,0.6604025735855101,0.3665576387882233
0.0001,616.0,0.6603976536750799,0.3665436191082001
0.0001,617.0,0.660392776107788,0.36652965917587277
0.0001,618.0,0.660387921905518,0.3665157714843748
0.0001,619.0,0.6603830972671509,0.36650194549560544
0.0001,620.0,0.6603783012390136,0.3664881942510605
0.0001,621.0,0.6603735406875614,0.36647450037002577
0.0001,622.0,0.6603688040733335,0.36646086454391497
0.0001,623.0,0.6603640955924985,0.366447290444374
0.0001,624.0,0.6603594226837162,0.366433790421486
0.0001,625.0,0.6603547721862792,0.3664203547000886
0.0001,626.0,0.6603501549720765,0.36640697495937363
0.0001,627.0,0.6603455607414247,0.36639366266727447
0.0001,628.0,0.6603409957885742,0.3663804024457931
0.0001,629.0,0.6603364598274232,0.3663672134399414
0.0001,630.0,0.6603319561958312,0.36635408234596256
0.0001,631.0,0.6603274764060972,0.3663410174131395
0.0001,632.0,0.6603230198860166,0.3663280143976212
0.0001,633.0,0.6603185957908634,0.36631508057117457
0.0001,634.0,0.6603141983985897,0.3663021870851518
0.0001,635.0,0.6603098288536071,0.3662893653154374
0.0001,636.0,0.6603054846763614,0.36627659280300134
0.0001,637.0,0.6603011638641357,0.366263891839981
0.0001,638.0,0.6602968704223634,0.36625124301910417
0.0001,639.0,0.6602926089286809,0.36623865911960607
0.0001,640.0,0.6602883649826055,0.3662261211633683
0.0001,641.0,0.6602841524124149,0.3662136514663696
0.0001,642.0,0.6602799628257754,0.3662012355566025
0.0001,643.0,0.6602757975578308,0.366188874387741
0.0001,644.0,0.6602716683387754,0.36617657971382156
0.0001,645.0,0.6602675477981562,0.36616433284282673
0.0001,646.0,0.6602634599685673,0.3661521471261978
0.0001,647.0,0.660259399700165,0.36614001479148867
0.0001,648.0,0.6602553609848022,0.3661279392004013
0.0001,649.0,0.6602513442039493,0.3661159204959869
0.0001,650.0,0.660247356414795,0.36610395846366883
0.0001,651.0,0.6602433902740479,0.36609204139709467
0.0001,652.0,0.6602394543647763,0.36608018662929526
0.0001,653.0,0.6602355367660527,0.3660683834791183
0.0001,654.0,0.6602316383361821,0.3660566270828248
0.0001,655.0,0.6602277716636664,0.3660449389696121
0.0001,656.0,0.660223923110962,0.36603329546451563
0.0001,657.0,0.660220099067688,0.3660217073678972
0.0001,658.0,0.6602163022994996,0.366010160946846
0.0001,659.0,0.6602125216484072,0.36599867711067186
0.0001,660.0,0.6602087662696835,0.36598723907470715
0.0001,661.0,0.6602050335884092,0.36597585618495937
0.0001,662.0,0.6602013256072996,0.365964519429207
0.0001,663.0,0.6601976346969602,0.36595323593616486
0.0001,664.0,0.6601939695358279,0.36594199891090395
0.0001,665.0,0.6601903225898746,0.3659308207273482
0.0001,666.0,0.6601867019653317,0.36591969089508053
0.0001,667.0,0.6601831013679503,0.36590860660076147
0.0001,668.0,0.6601795241355893,0.3658975807666779
0.0001,669.0,0.6601759683609012,0.3658865968942641
0.0001,670.0,0.6601724307060239,0.3658756648540496
0.0001,671.0,0.660168918991089,0.36586477661132816
0.0001,672.0,0.66016542339325,0.3658539463758469
0.0001,673.0,0.6601619497299193,0.3658431508064269
0.0001,674.0,0.660158503627777,0.36583241684436807
0.0001,675.0,0.6601550683021548,0.3658217295646665
0.0001,676.0,0.6601516587257388,0.36581109199523937
0.0001,677.0,0.6601482653617854,0.36580050401687614
0.0001,678.0,0.660144894886017,0.3657899549484254
0.0001,679.0,0.6601415456771854,0.3657794583797455
0.0001,680.0,0.6601382136344908,0.36576900196075435
0.0001,681.0,0.6601349017143248,0.36575859546661366
0.0001,682.0,0.6601316144943233,0.36574823958873726
0.0001,683.0,0.6601283449172974,0.3657379290342332
0.0001,684.0,0.660125090312958,0.3657276591300963
0.0001,685.0,0.6601218590736387,0.3657174478292464
0.0001,686.0,0.660118647098541,0.36570727000236525
0.0001,687.0,0.6601154477119449,0.36569714510440826
0.0001,688.0,0.660112273025513,0.36568705861568457
0.0001,689.0,0.660109118461609,0.36567702507972727
0.0001,690.0,0.6601059801101683,0.36566703026294695
0.0001,691.0,0.6601028627395628,0.36565708260536206
0.0001,692.0,0.6600997604370115,0.36564717340469366
0.0001,693.0,0.6600966760635374,0.36563731687068934
0.0001,694.0,0.6600936157226566,0.3656275028228761
0.0001,695.0,0.6600905666351319,0.3656177234649659
0.0001,696.0,0.6600875365257263,0.36560799171924585
0.0001,697.0,0.6600845244407655,0.36559830172061936
0.0001,698.0,0.6600815343856807,0.3655886469841005
0.0001,699.0,0.6600785645484922,0.3655790550470351
0.0001,700.0,0.6600756041526794,0.36556947565078735
0.0001,701.0,0.6600726628303526,0.36555996007919317
0.0001,702.0,0.6600697392463685,0.3655504853487014
0.0001,703.0,0.6600668344497682,0.3655410467863084
0.0001,704.0,0.6600639430999756,0.3655316400289536
0.0001,705.0,0.6600610729217529,0.36552228760719313
0.0001,706.0,0.6600582182884218,0.36551297821998613
0.0001,707.0,0.660055379867554,0.36550369725227355
0.0001,708.0,0.6600525568962096,0.3654944602251054
0.0001,709.0,0.6600497527122502,0.3654852733373643
0.0001,710.0,0.660046966171264,0.3654761247396471
0.0001,711.0,0.6600441957473758,0.365467006969452
0.0001,712.0,0.6600414442062377,0.36545793657302855
0.0001,713.0,0.6600386978149416,0.36544889616966275
0.0001,714.0,0.6600359786033638,0.36543989863395687
0.0001,715.0,0.6600332681655886,0.36543095123767866
0.0001,716.0,0.6600305782318119,0.36542203083038316
0.0001,717.0,0.6600279024124142,0.3654131495952608
0.0001,718.0,0.6600252386093144,0.3654043023109436
0.0001,719.0,0.6600225954055792,0.3653954958915712
0.0001,720.0,0.6600199688911438,0.3653867392063139
0.0001,721.0,0.6600173503875734,0.365378006362915
0.0001,722.0,0.6600147502899171,0.3653693245172502
0.0001,723.0,0.6600121739387516,0.36536066174507154
0.0001,724.0,0.6600096035003665,0.36535205507278423
0.0001,725.0,0.660007042980194,0.36534347498416914
0.0001,726.0,0.6600045095443726,0.3653349395751952
0.0001,727.0,0.6600019845962521,0.36532643480300897
0.0001,728.0,0.6599994695663456,0.3653179674863815
0.0001,729.0,0.65999698381424,0.3653095381498338
0.0001,730.0,0.6599944990158073,0.3653011559724809
0.0001,731.0,0.6599920359611513,0.36529279391765607
0.0001,732.0,0.659989577293396,0.36528447487354276
0.0001,733.0,0.6599871454238893,0.36527618675231927
0.0001,734.0,0.6599847225189209,0.3652679417133332
0.0001,735.0,0.6599823139190676,0.3652597229242326
0.0001,736.0,0.6599799151420596,0.3652515538215637
0.0001,737.0,0.6599775346755984,0.3652434156417848
0.0001,738.0,0.6599751628875729,0.3652353016853332
0.0001,739.0,0.6599728137969969,0.365227233171463
0.0001,740.0,0.6599704741477966,0.36521919748783094
0.0001,741.0,0.6599681499481207,0.3652111929416658
0.0001,742.0,0.6599658358573915,0.3652032249927522
0.0001,743.0,0.6599635309219363,0.36519528925418865
0.0001,744.0,0.6599612422943123,0.3651873964309693
0.0001,745.0,0.6599589725494386,0.3651795235872269
0.0001,746.0,0.6599567140579226,0.36517169268131255
0.0001,747.0,0.6599544562339784,0.3651638926982881
0.0001,748.0,0.6599522257804873,0.3651561177730559
0.0001,749.0,0.6599500042915339,0.3651483906030656
0.0001,750.0,0.65994779548645,0.3651406843423844
0.0001,751.0,0.6599455991744999,0.36513301973342893
0.0001,752.0,0.6599434161186225,0.3651253806829453
0.0001,753.0,0.6599412456512448,0.3651177766799927
0.0001,754.0,0.6599390855789182,0.3651102038621903
0.0001,755.0,0.659936939048767,0.3651026624679565
0.0001,756.0,0.6599348047256466,0.36509515855312347
0.0001,757.0,0.6599326814651485,0.36508768758773824
0.0001,758.0,0.6599305706024166,0.3650802418470383
0.0001,759.0,0.6599284711837768,0.3650728322744368
0.0001,760.0,0.6599263917922972,0.3650654446363448
0.0001,761.0,0.6599243206024173,0.3650580919981003
0.0001,762.0,0.6599222526550295,0.36505078179836264
0.0001,763.0,0.6599202054977414,0.36504348516464247
0.0001,764.0,0.659918166732788,0.3650362269401551
0.0001,765.0,0.6599161377906801,0.36502900080680845
0.0001,766.0,0.6599141235351565,0.36502180037498483
0.0001,767.0,0.6599121196746827,0.3650146381855011
0.0001,768.0,0.6599101308822627,0.36500750064849863
0.0001,769.0,0.6599081521987915,0.3650003853321075
0.0001,770.0,0.6599061813354492,0.3649933113098144
0.0001,771.0,0.6599042169570923,0.3649862613916398
0.0001,772.0,0.659902272891999,0.36497924890518196
0.0001,773.0,0.6599003383636471,0.3649722560405733
0.0001,774.0,0.6598984122276306,0.3649652949333191
0.0001,775.0,0.6598965007781985,0.36495835914611796
0.0001,776.0,0.6598945922851561,0.36495145106315596
0.0001,777.0,0.6598926982879633,0.36494457943439496
0.0001,778.0,0.6598908192634587,0.36493773543834673
0.0001,779.0,0.6598889490127567,0.3649309146404269
0.0001,780.0,0.6598870882987977,0.36492412209510816
0.0001,781.0,0.6598852352142334,0.3649173569440843
0.0001,782.0,0.6598833979606624,0.3649106216907503
0.0001,783.0,0.6598815704345703,0.3649039121627806
0.0001,784.0,0.6598797496795658,0.36489723467826846
0.0001,785.0,0.6598779437065123,0.36489058051109313
0.0001,786.0,0.6598761443138118,0.3648839528560641
0.0001,787.0,0.6598743585586548,0.36487736308574686
0.0001,788.0,0.6598725830078127,0.364870798301697
0.0001,789.0,0.6598708139419557,0.36486425893306745
0.0001,790.0,0.659869054222107,0.3648577505111695
0.0001,791.0,0.6598673046112064,0.3648512533664703
0.0001,792.0,0.659865571117401,0.36484480531215674
0.0001,793.0,0.6598638423919674,0.364838376545906
0.0001,794.0,0.659862120723724,0.364831967163086
0.0001,795.0,0.6598604169845584,0.364825587964058
0.0001,796.0,0.6598587155342102,0.3648192373991012
0.0001,797.0,0.6598570263862614,0.3648129140377045
0.0001,798.0,0.6598553466796875,0.36480661337375636
0.0001,799.0,0.6598536739349364,0.36480034713745113
0.0001,800.0,0.6598520115852357,0.3647940977811814
0.0001,801.0,0.6598503619194035,0.36478787264823914
0.0001,802.0,0.6598487208366396,0.3647816820144653
0.0001,803.0,0.6598470857620244,0.36477551090717325
0.0001,804.0,0.6598454614639281,0.36476936035156265
0.0001,805.0,0.65984384651184,0.3647632318258286
0.0001,806.0,0.6598422437667845,0.3647571431636811
0.0001,807.0,0.659840645408631,0.36475107257366185
0.0001,808.0,0.659839055061341,0.3647450333833696
0.0001,809.0,0.6598374800682065,0.36473900821208954
0.0001,810.0,0.6598359042167664,0.364733003973961
0.0001,811.0,0.6598343456268307,0.36472703032493575
0.0001,812.0,0.6598327964782714,0.3647210861682892
0.0001,813.0,0.6598312484741213,0.3647151641607285
0.0001,814.0,0.6598297114372255,0.36470925548076644
0.0001,815.0,0.659828189468384,0.3647033856153488
0.0001,816.0,0.6598266706466677,0.36469753265380866
0.0001,817.0,0.6598251644134524,0.36469169814586644
0.0001,818.0,0.6598236609458924,0.3646858998060227
0.0001,819.0,0.6598221647262572,0.36468012068271655
0.0001,820.0,0.6598206835746764,0.36467435879707344
0.0001,821.0,0.6598192098617559,0.364668625831604
0.0001,822.0,0.6598177392959597,0.3646629184007645
0.0001,823.0,0.6598162804603575,0.3646572269201278
0.0001,824.0,0.6598148272514341,0.3646515613317489
0.0001,825.0,0.6598133829116831,0.3646459216356278
0.0001,826.0,0.6598119463920601,0.36464030854701995
0.0001,827.0,0.6598105254173274,0.3646347202062607
0.0001,828.0,0.6598090975761414,0.3646291463375091
0.0001,829.0,0.6598076854705814,0.3646235957622528
0.0001,830.0,0.6598062831878662,0.36461806750297543
0.0001,831.0,0.659804889678955,0.36461255545616145
0.0001,832.0,0.6598034992218018,0.3646070753335952
0.0001,833.0,0.6598021216392517,0.3646016200304032
0.0001,834.0,0.6598007454872133,0.36459618406295774
0.0001,835.0,0.6597993830680853,0.3645907643795012
0.0001,836.0,0.6597980237960814,0.3645853696823122
0.0001,837.0,0.6597966745376587,0.3645800019025801
0.0001,838.0,0.6597953330993654,0.36457464666366585
0.0001,839.0,0.659793999958038,0.36456932668685893
0.0001,840.0,0.6597926661491398,0.3645640111207963
0.0001,841.0,0.6597913455963138,0.36455871903896353
0.0001,842.0,0.6597900347709658,0.36455345070362094
0.0001,843.0,0.6597887304306033,0.3645482068538667
0.0001,844.0,0.6597874254226683,0.36454298536777496
0.0001,845.0,0.6597861363410953,0.36453777790069586
0.0001,846.0,0.6597848506927491,0.36453260176181795
0.0001,847.0,0.659783574962616,0.3645274451255799
0.0001,848.0,0.6597823030471802,0.36452230288982396
0.0001,849.0,0.6597810430526738,0.364517177271843
0.0001,850.0,0.6597797840118409,0.36451208770275134
0.0001,851.0,0.6597785342216493,0.364506999373436
0.0001,852.0,0.659777293014527,0.3645019396066666
0.0001,853.0,0.6597760556220998,0.364496901345253
0.0001,854.0,0.6597748267173765,0.36449187564849844
0.0001,855.0,0.6597736085891722,0.3644868790864944
0.0001,856.0,0.659772387027741,0.3644819022655488
0.0001,857.0,0.6597711755752563,0.3644769388437272
0.0001,858.0,0.6597699813842771,0.36447199931144714
0.0001,859.0,0.6597687873840333,0.36446708624362945
0.0001,860.0,0.6597675947189328,0.3644621948957443
0.0001,861.0,0.6597664127349859,0.3644573042869567
0.0001,862.0,0.6597652402877802,0.36445243961811064
0.0001,863.0,0.6597640710830691,0.3644476083278657
0.0001,864.0,0.659762904548645,0.3644427731990814
0.0001,865.0,0.6597617499351502,0.3644379744768142
0.0001,866.0,0.6597605995178216,0.3644331857919693
0.0001,867.0,0.6597594563484193,0.3644284215688707
0.0001,868.0,0.6597583181381221,0.3644236752271653
0.0001,869.0,0.659757186794281,0.36441894009113324
0.0001,870.0,0.6597560604095455,0.36441424062252037
0.0001,871.0,0.659754946517944,0.36440955653190626
0.0001,872.0,0.6597538287162785,0.36440488026142126
0.0001,873.0,0.6597527261734007,0.36440022568702707
0.0001,874.0,0.6597516174316409,0.3643955823898316
0.0001,875.0,0.6597505311012266,0.3643909678459167
0.0001,876.0,0.6597494418144221,0.3643863725423814
0.0001,877.0,0.6597483546257025,0.3643817917346953
0.0001,878.0,0.6597472846984862,0.3643772381305695
0.0001,879.0,0.6597462109565735,0.3643726901531218
0.0001,880.0,0.6597451450347899,0.36436815657615673
0.0001,881.0,0.6597440855979918,0.36436365351676947
0.0001,882.0,0.6597430320739748,0.3643591575384141
0.0001,883.0,0.6597419836044316,0.3643546908378602
0.0001,884.0,0.6597409427642814,0.3643502351999283
0.0001,885.0,0.6597399015426634,0.3643457993030546
0.0001,886.0,0.6597388749122619,0.3643413729429247
0.0001,887.0,0.6597378444671629,0.36433697953224176
0.0001,888.0,0.6597368252754212,0.3643325926780701
0.0001,889.0,0.6597358140945433,0.364328227710724
0.0001,890.0,0.6597348060607908,0.3643238771677019
0.0001,891.0,0.6597337997436521,0.36431954030990593
0.0001,892.0,0.6597328085899349,0.3643152229785921
0.0001,893.0,0.659731814289093,0.3643109303474427
0.0001,894.0,0.6597308274269104,0.36430663599967955
0.0001,895.0,0.6597298448562623,0.36430238075256355
0.0001,896.0,0.6597288708686826,0.36429813208580014
0.0001,897.0,0.6597278966903691,0.36429390573501585
0.0001,898.0,0.6597269283294678,0.3642896869182587
0.0001,899.0,0.6597259693145754,0.36428548364639285
0.0001,900.0,0.6597250151634217,0.36428130192756675
0.0001,901.0,0.6597240624427797,0.3642771479845047
0.0001,902.0,0.6597231165885926,0.36427300486564623
0.0001,903.0,0.6597221829414368,0.3642688650131225
0.0001,904.0,0.6597212458610535,0.36426475086212173
0.0001,905.0,0.6597203189849851,0.36426065673828123
0.0001,906.0,0.6597193933486942,0.3642565749645233
0.0001,907.0,0.6597184737205506,0.3642525005102156
0.0001,908.0,0.6597175600051883,0.3642484453439712
0.0001,909.0,0.659716650867462,0.36424441847801203
0.0001,910.0,0.6597157446861267,0.3642403987646104
0.0001,911.0,0.6597148443222047,0.36423639888763426
0.0001,912.0,0.659713953399659,0.36423240642547616
0.0001,913.0,0.6597130577087406,0.3642284360647202
0.0001,914.0,0.6597121771812435,0.3642244791507721
0.0001,915.0,0.6597112953186038,0.36422054045200347
0.0001,916.0,0.6597104207038881,0.3642166092395784
0.0001,917.0,0.6597095518112179,0.3642127015352248
0.0001,918.0,0.6597086791992192,0.3642088040113449
0.0001,919.0,0.6597078190803531,0.36420491592884063
0.0001,920.0,0.6597069614410401,0.36420104479789733
0.0001,921.0,0.6597061130523678,0.36419719471931455
0.0001,922.0,0.6597052604675296,0.36419334864616393
0.0001,923.0,0.6597044174194336,0.3641895344257354
0.0001,924.0,0.6597035788536069,0.36418572411537187
0.0001,925.0,0.6597027437210081,0.3641819282054901
0.0001,926.0,0.6597019163131707,0.36417815816402443
0.0001,927.0,0.6597010907173161,0.36417438662052154
0.0001,928.0,0.659700269508362,0.3641706334590913
0.0001,929.0,0.6596994529724123,0.3641668946266175
0.0001,930.0,0.6596986413955688,0.36416316800117493
0.0001,931.0,0.6596978333473207,0.3641594625711443
0.0001,932.0,0.659697031402588,0.36415577290058154
0.0001,933.0,0.6596962272644041,0.36415209081172945
0.0001,934.0,0.6596954317092895,0.3641484205722807
0.0001,935.0,0.6596946445465085,0.3641447724342346
0.0001,936.0,0.6596938588142395,0.3641411320447921
0.0001,937.0,0.6596930773735041,0.3641375116348267
0.0001,938.0,0.6596922977447515,0.36413389747142794
0.0001,939.0,0.6596915225028996,0.3641302909374237
0.0001,940.0,0.6596907574653618,0.36412671389579765
0.0001,941.0,0.659689990711212,0.3641231399774553
0.0001,942.0,0.6596892251014714,0.36411958386898047
0.0001,943.0,0.6596884699821465,0.36411604654788987
0.0001,944.0,0.6596877142906188,0.3641125068426132
0.0001,945.0,0.6596869663238528,0.36410898494720456
0.0001,946.0,0.6596862161636355,0.36410548431873313
0.0001,947.0,0.6596854824066171,0.364101996421814
0.0001,948.0,0.6596847402572633,0.36409852216243743
0.0001,949.0,0.6596840099334721,0.3640950488805772
0.0001,950.0,0.65968327665329,0.3640916037082674
0.0001,951.0,0.659682552433014,0.36408815896511065
0.0001,952.0,0.6596818318367004,0.364084737443924
0.0001,953.0,0.6596811136245728,0.364081333398819
0.0001,954.0,0.6596803990364077,0.36407792129516614
0.0001,955.0,0.6596796928405764,0.36407454359531394
0.0001,956.0,0.6596789806365967,0.36407116453647625
0.0001,957.0,0.6596782816886902,0.3640678065776826
0.0001,958.0,0.6596775852203364,0.3640644622564315
0.0001,959.0,0.6596768842697137,0.3640611209154128
0.0001,960.0,0.6596761918067937,0.3640577974796295
0.0001,961.0,0.6596755049705498,0.36405448994636536
0.0001,962.0,0.6596748219490057,0.3640511846780777
0.0001,963.0,0.659674140071869,0.3640479037761688
0.0001,964.0,0.6596734614372256,0.36404463100433365
0.0001,965.0,0.6596727922439577,0.36404137158393857
0.0001,966.0,0.6596721178054807,0.36403812298774707
0.0001,967.0,0.6596714548110961,0.3640348873138428
0.0001,968.0,0.6596707895278932,0.36403165912628177
0.0001,969.0,0.6596701317787165,0.36402844514846794
0.0001,970.0,0.6596694770812989,0.36402525026798255
0.0001,971.0,0.6596688273429876,0.3640220706939698
0.0001,972.0,0.6596681717872618,0.3640188867330551
0.0001,973.0,0.6596675307273865,0.36401573076248167
0.0001,974.0,0.6596668886184693,0.36401258108615864
0.0001,975.0,0.6596662475585943,0.36400944554805753
0.0001,976.0,0.659665612411499,0.36400631258487703
0.0001,977.0,0.6596649797439578,0.36400319018363964
0.0001,978.0,0.6596643534660336,0.364000096988678
0.0001,979.0,0.6596637297630311,0.36399699470996855
0.0001,980.0,0.6596630983352662,0.36399391293525707
0.0001,981.0,0.6596624873161313,0.36399084827899947
0.0001,982.0,0.6596618699073797,0.36398778562545775
0.0001,983.0,0.6596612600326537,0.3639847446203232
0.0001,984.0,0.6596606494903562,0.36398171176910404
0.0001,985.0,0.6596600480079652,0.363978688979149
0.0001,986.0,0.6596594423294068,0.3639756679058075
0.0001,987.0,0.659658841323853,0.3639726649522782
0.0001,988.0,0.6596582424163816,0.3639696747541428
0.0001,989.0,0.6596576512336736,0.3639666916370391
0.0001,990.0,0.6596570613861081,0.36396372504234314
0.0001,991.0,0.6596564796447758,0.36396076350212103
0.0001,992.0,0.6596558924674987,0.36395782151222217
0.0001,993.0,0.659655308914185,0.3639548819780348
0.0001,994.0,0.6596547342300415,0.36395196306705474
0.0001,995.0,0.6596541576385497,0.3639490442991257
0.0001,996.0,0.6596535861968988,0.3639461441993713
0.0001,997.0,0.6596530153274536,0.36394325039386766
0.0001,998.0,0.6596524578094486,0.36394036087989806
0.0001,999.0,0.6596518864631653,0.36393749880790716
0.0001,1000.0,0.659651331615448,0.36393462805748
0.0001,1001.0,0.6596507719039915,0.36393177845478064
0.0001,1002.0,0.659650219917297,0.3639289385080336
0.0001,1003.0,0.6596496669769295,0.3639261066675187
0.0001,1004.0,0.659649121284485,0.3639232870817183
0.0001,1005.0,0.6596485734939571,0.3639204880714416
0.0001,1006.0,0.6596480302810671,0.36391768810749076
0.0001,1007.0,0.6596474944114684,0.3639148987531663
0.0001,1008.0,0.6596469583511351,0.3639121211528778
0.0001,1009.0,0.65964642124176,0.3639093589305878
0.0001,1010.0,0.65964589138031,0.36390659923553476
0.0001,1011.0,0.6596453666687009,0.36390385951995863
0.0001,1012.0,0.6596448377609255,0.36390111637115474
0.0001,1013.0,0.6596443189620975,0.3638983929157258
0.0001,1014.0,0.6596437980651856,0.3638956816434859
0.0001,1015.0,0.6596432786941531,0.3638929713487626
0.0001,1016.0,0.6596427606582648,0.3638902846813202
0.0001,1017.0,0.659642250823975,0.36388759932517994
0.0001,1018.0,0.6596417407035831,0.36388491418361657
0.0001,1019.0,0.6596412321090698,0.36388225502967836
0.0001,1020.0,0.659640725517273,0.36387959480285637
0.0001,1021.0,0.6596402324676515,0.36387695837020867
0.0001,1022.0,0.6596397255897521,0.36387431457042696
0.0001,1023.0,0.6596392353057862,0.36387168846130374
0.0001,1024.0,0.6596387388229368,0.363869072842598
0.0001,1025.0,0.6596382469177245,0.36386646792888644
0.0001,1026.0,0.6596377654075615,0.3638638728141784
0.0001,1027.0,0.6596372728347771,0.3638612862110138
0.0001,1028.0,0.6596367941856376,0.36385870363712314
0.0001,1029.0,0.6596363105773928,0.36385614345073697
0.0001,1030.0,0.659635832977295,0.36385358698368053
0.0001,1031.0,0.6596353602409366,0.3638510379076006
0.0001,1032.0,0.6596348883628844,0.3638484959602357
0.0001,1033.0,0.6596344131469726,0.3638459652423857
0.0001,1034.0,0.6596339439392093,0.3638434438467026
0.0001,1035.0,0.6596334782600408,0.3638409322023391
0.0001,1036.0,0.6596330120086668,0.3638384313344955
0.0001,1037.0,0.6596325512886049,0.36383594121932983
0.0001,1038.0,0.6596320961952215,0.36383345565795905
0.0001,1039.0,0.6596316383361815,0.36383098218441023
0.0001,1040.0,0.6596311820983889,0.3638285290956498
0.0001,1041.0,0.6596307321548464,0.36382606456279754
0.0001,1042.0,0.6596302822113039,0.36382362098693843
0.0001,1043.0,0.6596298397064213,0.3638211788415909
0.0001,1044.0,0.6596293909072877,0.36381875057220464
0.0001,1045.0,0.6596289518356322,0.36381634094715115
0.0001,1046.0,0.6596285107612606,0.3638139226198197
0.0001,1047.0,0.6596280678749085,0.36381152658462523
0.0001,1048.0,0.659627635574341,0.36380912280082706
0.0001,1049.0,0.6596272039413452,0.3638067388296128
0.0001,1050.0,0.6596267696380614,0.3638043701648714
0.0001,1051.0,0.6596263457298281,0.36380200238227856
0.0001,1052.0,0.6596259134292601,0.36379964840412143
0.0001,1053.0,0.6596254920959473,0.3637972972393037
0.0001,1054.0,0.6596250691413882,0.3637949512720109
0.0001,1055.0,0.659624656963348,0.36379261956214926
0.0001,1056.0,0.6596242355346681,0.36379029884338376
0.0001,1057.0,0.659623819637299,0.36378798379898064
0.0001,1058.0,0.6596234031677244,0.36378567759990704
0.0001,1059.0,0.6596229888916012,0.3637833780288697
0.0001,1060.0,0.659622585487366,0.3637810918807984
0.0001,1061.0,0.6596221762657165,0.36377881269454954
0.0001,1062.0,0.6596217727661133,0.3637765486717223
0.0001,1063.0,0.6596213684082026,0.3637742736816406
0.0001,1064.0,0.6596209655761718,0.3637720248937607
0.0001,1065.0,0.659620569133759,0.36376977326869975
0.0001,1066.0,0.659620172119141,0.3637675239562986
0.0001,1067.0,0.6596197777748113,0.36376530470848073
0.0001,1068.0,0.6596193824768065,0.36376307876110076
0.0001,1069.0,0.6596190005302438,0.3637608629703521
0.0001,1070.0,0.6596186052322389,0.36375866019725794
0.0001,1071.0,0.6596182199478151,0.36375645508766175
0.0001,1072.0,0.6596178335189817,0.3637542617082595
0.0001,1073.0,0.6596174523353577,0.36375208299160017
0.0001,1074.0,0.6596170684814457,0.36374990429878246
0.0001,1075.0,0.6596166908264169,0.36374774096012114
0.0001,1076.0,0.6596163171768185,0.36374557416439063
0.0001,1077.0,0.6596159420967108,0.3637434241771697
0.0001,1078.0,0.659615565776825,0.36374127237796805
0.0001,1079.0,0.6596151960372929,0.3637391365528107
0.0001,1080.0,0.6596148257255556,0.363737007856369
0.0001,1081.0,0.6596144633293156,0.3637348886966706
0.0001,1082.0,0.6596140933990475,0.36373277394771575
0.0001,1083.0,0.6596137350082402,0.363730672311783
0.0001,1084.0,0.6596133707046511,0.3637285735845564
0.0001,1085.0,0.6596130086898802,0.36372647168636324
0.0001,1086.0,0.659612650966644,0.3637243989229203
0.0001,1087.0,0.6596122967720031,0.36372231388092036
0.0001,1088.0,0.6596119372367861,0.36372024478912357
0.0001,1089.0,0.6596115859985353,0.36371818532943717
0.0001,1090.0,0.6596112406730651,0.36371613323688506
0.0001,1091.0,0.6596108896255491,0.36371409008502964
0.0001,1092.0,0.6596105406761162,0.3637120453834533
0.0001,1093.0,0.6596101955413817,0.36371001389026636
0.0001,1094.0,0.6596098546028135,0.3637079829931259
0.0001,1095.0,0.659609512042999,0.3637059639215471
0.0001,1096.0,0.6596091740608209,0.3637039567947388
0.0001,1097.0,0.6596088354110717,0.3637019459724427
0.0001,1098.0,0.6596084962844849,0.36369994666576394
0.0001,1099.0,0.659608162689209,0.3636979634284975
0.0001,1100.0,0.6596078347206115,0.36369597563743594
0.0001,1101.0,0.6596075014114379,0.36369399893283827
0.0001,1102.0,0.659607167434693,0.3636920294046401
0.0001,1103.0,0.6596068368911745,0.3636900720596315
0.0001,1104.0,0.6596065156936642,0.36368810985088346
0.0001,1105.0,0.6596061881065366,0.36368616905212403
0.0001,1106.0,0.6596058670997617,0.36368422987461096
0.0001,1107.0,0.659605542850494,0.3636822967529298
0.0001,1108.0,0.6596052247047423,0.36368035972118395
0.0001,1109.0,0.6596049047470092,0.36367844538688665
0.0001,1110.0,0.659604594421387,0.3636765318632127
0.0001,1111.0,0.6596042715072639,0.36367462177276616
0.0001,1112.0,0.6596039615631103,0.3636727288007736
0.0001,1113.0,0.6596036481857299,0.36367083775997155
0.0001,1114.0,0.659603336429596,0.3636689609766007
0.0001,1115.0,0.6596030275344843,0.3636670809030533
0.0001,1116.0,0.6596027253150936,0.3636651982069014
0.0001,1117.0,0.6596024191856388,0.36366333794593814
0.0001,1118.0,0.6596021202087403,0.3636614778280258
0.0001,1119.0,0.6596018112182617,0.3636596236705782
0.0001,1120.0,0.6596015130996707,0.36365777807235733
0.0001,1121.0,0.6596012126922611,0.3636559320926667
0.0001,1122.0,0.6596009172439574,0.36365410468578346
0.0001,1123.0,0.6596006177902224,0.3636522770166398
0.0001,1124.0,0.6596003213882444,0.36365045673847207
0.0001,1125.0,0.6596000300407415,0.36364863402843467
0.0001,1126.0,0.659599743175506,0.3636468362331392
0.0001,1127.0,0.65959944601059,0.3636450427055359
0.0001,1128.0,0.6595991630554199,0.3636432410240173
0.0001,1129.0,0.6595988706588747,0.3636414538860322
0.0001,1130.0,0.6595985867500305,0.36363968067169183
0.0001,1131.0,0.6595983029365534,0.363637895655632
0.0001,1132.0,0.6595980167388915,0.36363613042831416
0.0001,1133.0,0.6595977360725398,0.3636343683958053
0.0001,1134.0,0.6595974559783937,0.3636326134204865
0.0001,1135.0,0.6595971823692318,0.3636308661460877
0.0001,1136.0,0.65959690322876,0.3636291249275207
0.0001,1137.0,0.659596623420715,0.3636273843288421
0.0001,1138.0,0.6595963446617127,0.36362565095424654
0.0001,1139.0,0.6595960776329041,0.36362392063140886
0.0001,1140.0,0.6595958057403571,0.3636222017288207
0.0001,1141.0,0.6595955363273626,0.3636204926013948
0.0001,1142.0,0.6595952693939209,0.36361878626346594
0.0001,1143.0,0.6595949973106384,0.36361708197593695
0.0001,1144.0,0.659594732475281,0.36361537935733806
0.0001,1145.0,0.6595944660186771,0.3636136975288391
0.0001,1146.0,0.659594203186035,0.3636120136499405
0.0001,1147.0,0.6595939393043523,0.3636103317976
0.0001,1148.0,0.6595936804771428,0.363608663868904
0.0001,1149.0,0.6595934203147887,0.3636069977045058
0.0001,1150.0,0.6595931643486023,0.3636053351640701
0.0001,1151.0,0.6595929060935974,0.3636036751031875
0.0001,1152.0,0.6595926532745362,0.36360203378200523
0.0001,1153.0,0.6595923940658571,0.3636003881692888
0.0001,1154.0,0.6595921417236329,0.3635987594366074
0.0001,1155.0,0.6595918909072874,0.36359711129665373
0.0001,1156.0,0.6595916394233708,0.3635954984426499
0.0001,1157.0,0.65959138584137,0.36359386501312263
0.0001,1158.0,0.659591142940521,0.3635922499179841
0.0001,1159.0,0.6595908918380736,0.36359063973426825
0.0001,1160.0,0.6595906427383427,0.36358903231620787
0.0001,1161.0,0.6595904047012334,0.3635874414920808
0.0001,1162.0,0.6595901587486271,0.36358584492206564
0.0001,1163.0,0.6595899207115176,0.36358425395488747
0.0001,1164.0,0.6595896793365477,0.36358267583847054
0.0001,1165.0,0.6595894377708436,0.3635810967683794
0.0001,1166.0,0.6595891986846925,0.36357953166961676
0.0001,1167.0,0.6595889616012576,0.36357796735763553
0.0001,1168.0,0.6595887261390689,0.36357641110420236
0.0001,1169.0,0.6595884933471684,0.36357484846115123
0.0001,1170.0,0.6595882567405699,0.36357330784797653
0.0001,1171.0,0.6595880287170411,0.3635717519044878
0.0001,1172.0,0.6595877935409548,0.36357022607326506
0.0001,1173.0,0.659587566184997,0.3635686896562577
0.0001,1174.0,0.6595873367309569,0.36356716825962065
0.0001,1175.0,0.6595871078491204,0.3635656413555144
0.0001,1176.0,0.6595868863105777,0.3635641352176666
0.0001,1177.0,0.6595866570472717,0.3635626201152802
0.0001,1178.0,0.6595864357948305,0.3635611130237579
0.0001,1179.0,0.6595862091064454,0.363559614944458
0.0001,1180.0,0.6595859859466555,0.3635581170797349
0.0001,1181.0,0.6595857677459719,0.36355662460327154
0.0001,1182.0,0.6595855436325067,0.36355514686107626
0.0001,1183.0,0.6595853274345396,0.36355366559028623
0.0001,1184.0,0.6595851093292234,0.3635521885871888
0.0001,1185.0,0.6595848912239071,0.36355071892738355
0.0001,1186.0,0.6595846767425542,0.36354926021099093
0.0001,1187.0,0.6595844629287717,0.3635478062868118
0.0001,1188.0,0.6595842491149908,0.36354635028839105
0.0001,1189.0,0.6595840374946594,0.3635448920249939
0.0001,1190.0,0.6595838247299192,0.3635434548139572
0.0001,1191.0,0.6595836139678958,0.36354201416969306
0.0001,1192.0,0.6595834067344669,0.36354058310985554
0.0001,1193.0,0.6595832006454466,0.36353915355205546
0.0001,1194.0,0.6595829891204833,0.36353772792816147
0.0001,1195.0,0.6595827846527099,0.3635362977743148
0.0001,1196.0,0.6595825803756712,0.36353488678932183
0.0001,1197.0,0.6595823795318605,0.3635334849119185
0.0001,1198.0,0.6595821743011473,0.3635320812463759
0.0001,1199.0,0.6595819694519043,0.36353068342208855
0.0001,1200.0,0.6595817691802981,0.3635292874097825
0.0001,1201.0,0.6595815733909605,0.36352789411544795
0.0001,1202.0,0.6595813704490661,0.36352651450634
0.0001,1203.0,0.6595811750411986,0.3635251377105712
0.0001,1204.0,0.6595809732437133,0.3635237501382827
0.0001,1205.0,0.6595807775497436,0.36352239322662344
0.0001,1206.0,0.6595805854797364,0.3635210323333741
0.0001,1207.0,0.6595803906440733,0.36351966705322275
0.0001,1208.0,0.6595801959037779,0.36351831326484674
0.0001,1209.0,0.6595800044059748,0.3635169637680054
0.0001,1210.0,0.6595798177719118,0.3635156192541124
0.0001,1211.0,0.659579624366761,0.36351428265571584
0.0001,1212.0,0.6595794377326962,0.3635129441499711
0.0001,1213.0,0.6595792462348942,0.3635116051435472
0.0001,1214.0,0.6595790573120119,0.36351028738021846
0.0001,1215.0,0.6595788693428035,0.36350896618366235
0.0001,1216.0,0.6595786893844608,0.3635076415538787
0.0001,1217.0,0.6595785020828245,0.36350632557868984
0.0001,1218.0,0.6595783200263978,0.36350501184463513
0.0001,1219.0,0.6595781352996828,0.3635037205934526
0.0001,1220.0,0.6595779499053952,0.36350241663455984
0.0001,1221.0,0.6595777702331542,0.3635011137247086
0.0001,1222.0,0.6595775918960576,0.36349982643127426
0.0001,1223.0,0.6595774095535283,0.3634985374689104
0.0001,1224.0,0.6595772353172302,0.3634972557544709
0.0001,1225.0,0.6595770572662351,0.36349598264694205
0.0001,1226.0,0.6595768821716307,0.36349469821453084
0.0001,1227.0,0.6595767086029056,0.36349343302249915
0.0001,1228.0,0.6595765286445613,0.36349216742515594
0.0001,1229.0,0.6595763545989993,0.36349090549945834
0.0001,1230.0,0.6595761825561528,0.3634896560430527
0.0001,1231.0,0.6595760071754462,0.3634884047269822
0.0001,1232.0,0.659575837516785,0.36348715610504145
0.0001,1233.0,0.6595756716728206,0.363485901117325
0.0001,1234.0,0.659575498008728,0.36348467648029337
0.0001,1235.0,0.6595753306388858,0.363483442568779
0.0001,1236.0,0.6595751617431642,0.3634822061061859
0.0001,1237.0,0.6595749950408938,0.3634809801340105
0.0001,1238.0,0.65957482881546,0.36347976162433615
0.0001,1239.0,0.6595746624946595,0.3634785435438156
0.0001,1240.0,0.6595744987487797,0.36347733619213113
0.0001,1241.0,0.6595743363380437,0.36347613148689284
0.0001,1242.0,0.6595741724967958,0.3634749217987061
0.0001,1243.0,0.6595740081787107,0.36347371706962583
0.0001,1244.0,0.6595738438606265,0.3634725246429444
0.0001,1245.0,0.6595736887931826,0.3634713268756866
0.0001,1246.0,0.6595735305786136,0.36347013902664194
0.0001,1247.0,0.6595733694076538,0.3634689606666565
0.0001,1248.0,0.6595732122421268,0.3634677852392196
0.0001,1249.0,0.6595730489730836,0.36346659970283496
0.0001,1250.0,0.6595728954315183,0.36346543428897865
0.0001,1251.0,0.6595727334022528,0.3634642602443695
0.0001,1252.0,0.6595725833892823,0.36346310262680065
0.0001,1253.0,0.6595724288940431,0.36346193797588366
0.0001,1254.0,0.6595722741127015,0.3634607789039611
0.0001,1255.0,0.6595721261978151,0.3634596291542053
0.0001,1256.0,0.6595719706535341,0.3634584817409516
0.0001,1257.0,0.659571814250946,0.3634573350906372
0.0001,1258.0,0.6595716653823854,0.36345618977546684
0.0001,1259.0,0.659571516990661,0.3634550624847411
0.0001,1260.0,0.6595713705062859,0.36345394341945664
0.0001,1261.0,0.6595712222099311,0.36345280027389526
0.0001,1262.0,0.6595710750579836,0.36345167479515106
0.0001,1263.0,0.6595709225654602,0.363450561594963
0.0001,1264.0,0.6595707820892339,0.36344944617748254
0.0001,1265.0,0.6595706306457519,0.3634483283519745
0.0001,1266.0,0.6595704883575442,0.36344721925258655
0.0001,1267.0,0.6595703475952158,0.3634461161613464
0.0001,1268.0,0.6595702043533329,0.3634450113773346
0.0001,1269.0,0.6595700612068178,0.3634439207315445
0.0001,1270.0,0.6595699173927309,0.36344281888008123
0.0001,1271.0,0.659569777965546,0.36344173119068157
0.0001,1272.0,0.6595696377754211,0.36344064400196086
0.0001,1273.0,0.6595694952964778,0.3634395627260207
0.0001,1274.0,0.659569353199005,0.3634384883642197
0.0001,1275.0,0.65956921749115,0.3634374114751817
0.0001,1276.0,0.659569077110291,0.3634363382339477
0.0001,1277.0,0.6595689417839046,0.36343526587486263
0.0001,1278.0,0.6595688044548033,0.3634342018127442
0.0001,1279.0,0.659568667793274,0.3634331301689148
0.0001,1280.0,0.6595685356140139,0.36343207471370703
0.0001,1281.0,0.6595683973312376,0.3634310250043871
0.0001,1282.0,0.6595682661056516,0.36342998142242444
0.0001,1283.0,0.6595681364059451,0.36342893388271336
0.0001,1284.0,0.6595679983139038,0.3634278840065002
0.0001,1285.0,0.6595678684234618,0.36342684140205384
0.0001,1286.0,0.6595677333831785,0.3634257996082307
0.0001,1287.0,0.6595676030158998,0.36342477114200605
0.0001,1288.0,0.6595674721717836,0.36342374341487893
0.0001,1289.0,0.6595673440933228,0.3634227161645891
0.0001,1290.0,0.6595672181129452,0.3634216872930529
0.0001,1291.0,0.6595670830726625,0.36342066667079936
0.0001,1292.0,0.6595669634819028,0.3634196594953537
0.0001,1293.0,0.6595668338775633,0.36341864643096927
0.0001,1294.0,0.6595667049407964,0.3634176339626313
0.0001,1295.0,0.6595665824890136,0.36341662359237664
0.0001,1296.0,0.6595664591789248,0.36341562037467934
0.0001,1297.0,0.659566334533691,0.3634146274805069
0.0001,1298.0,0.6595662075042723,0.36341362359523777
0.0001,1299.0,0.6595660858154296,0.36341263203620916
0.0001,1300.0,0.659565968704224,0.36341164615154276
0.0001,1301.0,0.6595658398628231,0.36341065781116483
0.0001,1302.0,0.659565724182129,0.3634096784591676
0.0001,1303.0,0.6595655974388127,0.3634086999416352
0.0001,1304.0,0.6595654784202576,0.36340772526264187
0.0001,1305.0,0.659565361404419,0.36340674901008607
0.0001,1306.0,0.6595652417182927,0.36340578558445
0.0001,1307.0,0.6595651209831236,0.36340481288433085
0.0001,1308.0,0.6595650039672852,0.36340384922027597
0.0001,1309.0,0.6595648866653444,0.3634028857946397
0.0001,1310.0,0.6595647698402396,0.36340193054676073
0.0001,1311.0,0.659564648628235,0.3634009717464448
0.0001,1312.0,0.6595645364761358,0.36340002985000613
0.0001,1313.0,0.6595644230842592,0.3633990742206575
0.0001,1314.0,0.6595643045425414,0.36339812810420996
0.0001,1315.0,0.6595641963958743,0.36339718732833876
0.0001,1316.0,0.6595640735626216,0.3633962451219556
0.0001,1317.0,0.6595639629364013,0.3633953077554704
0.0001,1318.0,0.6595638525009158,0.3633943719625474
0.0001,1319.0,0.6595637436866768,0.3633934455394744
0.0001,1320.0,0.6595636289596557,0.3633925188779833
0.0001,1321.0,0.6595635196685795,0.36339158740043637
0.0001,1322.0,0.6595634115219112,0.3633906750917435
0.0001,1323.0,0.6595633074760434,0.36338975162506104
0.0001,1324.0,0.6595631906509402,0.3633888369083405
0.0001,1325.0,0.659563082885742,0.3633879301548004
0.0001,1326.0,0.6595629759788507,0.36338701541423796
0.0001,1327.0,0.6595628678321842,0.3633861101150512
0.0001,1328.0,0.6595627617835997,0.3633852130651473
0.0001,1329.0,0.6595626504898067,0.36338430795669563
0.0001,1330.0,0.6595625472068788,0.3633834122419359
0.0001,1331.0,0.6595624412536619,0.3633825260400773
0.0001,1332.0,0.6595623425483704,0.36338163247108457
0.0001,1333.0,0.6595622295379632,0.36338074491024025
0.0001,1334.0,0.6595621312141421,0.3633798537254333
0.0001,1335.0,0.6595620217323305,0.3633789763450622
0.0001,1336.0,0.6595619256019588,0.3633780960321426
0.0001,1337.0,0.659561817932129,0.36337721617221835
0.0001,1338.0,0.6595617197036747,0.3633763484477997
0.0001,1339.0,0.6595616205215455,0.36337547454833996
0.0001,1340.0,0.6595615161895753,0.3633746042013169
0.0001,1341.0,0.6595614185333254,0.36337374222278596
0.0001,1342.0,0.6595613159179694,0.36337288672924034
0.0001,1343.0,0.6595612136840815,0.363372026538849
0.0001,1344.0,0.6595611169815057,0.3633711676359178
0.0001,1345.0,0.6595610179901124,0.3633703186035159
0.0001,1346.0,0.6595609228134156,0.3633694671869278
0.0001,1347.0,0.6595608236312873,0.3633686187505722
0.0001,1348.0,0.6595607252120972,0.36336777422428124
0.0001,1349.0,0.6595606285095214,0.36336692774295815
0.0001,1350.0,0.659560534667969,0.3633660941839218
0.0001,1351.0,0.6595604363441473,0.363365251469612
0.0001,1352.0,0.65956034488678,0.3633644217729568
0.0001,1353.0,0.6595602446556094,0.36336358914375294
0.0001,1354.0,0.6595601531028745,0.3633627653121947
0.0001,1355.0,0.6595600582122804,0.3633619407415391
0.0001,1356.0,0.6595599655151371,0.3633611126184463
0.0001,1357.0,0.6595598751068117,0.36336028928756714
0.0001,1358.0,0.6595597797393804,0.3633594684600831
0.0001,1359.0,0.6595596907615667,0.36335865898132336
0.0001,1360.0,0.6595595912933347,0.36335785233974466
0.0001,1361.0,0.659559504699707,0.36335704293251037
0.0001,1362.0,0.6595594114303587,0.3633562285900117
0.0001,1363.0,0.6595593249320979,0.3633554316282272
0.0001,1364.0,0.6595592305183414,0.36335463013648994
0.0001,1365.0,0.6595591432571413,0.3633538333892822
0.0001,1366.0,0.6595590549468996,0.3633530297994613
0.0001,1367.0,0.6595589657783506,0.3633522382736207
0.0001,1368.0,0.6595588772773736,0.36335143890380867
0.0001,1369.0,0.6595587902069094,0.36335065340995787
0.0001,1370.0,0.6595587018966673,0.36334987883567804
0.0001,1371.0,0.6595586160659791,0.36334908595085147
0.0001,1372.0,0.6595585320472718,0.3633483040571212
0.0001,1373.0,0.6595584432601925,0.36334752454757696
0.0001,1374.0,0.6595583576202395,0.36334675326347354
0.0001,1375.0,0.6595582695007329,0.3633459752559663
0.0001,1376.0,0.659558186149597,0.3633452035188675
0.0001,1377.0,0.65955810251236,0.36334444565773
0.0001,1378.0,0.6595580194473263,0.3633436822891235
0.0001,1379.0,0.6595579358100891,0.36334290938377384
0.0001,1380.0,0.6595578502655031,0.36334213745594035
0.0001,1381.0,0.6595577691078187,0.36334138455390935
0.0001,1382.0,0.659557685279846,0.36334063823223106
0.0001,1383.0,0.6595576029777526,0.363339890027046
0.0001,1384.0,0.6595575199127193,0.36333913161754605
0.0001,1385.0,0.6595574438095092,0.3633383960008621
0.0001,1386.0,0.659557359981537,0.3633376488924027
0.0001,1387.0,0.6595572801589966,0.36333690879344926
0.0001,1388.0,0.6595571982383722,0.3633361729621888
0.0001,1389.0,0.659557120037079,0.36333542528152457
0.0001,1390.0,0.6595570381164548,0.36333469896316545
0.0001,1391.0,0.6595569646835325,0.3633339588880539
0.0001,1392.0,0.6595568786621089,0.3633332354545593
0.0001,1393.0,0.6595568059921265,0.36333250703811637
0.0001,1394.0,0.6595567254066469,0.3633317841529846
0.0001,1395.0,0.6595566450119016,0.36333107123374925
0.0001,1396.0,0.6595565706253053,0.3633303498744964
0.0001,1397.0,0.6595564943313599,0.3633296334743499
0.0001,1398.0,0.6595564146041877,0.36332892000675193
0.0001,1399.0,0.6595563429832458,0.36332820458412174
0.0001,1400.0,0.6595562669754026,0.36332749731540676
0.0001,1401.0,0.659556189537048,0.3633267904281617
0.0001,1402.0,0.659556115818024,0.3633260851144792
0.0001,1403.0,0.6595560415267941,0.36332538764476763
0.0001,1404.0,0.6595559678077698,0.36332468879222857
0.0001,1405.0,0.6595558930397031,0.3633239928722382
0.0001,1406.0,0.6595558218955989,0.36332328937053693
0.0001,1407.0,0.6595557493209838,0.3633225933074951
0.0001,1408.0,0.659555675315857,0.36332191388607044
0.0001,1409.0,0.659555601406097,0.36332121205329887
0.0001,1410.0,0.6595555294990539,0.3633205228090286
0.0001,1411.0,0.6595554548263546,0.36331983945369734
0.0001,1412.0,0.6595553883552556,0.3633191644430161
0.0001,1413.0,0.6595553131103512,0.3633184758663179
0.0001,1414.0,0.6595552462577822,0.363317800283432
0.0001,1415.0,0.6595551780700681,0.36331711692810087
0.0001,1416.0,0.6595551068305969,0.36331644585132594
0.0001,1417.0,0.6595550361633301,0.3633157685279847
0.0001,1418.0,0.6595549670219426,0.3633150920152664
0.0001,1419.0,0.6595548976898196,0.36331442852020257
0.0001,1420.0,0.6595548245429994,0.36331376142501837
0.0001,1421.0,0.6595547578811648,0.36331309764385233
0.0001,1422.0,0.6595546900749204,0.36331243221759807
0.0001,1423.0,0.6595546267509462,0.3633117814064024
0.0001,1424.0,0.6595545592308046,0.36331112241745
0.0001,1425.0,0.6595544878005974,0.36331045789718625
0.0001,1426.0,0.659554421329499,0.363309805703163
0.0001,1427.0,0.6595543539047242,0.36330915813446046
0.0001,1428.0,0.6595542900085447,0.3633085137128829
0.0001,1429.0,0.6595542209625248,0.36330786011219024
0.0001,1430.0,0.659554160022736,0.36330721230506924
0.0001,1431.0,0.6595540900230408,0.3633065705060958
0.0001,1432.0,0.6595540259361262,0.36330592789649974
0.0001,1433.0,0.6595539623260499,0.3633052958250045
0.0001,1434.0,0.6595538993835451,0.3633046625852585
0.0001,1435.0,0.6595538335800175,0.3633040239810945
0.0001,1436.0,0.6595537700653072,0.36330338943004614
0.0001,1437.0,0.6595537048339846,0.36330275590419775
0.0001,1438.0,0.6595536418914797,0.36330212564468384
0.0001,1439.0,0.6595535797119142,0.36330149872303014
0.0001,1440.0,0.6595535219192509,0.3633008750200272
0.0001,1441.0,0.6595534591674808,0.3633002580404282
0.0001,1442.0,0.6595533964157109,0.3632996353387833
0.0001,1443.0,0.6595533302307133,0.3632990249395371
0.0001,1444.0,0.659553272628784,0.3632984025955201
0.0001,1445.0,0.6595532117843623,0.363297780108452
0.0001,1446.0,0.6595531491279606,0.36329717867374434
0.0001,1447.0,0.6595530920028687,0.363296569609642
0.0001,1448.0,0.6595530317306518,0.363295956516266
0.0001,1449.0,0.659552971363068,0.363295354628563
0.0001,1450.0,0.6595529098510741,0.36329475054740906
0.0001,1451.0,0.6595528478622439,0.3632941473484039
0.0001,1452.0,0.6595527930259714,0.36329354608058934
0.0001,1453.0,0.6595527376174923,0.3632929489612581
0.0001,1454.0,0.6595526731491088,0.36329235537052157
0.0001,1455.0,0.6595526132583617,0.3632917570114137
0.0001,1456.0,0.6595525596618651,0.36329117662906646
0.0001,1457.0,0.6595524990081789,0.36329057862758635
0.0001,1458.0,0.6595524440765382,0.36328999164104453
0.0001,1459.0,0.6595523881912231,0.36328940370082846
0.0001,1460.0,0.6595523291587831,0.36328881931304935
0.0001,1461.0,0.6595522724151612,0.3632882295370101
0.0001,1462.0,0.6595522184371944,0.3632876539230347
0.0001,1463.0,0.6595521632194515,0.3632870752096177
0.0001,1464.0,0.6595521076202396,0.36328650319576256
0.0001,1465.0,0.6595520451545718,0.3632859163045884
0.0001,1466.0,0.6595519929885868,0.36328535156250014
0.0001,1467.0,0.6595519409179684,0.36328477811813353
0.0001,1468.0,0.6595518828392029,0.3632842087984086
0.0001,1469.0,0.6595518295288091,0.36328363974094396
0.0001,1470.0,0.6595517733573919,0.36328308026790623
0.0001,1471.0,0.6595517192840575,0.3632825113534927
0.0001,1472.0,0.6595516729354862,0.36328194761276233
0.0001,1473.0,0.6595516126632697,0.36328138842582697
0.0001,1474.0,0.6595515638351442,0.36328083112239834
0.0001,1475.0,0.659551508331299,0.36328028223514564
0.0001,1476.0,0.6595514532089232,0.36327971174716955
0.0001,1477.0,0.6595514028549196,0.36327916624546064
0.0001,1478.0,0.6595513509750363,0.3632786184310915
0.0001,1479.0,0.6595513029098509,0.3632780636310579
0.0001,1480.0,0.659551249694825,0.36327751410007475
0.0001,1481.0,0.6595511955261232,0.3632769665002823
0.0001,1482.0,0.6595511447906499,0.36327641675472244
0.0001,1483.0,0.65955109500885,0.3632758854389191
0.0001,1484.0,0.6595510449409493,0.36327533476352697
0.0001,1485.0,0.6595509878158573,0.3632748092651367
0.0001,1486.0,0.6595509424209596,0.36327426486015313
0.0001,1487.0,0.6595508931159975,0.36327372829914095
0.0001,1488.0,0.6595508397102356,0.36327319464683555
0.0001,1489.0,0.6595507930755621,0.36327266469001784
0.0001,1490.0,0.6595507403373715,0.36327213537693037
0.0001,1491.0,0.6595506900787352,0.36327160470485687
0.0001,1492.0,0.6595506504058837,0.3632710820674897
0.0001,1493.0,0.6595505939483646,0.3632705538034439
0.0001,1494.0,0.6595505478858947,0.3632700310230256
0.0001,1495.0,0.6595505002021794,0.3632695051193237
0.0001,1496.0,0.6595504515647884,0.3632689916849137
0.0001,1497.0,0.6595503983497621,0.3632684764862062
0.0001,1498.0,0.6595503595352175,0.3632679594755172
0.0001,1499.0,0.6595503065109259,0.3632674385786056
0.0001,1500.0,0.6595502628326417,0.36326692614555367
0.0001,1501.0,0.6595502178192142,0.36326641469001764
0.0001,1502.0,0.6595501706123352,0.3632659038066865
0.0001,1503.0,0.659550121688843,0.36326539475917813
0.0001,1504.0,0.6595500774383551,0.3632648876905441
0.0001,1505.0,0.6595500341415407,0.363264388871193
0.0001,1506.0,0.6595499842643736,0.36326387898921975
0.0001,1507.0,0.6595499433517454,0.36326337811946857
0.0001,1508.0,0.6595498920440672,0.3632628710508347
0.0001,1509.0,0.6595498468399048,0.3632623736619951
0.0001,1510.0,0.6595498038291923,0.3632618804216385
0.0001,1511.0,0.659549761295319,0.36326139082908615
0.0001,1512.0,0.6595497204780578,0.3632608935832978
0.0001,1513.0,0.6595496696472174,0.3632604003190994
0.0001,1514.0,0.6595496292114259,0.36325990555286397
0.0001,1515.0,0.6595495841979979,0.3632594163179399
0.0001,1516.0,0.659549542617798,0.36325893008708965
0.0001,1517.0,0.6595494923591615,0.3632584432840347
0.0001,1518.0,0.6595494531631471,0.3632579582214355
0.0001,1519.0,0.6595494091987611,0.36325747179985063
0.0001,1520.0,0.6595493657112121,0.3632569944143294
0.0001,1521.0,0.6595493217468259,0.36325650708675405
0.0001,1522.0,0.6595492799758912,0.363256029510498
0.0001,1523.0,0.6595492427825929,0.3632555653810502
0.0001,1524.0,0.6595491987228396,0.36325507969856274
0.0001,1525.0,0.6595491511344913,0.36325460870265963
0.0001,1526.0,0.6595491146087645,0.36325413134098067
0.0001,1527.0,0.6595490737915044,0.3632536582946777
0.0001,1528.0,0.6595490330696112,0.3632531943559646
0.0001,1529.0,0.6595489903450009,0.3632527313232422
0.0001,1530.0,0.6595489496231077,0.3632522597074509
0.0001,1531.0,0.6595489090919494,0.3632517929792404
0.0001,1532.0,0.6595488706588746,0.3632513361454008
0.0001,1533.0,0.659548827648163,0.36325086534023293
0.0001,1534.0,0.65954878578186,0.36325041115283957
0.0001,1535.0,0.6595487489700318,0.363249944829941
0.0001,1536.0,0.6595487043380737,0.36324949021339414
0.0001,1537.0,0.6595486663818362,0.36324903042316425
0.0001,1538.0,0.6595486289978023,0.36324857933521254
0.0001,1539.0,0.6595485887527471,0.3632481281280517
0.0001,1540.0,0.659548548603058,0.3632476722478866
0.0001,1541.0,0.6595485120773315,0.36324721519947056
0.0001,1542.0,0.6595484692573548,0.363246766471863
0.0001,1543.0,0.6595484352111816,0.36324632732868195
0.0001,1544.0,0.6595483951568603,0.36324588141441333
0.0001,1545.0,0.6595483532905574,0.36324542798995973
0.0001,1546.0,0.6595483217239381,0.36324497919082654
0.0001,1547.0,0.6595482813835151,0.3632445412635802
0.0001,1548.0,0.6595482456207273,0.36324409561157234
0.0001,1549.0,0.6595482070922855,0.3632436621189118
0.0001,1550.0,0.6595481708526612,0.3632432264566422
0.0001,1551.0,0.6595481327056885,0.3632427832841873
0.0001,1552.0,0.6595480951309205,0.36324235129356386
0.0001,1553.0,0.6595480613708492,0.363241913175583
0.0001,1554.0,0.6595480237960818,0.36324148566722864
0.0001,1555.0,0.659547985363007,0.36324105701446535
0.0001,1556.0,0.6595479496002199,0.3632406270980836
0.0001,1557.0,0.6595479139328,0.363240197968483
0.0001,1558.0,0.6595478816986083,0.36323975729942337
0.0001,1559.0,0.6595478460311884,0.36323933339118963
0.0001,1560.0,0.6595478110313415,0.3632389108896255
0.0001,1561.0,0.6595477710723875,0.3632384904146196
0.0001,1562.0,0.6595477359771732,0.3632380664110183
0.0001,1563.0,0.6595476991653442,0.36323764438629164
0.0001,1564.0,0.659547663497925,0.3632372260808945
0.0001,1565.0,0.6595476320266727,0.3632367982149124
0.0001,1566.0,0.6595475957870481,0.3632363830566405
0.0001,1567.0,0.6595475610733037,0.36323596770763394
0.0001,1568.0,0.6595475318908689,0.36323554866313923
0.0001,1569.0,0.6595474974632264,0.3632351307392121
0.0001,1570.0,0.659547456455231,0.36323472411632535
0.0001,1571.0,0.6595474259376528,0.3632343100786208
0.0001,1572.0,0.6595473923683168,0.363233901143074
0.0001,1573.0,0.6595473599433902,0.3632334922313692
0.0001,1574.0,0.6595473223686222,0.36323308863639836
0.0001,1575.0,0.6595472926139838,0.3632326673746109
0.0001,1576.0,0.6595472578048706,0.363232261633873
0.0001,1577.0,0.6595472272872922,0.3632318604707716
0.0001,1578.0,0.659547195243836,0.36323146021366115
0.0001,1579.0,0.6595471632957458,0.36323105719089505
0.0001,1580.0,0.6595471296310429,0.3632306634664534
0.0001,1581.0,0.6595470970153805,0.3632302577018738
0.0001,1582.0,0.6595470632553099,0.36322985744476327
0.0001,1583.0,0.6595470302581791,0.3632294595003131
0.0001,1584.0,0.6595469961166385,0.36322906002998356
0.0001,1585.0,0.6595469705581672,0.3632286684751511
0.0001,1586.0,0.6595469381332394,0.3632282766819
0.0001,1587.0,0.6595469069480897,0.3632278920412063
0.0001,1588.0,0.6595468768119807,0.36322749435901636
0.0001,1589.0,0.6595468499183655,0.36322709949016574
0.0001,1590.0,0.6595468143463135,0.36322670845985433
0.0001,1591.0,0.6595467800140379,0.36322631983757026
0.0001,1592.0,0.6595467525482176,0.3632259405612947
0.0001,1593.0,0.6595467199325562,0.3632255544185637
0.0001,1594.0,0.6595466930389402,0.3632251737833023
0.0001,1595.0,0.6595466612815851,0.3632247911930084
0.0001,1596.0,0.6595466288566589,0.36322440493106856
0.0001,1597.0,0.6595465998649598,0.36322402448654173
0.0001,1598.0,0.6595465737342832,0.36322364571094523
0.0001,1599.0,0.6595465435028081,0.36322327985763564
0.0001,1600.0,0.6595465160369881,0.3632228843212128
0.0001,1601.0,0.6595464850425716,0.36322251632213604
0.0001,1602.0,0.6595464545249944,0.3632221338987349
0.0001,1603.0,0.659546424007415,0.3632217640638353
0.0001,1604.0,0.6595463972091677,0.36322139811515813
0.0001,1605.0,0.6595463697433478,0.36322101993560785
0.0001,1606.0,0.6595463322639468,0.36322065522670755
0.0001,1607.0,0.6595463109016421,0.3632202806472779
0.0001,1608.0,0.659546280574799,0.36321991875171644
0.0001,1609.0,0.6595462528228764,0.3632195505142211
0.0001,1610.0,0.6595462222099309,0.3632191907644272
0.0001,1611.0,0.6595461944580077,0.3632188250541686
0.0001,1612.0,0.6595461686134331,0.3632184654712676
0.0001,1613.0,0.6595461392402647,0.36321809844970704
0.0001,1614.0,0.6595461105346674,0.3632177332878114
0.0001,1615.0,0.6595460887908934,0.36321737670898435
0.0001,1616.0,0.6595460565567015,0.3632170108079911
0.0001,1617.0,0.659546032333374,0.363216661977768
0.0001,1618.0,0.6595460021972661,0.3632162969589232
0.0001,1619.0,0.6595459779739379,0.3632159420490265
0.0001,1620.0,0.6595459486007691,0.3632155880212785
0.0001,1621.0,0.6595459220886224,0.3632152314901353
0.0001,1622.0,0.6595458961486814,0.3632148796081543
0.0001,1623.0,0.6595458680152897,0.3632145187616348
0.0001,1624.0,0.6595458400726323,0.3632141719341278
0.0001,1625.0,0.6595458135604854,0.3632138263940812
0.0001,1626.0,0.6595457884788514,0.36321346988677977
0.0001,1627.0,0.6595457606315617,0.36321312630176533
0.0001,1628.0,0.6595457346916197,0.3632127733707427
0.0001,1629.0,0.659545715141297,0.36321242802143094
0.0001,1630.0,0.6595456871986385,0.3632120747566223
0.0001,1631.0,0.659545662879944,0.3632117395877838
0.0001,1632.0,0.6595456345558168,0.3632113939762116
0.0001,1633.0,0.6595456095695501,0.36321104516983027
0.0001,1634.0,0.6595455830574036,0.36321071105003366
0.0001,1635.0,0.6595455583572393,0.3632103701353074
0.0001,1636.0,0.6595455345153807,0.36321003706455235
0.0001,1637.0,0.659545512104034,0.3632096906185151
0.0001,1638.0,0.6595454800605774,0.363209363102913
0.0001,1639.0,0.6595454569816589,0.36320901801586153
0.0001,1640.0,0.6595454363822941,0.36320868487358093
0.0001,1641.0,0.6595454082489013,0.3632083583354949
0.0001,1642.0,0.6595453852653504,0.3632080260515213
0.0001,1643.0,0.6595453625679016,0.3632076929092408
0.0001,1644.0,0.659545335197449,0.3632073629617691
0.0001,1645.0,0.6595453139305114,0.36320703074932104
0.0001,1646.0,0.6595452913284298,0.36320669419765483
0.0001,1647.0,0.6595452688217164,0.3632063695907594
0.0001,1648.0,0.6595452450752262,0.36320604357719416
0.0001,1649.0,0.6595452192306516,0.3632057235002518
0.0001,1650.0,0.6595451940536495,0.36320539121627815
0.0001,1651.0,0.6595451739311224,0.36320507252216316
0.0001,1652.0,0.65954514837265,0.3632047510862349
0.0001,1653.0,0.6595451226234441,0.36320443429946914
0.0001,1654.0,0.6595450996398936,0.36320412006378183
0.0001,1655.0,0.6595450782775889,0.36320379126071944
0.0001,1656.0,0.6595450582504266,0.3632034794569016
0.0001,1657.0,0.6595450361251828,0.36320316376686085
0.0001,1658.0,0.6595450146675107,0.3632028455257415
0.0001,1659.0,0.6595449907302853,0.36320253248214723
0.0001,1660.0,0.6595449654579157,0.36320221831798566
0.0001,1661.0,0.6595449445724485,0.363201901435852
0.0001,1662.0,0.6595449219703673,0.3632015968322755
0.0001,1663.0,0.6595449007034301,0.36320128660202017
0.0001,1664.0,0.6595448814392091,0.36320097532272333
0.0001,1665.0,0.6595448600769038,0.36320066349506375
0.0001,1666.0,0.6595448333740229,0.3632003616094589
0.0001,1667.0,0.6595448115348818,0.36320005173683173
0.0001,1668.0,0.6595447944641111,0.36319974606037153
0.0001,1669.0,0.6595447652816777,0.36319944210052496
0.0001,1670.0,0.6595447484016423,0.3631991411209106
0.0001,1671.0,0.6595447287559506,0.3631988333463669
0.0001,1672.0,0.6595447072029111,0.3631985366344454
0.0001,1673.0,0.6595446799278252,0.3631982359409329
0.0001,1674.0,0.6595446667671204,0.36319794428348545
0.0001,1675.0,0.6595446468353279,0.3631976370334625
0.0001,1676.0,0.6595446203231813,0.36319733967781065
0.0001,1677.0,0.659544604587555,0.3631970386743547
0.0001,1678.0,0.6595445816993714,0.36319674391746504
0.0001,1679.0,0.6595445569992066,0.36319644463062284
0.0001,1680.0,0.6595445377349854,0.3631961501359939
0.0001,1681.0,0.6595445226669308,0.36319586155414574
0.0001,1682.0,0.6595444986343381,0.3631955690383912
0.0001,1683.0,0.6595444805145266,0.3631952768087386
0.0001,1684.0,0.6595444562911987,0.36319498519897464
0.0001,1685.0,0.6595444375038143,0.3631946932554245
0.0001,1686.0,0.6595444194793696,0.3631944027423858
0.0001,1687.0,0.6595444009780876,0.36319411234855653
0.0001,1688.0,0.6595443801879874,0.36319382419586177
0.0001,1689.0,0.6595443621635438,0.36319353821277633
0.0001,1690.0,0.6595443385124207,0.3631932556152346
0.0001,1691.0,0.6595443222045898,0.36319297246932986
0.0001,1692.0,0.659544299221039,0.3631926918268203
0.0001,1693.0,0.659544284057617,0.3631924043893814
0.0001,1694.0,0.6595442625045772,0.36319211823940284
0.0001,1695.0,0.6595442416191097,0.3631918372631074
0.0001,1696.0,0.6595442262649536,0.36319156014919274
0.0001,1697.0,0.659544205093384,0.3631912774085998
0.0001,1698.0,0.6595441870689391,0.3631909925937652
0.0001,1699.0,0.6595441732406618,0.36319072232246413
0.0001,1700.0,0.6595441529273991,0.3631904411554336
0.0001,1701.0,0.6595441364288327,0.3631901663541793
0.0001,1702.0,0.6595441149711607,0.36318988902568833
0.0001,1703.0,0.6595440940856933,0.36318960599899286
0.0001,1704.0,0.6595440793037414,0.36318933877944937
0.0001,1705.0,0.659544060707092,0.3631890634775161
0.0001,1706.0,0.6595440376281738,0.36318879156112666
0.0001,1707.0,0.659544021987915,0.3631885244369508
0.0001,1708.0,0.6595440072059628,0.3631882513523102
0.0001,1709.0,0.6595439824104312,0.3631879822969436
0.0001,1710.0,0.6595439673423766,0.36318771164417263
0.0001,1711.0,0.6595439545631405,0.36318744366168987
0.0001,1712.0,0.6595439332962035,0.3631871764421462
0.0001,1713.0,0.6595439161300664,0.36318690147399896
0.0001,1714.0,0.659543897819519,0.36318663632869713
0.0001,1715.0,0.6595438802719116,0.3631863691806791
0.0001,1716.0,0.6595438614845284,0.3631861079931257
0.0001,1717.0,0.6595438434600831,0.3631858513116837
0.0001,1718.0,0.659543825340271,0.3631855829715728
0.0001,1719.0,0.659543810176849,0.3631853262901306
0.0001,1720.0,0.6595437932968141,0.36318506608009327
0.0001,1721.0,0.6595437776565553,0.3631848037719725
0.0001,1722.0,0.65954376039505,0.36318453781604776
0.0001,1723.0,0.6595437457084664,0.36318427593708036
0.0001,1724.0,0.6595437232971197,0.36318402113914483
0.0001,1725.0,0.6595437129020691,0.3631837673187255
0.0001,1726.0,0.659543696117401,0.3631835105895997
0.0001,1727.0,0.6595436758995059,0.3631832500219346
0.0001,1728.0,0.6595436606407172,0.36318299369812
0.0001,1729.0,0.6595436450958254,0.3631827515125274
0.0001,1730.0,0.6595436281204224,0.36318248946666726
0.0001,1731.0,0.6595436128616332,0.36318223922252657
0.0001,1732.0,0.659543593502045,0.36318198266029356
0.0001,1733.0,0.659543577957153,0.3631817309617996
0.0001,1734.0,0.6595435626983641,0.36318148691654206
0.0001,1735.0,0.6595435475349429,0.3631812332391739
0.0001,1736.0,0.6595435301780705,0.363180990934372
0.0001,1737.0,0.6595435204505924,0.36318073263168327
0.0001,1738.0,0.6595434942245488,0.3631804914474487
0.0001,1739.0,0.6595434823036191,0.3631802485227584
0.0001,1740.0,0.6595434681892393,0.3631799992799758
0.0001,1741.0,0.6595434553146363,0.3631797558784484
0.0001,1742.0,0.6595434397697452,0.3631795123577117
0.0001,1743.0,0.659543422317505,0.3631792739391326
0.0001,1744.0,0.6595434092521671,0.36317902295589455
0.0001,1745.0,0.6595433931350709,0.36317878506183615
0.0001,1746.0,0.6595433791160582,0.36317854626178736
0.0001,1747.0,0.6595433645248415,0.3631783070325851
0.0001,1748.0,0.6595433470726006,0.3631780730485916
0.0001,1749.0,0.6595433289527889,0.36317782366275786
0.0001,1750.0,0.6595433198928836,0.36317757961750013
0.0001,1751.0,0.6595433012962348,0.36317734787464157
0.0001,1752.0,0.6595432875633244,0.36317710978984835
0.0001,1753.0,0.6595432741165174,0.3631768692970276
0.0001,1754.0,0.6595432584762578,0.36317664551734924
0.0001,1755.0,0.6595432422637946,0.36317640759944914
0.0001,1756.0,0.659543229007721,0.36317617070674896
0.0001,1757.0,0.6595432132720945,0.3631759349584579
0.0001,1758.0,0.6595431980133054,0.363175699710846
0.0001,1759.0,0.6595431843757628,0.36317546963691727
0.0001,1760.0,0.659543172168732,0.36317524173259735
0.0001,1761.0,0.659543154144287,0.36317501089572907
0.0001,1762.0,0.6595431434631347,0.3631747786045074
0.0001,1763.0,0.6595431278228763,0.36317454967498775
0.0001,1764.0,0.6595431157112122,0.3631743214130402
0.0001,1765.0,0.6595430992126459,0.3631740882396697
0.0001,1766.0,0.6595430869102477,0.36317386643886557
0.0001,1767.0,0.6595430749893189,0.36317364089488974
0.0001,1768.0,0.6595430606842043,0.36317341406345377
0.0001,1769.0,0.6595430419921872,0.36317318656444547
0.0001,1770.0,0.6595430329322817,0.36317297325134285
0.0001,1771.0,0.6595430173873904,0.3631727385997772
0.0001,1772.0,0.6595430080413818,0.36317250814437857
0.0001,1773.0,0.6595429927825927,0.3631722952842713
0.0001,1774.0,0.6595429779052736,0.363172066950798
0.0001,1775.0,0.6595429682731628,0.3631718527555467
0.0001,1776.0,0.6595429552078251,0.3631716257572176
0.0001,1777.0,0.6595429382324217,0.3631714088439943
0.0001,1778.0,0.6595429244995114,0.363171190237999
0.0001,1779.0,0.6595429109573372,0.36317097461223624
0.0001,1780.0,0.659542901515961,0.36317074956893913
0.0001,1781.0,0.6595428868293759,0.3631705431699752
0.0001,1782.0,0.6595428686141965,0.363170325899124
0.0001,1783.0,0.6595428606987,0.3631701024532321
0.0001,1784.0,0.6595428466796878,0.3631698906660081
0.0001,1785.0,0.6595428340911869,0.36316966905593884
0.0001,1786.0,0.6595428222656251,0.3631694578409195
0.0001,1787.0,0.6595428106307986,0.3631692449808118
0.0001,1788.0,0.6595427986145015,0.36316903223991404
0.0001,1789.0,0.6595427852630614,0.3631688138246536
0.0001,1790.0,0.6595427740097046,0.36316860969066617
0.0001,1791.0,0.6595427591323854,0.3631683858394622
0.0001,1792.0,0.6595427467346191,0.36316818370819104
0.0001,1793.0,0.6595427344322209,0.3631679677963256
0.0001,1794.0,0.6595427175521852,0.3631677662849426
0.0001,1795.0,0.659542711353302,0.3631675533771515
0.0001,1796.0,0.6595426967620852,0.36316734044551846
0.0001,1797.0,0.6595426858901977,0.36316713743209844
0.0001,1798.0,0.659542674827576,0.36316692891120916
0.0001,1799.0,0.6595426625251777,0.36316672041416176
0.0001,1800.0,0.6595426490783692,0.3631665184974673
0.0001,1801.0,0.6595426329612732,0.3631663071393967
0.0001,1802.0,0.6595426279067995,0.36316610689163203
0.0001,1803.0,0.6595426176071166,0.36316590461730963
0.0001,1804.0,0.6595426032066345,0.3631656982183457
0.0001,1805.0,0.6595425889015195,0.36316549549102795
0.0001,1806.0,0.6595425804138186,0.3631652867555618
0.0001,1807.0,0.6595425659179688,0.3631650934219359
0.0001,1808.0,0.6595425539016725,0.36316489772796634
0.0001,1809.0,0.6595425410270696,0.3631646928071975
0.0001,1810.0,0.6595425337791445,0.3631644933700562
0.0001,1811.0,0.6595425204277043,0.36316429216861734
0.0001,1812.0,0.6595425131797791,0.3631640921831132
0.0001,1813.0,0.65954250087738,0.3631638979196549
0.0001,1814.0,0.6595424883842466,0.3631637029170989
0.0001,1815.0,0.6595424736976617,0.3631635051727295
0.0001,1816.0,0.6595424656867984,0.36316330993175505
0.0001,1817.0,0.6595424557685853,0.36316311640739457
0.0001,1818.0,0.6595424407958984,0.363162915611267
0.0001,1819.0,0.6595424300193786,0.3631627219200135
0.0001,1820.0,0.6595424213409425,0.36316253566741963
0.0001,1821.0,0.6595424149513247,0.3631623427152634
0.0001,1822.0,0.6595423994064332,0.36316214170455946
0.0001,1823.0,0.6595423924446105,0.36316195304393784
0.0001,1824.0,0.6595423791885376,0.36316176252365096
0.0001,1825.0,0.6595423706054686,0.3631615723848345
0.0001,1826.0,0.6595423566818237,0.36316137480735783
0.0001,1827.0,0.6595423501968379,0.3631611900091172
0.0001,1828.0,0.6595423386573789,0.36316100475788116
0.0001,1829.0,0.6595423315048222,0.36316081700325015
0.0001,1830.0,0.6595423186302192,0.3631606263875961
0.0001,1831.0,0.6595423089027407,0.36316043910980217
0.0001,1832.0,0.6595422960281376,0.3631602489709854
0.0001,1833.0,0.659542286872864,0.36316006488800057
0.0001,1834.0,0.6595422727584834,0.36315987958908097
0.0001,1835.0,0.6595422605514528,0.3631597021818162
0.0001,1836.0,0.6595422508239752,0.36315951447486877
0.0001,1837.0,0.6595422441482545,0.36315932669639595
0.0001,1838.0,0.659542235374451,0.3631591480731964
0.0001,1839.0,0.6595422206878658,0.3631589635610581
0.0001,1840.0,0.6595422136306759,0.36315877370834365
0.0001,1841.0,0.6595422033309936,0.3631585923910141
0.0001,1842.0,0.6595421957015994,0.3631584109544755
0.0001,1843.0,0.6595421871185305,0.36315823593139646
0.0001,1844.0,0.659542169570923,0.3631580581665039
0.0001,1845.0,0.6595421637535092,0.3631578716039658
0.0001,1846.0,0.6595421579360963,0.3631576922178269
0.0001,1847.0,0.6595421449661254,0.363157512807846
0.0001,1848.0,0.6595421360969544,0.3631573408603669
0.0001,1849.0,0.6595421232223513,0.36315715754032135
0.0001,1850.0,0.6595421184539793,0.3631569840192793
0.0001,1851.0,0.6595421060562129,0.36315680308341974
0.0001,1852.0,0.6595420997619627,0.3631566315174103
0.0001,1853.0,0.6595420886993413,0.3631564573526383
0.0001,1854.0,0.6595420845031738,0.3631562808513642
0.0001,1855.0,0.6595420746803287,0.3631560985565185
0.0001,1856.0,0.6595420608520509,0.3631559285640717
0.0001,1857.0,0.6595420457839968,0.36315575568675995
0.0001,1858.0,0.6595420411109928,0.36315558187961583
0.0001,1859.0,0.6595420350074771,0.3631554138183595
0.0001,1860.0,0.6595420240402221,0.3631552445411683
0.0001,1861.0,0.6595420141220087,0.363155072784424
0.0001,1862.0,0.6595420139312741,0.36315491099357605
0.0001,1863.0,0.6595419982910157,0.3631547304630281
0.0001,1864.0,0.6595419894218446,0.3631545630693436
0.0001,1865.0,0.659541981315612,0.3631544057130814
0.0001,1866.0,0.6595419660568237,0.36315422964096067
0.0001,1867.0,0.6595419614791875,0.36315406184196475
0.0001,1868.0,0.6595419518470762,0.3631539006710052
0.0001,1869.0,0.6595419425964352,0.3631537282705307
0.0001,1870.0,0.6595419361114505,0.363153557729721
0.0001,1871.0,0.6595419263839718,0.36315339341163644
0.0001,1872.0,0.6595419160842892,0.3631532253980636
0.0001,1873.0,0.6595419094085693,0.36315305430889144
0.0001,1874.0,0.6595418991088867,0.36315289511680615
0.0001,1875.0,0.6595418933868405,0.3631527341127397
0.0001,1876.0,0.6595418788909917,0.3631525691509247
0.0001,1877.0,0.6595418755531308,0.3631524136066436
0.0001,1878.0,0.6595418642044066,0.3631522514820098
0.0001,1879.0,0.6595418555259707,0.36315208728313453
0.0001,1880.0,0.6595418484687804,0.3631519307613374
0.0001,1881.0,0.6595418413162234,0.36315176665782933
0.0001,1882.0,0.659541831588745,0.36315160598754886
0.0001,1883.0,0.6595418239593511,0.36315145175457003
0.0001,1884.0,0.6595418170928955,0.3631512873888015
0.0001,1885.0,0.6595418120384215,0.36315112998485577
0.0001,1886.0,0.6595418041229248,0.3631509617328643
0.0001,1887.0,0.6595417885780337,0.36315080020427704
0.0001,1888.0,0.659541787338257,0.3631506500959396
0.0001,1889.0,0.6595417775154115,0.3631504941463471
0.0001,1890.0,0.6595417678833014,0.3631503385782244
0.0001,1891.0,0.6595417612075807,0.3631501831769944
0.0001,1892.0,0.6595417491912845,0.363150027036667
0.0001,1893.0,0.6595417428970338,0.36314986729621884
0.0001,1894.0,0.6595417393684384,0.36314971854686723
0.0001,1895.0,0.6595417313575744,0.36314957160949707
0.0001,1896.0,0.6595417190551759,0.3631494138956071
0.0001,1897.0,0.6595417135238649,0.3631492623329162
0.0001,1898.0,0.6595417077064513,0.3631491044759751
0.0001,1899.0,0.6595417001724244,0.36314894084930427
0.0001,1900.0,0.6595416947364805,0.3631487989425659
0.0001,1901.0,0.6595416839599605,0.3631486433267593
0.0001,1902.0,0.6595416772842405,0.36314849252700815
0.0001,1903.0,0.6595416645050048,0.3631483433961869
0.0001,1904.0,0.6595416563034064,0.3631481962919235
0.0001,1905.0,0.659541651535034,0.36314803845882415
0.0001,1906.0,0.6595416447639462,0.3631478868722916
0.0001,1907.0,0.6595416398048395,0.3631477394342422
0.0001,1908.0,0.6595416291236881,0.36314759435653704
0.0001,1909.0,0.6595416223525999,0.3631474393129351
0.0001,1910.0,0.6595416174888606,0.3631472934007644
0.0001,1911.0,0.6595416105270386,0.36314714615345006
0.0001,1912.0,0.6595416014671325,0.36314699051380145
0.0001,1913.0,0.6595415968894954,0.3631468544244767
0.0001,1914.0,0.6595415863990783,0.363146708059311
0.0001,1915.0,0.6595415826797483,0.363146558022499
0.0001,1916.0,0.6595415714263916,0.36314641392231
0.0001,1917.0,0.659541565704346,0.3631462630748751
0.0001,1918.0,0.6595415592193602,0.3631461245298387
0.0001,1919.0,0.6595415502548212,0.36314597795009645
0.0001,1920.0,0.6595415443420409,0.3631458334445953
0.0001,1921.0,0.6595415406227112,0.36314569253921497
0.0001,1922.0,0.6595415321350102,0.363145543885231
0.0001,1923.0,0.6595415257453922,0.36314539921283734
0.0001,1924.0,0.6595415167808537,0.36314526259899144
0.0001,1925.0,0.6595415126800539,0.36314511382579806
0.0001,1926.0,0.6595415061950687,0.36314497711658467
0.0001,1927.0,0.6595414981842042,0.3631448316574096
0.0001,1928.0,0.6595414918899531,0.3631446880578995
0.0001,1929.0,0.6595414817810061,0.3631445449113846
0.0001,1930.0,0.6595414793968203,0.3631444128990173
0.0001,1931.0,0.6595414715766901,0.3631442673444748
0.0001,1932.0,0.6595414674758909,0.36314412782192224
0.0001,1933.0,0.6595414569854737,0.36314398946762105
0.0001,1934.0,0.6595414541244514,0.3631438473224639
0.0001,1935.0,0.6595414455413819,0.3631437158584594
0.0001,1936.0,0.6595414347648619,0.36314358217716225
0.0001,1937.0,0.6595414324760427,0.36314344279766086
0.0001,1938.0,0.6595414222717287,0.3631433029651642
0.0001,1939.0,0.6595414163589485,0.3631431748390199
0.0001,1940.0,0.6595414062500001,0.3631430315017701
0.0001,1941.0,0.659541405105591,0.3631428949594499
0.0001,1942.0,0.6595413988113404,0.3631427576780321
0.0001,1943.0,0.6595413879394533,0.36314262402057645
0.0001,1944.0,0.6595413909912108,0.3631424847841263
0.0001,1945.0,0.6595413801193234,0.3631423538208008
0.0001,1946.0,0.6595413729667663,0.36314221863746665
0.0001,1947.0,0.6595413677215572,0.36314209206104286
0.0001,1948.0,0.6595413623809814,0.3631419490337371
0.0001,1949.0,0.6595413540840146,0.36314181563854214
0.0001,1950.0,0.6595413429260253,0.36314168236255623
0.0001,1951.0,0.6595413454055785,0.36314155309200297
0.0001,1952.0,0.6595413364410404,0.36314141767025
0.0001,1953.0,0.6595413333892823,0.3631412920236586
0.0001,1954.0,0.6595413210868837,0.3631411632061005
0.0001,1955.0,0.6595413196563723,0.3631410292387009
0.0001,1956.0,0.6595413125038151,0.3631408946514129
0.0001,1957.0,0.6595413107872011,0.36314076752662666
0.0001,1958.0,0.6595413013458258,0.36314063110351563
0.0001,1959.0,0.6595412961959837,0.36314051070213316
0.0001,1960.0,0.6595412953376768,0.36314038219451905
0.0001,1961.0,0.6595412834167479,0.36314025087356594
0.0001,1962.0,0.6595412767410279,0.36314012601375584
0.0001,1963.0,0.6595412712097166,0.3631399959325792
0.0001,1964.0,0.6595412682533262,0.36313986248970037
0.0001,1965.0,0.6595412617683406,0.3631397486925126
0.0001,1966.0,0.659541253089905,0.3631396207332612
0.0001,1967.0,0.6595412505149844,0.36313949429988873
0.0001,1968.0,0.6595412465095526,0.36313936712741846
0.0001,1969.0,0.6595412380218509,0.3631392346382141
0.0001,1970.0,0.6595412305831911,0.3631391208171844
0.0001,1971.0,0.6595412281990048,0.3631389922618865
0.0001,1972.0,0.6595412219047546,0.3631388652086259
0.0001,1973.0,0.659541217136383,0.36313874554634085
0.0001,1974.0,0.6595412130355844,0.36313861815929427
0.0001,1975.0,0.6595412023544316,0.3631384949207306
0.0001,1976.0,0.6595411996841429,0.3631383743047713
0.0001,1977.0,0.6595411983489986,0.36313824946880324
0.0001,1978.0,0.6595411871910093,0.3631381308078766
0.0001,1979.0,0.6595411861419678,0.3631380051136016
0.0001,1980.0,0.6595411767959592,0.3631378860712052
0.0001,1981.0,0.6595411762237549,0.3631377614021301
0.0001,1982.0,0.6595411687850958,0.3631376444101333
0.0001,1983.0,0.6595411582946773,0.3631375239610672
0.0001,1984.0,0.65954115524292,0.363137409877777
0.0001,1985.0,0.6595411489486697,0.36313728158473974
0.0001,1986.0,0.6595411445617678,0.36313715817928305
0.0001,1987.0,0.6595411411285402,0.3631370499849319
0.0001,1988.0,0.6595411343574527,0.36313692975044254
0.0001,1989.0,0.6595411292076114,0.3631368104696275
0.0001,1990.0,0.6595411243438725,0.3631366974830628
0.0001,1991.0,0.6595411154747007,0.36313657367229474
0.0001,1992.0,0.6595411116600038,0.36313646218776713
0.0001,1993.0,0.6595411049842839,0.36313634459972405
0.0001,1994.0,0.6595411048889162,0.36313623042106635
0.0001,1995.0,0.6595411001205447,0.36313611519336697
0.0001,1996.0,0.6595410947799684,0.3631359927892684
0.0001,1997.0,0.6595410938262938,0.36313588407039643
0.0001,1998.0,0.659541084575653,0.3631357649564742
0.0001,1999.0,0.6595410829544067,0.3631356548786163
0.0001,2000.0,0.659541074180603,0.36313553969860074
0.0001,2001.0,0.6595410732269297,0.3631354330778122
0.0001,2002.0,0.6595410662651066,0.3631353170633315
0.0001,2003.0,0.6595410587310795,0.36313520576953895
0.0001,2004.0,0.6595410545349123,0.3631350906848909
0.0001,2005.0,0.6595410511016854,0.3631349777221681
0.0001,2006.0,0.6595410472869877,0.3631348649978639
0.0001,2007.0,0.659541041183472,0.36313475141525264
0.0001,2008.0,0.6595410354614262,0.3631346443653108
0.0001,2009.0,0.6595410299301148,0.3631345286607743
0.0001,2010.0,0.659541029262543,0.3631344193220138
0.0001,2011.0,0.6595410232543948,0.3631343107223512
0.0001,2012.0,0.659541021728516,0.36313420200347907
0.0001,2013.0,0.6595410185813909,0.36313408856391916
0.0001,2014.0,0.6595410093307496,0.3631339846611023
0.0001,2015.0,0.6595410036087037,0.36313386652469637
0.0001,2016.0,0.6595409968376158,0.36313375909328466
0.0001,2017.0,0.659540990161896,0.36313365538120274
0.0001,2018.0,0.6595409870147705,0.3631335447788239
0.0001,2019.0,0.6595409851074215,0.36313344080448146
0.0001,2020.0,0.659540983200073,0.3631333243846894
0.0001,2021.0,0.6595409735679627,0.36313322279453286
0.0001,2022.0,0.6595409763336179,0.3631331245422364
0.0001,2023.0,0.6595409648895265,0.3631330116510391
0.0001,2024.0,0.6595409627914434,0.36313290386199965
0.0001,2025.0,0.6595409606933599,0.3631327968597411
0.0001,2026.0,0.6595409514427187,0.3631326982736588
0.0001,2027.0,0.659540945720673,0.36313259129524234
0.0001,2028.0,0.6595409423828122,0.36313247911930074
0.0001,2029.0,0.6595409424781802,0.36313237955570227
0.0001,2030.0,0.6595409424781797,0.3631322675943374
0.0001,2031.0,0.6595409320831296,0.36313216762542716
0.0001,2032.0,0.6595409305572504,0.36313206124305725
0.0001,2033.0,0.6595409234046927,0.3631319569587707
0.0001,2034.0,0.6595409192085261,0.3631318480730057
0.0001,2035.0,0.6595409167289739,0.3631317454576492
0.0001,2036.0,0.6595409119606017,0.3631316481828689
0.0001,2037.0,0.6595409053802486,0.3631315426826478
0.0001,2038.0,0.6595409053802483,0.3631314426898956
0.0001,2039.0,0.6595409008026126,0.36313133740425124
0.0001,2040.0,0.6595408934593197,0.3631312377452851
0.0001,2041.0,0.6595408907890321,0.363131133556366
0.0001,2042.0,0.6595408859252929,0.3631310387611388
0.0001,2043.0,0.6595408809661866,0.3631309415102006
0.0001,2044.0,0.6595408754348757,0.36313083827495585
0.0001,2045.0,0.6595408728599554,0.3631307312488557
0.0001,2046.0,0.65954087228775,0.3631306317090988
0.0001,2047.0,0.6595408666610716,0.36313053596019734
0.0001,2048.0,0.6595408599853517,0.36313043498992925
0.0001,2049.0,0.6595408536911006,0.3631303390979767
0.0001,2050.0,0.6595408535957333,0.36313023703098307
0.0001,2051.0,0.65954084854126,0.3631301397562027
0.0001,2052.0,0.6595408423423765,0.36313004651069636
0.0001,2053.0,0.6595408432960511,0.36312994132041926
0.0001,2054.0,0.6595408382415769,0.36312983624935147
0.0001,2055.0,0.6595408335685727,0.36312974102497086
0.0001,2056.0,0.6595408308982853,0.36312965688705445
0.0001,2057.0,0.6595408256530767,0.3631295547485352
0.0001,2058.0,0.6595408174514773,0.36312945406436925
0.0001,2059.0,0.6595408197402955,0.3631293557643891
0.0001,2060.0,0.659540811538697,0.3631292621612549
0.0001,2061.0,0.6595408086776741,0.3631291676998139
0.0001,2062.0,0.6595408093452458,0.3631290621995928
0.0001,2063.0,0.6595408026695255,0.3631289796590805
0.0001,2064.0,0.6595407968521116,0.36312887954711903
0.0001,2065.0,0.6595407910346978,0.3631287878274921
0.0001,2066.0,0.6595407867431635,0.3631286881446839
0.0001,2067.0,0.6595407873153689,0.3631285929441452
0.0001,2068.0,0.6595407839775083,0.36312850561141985
0.0001,2069.0,0.659540778446197,0.36312841098308574
0.0001,2070.0,0.6595407798767088,0.3631283163785933
0.0001,2071.0,0.6595407728195183,0.3631282133340836
0.0001,2072.0,0.6595407724380494,0.36312813420295725
0.0001,2073.0,0.6595407689094543,0.3631280361652374
0.0001,2074.0,0.6595407648086553,0.36312794606685656
0.0001,2075.0,0.6595407629013067,0.36312785081863397
0.0001,2076.0,0.6595407542228702,0.3631277547597887
0.0001,2077.0,0.6595407535552976,0.3631276622295381
0.0001,2078.0,0.6595407525062562,0.36312757654190053
0.0001,2079.0,0.659540746498108,0.3631274866580966
0.0001,2080.0,0.6595407442092894,0.36312739741802214
0.0001,2081.0,0.6595407363891597,0.3631273008823395
0.0001,2082.0,0.6595407306671142,0.36312720832824724
0.0001,2083.0,0.6595407327651976,0.3631271169900893
0.0001,2084.0,0.659540729427337,0.3631270285606385
0.0001,2085.0,0.6595407241821287,0.3631269419431687
0.0001,2086.0,0.6595407246589665,0.3631268494367599
0.0001,2087.0,0.6595407156944278,0.3631267655849456
0.0001,2088.0,0.6595407173156738,0.36312667138576493
0.0001,2089.0,0.6595407165527339,0.3631265792846679
0.0001,2090.0,0.6595407078742986,0.36312649400234226
0.0001,2091.0,0.6595407053947447,0.36312640585899353
0.0001,2092.0,0.6595407048225409,0.36312631137371065
0.0001,2093.0,0.6595406990051268,0.3631262321710586
0.0001,2094.0,0.6595406966209413,0.36312613916397113
0.0001,2095.0,0.6595406895637516,0.3631260438203812
0.0001,2096.0,0.6595406880378728,0.36312596454620355
0.0001,2097.0,0.6595406820297248,0.3631258729696273
0.0001,2098.0,0.6595406808853148,0.36312578330039985
0.0001,2099.0,0.6595406769752503,0.36312569577693943
0.0001,2100.0,0.659540678024292,0.36312561321258546
0.0001,2101.0,0.6595406707763674,0.36312552630901346
0.0001,2102.0,0.6595406696319582,0.36312543785572055
0.0001,2103.0,0.6595406633377077,0.36312535028457643
0.0001,2104.0,0.6595406631469732,0.36312526514530186
0.0001,2105.0,0.6595406562805177,0.3631251833200455
0.0001,2106.0,0.6595406610488899,0.3631250986337661
0.0001,2107.0,0.6595406518936159,0.36312501142025005
0.0001,2108.0,0.6595406492233276,0.3631249281167986
0.0001,2109.0,0.6595406485557559,0.3631248431682588
0.0001,2110.0,0.6595406449317935,0.3631247539043426
0.0001,2111.0,0.6595406397819521,0.3631246762752534
0.0001,2112.0,0.659540637397767,0.36312459466457375
0.0001,2113.0,0.6595406314849862,0.3631245100259783
0.0001,2114.0,0.6595406321525582,0.3631244332313538
0.0001,2115.0,0.6595406303405771,0.3631243437051772
0.0001,2116.0,0.6595406293869019,0.3631242652654648
0.0001,2117.0,0.6595406226158135,0.36312417516708373
0.0001,2118.0,0.659540622425079,0.36312409889698033
0.0001,2119.0,0.6595406151771541,0.3631240086317063
0.0001,2120.0,0.6595406152725224,0.36312392718791964
0.0001,2121.0,0.6595406105995179,0.3631238525867462
0.0001,2122.0,0.6595406085968021,0.36312377107143395
0.0001,2123.0,0.6595406055450441,0.36312368710041043
0.0001,2124.0,0.6595406037330624,0.36312360794544213
0.0001,2125.0,0.6595406011581421,0.3631235316514969
0.0001,2126.0,0.6595405968666074,0.3631234451770781
0.0001,2127.0,0.6595405947685239,0.3631233633041381
0.0001,2128.0,0.6595405876159668,0.36312328033447255
0.0001,2129.0,0.659540584278107,0.3631232017517091
0.0001,2130.0,0.6595405852317812,0.3631231279134752
0.0001,2131.0,0.659540586090088,0.36312304975986487
0.0001,2132.0,0.659540578746796,0.3631229657411576
0.0001,2133.0,0.659540576553345,0.3631228861093522
0.0001,2134.0,0.6595405746459962,0.36312280750274667
0.0001,2135.0,0.6595405681610109,0.3631227329492568
0.0001,2136.0,0.6595405690193177,0.3631226550102235
0.0001,2137.0,0.6595405656814574,0.3631225821495056
0.0001,2138.0,0.6595405643463137,0.3631224977970124
0.0001,2139.0,0.6595405618667609,0.3631224167346954
0.0001,2140.0,0.6595405581474307,0.36312234191894527
0.0001,2141.0,0.6595405557632446,0.363122265625
0.0001,2142.0,0.6595405519485472,0.36312219097614296
0.0001,2143.0,0.6595405530929564,0.36312211284637463
0.0001,2144.0,0.6595405504226683,0.3631220382690431
0.0001,2145.0,0.6595405467033383,0.36312196466922775
0.0001,2146.0,0.6595405412673949,0.3631218837261201
0.0001,2147.0,0.6595405380249028,0.3631218118190766
0.0001,2148.0,0.6595405416488648,0.36312173635959627
0.0001,2149.0,0.6595405385971074,0.3631216600418091
0.0001,2150.0,0.6595405310630804,0.3631215873241424
0.0001,2151.0,0.6595405262947085,0.3631215144395828
0.0001,2152.0,0.6595405274391176,0.36312143883705134
0.0001,2153.0,0.6595405215263368,0.3631213651180267
0.0001,2154.0,0.6595405204772947,0.36312129323482517
0.0001,2155.0,0.6595405190467836,0.36312121517658236
0.0001,2156.0,0.6595405138015747,0.36312114009857177
0.0001,2157.0,0.6595405125617979,0.3631210655212404
0.0001,2158.0,0.6595405117988582,0.363120991063118
0.0001,2159.0,0.6595405109405514,0.36312091953754416
0.0001,2160.0,0.6595405052185063,0.36312084660530075
0.0001,2161.0,0.6595405041694641,0.3631207726240158
0.0001,2162.0,0.6595405039787293,0.3631207007169723
0.0001,2163.0,0.659540498161316,0.3631206318378449
0.0001,2164.0,0.6595404963493346,0.36312055416107186
0.0001,2165.0,0.6595404920578003,0.3631204827070236
0.0001,2166.0,0.6595404954910278,0.36312040817737584
0.0001,2167.0,0.6595404892921451,0.36312034184932723
0.0001,2168.0,0.6595404811859138,0.36312027451992035
0.0001,2169.0,0.6595404830932624,0.3631202055931091
0.0001,2170.0,0.6595404794692998,0.3631201301336288
0.0001,2171.0,0.6595404809951784,0.3631200623750686
0.0001,2172.0,0.6595404779434207,0.3631199895143508
0.0001,2173.0,0.6595404714584355,0.3631199260950089
0.0001,2174.0,0.6595404734611513,0.36311984934806824
0.0001,2175.0,0.6595404705047608,0.36311977615356444
0.0001,2176.0,0.6595404690742492,0.3631197111129762
0.0001,2177.0,0.6595404651641846,0.36311964545249936
0.0001,2178.0,0.6595404607772827,0.36311956892013547
0.0001,2179.0,0.6595404615402221,0.3631194995880127
0.0001,2180.0,0.6595404588699341,0.3631194291114808
0.0001,2181.0,0.6595404585838319,0.36311936919689175
0.0001,2182.0,0.659540452003479,0.3631193017959595
0.0001,2183.0,0.6595404540061953,0.3631192280769349
0.0001,2184.0,0.6595404499053953,0.36311916191577914
0.0001,2185.0,0.6595404488563537,0.36311909224987043
0.0001,2186.0,0.6595404451370239,0.36311903288364406
0.0001,2187.0,0.6595404439926144,0.3631189623117446
0.0001,2188.0,0.6595404404640196,0.3631188944578169
0.0001,2189.0,0.6595404420852655,0.3631188241958617
0.0001,2190.0,0.6595404390335082,0.36311875200271604
0.0001,2191.0,0.6595404365539552,0.363118693971634
0.0001,2192.0,0.6595404338836676,0.3631186202287673
0.0001,2193.0,0.6595404287338262,0.3631185626745224
0.0001,2194.0,0.6595404300689705,0.3631184944152834
0.0001,2195.0,0.6595404253005986,0.3631184241533279
0.0001,2196.0,0.6595404252052307,0.36311835737228404
0.0001,2197.0,0.6595404199600219,0.36311830074787155
0.0001,2198.0,0.6595404176712033,0.36311822838783253
0.0001,2199.0,0.6595404196739194,0.3631181602478026
0.0001,2200.0,0.6595404199600223,0.36311810104846964
0.0001,2201.0,0.6595404157638551,0.36311803519725805
0.0001,2202.0,0.6595404142379764,0.36311797401905066
0.0001,2203.0,0.6595404071807858,0.3631179128885268
0.0001,2204.0,0.6595404088973998,0.3631178382873536
0.0001,2205.0,0.6595404035568234,0.36311777842044834
0.0001,2206.0,0.6595404037475584,0.36311771802902226
0.0001,2207.0,0.6595404016494754,0.36311765124797823
0.0001,2208.0,0.6595404003143313,0.3631175881862643
0.0001,2209.0,0.6595403936386108,0.3631175247192383
0.0001,2210.0,0.6595404005050659,0.36311746132373834
0.0001,2211.0,0.6595403900146481,0.3631173979997634
0.0001,2212.0,0.6595403921127316,0.3631173368930818
0.0001,2213.0,0.659540390300751,0.3631172780990601
0.0001,2214.0,0.6595403873443604,0.36311721379756934
0.0001,2215.0,0.6595403867721561,0.3631171521186829
0.0001,2216.0,0.6595403846740718,0.3631170910358427
0.0001,2217.0,0.6595403783798217,0.36311702070236196
0.0001,2218.0,0.6595403794288637,0.3631169571876526
0.0001,2219.0,0.6595403782844542,0.36311690235137933
0.0001,2220.0,0.6595403797149657,0.3631168445348741
0.0001,2221.0,0.6595403714179991,0.3631167781591417
0.0001,2222.0,0.6595403705596923,0.36311671211719515
0.0001,2223.0,0.6595403653144839,0.3631166563034058
0.0001,2224.0,0.6595403680801392,0.36311659412384034
0.0001,2225.0,0.6595403644561769,0.36311653046607967
0.0001,2226.0,0.6595403641700746,0.36311647429466265
0.0001,2227.0,0.6595403625488281,0.36311642143726347
0.0001,2228.0,0.6595403640747072,0.36311635367870315
0.0001,2229.0,0.6595403602600096,0.36311628949642183
0.0001,2230.0,0.6595403590202329,0.36311623985767383
0.0001,2231.0,0.6595403566360474,0.36311617591381085
0.0001,2232.0,0.659540352058411,0.36311611423492446
0.0001,2233.0,0.6595403509140015,0.36311606025695786
0.0001,2234.0,0.6595403474807735,0.3631159939527511
0.0001,2235.0,0.6595403511047363,0.36311593656539914
0.0001,2236.0,0.6595403459548953,0.36311587986946126
0.0001,2237.0,0.659540347290039,0.3631158223867416
0.0001,2238.0,0.6595403413772585,0.36311576662063605
0.0001,2239.0,0.6595403394699102,0.36311570641994484
0.0001,2240.0,0.6595403395652775,0.3631156497955322
0.0001,2241.0,0.6595403388023384,0.3631155921220779
0.0001,2242.0,0.6595403394699096,0.36311552662849433
0.0001,2243.0,0.6595403365135194,0.36311547434329994
0.0001,2244.0,0.6595403350830081,0.36311542000770575
0.0001,2245.0,0.6595403327941899,0.36311536357402807
0.0001,2246.0,0.6595403290748597,0.3631153064012528
0.0001,2247.0,0.6595403291702272,0.36311524522304534
0.0001,2248.0,0.6595403263092038,0.3631151888132095
0.0001,2249.0,0.6595403255462641,0.3631151345252993
0.0001,2250.0,0.6595403202056876,0.3631150723218919
0.0001,2251.0,0.659540318870544,0.3631150167226791
0.0001,2252.0,0.659540323162079,0.36311496362686163
0.0001,2253.0,0.6595403163909912,0.36311490356922177
0.0001,2254.0,0.6595403197288516,0.36311485390663145
0.0001,2255.0,0.6595403163909914,0.3631147948503494
0.0001,2256.0,0.659540313720703,0.36311473779678344
0.0001,2257.0,0.6595403126716614,0.36311468305587785
0.0001,2258.0,0.6595403070449829,0.3631146277427675
0.0001,2259.0,0.6595403059005738,0.3631145698070527
0.0001,2260.0,0.6595403075218202,0.3631145189762116
0.0001,2261.0,0.6595403036117555,0.3631144575119021
0.0001,2262.0,0.659540303993225,0.3631144128561022
0.0001,2263.0,0.6595403057098386,0.363114355492592
0.0001,2264.0,0.659540301895141,0.3631142987966538
0.0001,2265.0,0.6595403004646301,0.3631142522335053
0.0001,2266.0,0.6595402964591974,0.36311419265270245
0.0001,2267.0,0.6595402952194215,0.363114135503769
0.0001,2268.0,0.6595402936935426,0.3631140828847886
0.0001,2269.0,0.6595402972221378,0.3631140319585799
0.0001,2270.0,0.6595402917861941,0.3631139724254608
0.0001,2271.0,0.6595402900695805,0.3631139231681825
0.0001,2272.0,0.6595402900695803,0.36311386759281145
0.0001,2273.0,0.6595402883529659,0.3631138105154037
0.0001,2274.0,0.6595402843475339,0.3631137637376786
0.0001,2275.0,0.6595402789115903,0.36311371936798115
0.0001,2276.0,0.6595402816772457,0.36311366155147573
0.0001,2277.0,0.6595402782440183,0.3631136116981506
0.0001,2278.0,0.6595402801513673,0.3631135633707045
0.0001,2279.0,0.6595402770042417,0.3631134961366654
0.0001,2280.0,0.6595402713775634,0.36311344251632693
0.0001,2281.0,0.6595402741432188,0.3631134023666382
0.0001,2282.0,0.6595402737617491,0.36311334893703473
0.0001,2283.0,0.6595402711868286,0.36311329646110524
0.0001,2284.0,0.6595402713775637,0.3631132479667663
0.0001,2285.0,0.6595402652740477,0.36311319973468786
0.0001,2286.0,0.6595402671813958,0.36311313452720645
0.0001,2287.0,0.659540265655517,0.3631130940198898
0.0001,2288.0,0.659540264034271,0.36311304364204416
0.0001,2289.0,0.6595402576446531,0.36311299571990974
0.0001,2290.0,0.6595402620315546,0.36311293346881884
0.0001,2291.0,0.6595402646064752,0.36311288738250735
0.0001,2292.0,0.6595402618408203,0.3631128436326982
0.0001,2293.0,0.6595402612686156,0.3631127920627594
0.0001,2294.0,0.6595402535438539,0.36311274280548095
0.0001,2295.0,0.6595402544021607,0.36311269130706797
0.0001,2296.0,0.6595402494430541,0.3631126325368882
0.0001,2297.0,0.6595402445793155,0.36311259133815765
0.0001,2298.0,0.6595402462005622,0.3631125369071961
0.0001,2299.0,0.6595402453422545,0.3631124927043915
0.0001,2300.0,0.6595402470588685,0.3631124361276628
0.0001,2301.0,0.6595402465820319,0.36311238825321207
0.0001,2302.0,0.6595402420043947,0.3631123320341109
0.0001,2303.0,0.6595402422904971,0.36311228744983687
0.0001,2304.0,0.6595402401924141,0.36311224272251136
0.0001,2305.0,0.6595402400970463,0.3631122002840042
0.0001,2306.0,0.6595402401924134,0.36311214931011204
0.0001,2307.0,0.6595402391433719,0.36311210250854514
0.0001,2308.0,0.6595402362823491,0.36311205513477335
0.0001,2309.0,0.6595402364730842,0.3631119991540908
0.0001,2310.0,0.6595402352333073,0.36311195385456096
0.0001,2311.0,0.6595402326583865,0.36311190605163574
0.0001,2312.0,0.6595402317047123,0.363111861872673
0.0001,2313.0,0.6595402332305905,0.3631118117570876
0.0001,2314.0,0.6595402276992797,0.3631117617130279
0.0001,2315.0,0.659540228462219,0.3631117168426515
0.0001,2316.0,0.6595402263641357,0.3631116673469545
0.0001,2317.0,0.6595402243614197,0.36311162054538726
0.0001,2318.0,0.6595402177810665,0.3631115672111513
0.0001,2319.0,0.6595402183532717,0.3631115258693697
0.0001,2320.0,0.6595402213096617,0.36311147737503047
0.0001,2321.0,0.6595402216911312,0.36311143579483035
0.0001,2322.0,0.6595402158737177,0.3631113889217376
0.0001,2323.0,0.6595402133941649,0.36311134238243103
0.0001,2324.0,0.659540214729309,0.36311129889488225
0.0001,2325.0,0.6595402122497555,0.3631112456083297
0.0001,2326.0,0.6595402109146119,0.36311120617389686
0.0001,2327.0,0.6595402125358583,0.36311115927696214
0.0001,2328.0,0.6595402065277097,0.3631111105442047
0.0001,2329.0,0.6595402057647706,0.3631110665798187
0.0001,2330.0,0.6595402044296262,0.3631110159873962
0.0001,2331.0,0.659540209007263,0.36311097073555
0.0001,2332.0,0.6595402078628538,0.3631109360933304
0.0001,2333.0,0.6595402106285095,0.36311088774204275
0.0001,2334.0,0.6595402056694029,0.3631108493328094
0.0001,2335.0,0.6595402028083802,0.3631107932329178
0.0001,2336.0,0.6595402002334598,0.36311075243949903
0.0001,2337.0,0.6595402026176453,0.3631107007265091
0.0001,2338.0,0.6595401960372923,0.3631106606960296
0.0001,2339.0,0.6595401983261103,0.3631106165885925
0.0001,2340.0,0.6595401980400083,0.36311057491302495
0.0001,2341.0,0.6595401937484738,0.3631105282545091
0.0001,2342.0,0.6595401950836182,0.36311048624515535
0.0001,2343.0,0.6595401913642881,0.36311044323444364
0.0001,2344.0,0.6595401903152466,0.3631104013681412
0.0001,2345.0,0.6595401901245119,0.36311035668849967
0.0001,2346.0,0.6595401889801026,0.3631103130102157
0.0001,2347.0,0.6595401847839358,0.36311026778221134
0.0001,2348.0,0.6595401888847352,0.36311022303104407
0.0001,2349.0,0.6595401884078983,0.3631101814508438
0.0001,2350.0,0.6595401853561399,0.3631101367712021
0.0001,2351.0,0.6595401877403259,0.36311009578704834
0.0001,2352.0,0.6595401830673218,0.3631100548267364
0.0001,2353.0,0.6595401838302613,0.36311001496315
0.0001,2354.0,0.6595401811599733,0.3631099681854248
0.0001,2355.0,0.6595401827812196,0.36310992383956914
0.0001,2356.0,0.6595401786804203,0.3631098828315735
0.0001,2357.0,0.6595401777267457,0.3631098405122757
0.0001,2358.0,0.659540176010132,0.36310979852676395
0.0001,2359.0,0.6595401734352114,0.36310975921154043
0.0001,2360.0,0.6595401706695558,0.3631097094058991
0.0001,2361.0,0.6595401697158816,0.3631096729516983
0.0001,2362.0,0.6595401715278634,0.3631096347570419
0.0001,2363.0,0.6595401723861698,0.363109596014023
0.0001,2364.0,0.6595401689529424,0.3631095471382142
0.0001,2365.0,0.659540171718598,0.36310950615406046
0.0001,2366.0,0.6595401682853707,0.36310946543216704
0.0001,2367.0,0.659540166091919,0.36310942361354825
0.0001,2368.0,0.6595401653289793,0.36310938785076136
0.0001,2369.0,0.6595401622772213,0.3631093399047851
0.0001,2370.0,0.6595401638031007,0.3631093002319336
0.0001,2371.0,0.6595401609420777,0.363109257221222
0.0001,2372.0,0.6595401620864869,0.3631092191696169
0.0001,2373.0,0.6595401600837711,0.3631091776847839
0.0001,2374.0,0.6595401603698733,0.36310914113521575
0.0001,2375.0,0.6595401609420778,0.36310909450054174
0.0001,2376.0,0.6595401586532592,0.36310905458927156
0.0001,2377.0,0.6595401573181152,0.3631090214967729
0.0001,2378.0,0.6595401540756226,0.36310898034572603
0.0001,2379.0,0.659540158176422,0.36310894255638115
0.0001,2380.0,0.659540154743194,0.36310889642238625
0.0001,2381.0,0.6595401517868035,0.36310885598659504
0.0001,2382.0,0.6595401512145989,0.36310881445407867
0.0001,2383.0,0.6595401512145993,0.36310878195762636
0.0001,2384.0,0.6595401535034178,0.36310873434543617
0.0001,2385.0,0.6595401496887209,0.36310869252681727
0.0001,2386.0,0.6595401518821717,0.3631086540699005
0.0001,2387.0,0.659540144348145,0.3631086193799972
0.0001,2388.0,0.659540146636963,0.36310858294963855
0.0001,2389.0,0.6595401457786562,0.36310854103565227
0.0001,2390.0,0.6595401453018193,0.3631084995269775
0.0001,2391.0,0.6595401451110839,0.3631084596395493
0.0001,2392.0,0.659540143871308,0.3631084229707718
0.0001,2393.0,0.6595401461601262,0.3631083806276322
0.0001,2394.0,0.6595401433944712,0.36310834290981286
0.0001,2395.0,0.6595401449203497,0.3631083068609237
0.0001,2396.0,0.6595401436805735,0.3631082754135133
0.0001,2397.0,0.6595401433944703,0.3631082432746887
0.0001,2398.0,0.659540144920349,0.36310819942951217
0.0001,2399.0,0.65954013595581,0.36310815486907966
0.0001,2400.0,0.6595401399612428,0.36310812304019907
0.0001,2401.0,0.659540135574341,0.3631080789566039
0.0001,2402.0,0.6595401371002196,0.3631080519914626
0.0001,2403.0,0.6595401340484619,0.3631080096244813
0.0001,2404.0,0.6595401366233822,0.36310797519683835
0.0001,2405.0,0.6595401338577268,0.3631079448223115
0.0001,2406.0,0.6595401320457459,0.36310789437294
0.0001,2407.0,0.6595401277542116,0.3631078582763673
0.0001,2408.0,0.6595401290893558,0.3631078243017197
0.0001,2409.0,0.6595401280403141,0.3631077849388124
0.0001,2410.0,0.6595401290893561,0.3631077541112902
0.0001,2411.0,0.659540124607087,0.36310771772861494
0.0001,2412.0,0.6595401243209843,0.36310767967700974
0.0001,2413.0,0.6595401246070863,0.3631076486349106
0.0001,2414.0,0.6595401242256167,0.36310760636329653
0.0001,2415.0,0.6595401248931889,0.3631075803756716
0.0001,2416.0,0.6595401250839237,0.3631075396537779
0.0001,2417.0,0.659540120983124,0.36310750608444226
0.0001,2418.0,0.6595401172637939,0.3631074689865113
0.0001,2419.0,0.6595401206016543,0.3631074334859848
0.0001,2420.0,0.6595401184082031,0.36310739738941195
0.0001,2421.0,0.6595401217460634,0.363107364296913
0.0001,2422.0,0.6595401174545288,0.36310733225345604
0.0001,2423.0,0.6595401206970214,0.363107294845581
0.0001,2424.0,0.6595401162147523,0.36310725805759414
0.0001,2425.0,0.6595401156425478,0.36310722572803494
0.0001,2426.0,0.6595401126861574,0.3631071931838989
0.0001,2427.0,0.6595401132583617,0.36310716006755844
0.0001,2428.0,0.6595401103973391,0.3631071233987807
0.0001,2429.0,0.6595401118278502,0.3631070865392684
0.0001,2430.0,0.6595401098251344,0.363107054591179
0.0001,2431.0,0.6595401079177858,0.3631070204973222
0.0001,2432.0,0.6595401079177856,0.3631069800376892
0.0001,2433.0,0.6595401083946224,0.3631069491624833
0.0001,2434.0,0.6595401062965396,0.3631069177627564
0.0001,2435.0,0.6595401058197022,0.3631068833351134
0.0001,2436.0,0.6595401045799255,0.3631068432569503
0.0001,2437.0,0.6595401039123535,0.36310680921077726
0.0001,2438.0,0.6595401039123533,0.36310677587986007
0.0001,2439.0,0.6595401032447811,0.36310674779415125
0.0001,2440.0,0.6595400989532467,0.36310670742988604
0.0001,2441.0,0.6595400987625121,0.3631066780090334
0.0001,2442.0,0.6595400970458987,0.36310664560794836
0.0001,2443.0,0.6595400957107546,0.36310661501884484
0.0001,2444.0,0.6595401004791259,0.3631065795660019
0.0001,2445.0,0.6595401000976563,0.36310654921531677
0.0001,2446.0,0.6595401000022887,0.36310651299953456
0.0001,2447.0,0.6595400968551628,0.36310648181438443
0.0001,2448.0,0.6595400992393489,0.3631064449787141
0.0001,2449.0,0.6595401004791256,0.3631064158439638
0.0001,2450.0,0.6595401000022888,0.36310638084411645
0.0001,2451.0,0.659540096759796,0.36310634455680846
0.0001,2452.0,0.6595400945663455,0.3631063081026078
0.0001,2453.0,0.6595400896072385,0.363106274342537
0.0001,2454.0,0.6595400901794437,0.3631062407255172
0.0001,2455.0,0.6595400938987737,0.3631062214136122
0.0001,2456.0,0.6595400870323183,0.36310618455410015
0.0001,2457.0,0.6595400865554809,0.36310615279674535
0.0001,2458.0,0.6595400897979738,0.3631061214447023
0.0001,2459.0,0.6595400885581972,0.3631060886859892
0.0001,2460.0,0.6595400882720951,0.3631060541868209
0.0001,2461.0,0.6595400854110723,0.3631060223102568
0.0001,2462.0,0.6595400859832764,0.3631059878110886
0.0001,2463.0,0.6595400848388672,0.3631059625625609
0.0001,2464.0,0.6595400840759275,0.36310593173503886
0.0001,2465.0,0.6595400835990908,0.3631058996677399
0.0001,2466.0,0.659540089321137,0.36310586979389203
0.0001,2467.0,0.6595400816917425,0.3631058324098589
0.0001,2468.0,0.659540082359314,0.3631058032035828
0.0001,2469.0,0.6595400775909422,0.3631057725429536
0.0001,2470.0,0.6595400820732117,0.3631057344198228
0.0001,2471.0,0.6595400814056397,0.3631057064771652
0.0001,2472.0,0.6595400809288029,0.36310567305088065
0.0001,2473.0,0.6595400796890258,0.36310564467906964
0.0001,2474.0,0.659540076255798,0.36310562167167665
0.0001,2475.0,0.6595400773048397,0.3631055839538574
0.0001,2476.0,0.6595400768280032,0.3631055606365204
0.0001,2477.0,0.659540075683594,0.3631055227994919
0.0001,2478.0,0.6595400758743284,0.36310549762249
0.0001,2479.0,0.6595400736808772,0.363105468773842
0.0001,2480.0,0.6595400743484492,0.3631054424762726
0.0001,2481.0,0.6595400773048398,0.3631054092168807
0.0001,2482.0,0.6595400724411008,0.3631053737401963
0.0001,2483.0,0.6595400688171386,0.3631053399085999
0.0001,2484.0,0.6595400710105895,0.3631053022623062
0.0001,2485.0,0.6595400686264037,0.36310528168678285
0.0001,2486.0,0.659540071296692,0.3631052543878555
0.0001,2487.0,0.659540070915222,0.3631052235364914
0.0001,2488.0,0.6595400692939758,0.36310518786907187
0.0001,2489.0,0.6595400678634644,0.3631051574945449
0.0001,2490.0,0.6595400651931761,0.3631051302909852
0.0001,2491.0,0.6595400674819948,0.36310510175228117
0.0001,2492.0,0.6595400673866276,0.36310506794452674
0.0001,2493.0,0.659540070533753,0.36310504508018504
0.0001,2494.0,0.6595400669097905,0.36310501441955545
0.0001,2495.0,0.659540062999726,0.3631049911975862
0.0001,2496.0,0.6595400627136238,0.3631049524068831
0.0001,2497.0,0.6595400619506835,0.36310492174625403
0.0001,2498.0,0.6595400587081912,0.36310489423274994
0.0001,2499.0,0.6595400634765628,0.36310486605167386
0.0001,2500.0,0.6595400598526004,0.36310483865737925
0.0001,2501.0,0.6595400625228885,0.36310481307506554
0.0001,2502.0,0.6595400621414185,0.36310478899478904
0.0001,2503.0,0.6595400597572324,0.36310476040840145
0.0001,2504.0,0.6595400588989256,0.3631047300100327
0.0001,2505.0,0.6595400546073914,0.36310469710826876
0.0001,2506.0,0.6595400552749633,0.36310467352867115
0.0001,2507.0,0.6595400569915771,0.36310463891029365
0.0001,2508.0,0.6595400558471683,0.36310461430549623
0.0001,2509.0,0.6595400555610655,0.3631045803785324
0.0001,2510.0,0.6595400544166563,0.36310455288887017
0.0001,2511.0,0.6595400590896612,0.3631045310020447
0.0001,2512.0,0.6595400533676149,0.3631044965028763
0.0001,2513.0,0.6595400526046756,0.3631044767379762
0.0001,2514.0,0.6595400547981263,0.3631044547080994
0.0001,2515.0,0.659540051841736,0.3631044226884842
0.0001,2516.0,0.6595400522232059,0.3631043876647949
0.0001,2517.0,0.6595400535583495,0.3631043614625932
0.0001,2518.0,0.6595400504112243,0.36310434131622327
0.0001,2519.0,0.6595400468826297,0.363104313659668
0.0001,2520.0,0.6595400493621826,0.36310428609848017
0.0001,2521.0,0.659540048789978,0.3631042610168457
0.0001,2522.0,0.6595400464057922,0.3631042313575746
0.0001,2523.0,0.6595400480270388,0.36310420355796813
0.0001,2524.0,0.6595400476455691,0.363104180908203
0.0001,2525.0,0.6595400465011598,0.36310415427684795
0.0001,2526.0,0.6595400490760807,0.363104123210907
0.0001,2527.0,0.659540044307709,0.3631040905237196
0.0001,2528.0,0.6595400439262392,0.3631040708780291
0.0001,2529.0,0.6595400447845461,0.3631040439844131
0.0001,2530.0,0.659540044975281,0.36310401639938356
0.0001,2531.0,0.659540043544769,0.36310398626327534
0.0001,2532.0,0.6595400403022763,0.36310396177768717
0.0001,2533.0,0.6595400447845456,0.36310393838882454
0.0001,2534.0,0.6595400428771969,0.36310391478538506
0.0001,2535.0,0.6595400397300717,0.36310389332771303
0.0001,2536.0,0.6595400413513183,0.36310386533737177
0.0001,2537.0,0.6595400396347045,0.36310383486747755
0.0001,2538.0,0.6595400390624998,0.36310380516052243
0.0001,2539.0,0.6595400385856626,0.36310377719402304
0.0001,2540.0,0.6595400439262391,0.3631037550926208
0.0001,2541.0,0.6595400383949281,0.3631037334680558
0.0001,2542.0,0.6595400407791141,0.3631037110090256
0.0001,2543.0,0.659540037727356,0.3631036792516708
0.0001,2544.0,0.6595400388717652,0.3631036552429198
0.0001,2545.0,0.6595400348663332,0.3631036361217498
0.0001,2546.0,0.6595400359153749,0.3631036071300507
0.0001,2547.0,0.6595400353431703,0.36310358083248134
0.0001,2548.0,0.6595400311470035,0.36310355615615864
0.0001,2549.0,0.6595400352478031,0.3631035341262818
0.0001,2550.0,0.6595400348663333,0.3631035056352616
0.0001,2551.0,0.6595400295257567,0.3631034850358963
0.0001,2552.0,0.6595400322914121,0.3631034502267837
0.0001,2553.0,0.6595400344848633,0.3631034339189531
0.0001,2554.0,0.659540035057068,0.36310340819358833
0.0001,2555.0,0.6595400326728822,0.3631033823966979
0.0001,2556.0,0.6595400318145753,0.3631033607006073
0.0001,2557.0,0.6595400309562683,0.3631033246278762
0.0001,2558.0,0.6595400270462036,0.3631033056974411
0.0001,2559.0,0.6595400331497197,0.3631032818078997
0.0001,2560.0,0.6595400300979621,0.36310325641632074
0.0001,2561.0,0.6595400279998787,0.36310323491096497
0.0001,2562.0,0.659540031242371,0.36310321485996244
0.0001,2563.0,0.6595400279998784,0.3631031904935837
0.0001,2564.0,0.6595400278091433,0.3631031644344329
0.0001,2565.0,0.6595400249481206,0.3631031408786775
0.0001,2566.0,0.6595400266647341,0.36310311341285717
0.0001,2567.0,0.6595400237083437,0.363103091430664
0.0001,2568.0,0.6595400259017945,0.36310306870937364
0.0001,2569.0,0.6595400255203249,0.36310304458141324
0.0001,2570.0,0.6595400257110597,0.36310301940441136
0.0001,2571.0,0.6595400210380554,0.3631029979467392
0.0001,2572.0,0.6595400192260744,0.3631029638767242
0.0001,2573.0,0.6595400205612177,0.36310295267105097
0.0001,2574.0,0.659540019416809,0.3631029272079469
0.0001,2575.0,0.6595400241851802,0.3631029078245162
0.0001,2576.0,0.65954002532959,0.3631028821706773
0.0001,2577.0,0.6595400234222414,0.36310286171436307
0.0001,2578.0,0.6595400214195255,0.3631028393030167
0.0001,2579.0,0.6595400201797488,0.36310281975269326
0.0001,2580.0,0.6595400209426883,0.3631027940511704
0.0001,2581.0,0.6595400196075442,0.3631027641773223
0.0001,2582.0,0.6595400198936461,0.36310274515151986
0.0001,2583.0,0.6595400187492376,0.3631027225017546
0.0001,2584.0,0.6595400163650518,0.3631026969909668
0.0001,2585.0,0.6595400165557865,0.3631026760816574
0.0001,2586.0,0.6595400203704838,0.3631026448249818
0.0001,2587.0,0.6595400156974796,0.3631026283502579
0.0001,2588.0,0.659540014743805,0.36310260484218604
0.0001,2589.0,0.6595400199890136,0.36310257849693306
0.0001,2590.0,0.6595400165557863,0.3631025713205337
0.0001,2591.0,0.659540015602112,0.36310254182815555
0.0001,2592.0,0.6595400155067448,0.3631025217294696
0.0001,2593.0,0.6595400165557864,0.36310249743461614
0.0001,2594.0,0.6595400155067442,0.3631024761676789
0.0001,2595.0,0.6595400167465213,0.3631024512052537
0.0001,2596.0,0.6595400113105776,0.36310243527889263
0.0001,2597.0,0.6595400155067446,0.3631024080753328
0.0001,2598.0,0.6595400111198425,0.36310237929821026
0.0001,2599.0,0.659540016937256,0.3631023644685746
0.0001,2600.0,0.6595400113105775,0.3631023429155351
0.0001,2601.0,0.659540013313293,0.36310231611728666
0.0001,2602.0,0.6595400123596191,0.36310229332447047
0.0001,2603.0,0.6595400118827817,0.3631022742748262
0.0001,2604.0,0.6595400135993953,0.3631022520303726
0.0001,2605.0,0.6595400108337405,0.36310222823619853
0.0001,2606.0,0.6595400114059451,0.3631022107839584
0.0001,2607.0,0.6595400098800662,0.3631021878957749
0.0001,2608.0,0.6595400100708004,0.36310217342376716
0.0001,2609.0,0.6595400078773499,0.3631021396875383
0.0001,2610.0,0.6595400085449219,0.363102120757103
0.0001,2611.0,0.6595400107383729,0.36310210628509526
0.0001,2612.0,0.6595400077819825,0.363102076292038
0.0001,2613.0,0.659540008735657,0.3631020579814912
0.0001,2614.0,0.65954000415802,0.363102036881447
0.0001,2615.0,0.6595400051116943,0.363102012515068
0.0001,2616.0,0.6595400052070616,0.36310198740959154
0.0001,2617.0,0.6595400049209592,0.36310197770595554
0.0001,2618.0,0.6595400053977967,0.36310195364952086
0.0001,2619.0,0.659540005588532,0.3631019310951234
0.0001,2620.0,0.6595400083541871,0.363101910161972
0.0001,2621.0,0.6595400029182433,0.36310188562870016
0.0001,2622.0,0.6595400053977962,0.3631018737554551
0.0001,2623.0,0.6595400094985954,0.363101839351654
0.0001,2624.0,0.6595399991989128,0.363101831817627
0.0001,2625.0,0.6595400051116939,0.36310181174278255
0.0001,2626.0,0.6595400035858152,0.36310179369449613
0.0001,2627.0,0.6595400032997132,0.36310177114009856
0.0001,2628.0,0.6595400032043459,0.3631017507553101
0.0001,2629.0,0.6595400003433226,0.36310172984600086
0.0001,2630.0,0.659540003299713,0.36310171027183524
0.0001,2631.0,0.6595399995803836,0.3631016875505448
0.0001,2632.0,0.6595400033950802,0.36310167169570945
0.0001,2633.0,0.6595400034904481,0.36310164718627935
0.0001,2634.0,0.6595400006294253,0.3631016330242157
0.0001,2635.0,0.6595399988174442,0.3631016066074371
0.0001,2636.0,0.6595399967193607,0.36310159163475025
0.0001,2637.0,0.6595400020599373,0.3631015696525574
0.0001,2638.0,0.6595400040626527,0.3631015466213227
0.0001,2639.0,0.6595400007247929,0.3631015265226364
0.0001,2640.0,0.6595400005340577,0.3631015139579773
0.0001,2641.0,0.6595399975776681,0.36310149900913236
0.0001,2642.0,0.659539999008179,0.36310147843360896
0.0001,2643.0,0.6595399984359749,0.3631014626741411
0.0001,2644.0,0.6595399993896488,0.36310144443511966
0.0001,2645.0,0.6595399971961975,0.3631014214992524
0.0001,2646.0,0.6595399989128117,0.36310139887332915
0.0001,2647.0,0.6595399941444396,0.3631013810396195
0.0001,2648.0,0.6595399963378904,0.3631013662338257
0.0001,2649.0,0.6595399959564208,0.3631013402938843
0.0001,2650.0,0.6595399959564211,0.36310132014751445
0.0001,2651.0,0.6595399992942812,0.36310129714012135
0.0001,2652.0,0.6595399954795834,0.36310127809047704
0.0001,2653.0,0.6595399948120113,0.3631012570381165
0.0001,2654.0,0.6595399959564205,0.36310124483108525
0.0001,2655.0,0.6595399940490716,0.3631012296438217
0.0001,2656.0,0.6595399921417228,0.36310120472908025
0.0001,2657.0,0.6595399952888481,0.36310118727684015
0.0001,2658.0,0.6595399891853326,0.36310116558074956
0.0001,2659.0,0.6595399921417234,0.36310115082263944
0.0001,2660.0,0.6595399936676024,0.3631011335849761
0.0001,2661.0,0.6595399923324587,0.36310110752582553
0.0001,2662.0,0.6595399940490726,0.3631010885477067
0.0001,2663.0,0.6595399910926818,0.3631010692119599
0.0001,2664.0,0.6595399927139284,0.3631010535001756
0.0001,2665.0,0.6595399868011474,0.3631010258674622
0.0001,2666.0,0.6595399887084961,0.3631010059356692
0.0001,2667.0,0.6595399892807009,0.36310099163055437
0.0001,2668.0,0.659539989280701,0.36310097949504844
0.0001,2669.0,0.6595399888992314,0.3631009614706041
0.0001,2670.0,0.6595399864196785,0.36310094006061566
0.0001,2671.0,0.6595399886131288,0.3631009236097337
0.0001,2672.0,0.6595399868011476,0.36310090930461897
0.0001,2673.0,0.6595399897575378,0.36310088994503026
0.0001,2674.0,0.6595399886131283,0.3631008672714234
0.0001,2675.0,0.6595399876594541,0.363100853085518
0.0001,2676.0,0.6595399846076963,0.3631008311748506
0.0001,2677.0,0.6595399896621705,0.3631008121967316
0.0001,2678.0,0.6595399847030643,0.3631007958173753
0.0001,2679.0,0.6595399877548223,0.36310077769756316
0.0001,2680.0,0.6595399869918827,0.3631007527351381
0.0001,2681.0,0.6595399866104127,0.36310074214935306
0.0001,2682.0,0.6595399814605717,0.36310072658061987
0.0001,2683.0,0.65953998708725,0.3631007025003433
0.0001,2684.0,0.6595399830818175,0.36310068399906165
0.0001,2685.0,0.65953998260498,0.3631006668567658
0.0001,2686.0,0.6595399822235104,0.3631006509065627
0.0001,2687.0,0.659539983463287,0.36310063629150396
0.0001,2688.0,0.6595399847030639,0.3631006126165389
0.0001,2689.0,0.6595399836540221,0.3631005990505218
0.0001,2690.0,0.6595399843215938,0.3631005857229232
0.0001,2691.0,0.65953998260498,0.3631005680561065
0.0001,2692.0,0.6595399795532221,0.3631005418300628
0.0001,2693.0,0.6595399838447563,0.3631005210161209
0.0001,2694.0,0.6595399792671202,0.36310050311088554
0.0001,2695.0,0.6595399805068967,0.36310049026012425
0.0001,2696.0,0.6595399832725521,0.363100467991829
0.0001,2697.0,0.6595399828910827,0.36310045602321617
0.0001,2698.0,0.6595399809837337,0.3631004333972932
0.0001,2699.0,0.6595399859428408,0.3631004177570344
0.0001,2700.0,0.659539980506897,0.3631004056692124
0.0001,2701.0,0.6595399784088133,0.36310038847923304
0.0001,2702.0,0.6595399791717527,0.36310036787986755
0.0001,2703.0,0.6595399815559388,0.3631003529548644
0.0001,2704.0,0.6595399772644043,0.3631003409624101
0.0001,2705.0,0.6595399751663208,0.36310031855106367
0.0001,2706.0,0.6595399768829348,0.3631003014326095
0.0001,2707.0,0.6595399810791016,0.36310028836727143
0.0001,2708.0,0.659539979743958,0.36310027048587806
0.0001,2709.0,0.6595399789810185,0.3631002556800844
0.0001,2710.0,0.6595399725914006,0.3631002332210542
0.0001,2711.0,0.6595399779319766,0.3631002149343491
0.0001,2712.0,0.6595399733543399,0.36310020003318794
0.0001,2713.0,0.6595399765014652,0.3631001859426499
0.0001,2714.0,0.6595399772644044,0.3631001685380934
0.0001,2715.0,0.6595399780273439,0.36310015487670894
0.0001,2716.0,0.6595399774551393,0.3631001367807388
0.0001,2717.0,0.6595399736404421,0.36310012421607973
0.0001,2718.0,0.6595399779319765,0.36310010142326343
0.0001,2719.0,0.6595399750709536,0.3631000938653947
0.0001,2720.0,0.659539975547791,0.3631000733613969
0.0001,2721.0,0.659539973640442,0.3631000540018083
0.0001,2722.0,0.659539976882935,0.36310003728866574
0.0001,2723.0,0.6595399737358093,0.36310002467632296
0.0001,2724.0,0.6595399766921995,0.36310000705719
0.0001,2725.0,0.6595399721145628,0.3630999922275542
0.0001,2726.0,0.6595399745941161,0.3630999725818634
0.0001,2727.0,0.6595399755477905,0.363099958372116
0.0001,2728.0,0.6595399766922002,0.36309993984699246
0.0001,2729.0,0.6595399759292605,0.36309992699623106
0.0001,2730.0,0.6595399703025825,0.36309990868568404
0.0001,2731.0,0.6595399760246276,0.36309989349842076
0.0001,2732.0,0.6595399735450741,0.36309988524913794
0.0001,2733.0,0.6595399702072148,0.36309986555576335
0.0001,2734.0,0.6595399684906003,0.36309984796047207
0.0001,2735.0,0.6595399744033815,0.36309983289241793
0.0001,2736.0,0.6595399731636049,0.3630998095273972
0.0001,2737.0,0.6595399690628053,0.3630997913360595
0.0001,2738.0,0.6595399737358096,0.363099783873558
0.0001,2739.0,0.6595399718284608,0.36309976673126226
0.0001,2740.0,0.659539970779419,0.36309974942207335
0.0001,2741.0,0.6595399696350097,0.3630997374296189
0.0001,2742.0,0.6595399730682375,0.3630997220277788
0.0001,2743.0,0.6595399709701539,0.36309970753192905
0.0001,2744.0,0.6595399689674376,0.3630996880292894
0.0001,2745.0,0.659539965152741,0.363099672961235
0.0001,2746.0,0.6595399725914001,0.3630996515512467
0.0001,2747.0,0.6595399672508239,0.3630996434211732
0.0001,2748.0,0.6595399675369263,0.36309962675571444
0.0001,2749.0,0.6595399641036985,0.3630996094942093
0.0001,2750.0,0.6595399692535401,0.3630995963573457
0.0001,2751.0,0.6595399690628053,0.36309958570003503
0.0001,2752.0,0.6595399656295775,0.3630995684385301
0.0001,2753.0,0.659539970493317,0.3630995528221129
0.0001,2754.0,0.6595399688720704,0.3630995410680772
0.0001,2755.0,0.6595399702072141,0.3630995227098466
0.0001,2756.0,0.6595399669647215,0.36309950406551367
0.0001,2757.0,0.6595399707794192,0.36309949147701265
0.0001,2758.0,0.6595399616241455,0.36309947571754453
0.0001,2759.0,0.6595399644851682,0.3630994637966158
0.0001,2760.0,0.6595399671554562,0.3630994428873061
0.0001,2761.0,0.6595399642944332,0.36309941723346695
0.0001,2762.0,0.6595399656295775,0.36309941313266764
0.0001,2763.0,0.6595399659156801,0.36309939310550693
0.0001,2764.0,0.6595399635314942,0.3630993878364562
0.0001,2765.0,0.6595399614334108,0.36309937226772304
0.0001,2766.0,0.659539963722229,0.36309935348033895
0.0001,2767.0,0.6595399622917173,0.3630993349790574
0.0001,2768.0,0.6595399583816524,0.36309932334423056
0.0001,2769.0,0.6595399600028989,0.36309931373596194
0.0001,2770.0,0.6595399628639219,0.3630992986440658
0.0001,2771.0,0.6595399639129637,0.3630992827177048
0.0001,2772.0,0.6595399625778197,0.3630992728710174
0.0001,2773.0,0.6595399593353264,0.3630992582082748
0.0001,2774.0,0.659539960479736,0.3630992414236069
0.0001,2775.0,0.6595399621963498,0.3630992249488832
0.0001,2776.0,0.6595399615287781,0.3630992101192473
0.0001,2777.0,0.6595399611473081,0.3630992012023926
0.0001,2778.0,0.6595399584770201,0.3630991811990738
0.0001,2779.0,0.6595399605751038,0.3630991630315781
0.0001,2780.0,0.6595399659156798,0.36309915404319765
0.0001,2781.0,0.6595399652481077,0.3630991389989853
0.0001,2782.0,0.6595399602890012,0.36309913158416746
0.0001,2783.0,0.6595399635314937,0.3630991144895555
0.0001,2784.0,0.6595399649620054,0.36309909703731547
0.0001,2785.0,0.6595399600982668,0.3630990785598757
0.0001,2786.0,0.6595399621009826,0.3630990715026855
0.0001,2787.0,0.659539960098267,0.3630990580320358
0.0001,2788.0,0.6595399643898014,0.3630990432262421
0.0001,2789.0,0.6595399671554569,0.36309902651309955
0.0001,2790.0,0.6595399681091311,0.36309901988506316
0.0001,2791.0,0.6595399614334106,0.36309900231361397
0.0001,2792.0,0.6595399626731872,0.3630989825963974
0.0001,2793.0,0.659539961051941,0.363098965859413
0.0001,2794.0,0.6595399609565736,0.36309895806312537
0.0001,2795.0,0.6595399636268618,0.36309894342422494
0.0001,2796.0,0.6595399655342107,0.3630989311456682
0.0001,2797.0,0.6595399617195137,0.3630989114522935
0.0001,2798.0,0.6595399609565743,0.36309889891147606
0.0001,2799.0,0.6595399599075324,0.3630988857269287
0.0001,2800.0,0.6595399616241464,0.3630988716602325
0.0001,2801.0,0.6595399613380437,0.3630988578557969
0.0001,2802.0,0.6595399580955513,0.36309884984493246
0.0001,2803.0,0.6595399580955512,0.3630988366127015
0.0001,2804.0,0.6595399587631231,0.3630988236427306
0.0001,2805.0,0.6595399597167978,0.36309881372451797
0.0001,2806.0,0.6595399595260626,0.36309878995418554
0.0001,2807.0,0.6595399587631229,0.3630987742424009
0.0001,2808.0,0.6595399590492252,0.3630987675666809
0.0001,2809.0,0.659539959716797,0.36309875245094303
0.0001,2810.0,0.659539956760407,0.3630987377643584
0.0001,2811.0,0.6595399556159979,0.36309872310161584
0.0001,2812.0,0.6595399586677557,0.363098716878891
0.0001,2813.0,0.6595399561882023,0.3630987046003341
0.0001,2814.0,0.6595399564743047,0.36309868547916413
0.0001,2815.0,0.6595399560928347,0.36309866714477546
0.0001,2816.0,0.6595399583816532,0.3630986605167389
0.0001,2817.0,0.6595399604797366,0.3630986449241638
0.0001,2818.0,0.6595399546623232,0.36309863102436074
0.0001,2819.0,0.6595399570465088,0.36309862544536575
0.0001,2820.0,0.6595399577140808,0.36309860477447503
0.0001,2821.0,0.6595399604797363,0.3630985899925232
0.0001,2822.0,0.6595399615287783,0.363098585653305
0.0001,2823.0,0.6595399569511414,0.3630985691070558
0.0001,2824.0,0.659539956092834,0.36309855420589443
0.0001,2825.0,0.6595399566650387,0.3630985432863235
0.0001,2826.0,0.6595399564743039,0.3630985235214233
0.0001,2827.0,0.6595399562835689,0.3630985156536101
0.0001,2828.0,0.6595399564743036,0.36309851279258726
0.0001,2829.0,0.6595399517059323,0.36309850008487704
0.0001,2830.0,0.659539949226379,0.36309848134517664
0.0001,2831.0,0.6595399521827693,0.3630984668970107
0.0001,2832.0,0.6595399541854858,0.3630984540462493
0.0001,2833.0,0.6595399518966675,0.36309844000339514
0.0001,2834.0,0.6595399564743042,0.3630984257936479
0.0001,2835.0,0.6595399520874023,0.3630984135866166
0.0001,2836.0,0.659539953517914,0.36309841248989094
0.0001,2837.0,0.6595399558067321,0.3630983980178832
0.0001,2838.0,0.6595399563789369,0.36309838082790363
0.0001,2839.0,0.6595399557113649,0.3630983678579331
0.0001,2840.0,0.659539951324463,0.363098359632492
0.0001,2841.0,0.6595399504661563,0.36309834721088413
0.0001,2842.0,0.6595399538040164,0.36309833140373227
0.0001,2843.0,0.6595399526596074,0.3630983242034912
0.0001,2844.0,0.6595399513244629,0.3630983112812042
0.0001,2845.0,0.6595399513244634,0.36309829206466687
0.0001,2846.0,0.6595399492263797,0.36309828004837025
0.0001,2847.0,0.6595399525642395,0.36309826917648313
0.0001,2848.0,0.6595399484634399,0.36309826023578656
0.0001,2849.0,0.6595399477005004,0.3630982469320297
0.0001,2850.0,0.6595399479866022,0.36309823553562165
0.0001,2851.0,0.6595399498939514,0.36309822268486025
0.0001,2852.0,0.6595399480819703,0.36309820666313175
0.0001,2853.0,0.659539947319031,0.36309819848537467
0.0001,2854.0,0.6595399496078495,0.36309818229675295
0.0001,2855.0,0.6595399466514591,0.3630981673479081
0.0001,2856.0,0.6595399490356448,0.3630981631994248
0.0001,2857.0,0.6595399481773384,0.3630981528282166
0.0001,2858.0,0.6595399522781379,0.3630981462717056
0.0001,2859.0,0.6595399510383608,0.36309812397956853
0.0001,2860.0,0.6595399480819707,0.3630981121778488
0.0001,2861.0,0.659539947700501,0.3630981017351151
0.0001,2862.0,0.6595399469375613,0.3630980874061585
0.0001,2863.0,0.659539945793152,0.3630980822086336
0.0001,2864.0,0.6595399471282962,0.36309807212352757
0.0001,2865.0,0.6595399473190312,0.3630980576515199
0.0001,2866.0,0.6595399482727055,0.3630980464220046
0.0001,2867.0,0.6595399507522584,0.36309803428649906
0.0001,2868.0,0.6595399483680726,0.363098030114174
0.0001,2869.0,0.6595399455070499,0.36309801819324505
0.0001,2870.0,0.6595399494171144,0.36309800524711616
0.0001,2871.0,0.6595399454116824,0.3630980008363724
0.0001,2872.0,0.6595399453163148,0.3630979831695558
0.0001,2873.0,0.6595399453163149,0.36309797642230984
0.0001,2874.0,0.6595399439811708,0.36309796609878564
0.0001,2875.0,0.6595399461746219,0.3630979527711868
0.0001,2876.0,0.6595399447441104,0.36309793703556054
0.0001,2877.0,0.659539947986603,0.36309792354106907
0.0001,2878.0,0.6595399483680727,0.3630979160785674
0.0001,2879.0,0.659539950180054,0.3630979100465776
0.0001,2880.0,0.6595399450302123,0.3630979022979736
0.0001,2881.0,0.659539949798584,0.36309789128303516
0.0001,2882.0,0.6595399415969848,0.36309787549972533
0.0001,2883.0,0.6595399444580079,0.3630978718280792
0.0001,2884.0,0.6595399433135984,0.3630978556871415
0.0001,2885.0,0.6595399456024171,0.3630978406429291
0.0001,2886.0,0.6595399416923521,0.363097833442688
0.0001,2887.0,0.6595399491310121,0.36309781820774084
0.0001,2888.0,0.6595399424552914,0.3630978160619736
0.0001,2889.0,0.659539940452575,0.3630978074789049
0.0001,2890.0,0.6595399432182312,0.3630977985858918
0.0001,2891.0,0.6595399394035338,0.3630977857828139
0.0001,2892.0,0.6595399468421936,0.36309777772426605
0.0001,2893.0,0.6595399376869204,0.36309776499271396
0.0001,2894.0,0.6595399415016175,0.3630977517843247
0.0001,2895.0,0.6595399438858034,0.36309774212837215
0.0001,2896.0,0.6595399430274965,0.3630977311372758
0.0001,2897.0,0.6595399435043338,0.36309772465229045
0.0001,2898.0,0.6595399417877202,0.36309771671295177
0.0001,2899.0,0.659539944458008,0.36309770090579996
0.0001,2900.0,0.6595399468421936,0.3630976938486099
0.0001,2901.0,0.6595399447441103,0.36309768397808073
0.0001,2902.0,0.6595399431228637,0.36309767181873315
0.0001,2903.0,0.6595399422645571,0.36309766616821293
0.0001,2904.0,0.6595399407386779,0.3630976566553118
0.0001,2905.0,0.6595399421691897,0.36309764146804796
0.0001,2906.0,0.6595399444580079,0.36309763572216036
0.0001,2907.0,0.6595399456977847,0.36309761760234827
0.0001,2908.0,0.6595399459838872,0.3630976115703582
0.0001,2909.0,0.6595399431228638,0.36309759962558735
0.0001,2910.0,0.6595399408340453,0.36309759385585794
0.0001,2911.0,0.659539943027497,0.3630975828886031
0.0001,2912.0,0.6595399414062503,0.36309757337570187
0.0001,2913.0,0.6595399400711064,0.36309756500720963
0.0001,2914.0,0.6595399399757391,0.36309755823612205
0.0001,2915.0,0.6595399385452275,0.3630975489139555
0.0001,2916.0,0.6595399403572089,0.3630975344657898
0.0001,2917.0,0.6595399426460271,0.3630975311040878
0.0001,2918.0,0.659539943504334,0.3630975215435027
0.0001,2919.0,0.6595399417877201,0.3630975142955779
0.0001,2920.0,0.6595399423599246,0.3630975052356721
0.0001,2921.0,0.659539942932129,0.3630974911689758
0.0001,2922.0,0.6595399459838868,0.3630974850654601
0.0001,2923.0,0.6595399398803712,0.36309747464656833
0.0001,2924.0,0.6595399394035342,0.36309746763706224
0.0001,2925.0,0.6595399405479433,0.3630974636793136
0.0001,2926.0,0.6595399398803712,0.3630974479198457
0.0001,2927.0,0.6595399388313299,0.36309743556976315
0.0001,2928.0,0.6595399397850041,0.3630974237203597
0.0001,2929.0,0.6595399421691899,0.363097412443161
0.0001,2930.0,0.6595399404525762,0.3630974008560181
0.0001,2931.0,0.6595399406433108,0.36309738903045646
0.0001,2932.0,0.6595399404525756,0.36309738366603844
0.0001,2933.0,0.6595399438858034,0.36309737586975094
0.0001,2934.0,0.6595399400711062,0.36309737124443053
0.0001,2935.0,0.6595399416923529,0.3630973590373993
0.0001,2936.0,0.6595399428367618,0.36309734675884253
0.0001,2937.0,0.6595399437904362,0.36309734735488886
0.0001,2938.0,0.6595399436950686,0.3630973358392716
0.0001,2939.0,0.6595399410247808,0.36309732871055606
0.0001,2940.0,0.6595399437904358,0.3630973087787627
0.0001,2941.0,0.6595399410247806,0.36309730970859516
0.0001,2942.0,0.659539939308167,0.36309729473590857
0.0001,2943.0,0.65953994178772,0.36309728820323944
0.0001,2944.0,0.6595399418830874,0.3630972766160964
0.0001,2945.0,0.6595399421691899,0.36309726500511164
0.0001,2946.0,0.6595399389266968,0.36309725556373607
0.0001,2947.0,0.6595399388313294,0.3630972531080247
0.0001,2948.0,0.6595399418830871,0.3630972493171692
0.0001,2949.0,0.6595399426460269,0.3630972401618959
0.0001,2950.0,0.6595399394035344,0.3630972318410874
0.0001,2951.0,0.6595399397850038,0.3630972212314607
0.0001,2952.0,0.6595399387359622,0.36309720470905316
0.0001,2953.0,0.6595399373054508,0.3630972028017042
0.0001,2954.0,0.6595399415016174,0.3630971927404402
0.0001,2955.0,0.6595399381637573,0.3630971832752229
0.0001,2956.0,0.6595399392127987,0.3630971819639207
0.0001,2957.0,0.659539938545227,0.36309717550277704
0.0001,2958.0,0.6595399373054505,0.3630971610307694
0.0001,2959.0,0.6595399364471437,0.3630971496105194
0.0001,2960.0,0.6595399388313293,0.36309714276790617
0.0001,2961.0,0.6595399380683902,0.3630971275329592
0.0001,2962.0,0.6595399382591247,0.36309712445735937
0.0001,2963.0,0.6595399394989014,0.3630971181869504
0.0001,2964.0,0.6595399375915525,0.36309711387157445
0.0001,2965.0,0.6595399402618405,0.36309710392951944
0.0001,2966.0,0.6595399356842038,0.3630970958232878
0.0001,2967.0,0.6595399347305296,0.3630970800638201
0.0001,2968.0,0.6595399429321289,0.363097082877159
0.0001,2969.0,0.6595399362564089,0.3630970711231231
0.0001,2970.0,0.6595399381637577,0.3630970652818682
0.0001,2971.0,0.6595399402618407,0.3630970557212831
0.0001,2972.0,0.6595399389266973,0.36309704999923703
0.0001,2973.0,0.6595399376869203,0.3630970417022704
0.0001,2974.0,0.6595399369239812,0.3630970361709595
0.0001,2975.0,0.6595399333000186,0.36309703137874605
0.0001,2976.0,0.6595399415969854,0.363097024345398
0.0001,2977.0,0.6595399379730229,0.36309701223373425
0.0001,2978.0,0.6595399362564093,0.3630969950437544
0.0001,2979.0,0.6595399417877205,0.3630969924211502
0.0001,2980.0,0.6595399393081669,0.3630969854116441
0.0001,2981.0,0.6595399373054508,0.363096975708008
0.0001,2982.0,0.6595399351119996,0.3630969675540924
0.0001,2983.0,0.6595399374008181,0.36309696357250215
0.0001,2984.0,0.6595399333000186,0.36309695389270785
0.0001,2985.0,0.6595399309158329,0.3630969485998154
0.0001,2986.0,0.6595399357795716,0.36309693996906295
0.0001,2987.0,0.6595399351119997,0.3630969328165054
0.0001,2988.0,0.6595399395942689,0.3630969248771668
0.0001,2989.0,0.6595399338722229,0.3630969195127488
0.0001,2990.0,0.6595399365425111,0.36309690949916856
0.0001,2991.0,0.6595399363517762,0.36309689934253697
0.0001,2992.0,0.6595399356842044,0.363096891951561
0.0001,2993.0,0.6595399324417117,0.36309688568115217
0.0001,2994.0,0.6595399341583255,0.3630968772649764
0.0001,2995.0,0.6595399339675906,0.3630968698740005
0.0001,2996.0,0.659539936065674,0.36309686024189003
0.0001,2997.0,0.6595399345397955,0.36309685168266287
0.0001,2998.0,0.6595399341583255,0.36309684219360333
0.0001,2999.0,0.6595399337768555,0.36309683806896215
0.0001,3000.0,0.6595399316787729,0.3630968305587769
0.0001,3001.0,0.6595399333000186,0.36309681832790375
0.0001,3002.0,0.6595399357795718,0.3630968161821366
0.0001,3003.0,0.6595399357795718,0.36309680929183985
0.0001,3004.0,0.6595399367332458,0.36309679675102247
0.0001,3005.0,0.6595399323463444,0.36309679093360914
0.0001,3006.0,0.6595399349212648,0.36309678599834444
0.0001,3007.0,0.6595399358749391,0.3630967808723449
0.0001,3008.0,0.6595399324417109,0.36309676926136025
0.0001,3009.0,0.659539935302734,0.36309676146507275
0.0001,3010.0,0.6595399316787715,0.36309675109386447
0.0001,3011.0,0.6595399336814876,0.36309674963951116
0.0001,3012.0,0.6595399331092829,0.3630967375040055
0.0001,3013.0,0.6595399333953847,0.3630967298269274
0.0001,3014.0,0.6595399324417107,0.36309672763347645
0.0001,3015.0,0.6595399337768546,0.36309671640396146
0.0001,3016.0,0.6595399309158316,0.3630967125654223
0.0001,3017.0,0.6595399314880367,0.36309670608043676
0.0001,3018.0,0.6595399335861198,0.3630966982364655
0.0001,3019.0,0.6595399314880368,0.36309669320583354
0.0001,3020.0,0.6595399334907526,0.36309668157100694
0.0001,3021.0,0.6595399375915522,0.36309667477607743
0.0001,3022.0,0.6595399353027339,0.3630966660499573
0.0001,3023.0,0.6595399339675899,0.3630966567993163
0.0001,3024.0,0.6595399332046508,0.36309665086269394
0.0001,3025.0,0.6595399321556089,0.36309664578437806
0.0001,3026.0,0.659539931774139,0.3630966353416443
0.0001,3027.0,0.6595399322509767,0.36309663281440735
0.0001,3028.0,0.6595399347305297,0.3630966231107712
0.0001,3029.0,0.6595399311065677,0.3630966081142425
0.0001,3030.0,0.6595399347305301,0.3630966053962709
0.0001,3031.0,0.6595399295806884,0.36309659831523894
0.0001,3032.0,0.6595399339675903,0.36309658885002155
0.0001,3033.0,0.6595399324417115,0.3630965824604035
0.0001,3034.0,0.6595399295806885,0.3630965815067292
0.0001,3035.0,0.6595399357795717,0.3630965720176696
0.0001,3036.0,0.659539931678772,0.36309656805992135
0.0001,3037.0,0.6595399353027345,0.3630965567111969
0.0001,3038.0,0.6595399362564087,0.3630965495586395
0.0001,3039.0,0.659539935684204,0.3630965459823611
0.0001,3040.0,0.6595399321556089,0.3630965385675432
0.0001,3041.0,0.6595399335861206,0.3630965329647064
0.0001,3042.0,0.6595399297714234,0.36309652009010307
0.0001,3043.0,0.6595399303436278,0.3630965162515641
0.0001,3044.0,0.6595399305343629,0.36309651272296894
0.0001,3045.0,0.6595399307250974,0.36309650468826293
0.0001,3046.0,0.659539928817749,0.36309650430679324
0.0001,3047.0,0.6595399317741393,0.36309649403095245
0.0001,3048.0,0.6595399319648744,0.36309649307727815
0.0001,3049.0,0.6595399326324463,0.36309648549556733
0.0001,3050.0,0.659539925479889,0.36309646897315967
0.0001,3051.0,0.6595399297714236,0.3630964697837829
0.0001,3052.0,0.6595399296760561,0.3630964641332626
0.0001,3053.0,0.6595399271011356,0.36309645340442653
0.0001,3054.0,0.6595399238586428,0.3630964475393294
0.0001,3055.0,0.6595399244308476,0.3630964385747909
0.0001,3056.0,0.6595399280548097,0.36309643573761
0.0001,3057.0,0.6595399322509772,0.3630964207410812
0.0001,3058.0,0.6595399303436287,0.3630964127302171
0.0001,3059.0,0.6595399299621585,0.3630964098453523
0.0001,3060.0,0.6595399305343632,0.36309640281200406
0.0001,3061.0,0.659539929866791,0.3630963984251022
0.0001,3062.0,0.6595399315834051,0.36309639291763296
0.0001,3063.0,0.6595399284362796,0.36309639315605163
0.0001,3064.0,0.6595399295806886,0.3630963846206665
0.0001,3065.0,0.659539928531647,0.36309637744426726
0.0001,3066.0,0.6595399294853217,0.36309637064933786
0.0001,3067.0,0.65953992805481,0.3630963679552078
0.0001,3068.0,0.6595399307250976,0.3630963535308836
0.0001,3069.0,0.6595399302482606,0.36309635086059566
0.0001,3070.0,0.6595399301528936,0.36309634401798235
0.0001,3071.0,0.6595399305343632,0.3630963375091552
0.0001,3072.0,0.6595399335861207,0.3630963278055191
0.0001,3073.0,0.6595399299621587,0.36309632630348226
0.0001,3074.0,0.659539932537079,0.36309631290435795
0.0001,3075.0,0.6595399303436278,0.36309631114006036
0.0001,3076.0,0.6595399296760556,0.36309629933834076
0.0001,3077.0,0.6595399275779728,0.3630962958574296
0.0001,3078.0,0.6595399291038512,0.36309629185199754
0.0001,3079.0,0.6595399297714234,0.3630962881565096
0.0001,3080.0,0.6595399272918703,0.36309627826213847
0.0001,3081.0,0.6595399291992188,0.36309627373218545
0.0001,3082.0,0.6595399277687075,0.36309625854492195
0.0001,3083.0,0.6595399299621582,0.3630962522506715
0.0001,3084.0,0.659539927864075,0.3630962422132492
0.0001,3085.0,0.6595399303436283,0.363096237230301
0.0001,3086.0,0.6595399257659914,0.36309623036384614
0.0001,3087.0,0.6595399259567267,0.36309622812271114
0.0001,3088.0,0.6595399284362797,0.36309621868133546
0.0001,3089.0,0.6595399312019352,0.3630962186336516
0.0001,3090.0,0.6595399288177491,0.3630962094306946
0.0001,3091.0,0.6595399277687074,0.3630962054967879
0.0001,3092.0,0.6595399275779725,0.36309619505405444
0.0001,3093.0,0.6595399227142337,0.3630961886644362
0.0001,3094.0,0.6595399272918703,0.3630961813211439
0.0001,3095.0,0.6595399303436277,0.3630961681842803
0.0001,3096.0,0.6595399221420288,0.36309617021083823
0.0001,3097.0,0.6595399261474609,0.3630961637258528
0.0001,3098.0,0.6595399251937866,0.3630961573362351
0.0001,3099.0,0.6595399246215821,0.36309615085124963
0.0001,3100.0,0.6595399259567258,0.36309614374637605
0.0001,3101.0,0.6595399240493772,0.36309614195823675
0.0001,3102.0,0.6595399242401125,0.36309614152908326
0.0001,3103.0,0.6595399230957033,0.3630961419105529
0.0001,3104.0,0.6595399263381958,0.36309612529277807
0.0001,3105.0,0.659539925765991,0.36309612023830423
0.0001,3106.0,0.659539924144745,0.36309611129760755
0.0001,3107.0,0.6595399262428284,0.36309610426425926
0.0001,3108.0,0.6595399256706237,0.36309609832763673
0.0001,3109.0,0.6595399245262147,0.3630960903644561
0.0001,3110.0,0.6595399271965027,0.36309608507156355
0.0001,3111.0,0.6595399286270144,0.3630960782289504
0.0001,3112.0,0.6595399290084839,0.3630960683584213
0.0001,3113.0,0.6595399250030516,0.3630960701704026
0.0001,3114.0,0.6595399271965026,0.3630960573196412
0.0001,3115.0,0.6595399255752564,0.36309605548381807
0.0001,3116.0,0.6595399286270144,0.36309604644775384
0.0001,3117.0,0.6595399244308471,0.36309604194164263
0.0001,3118.0,0.6595399280548098,0.3630960342884064
0.0001,3119.0,0.6595399218559266,0.3630960345268251
0.0001,3120.0,0.659539924621582,0.36309602370262156
0.0001,3121.0,0.6595399237632751,0.36309601762294774
0.0001,3122.0,0.6595399264335632,0.36309600806236253
0.0001,3123.0,0.6595399247169493,0.36309600350856786
0.0001,3124.0,0.659539922237396,0.3630960044860839
0.0001,3125.0,0.6595399233818052,0.3630959965705872
0.0001,3126.0,0.6595399237632747,0.36309599070549003
0.0001,3127.0,0.6595399249076839,0.36309598431587214
0.0001,3128.0,0.6595399247169491,0.3630959839105606
0.0001,3129.0,0.6595399251937863,0.36309597904682145
0.0001,3130.0,0.659539923858642,0.3630959664344787
0.0001,3131.0,0.6595399261474607,0.3630959548473359
0.0001,3132.0,0.6595399209976193,0.3630959500789643
0.0001,3133.0,0.6595399229049681,0.36309594745635987
0.0001,3134.0,0.6595399217605583,0.36309594433307635
0.0001,3135.0,0.6595399249076839,0.3630959425449373
0.0001,3136.0,0.6595399209022517,0.3630959421873092
0.0001,3137.0,0.6595399253845211,0.3630959315061569
0.0001,3138.0,0.659539926719665,0.36309592041969313
0.0001,3139.0,0.6595399259567261,0.363095926117897
0.0001,3140.0,0.6595399254798887,0.36309591534137725
0.0001,3141.0,0.6595399269104004,0.36309590618610393
0.0001,3142.0,0.6595399250984194,0.3630958977937699
0.0001,3143.0,0.6595399250030517,0.36309589543342585
0.0001,3144.0,0.659539923763275,0.36309588937759407
0.0001,3145.0,0.6595399278640748,0.363095886015892
0.0001,3146.0,0.6595399265289312,0.3630958755970001
0.0001,3147.0,0.6595399250030523,0.3630958737134933
0.0001,3148.0,0.659539926147461,0.3630958700418472
0.0001,3149.0,0.6595399255752565,0.3630958597660064
0.0001,3150.0,0.6595399234771727,0.36309585902690855
0.0001,3151.0,0.6595399250030518,0.3630958480119705
0.0001,3152.0,0.6595399225234987,0.3630958424568176
0.0001,3153.0,0.659539925193787,0.36309584650993343
0.0001,3154.0,0.6595399230003359,0.36309584167003633
0.0001,3155.0,0.6595399187088014,0.36309583480358115
0.0001,3156.0,0.6595399194717411,0.3630958283185959
0.0001,3157.0,0.6595399238586427,0.3630958246946336
0.0001,3158.0,0.6595399224281312,0.36309582107067095
0.0001,3159.0,0.6595399222373968,0.36309581661224355
0.0001,3160.0,0.6595399224281316,0.3630958165645598
0.0001,3161.0,0.6595399229049683,0.3630958062410355
0.0001,3162.0,0.6595399208068851,0.3630958005428314
0.0001,3163.0,0.659539922809601,0.36309579241275786
0.0001,3164.0,0.6595399198532105,0.36309579348564147
0.0001,3165.0,0.6595399202346804,0.36309578230381007
0.0001,3166.0,0.6595399204254153,0.36309578120708463
0.0001,3167.0,0.6595399227142337,0.3630957709789276
0.0001,3168.0,0.6595399194717405,0.36309577190876
0.0001,3169.0,0.6595399215698245,0.3630957619905472
0.0001,3170.0,0.6595399229049688,0.3630957538127899
0.0001,3171.0,0.6595399211883547,0.3630957505464555
0.0001,3172.0,0.6595399219512943,0.36309573879241946
0.0001,3173.0,0.6595399240493778,0.3630957390069961
0.0001,3174.0,0.659539925670624,0.363095727777481
0.0001,3175.0,0.6595399238586428,0.3630957291126252
0.0001,3176.0,0.659539925289154,0.36309572522640227
0.0001,3177.0,0.6595399252891542,0.36309571261405943
0.0001,3178.0,0.6595399225234986,0.3630957095146179
0.0001,3179.0,0.6595399183273322,0.3630957066535951
0.0001,3180.0,0.659539920902252,0.3630956995487213
0.0001,3181.0,0.6595399232864384,0.36309569747447973
0.0001,3182.0,0.6595399208068851,0.3630956888914107
0.0001,3183.0,0.6595399252891542,0.3630956902742385
0.0001,3184.0,0.6595399200439455,0.3630956872463226
0.0001,3185.0,0.6595399205207826,0.36309567785263047
0.0001,3186.0,0.6595399215698238,0.3630956729412077
0.0001,3187.0,0.6595399179458616,0.36309566590785947
0.0001,3188.0,0.6595399192810054,0.36309565885066997
0.0001,3189.0,0.6595399242401121,0.3630956549167633
0.0001,3190.0,0.6595399200439457,0.36309564802646627
0.0001,3191.0,0.6595399215698241,0.36309564495086655
0.0001,3192.0,0.6595399261474606,0.36309564290046686
0.0001,3193.0,0.6595399244308473,0.36309563906192766
0.0001,3194.0,0.6595399227142335,0.3630956356525421
0.0001,3195.0,0.6595399182319639,0.36309563226699815
0.0001,3196.0,0.6595399203300474,0.3630956220865248
0.0001,3197.0,0.6595399239540101,0.36309561166763304
0.0001,3198.0,0.6595399220466611,0.3630956119775771
0.0001,3199.0,0.659539922142029,0.3630956027984618
0.0001,3200.0,0.6595399212837217,0.363095602440834
0.0001,3201.0,0.6595399210929873,0.36309560031890853
0.0001,3202.0,0.6595399206161502,0.3630955966234207
0.0001,3203.0,0.659539923095703,0.36309559113979334
0.0001,3204.0,0.6595399244308474,0.3630955872297286
0.0001,3205.0,0.6595399223327635,0.36309558563232414
0.0001,3206.0,0.6595399213790892,0.3630955793857573
0.0001,3207.0,0.6595399242401118,0.3630955745458601
0.0001,3208.0,0.6595399270057671,0.36309557030200956
0.0001,3209.0,0.6595399243354795,0.36309556741714466
0.0001,3210.0,0.6595399213790889,0.3630955597400663
0.0001,3211.0,0.6595399236679073,0.3630955561876295
0.0001,3212.0,0.659539920997619,0.3630955476045608
0.0001,3213.0,0.6595399211883537,0.3630955467939377
0.0001,3214.0,0.659539918327331,0.3630955401182174
0.0001,3215.0,0.6595399219512933,0.3630955272674562
0.0001,3216.0,0.6595399219512937,0.363095523238182
0.0001,3217.0,0.659539922714233,0.3630955153942108
0.0001,3218.0,0.6595399248123165,0.36309551758766184
0.0001,3219.0,0.6595399207115173,0.36309551463127143
0.0001,3220.0,0.659539922714233,0.363095511841774
0.0001,3221.0,0.6595399249076843,0.36309549963474247
0.0001,3222.0,0.6595399223327637,0.36309549918174727
0.0001,3223.0,0.6595399219512935,0.36309548873901376
0.0001,3224.0,0.6595399226188658,0.3630954878091812
0.0001,3225.0,0.6595399194717405,0.36309548282623294
0.0001,3226.0,0.6595399194717405,0.3630954813241958
0.0001,3227.0,0.6595399200439448,0.363095475077629
0.0001,3228.0,0.6595399188995359,0.3630954647779464
0.0001,3229.0,0.6595399217605591,0.363095460510254
0.0001,3230.0,0.6595399200439449,0.3630954590797423
0.0001,3231.0,0.659539921092987,0.36309544954299916
0.0001,3232.0,0.6595399207115171,0.36309544761180873
0.0001,3233.0,0.6595399233818052,0.3630954505205155
0.0001,3234.0,0.6595399201393127,0.3630954398155213
0.0001,3235.0,0.6595399206161499,0.3630954363822937
0.0001,3236.0,0.659539920043945,0.3630954295635225
0.0001,3237.0,0.6595399196624753,0.36309541792869554
0.0001,3238.0,0.6595399163246154,0.36309541752338426
0.0001,3239.0,0.6595399225234984,0.36309541518688204
0.0001,3240.0,0.6595399219512941,0.3630954062700272
0.0001,3241.0,0.6595399217605593,0.36309540653228756
0.0001,3242.0,0.6595399211883545,0.363095397591591
0.0001,3243.0,0.65953992061615,0.3630954017877578
0.0001,3244.0,0.659539916038513,0.3630953889369967
0.0001,3245.0,0.6595399183273316,0.3630953870296479
0.0001,3246.0,0.6595399185180665,0.36309538288116466
0.0001,3247.0,0.6595399177551269,0.36309537265300773
0.0001,3248.0,0.6595399199485775,0.3630953725099565
0.0001,3249.0,0.659539918708801,0.36309536485672006
0.0001,3250.0,0.6595399196624756,0.3630953598976136
0.0001,3251.0,0.6595399181365971,0.3630953565835953
0.0001,3252.0,0.6595399196624754,0.363095351934433
0.0001,3253.0,0.6595399187088012,0.3630953451395034
0.0001,3254.0,0.6595399179458623,0.36309534015655526
0.0001,3255.0,0.659539921092987,0.3630953351736068
0.0001,3256.0,0.6595399220466617,0.36309533345699313
0.0001,3257.0,0.6595399234771729,0.3630953280687333
0.0001,3258.0,0.6595399218559268,0.36309532067775735
0.0001,3259.0,0.659539921092987,0.36309531841278087
0.0001,3260.0,0.6595399205207824,0.36309531633853914
0.0001,3261.0,0.65953991689682,0.36309531421661395
0.0001,3262.0,0.6595399182319642,0.3630953088760377
0.0001,3263.0,0.6595399191856386,0.3630953047513963
0.0001,3264.0,0.6595399174690251,0.3630952978849411
0.0001,3265.0,0.6595399219512943,0.36309529376029964
0.0001,3266.0,0.6595399197578428,0.3630952890872955
0.0001,3267.0,0.6595399170875549,0.3630952858924865
0.0001,3268.0,0.6595399163246161,0.3630952842235564
0.0001,3269.0,0.6595399182319643,0.3630952790260315
0.0001,3270.0,0.6595399197578432,0.3630952789068222
0.0001,3271.0,0.659539917945862,0.36309526872634873
0.0001,3272.0,0.6595399205207827,0.3630952666282654
0.0001,3273.0,0.6595399174690247,0.36309525992870334
0.0001,3274.0,0.6595399160385135,0.3630952502012254
0.0001,3275.0,0.6595399162292482,0.36309525122642516
0.0001,3276.0,0.6595399177551271,0.36309524729251846
0.0001,3277.0,0.6595399211883547,0.36309524226188666
0.0001,3278.0,0.6595399181365973,0.36309523959159845
0.0001,3279.0,0.6595399208068851,0.36309523315429687
0.0001,3280.0,0.6595399206161505,0.36309523291587836
0.0001,3281.0,0.6595399202346808,0.36309522416591644
0.0001,3282.0,0.6595399209976202,0.36309522645473474
0.0001,3283.0,0.6595399178504947,0.363095220208168
0.0001,3284.0,0.6595399213790901,0.36309521811008455
0.0001,3285.0,0.659539922904969,0.36309521486759166
0.0001,3286.0,0.6595399225234989,0.3630952105045318
0.0001,3287.0,0.6595399188995368,0.36309520709514614
0.0001,3288.0,0.6595399209976203,0.36309519681930563
0.0001,3289.0,0.6595399227142335,0.3630952036857606
0.0001,3290.0,0.6595399182319645,0.3630951924324036
0.0001,3291.0,0.6595399168014532,0.3630951918363571
0.0001,3292.0,0.6595399188995366,0.3630951862812042
0.0001,3293.0,0.6595399177551271,0.36309518346786496
0.0001,3294.0,0.659539920234681,0.3630951823234559
0.0001,3295.0,0.6595399200439456,0.3630951730489731
0.0001,3296.0,0.6595399219512946,0.36309517266750346
0.0001,3297.0,0.6595399206161501,0.36309516890048976
0.0001,3298.0,0.6595399173736576,0.3630951667547227
0.0001,3299.0,0.6595399214744567,0.3630951610565185
0.0001,3300.0,0.6595399175643921,0.3630951565027237
0.0001,3301.0,0.6595399177551271,0.36309514973163615
0.0001,3302.0,0.659539920902252,0.36309514424800876
0.0001,3303.0,0.6595399219512937,0.3630951401472092
0.0001,3304.0,0.6595399201393132,0.3630951320409776
0.0001,3305.0,0.659539920806885,0.36309512960910795
0.0001,3306.0,0.6595399173736575,0.3630951287031174
0.0001,3307.0,0.6595399194717412,0.36309512281417844
0.0001,3308.0,0.65953992061615,0.3630951191425324
0.0001,3309.0,0.6595399198532107,0.3630951179981231
0.0001,3310.0,0.659539920425415,0.36309511134624484
0.0001,3311.0,0.6595399232864378,0.36309511449337006
0.0001,3312.0,0.659539921569824,0.36309511206150047
0.0001,3313.0,0.6595399196624754,0.36309511084556584
0.0001,3314.0,0.6595399209022523,0.3630951020479203
0.0001,3315.0,0.6595399244308473,0.3630950982570648
0.0001,3316.0,0.6595399213790893,0.36309509661197653
0.0001,3317.0,0.6595399230957029,0.36309509289264674
0.0001,3318.0,0.6595399198532104,0.36309509000778206
0.0001,3319.0,0.6595399187088014,0.36309508659839634
0.0001,3320.0,0.6595399179458616,0.3630950827836991
0.0001,3321.0,0.6595399206161497,0.3630950762271881
0.0001,3322.0,0.6595399205207823,0.36309506781101236
0.0001,3323.0,0.6595399211883547,0.36309506778717043
0.0001,3324.0,0.6595399224281312,0.36309506232738503
0.0001,3325.0,0.6595399218559266,0.3630950590372085
0.0001,3326.0,0.6595399167060854,0.3630950527191163
0.0001,3327.0,0.6595399190902712,0.36309504415988925
0.0001,3328.0,0.6595399213790893,0.36309504172801976
0.0001,3329.0,0.6595399208068851,0.3630950420856476
0.0001,3330.0,0.659539921283722,0.36309503457546244
0.0001,3331.0,0.6595399202346803,0.36309503548145294
0.0001,3332.0,0.6595399225234987,0.3630950326442719
0.0001,3333.0,0.6595399177551274,0.36309502935409543
0.0001,3334.0,0.6595399201393132,0.36309502458572374
0.0001,3335.0,0.6595399193763736,0.36309501731395716
0.0001,3336.0,0.6595399173736572,0.3630950135946275
0.0001,3337.0,0.659539918613434,0.36309500691890717
0.0001,3338.0,0.6595399160385129,0.36309500749111173
0.0001,3339.0,0.6595399149894714,0.36309499893188485
0.0001,3340.0,0.6595399180412294,0.3630949910402298
0.0001,3341.0,0.6595399174690245,0.363094992995262
0.0001,3342.0,0.6595399161338803,0.36309499163627634
0.0001,3343.0,0.6595399192810057,0.3630949914455414
0.0001,3344.0,0.6595399197578428,0.3630949876785277
0.0001,3345.0,0.6595399153709409,0.36309497504234334
0.0001,3346.0,0.659539913845062,0.3630949771404266
0.0001,3347.0,0.6595399151802059,0.36309497423171977
0.0001,3348.0,0.6595399133682245,0.3630949676036833
0.0001,3349.0,0.6595399183273312,0.3630949671030044
0.0001,3350.0,0.6595399146080014,0.3630949630975724
0.0001,3351.0,0.6595399145126336,0.36309496321678164
0.0001,3352.0,0.6595399157524104,0.3630949569702148
0.0001,3353.0,0.659539916706085,0.3630949489831924
0.0001,3354.0,0.6595399196624754,0.3630949501037598
0.0001,3355.0,0.6595399155616758,0.3630949474573135
0.0001,3356.0,0.6595399177551268,0.3630949458837509
0.0001,3357.0,0.659539919376373,0.36309494433403017
0.0001,3358.0,0.6595399201393126,0.36309494235515594
0.0001,3359.0,0.6595399176597596,0.3630949392557143
0.0001,3360.0,0.6595399222373964,0.3630949321985243
0.0001,3361.0,0.6595399185180665,0.3630949244022372
0.0001,3362.0,0.6595399173736574,0.3630949301481247
0.0001,3363.0,0.6595399205207824,0.36309492425918594
0.0001,3364.0,0.6595399155616762,0.36309491803646093
0.0001,3365.0,0.6595399163246153,0.3630949116230011
0.0001,3366.0,0.6595399180412291,0.3630949083566667
0.0001,3367.0,0.6595399170875548,0.36309490168094655
0.0001,3368.0,0.6595399228096006,0.36309489958286284
0.0001,3369.0,0.659539921283722,0.3630948952436446
0.0001,3370.0,0.6595399168968197,0.3630948896646499
0.0001,3371.0,0.6595399203300474,0.3630948960304259
0.0001,3372.0,0.6595399214744565,0.36309489035606374
0.0001,3373.0,0.6595399216651914,0.36309488289356234
0.0001,3374.0,0.6595399189949036,0.3630948857545853
0.0001,3375.0,0.6595399191856386,0.36309487583637223
0.0001,3376.0,0.6595399212837219,0.3630948758363724
0.0001,3377.0,0.6595399174690244,0.3630948701143265
0.0001,3378.0,0.6595399220466613,0.36309487216472613
0.0001,3379.0,0.6595399178504945,0.3630948693275453
0.0001,3380.0,0.6595399196624753,0.3630948579072952
0.0001,3381.0,0.6595399214744564,0.36309485383033757
0.0001,3382.0,0.6595399212837215,0.36309485864639285
0.0001,3383.0,0.6595399192810051,0.3630948483228683
0.0001,3384.0,0.6595399195671078,0.3630948491573333
0.0001,3385.0,0.6595399159431452,0.36309483923912056
0.0001,3386.0,0.6595399176597593,0.36309483883380883
0.0001,3387.0,0.659539913272857,0.3630948405504227
0.0001,3388.0,0.6595399172782892,0.36309483356475825
0.0001,3389.0,0.659539916324615,0.3630948325395585
0.0001,3390.0,0.6595399146080013,0.3630948305845262
0.0001,3391.0,0.6595399154663084,0.3630948239088058
0.0001,3392.0,0.6595399125099182,0.3630948233604433
0.0001,3393.0,0.6595399165153503,0.36309481880664823
0.0001,3394.0,0.6595399184226984,0.36309481403827676
0.0001,3395.0,0.659539921569824,0.36309481384754166
0.0001,3396.0,0.6595399189949034,0.3630948089361192
0.0001,3397.0,0.6595399171829226,0.3630948082447053
0.0001,3398.0,0.6595399205207827,0.36309480605125416
0.0001,3399.0,0.6595399212837217,0.3630948040962219
0.0001,3400.0,0.6595399184226989,0.36309479863643657
0.0001,3401.0,0.6595399155616758,0.3630947927951814
0.0001,3402.0,0.6595399160385131,0.36309478330612194
0.0001,3403.0,0.6595399213790889,0.3630947778463364
0.0001,3404.0,0.659539921283722,0.3630947788476944
0.0001,3405.0,0.6595399209976196,0.3630947805404663
0.0001,3406.0,0.6595399216651918,0.3630947696208955
0.0001,3407.0,0.6595399201393131,0.3630947707176209
0.0001,3408.0,0.6595399200439457,0.3630947635412217
0.0001,3409.0,0.6595399184226993,0.3630947621583941
0.0001,3410.0,0.6595399184226995,0.3630947548151018
0.0001,3411.0,0.6595399207115178,0.3630947564601899
0.0001,3412.0,0.6595399181365974,0.3630947531700136
0.0001,3413.0,0.6595399204254151,0.36309474639892586
0.0001,3414.0,0.6595399236679081,0.36309474616050724
0.0001,3415.0,0.6595399226188665,0.3630947407007218
0.0001,3416.0,0.6595399200439457,0.3630947389602662
0.0001,3417.0,0.6595399200439459,0.36309473893642424
0.0001,3418.0,0.6595399191856389,0.3630947313547136
0.0001,3419.0,0.6595399196624763,0.36309473171234136
0.0001,3420.0,0.659539918994904,0.363094729065895
0.0001,3421.0,0.6595399182319646,0.3630947302103042
