lr,epoch,train_loss,val_loss
0.0001,0.0,119.94931030273438,2.30682110786438
0.0001,1.0,119.94841003417969,2.306288480758667
0.0001,2.0,119.94752502441406,2.305756092071533
0.0001,3.0,119.94664001464844,2.305223226547241
0.0001,4.0,119.94574737548828,2.3046905994415283
0.0001,5.0,119.9448471069336,2.3041582107543945
0.0001,6.0,119.9439697265625,2.303626537322998
0.0001,7.0,119.9430923461914,2.3030953407287598
0.0001,8.0,119.94219970703125,2.3025641441345215
0.0001,9.0,119.94131469726562,2.3020334243774414
0.0001,10.0,119.94044494628906,2.301503896713257
0.0001,11.0,119.9395523071289,2.300973653793335
0.0001,12.0,119.93868255615234,2.3004441261291504
0.0001,13.0,119.93781280517578,2.2999143600463867
0.0001,14.0,119.93692779541016,2.299384593963623
0.0001,15.0,119.9360580444336,2.2988555431365967
0.0001,16.0,119.9351806640625,2.2983264923095703
0.0001,17.0,119.93431091308594,2.297797679901123
0.0001,18.0,119.93346405029297,2.297269582748413
0.0001,19.0,119.93258666992188,2.2967422008514404
0.0001,20.0,119.93171691894531,2.2962145805358887
0.0001,21.0,119.93087005615234,2.2956879138946533
0.0001,22.0,119.93000793457031,2.2951619625091553
0.0001,23.0,119.92914581298828,2.2946362495422363
0.0001,24.0,119.92829132080078,2.294111490249634
0.0001,25.0,119.92744445800781,2.2935872077941895
0.0001,26.0,119.92658233642578,2.293063163757324
0.0001,27.0,119.92573547363281,2.2925400733947754
0.0001,28.0,119.92488861083984,2.292017936706543
0.0001,29.0,119.92403411865234,2.2914955615997314
0.0001,30.0,119.9231948852539,2.290973663330078
0.0001,31.0,119.92235565185547,2.2904529571533203
0.0001,32.0,119.92151641845703,2.2899327278137207
0.0001,33.0,119.92066955566406,2.289412498474121
0.0001,34.0,119.91983032226562,2.288892984390259
0.0001,35.0,119.91899871826172,2.2883739471435547
0.0001,36.0,119.91816711425781,2.287855386734009
0.0001,37.0,119.9173355102539,2.2873375415802
0.0001,38.0,119.91650390625,2.2868199348449707
0.0001,39.0,119.9156723022461,2.2863025665283203
0.0001,40.0,119.91484069824219,2.2857866287231445
0.0001,41.0,119.91403198242188,2.2852702140808105
0.0001,42.0,119.91320037841797,2.284754991531372
0.0001,43.0,119.91238403320312,2.284240245819092
0.0001,44.0,119.91155242919922,2.283726215362549
0.0001,45.0,119.9107437133789,2.2832119464874268
0.0001,46.0,119.90992736816406,2.2826988697052
0.0001,47.0,119.90910339355469,2.2821860313415527
0.0001,48.0,119.90829467773438,2.2816739082336426
0.0001,49.0,119.90748596191406,2.2811625003814697
0.0001,50.0,119.90669250488281,2.280651569366455
0.0001,51.0,119.90587615966797,2.2801413536071777
0.0001,52.0,119.90507507324219,2.2796316146850586
0.0001,53.0,119.90426635742188,2.279122829437256
0.0001,54.0,119.90347290039062,2.2786145210266113
0.0001,55.0,119.90266418457031,2.278106212615967
0.0001,56.0,119.9018783569336,2.2775988578796387
0.0001,57.0,119.90108489990234,2.277092456817627
0.0001,58.0,119.90027618408203,2.2765860557556152
0.0001,59.0,119.89949035644531,2.27608060836792
0.0001,60.0,119.8987045288086,2.2755751609802246
0.0001,61.0,119.89791107177734,2.275071144104004
0.0001,62.0,119.89712524414062,2.2745676040649414
0.0001,63.0,119.8963394165039,2.2740638256073
0.0001,64.0,119.89556121826172,2.2735612392425537
0.0001,65.0,119.894775390625,2.273059606552124
0.0001,66.0,119.89399719238281,2.2725577354431152
0.0001,67.0,119.89322662353516,2.272057056427002
0.0001,68.0,119.89244842529297,2.271556854248047
0.0001,69.0,119.89167022705078,2.271057367324829
0.0001,70.0,119.89090728759766,2.2705581188201904
0.0001,71.0,119.89012145996094,2.270059823989868
0.0001,72.0,119.88935852050781,2.269561767578125
0.0001,73.0,119.88859558105469,2.2690646648406982
0.0001,74.0,119.88783264160156,2.2685680389404297
0.0001,75.0,119.88706970214844,2.2680721282958984
0.0001,76.0,119.88629913330078,2.2675769329071045
0.0001,77.0,119.88553619384766,2.2670819759368896
0.0001,78.0,119.88479614257812,2.266587734222412
0.0001,79.0,119.88402557373047,2.266094446182251
0.0001,80.0,119.8832778930664,2.26560115814209
0.0001,81.0,119.88252258300781,2.265108585357666
0.0001,82.0,119.88177490234375,2.2646167278289795
0.0001,83.0,119.88101959228516,2.264125347137451
0.0001,84.0,119.8802719116211,2.263634443283081
0.0001,85.0,119.87953186035156,2.263144016265869
0.0001,86.0,119.87876892089844,2.2626547813415527
0.0001,87.0,119.87803649902344,2.2621655464172363
0.0001,88.0,119.87728881835938,2.2616772651672363
0.0001,89.0,119.87654876708984,2.2611892223358154
0.0001,90.0,119.87582397460938,2.260702133178711
0.0001,91.0,119.87508392333984,2.2602152824401855
0.0001,92.0,119.87434387207031,2.2597289085388184
0.0001,93.0,119.87361145019531,2.2592427730560303
0.0001,94.0,119.87288665771484,2.258758068084717
0.0001,95.0,119.87214660644531,2.2582736015319824
0.0001,96.0,119.87142181396484,2.2577896118164062
0.0001,97.0,119.87069702148438,2.257305860519409
0.0001,98.0,119.8699722290039,2.2568230628967285
0.0001,99.0,119.8692398071289,2.256340742111206
0.0001,100.0,119.86852264404297,2.255859375
0.0001,101.0,119.8677978515625,2.255378007888794
0.0001,102.0,119.86708068847656,2.2548975944519043
0.0001,103.0,119.86636352539062,2.2544171810150146
0.0001,104.0,119.86565399169922,2.2539379596710205
0.0001,105.0,119.86493682861328,2.2534589767456055
0.0001,106.0,119.86421966552734,2.2529804706573486
0.0001,107.0,119.86351013183594,2.25250244140625
0.0001,108.0,119.86280822753906,2.2520251274108887
0.0001,109.0,119.86209869384766,2.2515487670898438
0.0001,110.0,119.86138916015625,2.251072406768799
0.0001,111.0,119.86068725585938,2.250596523284912
0.0001,112.0,119.85997772216797,2.250121593475342
0.0001,113.0,119.85928344726562,2.249647378921509
0.0001,114.0,119.85857391357422,2.2491729259490967
0.0001,115.0,119.85787200927734,2.24869966506958
0.0001,116.0,119.85718536376953,2.2482266426086426
0.0001,117.0,119.85649108886719,2.2477543354034424
0.0001,118.0,119.85579681396484,2.2472822666168213
0.0001,119.0,119.85511016845703,2.2468113899230957
0.0001,120.0,119.85440826416016,2.246340274810791
0.0001,121.0,119.85372924804688,2.2458701133728027
0.0001,122.0,119.85304260253906,2.2454001903533936
0.0001,123.0,119.85234832763672,2.2449309825897217
0.0001,124.0,119.8516616821289,2.244462490081787
0.0001,125.0,119.8509750366211,2.2439942359924316
0.0001,126.0,119.85030364990234,2.2435266971588135
0.0001,127.0,119.84961700439453,2.2430598735809326
0.0001,128.0,119.84893035888672,2.2425928115844727
0.0001,129.0,119.84825897216797,2.242126941680908
0.0001,130.0,119.84757995605469,2.241661787033081
0.0001,131.0,119.84690856933594,2.241196870803833
0.0001,132.0,119.84623718261719,2.240732192993164
0.0001,133.0,119.84556579589844,2.2402687072753906
0.0001,134.0,119.84489440917969,2.239805221557617
0.0001,135.0,119.84422302246094,2.239342451095581
0.0001,136.0,119.84355926513672,2.238879919052124
0.0001,137.0,119.8428955078125,2.2384183406829834
0.0001,138.0,119.84223175048828,2.2379567623138428
0.0001,139.0,119.84156799316406,2.2374966144561768
0.0001,140.0,119.84090423583984,2.2370359897613525
0.0001,141.0,119.84024047851562,2.236576557159424
0.0001,142.0,119.8395767211914,2.236117124557495
0.0001,143.0,119.83893585205078,2.2356581687927246
0.0001,144.0,119.83827209472656,2.2352004051208496
0.0001,145.0,119.83761596679688,2.2347426414489746
0.0001,146.0,119.83696746826172,2.234285354614258
0.0001,147.0,119.83631896972656,2.2338287830352783
0.0001,148.0,119.8356704711914,2.2333731651306152
0.0001,149.0,119.83501434326172,2.232917308807373
0.0001,150.0,119.83436584472656,2.232461929321289
0.0001,151.0,119.83372497558594,2.2320075035095215
0.0001,152.0,119.83307647705078,2.231553792953491
0.0001,153.0,119.83243560791016,2.231100082397461
0.0001,154.0,119.83180236816406,2.230646848678589
0.0001,155.0,119.83116149902344,2.230194568634033
0.0001,156.0,119.83051300048828,2.2297422885894775
0.0001,157.0,119.82987213134766,2.2292909622192383
0.0001,158.0,119.82923889160156,2.228839874267578
0.0001,159.0,119.82861328125,2.2283895015716553
0.0001,160.0,119.8279800415039,2.2279396057128906
0.0001,161.0,119.82734680175781,2.227489948272705
0.0001,162.0,119.82670593261719,2.227041244506836
0.0001,163.0,119.82608032226562,2.226592540740967
0.0001,164.0,119.82544708251953,2.226144552230835
0.0001,165.0,119.8248291015625,2.2256972789764404
0.0001,166.0,119.8241958618164,2.225250005722046
0.0001,167.0,119.8235855102539,2.224803924560547
0.0001,168.0,119.82295227050781,2.224357843399048
0.0001,169.0,119.82234191894531,2.2239127159118652
0.0001,170.0,119.82171630859375,2.2234675884246826
0.0001,171.0,119.82109832763672,2.223022937774658
0.0001,172.0,119.82047271728516,2.222579002380371
0.0001,173.0,119.81986236572266,2.222135543823242
0.0001,174.0,119.81925201416016,2.2216928005218506
0.0001,175.0,119.81864166259766,2.221250057220459
0.0001,176.0,119.81802368164062,2.220808267593384
0.0001,177.0,119.8174057006836,2.2203664779663086
0.0001,178.0,119.81680297851562,2.219925880432129
0.0001,179.0,119.81619262695312,2.2194855213165283
0.0001,180.0,119.81558227539062,2.219045639038086
0.0001,181.0,119.81497955322266,2.2186062335968018
0.0001,182.0,119.81439208984375,2.2181670665740967
0.0001,183.0,119.81378173828125,2.217728614807129
0.0001,184.0,119.81317901611328,2.2172904014587402
0.0001,185.0,119.81257629394531,2.216853141784668
0.0001,186.0,119.81197357177734,2.2164158821105957
0.0001,187.0,119.8113784790039,2.21597957611084
0.0001,188.0,119.81078338623047,2.215543508529663
0.0001,189.0,119.8101806640625,2.2151079177856445
0.0001,190.0,119.8095932006836,2.2146730422973633
0.0001,191.0,119.80900573730469,2.214238166809082
0.0001,192.0,119.80841827392578,2.213804244995117
0.0001,193.0,119.80781555175781,2.2133708000183105
0.0001,194.0,119.80723571777344,2.212937593460083
0.0001,195.0,119.80664825439453,2.2125048637390137
0.0001,196.0,119.8060531616211,2.2120728492736816
0.0001,197.0,119.80547332763672,2.2116410732269287
0.0001,198.0,119.80489349365234,2.211210012435913
0.0001,199.0,119.80430603027344,2.2107791900634766
0.0001,200.0,119.80372619628906,2.2103493213653564
0.0001,201.0,119.80314636230469,2.2099194526672363
0.0001,202.0,119.80256652832031,2.2094900608062744
0.0001,203.0,119.80198669433594,2.20906138420105
0.0001,204.0,119.8014144897461,2.2086331844329834
0.0001,205.0,119.80083465576172,2.208205461502075
0.0001,206.0,119.80026245117188,2.2077784538269043
0.0001,207.0,119.79969787597656,2.2073512077331543
0.0001,208.0,119.79912567138672,2.2069251537323
0.0001,209.0,119.79855346679688,2.2064993381500244
0.0001,210.0,119.79798126220703,2.206073760986328
0.0001,211.0,119.79740905761719,2.205648899078369
0.0001,212.0,119.7968521118164,2.2052245140075684
0.0001,213.0,119.79627990722656,2.2048003673553467
0.0001,214.0,119.79571533203125,2.2043771743774414
0.0001,215.0,119.79515838623047,2.203953981399536
0.0001,216.0,119.79459381103516,2.2035317420959473
0.0001,217.0,119.79403686523438,2.2031095027923584
0.0001,218.0,119.79347229003906,2.202687978744507
0.0001,219.0,119.79292297363281,2.2022671699523926
0.0001,220.0,119.7923583984375,2.201846122741699
0.0001,221.0,119.79180145263672,2.2014260292053223
0.0001,222.0,119.79125213623047,2.2010064125061035
0.0001,223.0,119.79068756103516,2.200587034225464
0.0001,224.0,119.79014587402344,2.2001683712005615
0.0001,225.0,119.78958892822266,2.1997504234313965
0.0001,226.0,119.78904724121094,2.1993322372436523
0.0001,227.0,119.78849792480469,2.1989150047302246
0.0001,228.0,119.78793334960938,2.198498249053955
0.0001,229.0,119.78739166259766,2.1980819702148438
0.0001,230.0,119.78684997558594,2.1976656913757324
0.0001,231.0,119.78630065917969,2.1972506046295166
0.0001,232.0,119.7857666015625,2.1968352794647217
0.0001,233.0,119.78521728515625,2.1964211463928223
0.0001,234.0,119.78467559814453,2.1960062980651855
0.0001,235.0,119.78414916992188,2.1955931186676025
0.0001,236.0,119.78360748291016,2.1951801776885986
0.0001,237.0,119.78306579589844,2.194767475128174
0.0001,238.0,119.78253173828125,2.194355010986328
0.0001,239.0,119.78199768066406,2.193943500518799
0.0001,240.0,119.7814712524414,2.1935324668884277
0.0001,241.0,119.78092956542969,2.1931214332580566
0.0001,242.0,119.7803955078125,2.192711114883423
0.0001,243.0,119.77986907958984,2.192301034927368
0.0001,244.0,119.77934265136719,2.191891670227051
0.0001,245.0,119.77880096435547,2.1914825439453125
0.0001,246.0,119.77828979492188,2.1910743713378906
0.0001,247.0,119.77774810791016,2.1906659603118896
0.0001,248.0,119.77722930908203,2.190258502960205
0.0001,249.0,119.77670288085938,2.1898515224456787
0.0001,250.0,119.77618408203125,2.1894447803497314
0.0001,251.0,119.77566528320312,2.1890385150909424
0.0001,252.0,119.77513885498047,2.1886324882507324
0.0001,253.0,119.77462005615234,2.1882271766662598
0.0001,254.0,119.77410125732422,2.1878228187561035
0.0001,255.0,119.7735824584961,2.1874184608459473
0.0001,256.0,119.77306365966797,2.187014102935791
0.0001,257.0,119.77255249023438,2.186610698699951
0.0001,258.0,119.77204895019531,2.1862080097198486
0.0001,259.0,119.77153015136719,2.185805082321167
0.0001,260.0,119.7710189819336,2.1854031085968018
0.0001,261.0,119.7705078125,2.1850013732910156
0.0001,262.0,119.76998901367188,2.1845998764038086
0.0001,263.0,119.76947784423828,2.184199094772339
0.0001,264.0,119.76897430419922,2.1837987899780273
0.0001,265.0,119.76847839355469,2.183398962020874
0.0001,266.0,119.7679672241211,2.182999610900879
0.0001,267.0,119.76746368408203,2.182600498199463
0.0001,268.0,119.7669677734375,2.182201862335205
0.0001,269.0,119.7664566040039,2.1818041801452637
0.0001,270.0,119.76595306396484,2.181405782699585
0.0001,271.0,119.76544952392578,2.181008815765381
0.0001,272.0,119.76494598388672,2.180612087249756
0.0001,273.0,119.76445770263672,2.180215835571289
0.0001,274.0,119.76395416259766,2.1798200607299805
0.0001,275.0,119.76346588134766,2.17942476272583
0.0001,276.0,119.76296997070312,2.1790292263031006
0.0001,277.0,119.7624740600586,2.1786351203918457
0.0001,278.0,119.76197814941406,2.178241014480591
0.0001,279.0,119.7614974975586,2.177847385406494
0.0001,280.0,119.76099395751953,2.1774539947509766
0.0001,281.0,119.76051330566406,2.1770615577697754
0.0001,282.0,119.76001739501953,2.176668643951416
0.0001,283.0,119.75953674316406,2.1762771606445312
0.0001,284.0,119.75904083251953,2.1758856773376465
0.0001,285.0,119.7585678100586,2.175494432449341
0.0001,286.0,119.75807189941406,2.1751041412353516
0.0001,287.0,119.7575912475586,2.174713611602783
0.0001,288.0,119.75711059570312,2.1743242740631104
0.0001,289.0,119.75662231445312,2.1739346981048584
0.0001,290.0,119.75614166259766,2.173546314239502
0.0001,291.0,119.75566864013672,2.1731576919555664
0.0001,292.0,119.75519561767578,2.1727700233459473
0.0001,293.0,119.75470733642578,2.172382116317749
0.0001,294.0,119.75423431396484,2.171994686126709
0.0001,295.0,119.7537612915039,2.1716086864471436
0.0001,296.0,119.75328826904297,2.171222448348999
0.0001,297.0,119.7528076171875,2.1708362102508545
0.0001,298.0,119.75233459472656,2.1704509258270264
0.0001,299.0,119.7518539428711,2.1700661182403564
0.0001,300.0,119.75138854980469,2.1696817874908447
0.0001,301.0,119.75092315673828,2.169297695159912
0.0001,302.0,119.75045013427734,2.1689138412475586
0.0001,303.0,119.74998474121094,2.1685309410095215
0.0001,304.0,119.74951171875,2.1681480407714844
0.0001,305.0,119.7490463256836,2.1677656173706055
0.0001,306.0,119.74858093261719,2.1673836708068848
0.0001,307.0,119.74812316894531,2.1670022010803223
0.0001,308.0,119.74766540527344,2.166621446609497
0.0001,309.0,119.74720001220703,2.1662404537200928
0.0001,310.0,119.74674224853516,2.165860652923584
0.0001,311.0,119.74627685546875,2.165480852127075
0.0001,312.0,119.74581146240234,2.1651012897491455
0.0001,313.0,119.74535369873047,2.164722204208374
0.0001,314.0,119.74491119384766,2.164344072341919
0.0001,315.0,119.74444580078125,2.163965940475464
0.0001,316.0,119.74398803710938,2.163588047027588
0.0001,317.0,119.74354553222656,2.1632111072540283
0.0001,318.0,119.74308013916016,2.1628339290618896
0.0001,319.0,119.74262237548828,2.1624579429626465
0.0001,320.0,119.7421875,2.162081718444824
0.0001,321.0,119.7417221069336,2.1617062091827393
0.0001,322.0,119.74127197265625,2.1613311767578125
0.0001,323.0,119.74082946777344,2.160956382751465
0.0001,324.0,119.74037170410156,2.1605823040008545
0.0001,325.0,119.73993682861328,2.160208225250244
0.0001,326.0,119.73948669433594,2.15983510017395
0.0001,327.0,119.73904418945312,2.159461736679077
0.0001,328.0,119.73859405517578,2.1590893268585205
0.0001,329.0,119.73815155029297,2.158717155456543
0.0001,330.0,119.73770141601562,2.1583454608917236
0.0001,331.0,119.73726654052734,2.1579742431640625
0.0001,332.0,119.73683166503906,2.1576035022735596
0.0001,333.0,119.73638916015625,2.1572327613830566
0.0001,334.0,119.73595428466797,2.156862735748291
0.0001,335.0,119.73551177978516,2.1564931869506836
0.0001,336.0,119.73506927490234,2.156123638153076
0.0001,337.0,119.7346420288086,2.155754804611206
0.0001,338.0,119.73420715332031,2.1553866863250732
0.0001,339.0,119.7337646484375,2.1550185680389404
0.0001,340.0,119.73332977294922,2.154651165008545
0.0001,341.0,119.73291015625,2.1542837619781494
0.0001,342.0,119.73247528076172,2.1539173126220703
0.0001,343.0,119.73204040527344,2.153550624847412
0.0001,344.0,119.73160552978516,2.1531848907470703
0.0001,345.0,119.7311782836914,2.1528191566467285
0.0001,346.0,119.73075103759766,2.152454137802124
0.0001,347.0,119.7303237915039,2.1520895957946777
0.0001,348.0,119.72990417480469,2.1517252922058105
0.0001,349.0,119.72947692871094,2.1513612270355225
0.0001,350.0,119.72905731201172,2.1509978771209717
0.0001,351.0,119.72863006591797,2.150634765625
0.0001,352.0,119.72820281982422,2.1502721309661865
0.0001,353.0,119.727783203125,2.1499099731445312
0.0001,354.0,119.72736358642578,2.149548053741455
0.0001,355.0,119.72694396972656,2.149186611175537
0.0001,356.0,119.72652435302734,2.1488256454467773
0.0001,357.0,119.72610473632812,2.1484649181365967
0.0001,358.0,119.7256851196289,2.148104667663574
0.0001,359.0,119.72526550292969,2.14774489402771
0.0001,360.0,119.724853515625,2.147385597229004
0.0001,361.0,119.72443389892578,2.147026538848877
0.0001,362.0,119.72401428222656,2.146667957305908
0.0001,363.0,119.7236099243164,2.1463096141815186
0.0001,364.0,119.72320556640625,2.145951747894287
0.0001,365.0,119.72278594970703,2.145594358444214
0.0001,366.0,119.72237396240234,2.145237445831299
0.0001,367.0,119.72196197509766,2.144881010055542
0.0001,368.0,119.7215576171875,2.1445250511169434
0.0001,369.0,119.72114562988281,2.144169330596924
0.0001,370.0,119.72074127197266,2.1438138484954834
0.0001,371.0,119.72032928466797,2.143458843231201
0.0001,372.0,119.71993255615234,2.143104076385498
0.0001,373.0,119.71952819824219,2.1427502632141113
0.0001,374.0,119.7191162109375,2.1423964500427246
0.0001,375.0,119.71871948242188,2.142043113708496
0.0001,376.0,119.71830749511719,2.1416900157928467
0.0001,377.0,119.71791076660156,2.1413371562957764
0.0001,378.0,119.71751403808594,2.1409852504730225
0.0001,379.0,119.71710968017578,2.1406335830688477
0.0001,380.0,119.71671295166016,2.140282154083252
0.0001,381.0,119.71631622314453,2.1399312019348145
0.0001,382.0,119.71591186523438,2.139580488204956
0.0001,383.0,119.71552276611328,2.139230251312256
0.0001,384.0,119.71511840820312,2.138880729675293
0.0001,385.0,119.71472930908203,2.13853120803833
0.0001,386.0,119.7143325805664,2.1381821632385254
0.0001,387.0,119.71394348144531,2.137833833694458
0.0001,388.0,119.71353912353516,2.1374850273132324
0.0001,389.0,119.7131576538086,2.1371374130249023
0.0001,390.0,119.71276092529297,2.1367897987365723
0.0001,391.0,119.7123794555664,2.1364426612854004
0.0001,392.0,119.71199035644531,2.136096477508545
0.0001,393.0,119.71159362792969,2.1357500553131104
0.0001,394.0,119.71121215820312,2.135404348373413
0.0001,395.0,119.7108154296875,2.135058879852295
0.0001,396.0,119.71043395996094,2.134713649749756
0.0001,397.0,119.71005249023438,2.134368896484375
0.0001,398.0,119.70966339111328,2.1340246200561523
0.0001,399.0,119.70928192138672,2.133680820465088
0.0001,400.0,119.70890045166016,2.1333374977111816
0.0001,401.0,119.70851135253906,2.1329941749572754
0.0001,402.0,119.7081298828125,2.1326515674591064
0.0001,403.0,119.70775604248047,2.1323089599609375
0.0001,404.0,119.70736694335938,2.131967067718506
0.0001,405.0,119.70699310302734,2.1316256523132324
0.0001,406.0,119.70661926269531,2.131284475326538
0.0001,407.0,119.70624542236328,2.130943775177002
0.0001,408.0,119.70585632324219,2.130603313446045
0.0001,409.0,119.70548248291016,2.130262851715088
0.0001,410.0,119.70510864257812,2.1299238204956055
0.0001,411.0,119.7047348022461,2.1295840740203857
0.0001,412.0,119.70436096191406,2.1292455196380615
0.0001,413.0,119.7039794921875,2.1289069652557373
0.0001,414.0,119.70360565185547,2.128568649291992
0.0001,415.0,119.70323944091797,2.1282308101654053
0.0001,416.0,119.70286560058594,2.1278934478759766
0.0001,417.0,119.70249938964844,2.127556562423706
0.0001,418.0,119.70213317871094,2.1272201538085938
0.0001,419.0,119.70176696777344,2.1268839836120605
0.0001,420.0,119.70140075683594,2.1265475749969482
0.0001,421.0,119.7010269165039,2.1262125968933105
0.0001,422.0,119.7006607055664,2.1258773803710938
0.0001,423.0,119.7002944946289,2.125542640686035
0.0001,424.0,119.6999282836914,2.125208616256714
0.0001,425.0,119.69956970214844,2.1248745918273926
0.0001,426.0,119.69920349121094,2.1245410442352295
0.0001,427.0,119.69884490966797,2.1242079734802246
0.0001,428.0,119.69847869873047,2.123875141143799
0.0001,429.0,119.6981201171875,2.123542308807373
0.0001,430.0,119.69776153564453,2.123210906982422
0.0001,431.0,119.69740295410156,2.1228790283203125
0.0001,432.0,119.69703674316406,2.1225476264953613
0.0001,433.0,119.6966781616211,2.1222167015075684
0.0001,434.0,119.69631958007812,2.1218864917755127
0.0001,435.0,119.69596862792969,2.121556043624878
0.0001,436.0,119.69561004638672,2.1212265491485596
0.0001,437.0,119.69525146484375,2.120896816253662
0.0001,438.0,119.69490814208984,2.120567798614502
0.0001,439.0,119.69454956054688,2.120239019393921
0.0001,440.0,119.69419860839844,2.119910955429077
0.0001,441.0,119.69384002685547,2.1195833683013916
0.0001,442.0,119.69348907470703,2.119255542755127
0.0001,443.0,119.6931381225586,2.1189284324645996
0.0001,444.0,119.69278717041016,2.1186017990112305
0.0001,445.0,119.69243621826172,2.1182751655578613
0.0001,446.0,119.69210052490234,2.1179490089416504
0.0001,447.0,119.6917495727539,2.1176235675811768
0.0001,448.0,119.69139862060547,2.1172983646392822
0.0001,449.0,119.69104766845703,2.116973400115967
0.0001,450.0,119.69070434570312,2.1166486740112305
0.0001,451.0,119.69035339355469,2.1163244247436523
0.0001,452.0,119.69001770019531,2.1160011291503906
0.0001,453.0,119.6896743774414,2.1156773567199707
0.0001,454.0,119.6893310546875,2.115354299545288
0.0001,455.0,119.68898010253906,2.1150312423706055
0.0001,456.0,119.68863677978516,2.1147091388702393
0.0001,457.0,119.68830108642578,2.114387035369873
0.0001,458.0,119.68795776367188,2.114065170288086
0.0001,459.0,119.68761444091797,2.1137442588806152
0.0001,460.0,119.68727111816406,2.1134233474731445
0.0001,461.0,119.68695068359375,2.113102912902832
0.0001,462.0,119.68660736083984,2.1127827167510986
0.0001,463.0,119.68626403808594,2.1124629974365234
0.0001,464.0,119.6859359741211,2.1121432781219482
0.0001,465.0,119.68559265136719,2.1118245124816895
0.0001,466.0,119.68525695800781,2.1115057468414307
0.0001,467.0,119.68492889404297,2.11118745803833
0.0001,468.0,119.6845932006836,2.1108696460723877
0.0001,469.0,119.68425750732422,2.110551357269287
0.0001,470.0,119.6839370727539,2.1102347373962402
0.0001,471.0,119.68360137939453,2.1099178791046143
0.0001,472.0,119.68326568603516,2.1096010208129883
0.0001,473.0,119.68293762207031,2.1092848777770996
0.0001,474.0,119.68260192871094,2.108969211578369
0.0001,475.0,119.6822738647461,2.1086537837982178
0.0001,476.0,119.68195343017578,2.1083388328552246
0.0001,477.0,119.68162536621094,2.1080241203308105
0.0001,478.0,119.68128967285156,2.1077094078063965
0.0001,479.0,119.68096923828125,2.107395648956299
0.0001,480.0,119.68063354492188,2.107081890106201
0.0001,481.0,119.6803207397461,2.106768846511841
0.0001,482.0,119.67999267578125,2.1064553260803223
0.0001,483.0,119.6796646118164,2.1061434745788574
0.0001,484.0,119.67935180664062,2.1058311462402344
0.0001,485.0,119.67902374267578,2.1055190563201904
0.0001,486.0,119.67870330810547,2.105207920074463
0.0001,487.0,119.67837524414062,2.104896306991577
0.0001,488.0,119.67807006835938,2.1045854091644287
0.0001,489.0,119.67774200439453,2.1042754650115967
0.0001,490.0,119.67742156982422,2.1039652824401855
0.0001,491.0,119.6771011352539,2.1036553382873535
0.0001,492.0,119.6767807006836,2.103346347808838
0.0001,493.0,119.67646789550781,2.103037118911743
0.0001,494.0,119.6761474609375,2.1027283668518066
0.0001,495.0,119.67584228515625,2.1024203300476074
0.0001,496.0,119.67552185058594,2.102112293243408
0.0001,497.0,119.67520904541016,2.101804733276367
0.0001,498.0,119.67488861083984,2.101497173309326
0.0001,499.0,119.6745834350586,2.1011903285980225
0.0001,500.0,119.67426300048828,2.100883960723877
0.0001,501.0,119.6739501953125,2.1005778312683105
0.0001,502.0,119.67363739013672,2.100271701812744
0.0001,503.0,119.67333221435547,2.099966526031494
0.0001,504.0,119.67301940917969,2.099661350250244
0.0001,505.0,119.67271423339844,2.0993564128875732
0.0001,506.0,119.67240142822266,2.0990519523620605
0.0001,507.0,119.6720962524414,2.098747730255127
0.0001,508.0,119.67179107666016,2.0984439849853516
0.0001,509.0,119.67147827148438,2.0981404781341553
0.0001,510.0,119.67117309570312,2.0978379249572754
0.0001,511.0,119.67086029052734,2.0975351333618164
0.0001,512.0,119.67056274414062,2.0972328186035156
0.0001,513.0,119.67025756835938,2.096930503845215
0.0001,514.0,119.66996002197266,2.0966291427612305
0.0001,515.0,119.66964721679688,2.096327543258667
0.0001,516.0,119.66934204101562,2.096026659011841
0.0001,517.0,119.66905212402344,2.0957260131835938
0.0001,518.0,119.66873931884766,2.095425605773926
0.0001,519.0,119.66844177246094,2.095125913619995
0.0001,520.0,119.66813659667969,2.0948262214660645
0.0001,521.0,119.6678466796875,2.094526767730713
0.0001,522.0,119.66754913330078,2.0942275524139404
0.0001,523.0,119.66724395751953,2.0939292907714844
0.0001,524.0,119.66694641113281,2.0936312675476074
0.0001,525.0,119.66664123535156,2.0933332443237305
0.0001,526.0,119.66635131835938,2.093035936355591
0.0001,527.0,119.66606140136719,2.092738628387451
0.0001,528.0,119.66575622558594,2.0924417972564697
0.0001,529.0,119.66546630859375,2.0921449661254883
0.0001,530.0,119.66516876220703,2.091848850250244
0.0001,531.0,119.66487884521484,2.091552972793579
0.0001,532.0,119.66458892822266,2.0912575721740723
0.0001,533.0,119.6642837524414,2.0909624099731445
0.0001,534.0,119.66400146484375,2.090667486190796
0.0001,535.0,119.66371154785156,2.0903735160827637
0.0001,536.0,119.66341400146484,2.0900790691375732
0.0001,537.0,119.66313171386719,2.089785099029541
0.0001,538.0,119.66284942626953,2.089491844177246
0.0001,539.0,119.66255187988281,2.089198589324951
0.0001,540.0,119.66226196289062,2.0889058113098145
0.0001,541.0,119.6619644165039,2.088613510131836
0.0001,542.0,119.66168212890625,2.0883212089538574
0.0001,543.0,119.6613998413086,2.088029384613037
0.0001,544.0,119.66110229492188,2.087737798690796
0.0001,545.0,119.66082763671875,2.087447166442871
0.0001,546.0,119.6605453491211,2.087156057357788
0.0001,547.0,119.6602554321289,2.0868656635284424
0.0001,548.0,119.65997314453125,2.086575746536255
0.0001,549.0,119.65969848632812,2.0862858295440674
0.0001,550.0,119.6594009399414,2.085996389389038
0.0001,551.0,119.65911865234375,2.085707187652588
0.0001,552.0,119.65884399414062,2.085418462753296
0.0001,553.0,119.65855407714844,2.085129976272583
0.0001,554.0,119.65827941894531,2.0848419666290283
0.0001,555.0,119.65800476074219,2.0845541954040527
0.0001,556.0,119.65773010253906,2.0842666625976562
0.0001,557.0,119.65744018554688,2.083979606628418
0.0001,558.0,119.65716552734375,2.083692789077759
0.0001,559.0,119.65689086914062,2.083406448364258
0.0001,560.0,119.65660858154297,2.0831198692321777
0.0001,561.0,119.65634155273438,2.082834482192993
0.0001,562.0,119.65605926513672,2.0825488567352295
0.0001,563.0,119.65577697753906,2.082263708114624
0.0001,564.0,119.65550994873047,2.0819787979125977
0.0001,565.0,119.65523529052734,2.0816941261291504
0.0001,566.0,119.65495300292969,2.0814104080200195
0.0001,567.0,119.6546859741211,2.0811266899108887
0.0001,568.0,119.6544189453125,2.080842971801758
0.0001,569.0,119.65413665771484,2.080559492111206
0.0001,570.0,119.65386962890625,2.0802769660949707
0.0001,571.0,119.65360260009766,2.0799946784973145
0.0001,572.0,119.65332794189453,2.0797119140625
0.0001,573.0,119.6530532836914,2.079430103302002
0.0001,574.0,119.65278625488281,2.079148769378662
0.0001,575.0,119.65252685546875,2.0788674354553223
0.0001,576.0,119.65225219726562,2.0785865783691406
0.0001,577.0,119.6519775390625,2.078305959701538
0.0001,578.0,119.65171813964844,2.0780258178710938
0.0001,579.0,119.65145111083984,2.0777459144592285
0.0001,580.0,119.65117645263672,2.0774664878845215
0.0001,581.0,119.65091705322266,2.0771870613098145
0.0001,582.0,119.6506576538086,2.0769081115722656
0.0001,583.0,119.65038299560547,2.076629638671875
0.0001,584.0,119.6501235961914,2.0763511657714844
0.0001,585.0,119.64986419677734,2.076073169708252
0.0001,586.0,119.64958953857422,2.0757956504821777
0.0001,587.0,119.64933013916016,2.0755181312561035
0.0001,588.0,119.6490707397461,2.0752410888671875
0.0001,589.0,119.64881896972656,2.0749642848968506
0.0001,590.0,119.64855194091797,2.074687957763672
0.0001,591.0,119.64828491210938,2.0744118690490723
0.0001,592.0,119.64803314208984,2.0741360187530518
0.0001,593.0,119.64776611328125,2.0738606452941895
0.0001,594.0,119.64750671386719,2.0735857486724854
0.0001,595.0,119.64725494384766,2.073310613632202
0.0001,596.0,119.64700317382812,2.0730361938476562
0.0001,597.0,119.64673614501953,2.0727622509002686
0.0001,598.0,119.64647674560547,2.072488307952881
0.0001,599.0,119.64623260498047,2.0722146034240723
0.0001,600.0,119.64596557617188,2.07194185256958
0.0001,601.0,119.64570617675781,2.0716683864593506
0.0001,602.0,119.64546203613281,2.0713958740234375
0.0001,603.0,119.64519500732422,2.0711236000061035
0.0001,604.0,119.64495086669922,2.0708518028259277
0.0001,605.0,119.64469909667969,2.070580244064331
0.0001,606.0,119.64444732666016,2.0703089237213135
0.0001,607.0,119.6441879272461,2.070038080215454
0.0001,608.0,119.64393615722656,2.0697672367095947
0.0001,609.0,119.64369201660156,2.0694968700408936
0.0001,610.0,119.6434326171875,2.0692267417907715
0.0001,611.0,119.6431884765625,2.0689568519592285
0.0001,612.0,119.64293670654297,2.0686874389648438
0.0001,613.0,119.6426773071289,2.068418264389038
0.0001,614.0,119.64244079589844,2.0681498050689697
0.0001,615.0,119.6421890258789,2.0678811073303223
0.0001,616.0,119.64195251464844,2.067612648010254
0.0001,617.0,119.64169311523438,2.067344903945923
0.0001,618.0,119.6414566040039,2.067077398300171
0.0001,619.0,119.64120483398438,2.066809892654419
0.0001,620.0,119.64095306396484,2.0665431022644043
0.0001,621.0,119.64071655273438,2.0662765502929688
0.0001,622.0,119.64046478271484,2.066009998321533
0.0001,623.0,119.64021301269531,2.065743923187256
0.0001,624.0,119.63997650146484,2.065478563308716
0.0001,625.0,119.63973999023438,2.0652127265930176
0.0001,626.0,119.63948822021484,2.064948081970215
0.0001,627.0,119.63924407958984,2.064683198928833
0.0001,628.0,119.6390151977539,2.0644185543060303
0.0001,629.0,119.63876342773438,2.064154624938965
0.0001,630.0,119.63851928710938,2.0638904571533203
0.0001,631.0,119.63829040527344,2.063626766204834
0.0001,632.0,119.6380386352539,2.063363790512085
0.0001,633.0,119.63780975341797,2.063100814819336
0.0001,634.0,119.63756561279297,2.062838077545166
0.0001,635.0,119.63732147216797,2.0625758171081543
0.0001,636.0,119.63709259033203,2.0623135566711426
0.0001,637.0,119.63684844970703,2.062052011489868
0.0001,638.0,119.63660430908203,2.0617904663085938
0.0001,639.0,119.6363754272461,2.0615293979644775
0.0001,640.0,119.63614654541016,2.0612685680389404
0.0001,641.0,119.63590240478516,2.0610079765319824
0.0001,642.0,119.63566589355469,2.0607476234436035
0.0001,643.0,119.63544464111328,2.060487985610962
0.0001,644.0,119.63520050048828,2.060228109359741
0.0001,645.0,119.63496398925781,2.0599687099456787
0.0001,646.0,119.6347427368164,2.0597097873687744
0.0001,647.0,119.6344985961914,2.05945086479187
0.0001,648.0,119.63427734375,2.0591931343078613
0.0001,649.0,119.63404083251953,2.058934450149536
0.0001,650.0,119.63380432128906,2.0586769580841064
0.0001,651.0,119.63357543945312,2.0584189891815186
0.0001,652.0,119.63333892822266,2.058161735534668
0.0001,653.0,119.63311004638672,2.0579051971435547
0.0001,654.0,119.63288879394531,2.0576484203338623
0.0001,655.0,119.63265228271484,2.0573923587799072
0.0001,656.0,119.63243103027344,2.057136058807373
0.0001,657.0,119.6322021484375,2.056880474090576
0.0001,658.0,119.63196563720703,2.0566248893737793
0.0001,659.0,119.63174438476562,2.0563697814941406
0.0001,660.0,119.63151550292969,2.05611515045166
0.0001,661.0,119.63128662109375,2.0558602809906006
0.0001,662.0,119.63106536865234,2.0556063652038574
0.0001,663.0,119.6308364868164,2.0553526878356934
0.0001,664.0,119.630615234375,2.055098533630371
0.0001,665.0,119.63038635253906,2.0548453330993652
0.0001,666.0,119.63016510009766,2.0545918941497803
0.0001,667.0,119.62994384765625,2.054339647293091
0.0001,668.0,119.62971496582031,2.054086923599243
0.0001,669.0,119.6294937133789,2.0538344383239746
0.0001,670.0,119.62926483154297,2.0535831451416016
0.0001,671.0,119.6290512084961,2.0533313751220703
0.0001,672.0,119.62882232666016,2.0530800819396973
0.0001,673.0,119.62860870361328,2.0528290271759033
0.0001,674.0,119.62838745117188,2.0525784492492676
0.0001,675.0,119.62815856933594,2.0523276329040527
0.0001,676.0,119.6279525756836,2.0520777702331543
0.0001,677.0,119.62772369384766,2.051827907562256
0.0001,678.0,119.62750244140625,2.0515780448913574
0.0001,679.0,119.62728118896484,2.0513291358947754
0.0001,680.0,119.62706756591797,2.0510799884796143
0.0001,681.0,119.62684631347656,2.0508313179016113
0.0001,682.0,119.62664031982422,2.0505833625793457
0.0001,683.0,119.62641143798828,2.050334930419922
0.0001,684.0,119.6261978149414,2.0500869750976562
0.0001,685.0,119.6259765625,2.049839496612549
0.0001,686.0,119.62577056884766,2.0495924949645996
0.0001,687.0,119.62555694580078,2.0493454933166504
0.0001,688.0,119.62533569335938,2.0490987300872803
0.0001,689.0,119.62512969970703,2.0488524436950684
0.0001,690.0,119.62490844726562,2.0486063957214355
0.0001,691.0,119.62470245361328,2.048360586166382
0.0001,692.0,119.6244888305664,2.048114776611328
0.0001,693.0,119.62427520751953,2.047869920730591
0.0001,694.0,119.62405395507812,2.0476250648498535
0.0001,695.0,119.62385559082031,2.047379970550537
0.0001,696.0,119.6236343383789,2.047135829925537
0.0001,697.0,119.62342834472656,2.046891689300537
0.0001,698.0,119.62321472167969,2.0466480255126953
0.0001,699.0,119.62299346923828,2.0464046001434326
0.0001,700.0,119.62279510498047,2.046161651611328
0.0001,701.0,119.6225814819336,2.0459184646606445
0.0001,702.0,119.62238311767578,2.04567551612854
0.0001,703.0,119.6221694946289,2.045433282852173
0.0001,704.0,119.62196350097656,2.045191526412964
0.0001,705.0,119.62174987792969,2.044949531555176
0.0001,706.0,119.62155151367188,2.044707775115967
0.0001,707.0,119.621337890625,2.044466495513916
0.0001,708.0,119.62113189697266,2.0442259311676025
0.0001,709.0,119.62092590332031,2.04398512840271
0.0001,710.0,119.62071228027344,2.0437445640563965
0.0001,711.0,119.62051391601562,2.0435047149658203
0.0001,712.0,119.62030792236328,2.043264627456665
0.0001,713.0,119.6201171875,2.043025255203247
0.0001,714.0,119.61990356445312,2.042785882949829
0.0001,715.0,119.61969757080078,2.0425467491149902
0.0001,716.0,119.61949157714844,2.0423080921173096
0.0001,717.0,119.6192855834961,2.042069435119629
0.0001,718.0,119.61909484863281,2.0418314933776855
0.0001,719.0,119.61888885498047,2.0415940284729004
0.0001,720.0,119.61868286132812,2.041355848312378
0.0001,721.0,119.61848449707031,2.041118860244751
0.0001,722.0,119.61827850341797,2.040881633758545
0.0001,723.0,119.61808776855469,2.040645122528076
0.0001,724.0,119.61788940429688,2.040408134460449
0.0001,725.0,119.61768341064453,2.0401721000671387
0.0001,726.0,119.61749267578125,2.0399365425109863
0.0001,727.0,119.6172866821289,2.039700508117676
0.0001,728.0,119.6170883178711,2.0394649505615234
0.0001,729.0,119.61688995361328,2.0392298698425293
0.0001,730.0,119.61669158935547,2.0389955043792725
0.0001,731.0,119.61649322509766,2.0387606620788574
0.0001,732.0,119.61630249023438,2.0385265350341797
0.0001,733.0,119.61610412597656,2.038292407989502
0.0001,734.0,119.61590576171875,2.0380585193634033
0.0001,735.0,119.61571502685547,2.037825345993042
0.0001,736.0,119.61551666259766,2.0375921726226807
0.0001,737.0,119.61531829833984,2.0373589992523193
0.0001,738.0,119.61511993408203,2.0371265411376953
0.0001,739.0,119.61493682861328,2.036893844604492
0.0001,740.0,119.61473846435547,2.0366621017456055
0.0001,741.0,119.61454010009766,2.0364298820495605
0.0001,742.0,119.6143569946289,2.036198377609253
0.0001,743.0,119.61416625976562,2.0359673500061035
0.0001,744.0,119.61396789550781,2.035736560821533
0.0001,745.0,119.61376953125,2.0355052947998047
0.0001,746.0,119.61358642578125,2.0352749824523926
0.0001,747.0,119.61338806152344,2.0350446701049805
0.0001,748.0,119.61319732666016,2.0348150730133057
0.0001,749.0,119.61300659179688,2.0345852375030518
0.0001,750.0,119.61282348632812,2.034355878829956
0.0001,751.0,119.61263275146484,2.0341267585754395
0.0001,752.0,119.61244201660156,2.033897876739502
0.0001,753.0,119.61225128173828,2.0336692333221436
0.0001,754.0,119.61206817626953,2.0334410667419434
0.0001,755.0,119.61187744140625,2.0332131385803223
0.0001,756.0,119.61168670654297,2.032985210418701
0.0001,757.0,119.61149597167969,2.0327579975128174
0.0001,758.0,119.6113052368164,2.0325307846069336
0.0001,759.0,119.61112213134766,2.0323033332824707
0.0001,760.0,119.61094665527344,2.032076597213745
0.0001,761.0,119.61075592041016,2.0318503379821777
0.0001,762.0,119.6105728149414,2.0316243171691895
0.0001,763.0,119.61038208007812,2.031398296356201
0.0001,764.0,119.61019897460938,2.031172513961792
0.0001,765.0,119.6100082397461,2.030947208404541
0.0001,766.0,119.6098403930664,2.030722141265869
0.0001,767.0,119.60965728759766,2.0304973125457764
0.0001,768.0,119.60946655273438,2.0302724838256836
0.0001,769.0,119.60928344726562,2.030048370361328
0.0001,770.0,119.60910034179688,2.0298242568969727
0.0001,771.0,119.60891723632812,2.0296006202697754
0.0001,772.0,119.60873413085938,2.029376983642578
0.0001,773.0,119.60855102539062,2.02915358543396
0.0001,774.0,119.6083755493164,2.028930425643921
0.0001,775.0,119.60819244384766,2.02870774269104
0.0001,776.0,119.6080093383789,2.0284855365753174
0.0001,777.0,119.60783386230469,2.0282630920410156
0.0001,778.0,119.60765075683594,2.028041124343872
0.0001,779.0,119.60746765136719,2.0278193950653076
0.0001,780.0,119.60729217529297,2.0275979042053223
0.0001,781.0,119.60710906982422,2.027376651763916
0.0001,782.0,119.60693359375,2.0271553993225098
0.0001,783.0,119.60675048828125,2.02693510055542
0.0001,784.0,119.60657501220703,2.026715040206909
0.0001,785.0,119.60639953613281,2.0264945030212402
0.0001,786.0,119.6062240600586,2.0262749195098877
0.0001,787.0,119.60604095458984,2.026055097579956
0.0001,788.0,119.60586547851562,2.0258357524871826
0.0001,789.0,119.6056900024414,2.0256166458129883
0.0001,790.0,119.60551452636719,2.025397777557373
0.0001,791.0,119.60533905029297,2.025179147720337
0.0001,792.0,119.60516357421875,2.02496075630188
0.0001,793.0,119.60498809814453,2.024742603302002
0.0001,794.0,119.60482025146484,2.024524688720703
0.0001,795.0,119.60464477539062,2.0243074893951416
0.0001,796.0,119.6044692993164,2.024089813232422
0.0001,797.0,119.60430145263672,2.0238730907440186
0.0001,798.0,119.6041259765625,2.0236563682556152
0.0001,799.0,119.60395812988281,2.023439645767212
0.0001,800.0,119.6037826538086,2.023223400115967
0.0001,801.0,119.6036148071289,2.02300763130188
0.0001,802.0,119.60343933105469,2.022791624069214
0.0001,803.0,119.603271484375,2.022576332092285
0.0001,804.0,119.60310363769531,2.0223605632781982
0.0001,805.0,119.60293579101562,2.0221457481384277
0.0001,806.0,119.60275268554688,2.0219309329986572
0.0001,807.0,119.60258483886719,2.021716356277466
0.0001,808.0,119.6024169921875,2.0215017795562744
0.0001,809.0,119.60224914550781,2.0212883949279785
0.0001,810.0,119.60208129882812,2.0210742950439453
0.0001,811.0,119.60192108154297,2.0208609104156494
0.0001,812.0,119.60175323486328,2.0206475257873535
0.0001,813.0,119.6015853881836,2.020434856414795
0.0001,814.0,119.60140228271484,2.0202219486236572
0.0001,815.0,119.60124206542969,2.0200092792510986
0.0001,816.0,119.60107421875,2.0197970867156982
0.0001,817.0,119.60090637207031,2.019585132598877
0.0001,818.0,119.60074615478516,2.019373655319214
0.0001,819.0,119.60057067871094,2.0191617012023926
0.0001,820.0,119.60040283203125,2.018950939178467
0.0001,821.0,119.6002426147461,2.0187394618988037
0.0001,822.0,119.60008239746094,2.018528699874878
0.0001,823.0,119.59991455078125,2.0183184146881104
0.0001,824.0,119.59974670410156,2.018108367919922
0.0001,825.0,119.5995864868164,2.0178980827331543
0.0001,826.0,119.59942626953125,2.017688274383545
0.0001,827.0,119.5992660522461,2.0174789428710938
0.0001,828.0,119.59909057617188,2.0172696113586426
0.0001,829.0,119.59893035888672,2.0170607566833496
0.0001,830.0,119.59877014160156,2.0168519020080566
0.0001,831.0,119.5986099243164,2.0166430473327637
0.0001,832.0,119.59844970703125,2.016435146331787
0.0001,833.0,119.5982894897461,2.0162272453308105
0.0001,834.0,119.59812927246094,2.016019105911255
0.0001,835.0,119.59797668457031,2.0158114433288574
0.0001,836.0,119.5978012084961,2.015604257583618
0.0001,837.0,119.59764862060547,2.015397071838379
0.0001,838.0,119.59748840332031,2.015190362930298
0.0001,839.0,119.59732055664062,2.014983892440796
0.0001,840.0,119.59716796875,2.014777421951294
0.0001,841.0,119.59700775146484,2.0145716667175293
0.0001,842.0,119.59684753417969,2.0143656730651855
0.0001,843.0,119.59669494628906,2.01416015625
0.0001,844.0,119.59654235839844,2.0139546394348145
0.0001,845.0,119.59637451171875,2.013749599456787
0.0001,846.0,119.59622192382812,2.013544797897339
0.0001,847.0,119.59606170654297,2.0133402347564697
0.0001,848.0,119.59590911865234,2.0131359100341797
0.0001,849.0,119.59575653076172,2.0129315853118896
0.0001,850.0,119.59558868408203,2.012727737426758
0.0001,851.0,119.5954360961914,2.012524127960205
0.0001,852.0,119.59527587890625,2.0123209953308105
0.0001,853.0,119.59512329101562,2.012117862701416
0.0001,854.0,119.59496307373047,2.0119144916534424
0.0001,855.0,119.59481811523438,2.011711597442627
0.0001,856.0,119.59466552734375,2.011509418487549
0.0001,857.0,119.5945053100586,2.0113072395324707
0.0001,858.0,119.5943603515625,2.0111052989959717
0.0001,859.0,119.59420013427734,2.0109035968780518
0.0001,860.0,119.59405517578125,2.010701894760132
0.0001,861.0,119.5938949584961,2.01050066947937
0.0001,862.0,119.59375,2.0102999210357666
0.0001,863.0,119.59358215332031,2.010099172592163
0.0001,864.0,119.59343719482422,2.0098986625671387
0.0001,865.0,119.5932846069336,2.0096983909606934
0.0001,866.0,119.5931396484375,2.009498119354248
0.0001,867.0,119.59297943115234,2.009298324584961
0.0001,868.0,119.59283447265625,2.009098529815674
0.0001,869.0,119.59268951416016,2.008899211883545
0.0001,870.0,119.592529296875,2.008700132369995
0.0001,871.0,119.5923843383789,2.0085015296936035
0.0001,872.0,119.59222412109375,2.0083024501800537
0.0001,873.0,119.59208679199219,2.0081043243408203
0.0001,874.0,119.59193420410156,2.007906436920166
0.0001,875.0,119.591796875,2.0077083110809326
0.0001,876.0,119.59163665771484,2.0075104236602783
0.0001,877.0,119.59149169921875,2.0073132514953613
0.0001,878.0,119.59134674072266,2.0071158409118652
0.0001,879.0,119.59119415283203,2.0069189071655273
0.0001,880.0,119.5910415649414,2.0067222118377686
0.0001,881.0,119.59089660644531,2.0065255165100098
0.0001,882.0,119.59075164794922,2.00632905960083
0.0001,883.0,119.59061431884766,2.0061328411102295
0.0001,884.0,119.59046173095703,2.005937099456787
0.0001,885.0,119.59031677246094,2.005741596221924
0.0001,886.0,119.59017944335938,2.0055463314056396
0.0001,887.0,119.59002685546875,2.0053508281707764
0.0001,888.0,119.58987426757812,2.0051565170288086
0.0001,889.0,119.58972930908203,2.0049614906311035
0.0001,890.0,119.589599609375,2.0047669410705566
0.0001,891.0,119.58944702148438,2.004572629928589
0.0001,892.0,119.58930206298828,2.0043787956237793
0.0001,893.0,119.58917236328125,2.0041849613189697
0.0001,894.0,119.58901977539062,2.0039913654327393
0.0001,895.0,119.5888671875,2.003798484802246
0.0001,896.0,119.58872985839844,2.003605365753174
0.0001,897.0,119.58859252929688,2.0034124851226807
0.0001,898.0,119.58844757080078,2.0032196044921875
0.0001,899.0,119.58831024169922,2.0030274391174316
0.0001,900.0,119.58816528320312,2.0028350353240967
0.0001,901.0,119.5880126953125,2.00264310836792
0.0001,902.0,119.58788299560547,2.002451181411743
0.0001,903.0,119.5877456665039,2.0022599697113037
0.0001,904.0,119.58760070800781,2.0020687580108643
0.0001,905.0,119.58746337890625,2.001877784729004
0.0001,906.0,119.58731842041016,2.0016868114471436
0.0001,907.0,119.58717346191406,2.0014960765838623
0.0001,908.0,119.58704376220703,2.0013060569763184
0.0001,909.0,119.58690643310547,2.0011160373687744
0.0001,910.0,119.58676147460938,2.0009260177612305
0.0001,911.0,119.58662414550781,2.0007362365722656
0.0001,912.0,119.58648681640625,2.000546932220459
0.0001,913.0,119.58634185791016,2.0003576278686523
0.0001,914.0,119.5862045288086,2.000169038772583
0.0001,915.0,119.58606719970703,1.9999799728393555
0.0001,916.0,119.5859375,1.9997913837432861
0.0001,917.0,119.58580780029297,1.999603033065796
0.0001,918.0,119.58566284179688,1.9994151592254639
0.0001,919.0,119.58552551269531,1.9992269277572632
0.0001,920.0,119.58539581298828,1.999039649963379
0.0001,921.0,119.58525085449219,1.998852014541626
0.0001,922.0,119.58512115478516,1.9986648559570312
0.0001,923.0,119.5849838256836,1.9984779357910156
0.0001,924.0,119.58484649658203,1.998291015625
0.0001,925.0,119.584716796875,1.9981048107147217
0.0001,926.0,119.58457946777344,1.9979181289672852
0.0001,927.0,119.5844497680664,1.997732400894165
0.0001,928.0,119.58431243896484,1.9975459575653076
0.0001,929.0,119.58417510986328,1.9973608255386353
0.0001,930.0,119.58404541015625,1.9971754550933838
0.0001,931.0,119.58390808105469,1.9969899654388428
0.0001,932.0,119.58378601074219,1.9968054294586182
0.0001,933.0,119.58364868164062,1.996620535850525
0.0001,934.0,119.58351135253906,1.9964358806610107
0.0001,935.0,119.58338928222656,1.9962513446807861
0.0001,936.0,119.58324432373047,1.9960674047470093
0.0001,937.0,119.58311462402344,1.9958833456039429
0.0001,938.0,119.58297729492188,1.9956998825073242
0.0001,939.0,119.58285522460938,1.9955161809921265
0.0001,940.0,119.58271789550781,1.9953330755233765
0.0001,941.0,119.58259582519531,1.9951503276824951
0.0001,942.0,119.58246612548828,1.9949672222137451
0.0001,943.0,119.58232879638672,1.9947847127914429
0.0001,944.0,119.58219146728516,1.9946022033691406
0.0001,945.0,119.58206939697266,1.994420051574707
0.0001,946.0,119.58193969726562,1.9942381381988525
0.0001,947.0,119.5818099975586,1.9940564632415771
0.0001,948.0,119.5816879272461,1.9938751459121704
0.0001,949.0,119.58155822753906,1.9936937093734741
0.0001,950.0,119.5814208984375,1.993512511253357
0.0001,951.0,119.58129119873047,1.9933319091796875
0.0001,952.0,119.58116912841797,1.993151068687439
0.0001,953.0,119.58103942871094,1.9929708242416382
0.0001,954.0,119.58092498779297,1.9927905797958374
0.0001,955.0,119.58078002929688,1.9926105737686157
0.0001,956.0,119.58065795898438,1.9924306869506836
0.0001,957.0,119.58053588867188,1.9922511577606201
0.0001,958.0,119.58039855957031,1.9920718669891357
0.0001,959.0,119.58027648925781,1.9918928146362305
0.0001,960.0,119.58015441894531,1.9917138814926147
0.0001,961.0,119.58003234863281,1.9915351867675781
0.0001,962.0,119.57990264892578,1.991356611251831
0.0001,963.0,119.57977294921875,1.9911787509918213
0.0001,964.0,119.57965850830078,1.9910004138946533
0.0001,965.0,119.57952880859375,1.990822434425354
0.0001,966.0,119.57940673828125,1.9906448125839233
0.0001,967.0,119.57927703857422,1.9904670715332031
0.0001,968.0,119.57914733886719,1.9902902841567993
0.0001,969.0,119.57903289794922,1.9901130199432373
0.0001,970.0,119.57891082763672,1.9899364709854126
0.0001,971.0,119.57878112792969,1.9897598028182983
0.0001,972.0,119.57865905761719,1.9895833730697632
0.0001,973.0,119.57853698730469,1.9894071817398071
0.0001,974.0,119.57841491699219,1.9892313480377197
0.0001,975.0,119.57830047607422,1.9890556335449219
0.0001,976.0,119.57817077636719,1.9888801574707031
0.0001,977.0,119.57805633544922,1.9887044429779053
0.0001,978.0,119.57792663574219,1.9885294437408447
0.0001,979.0,119.57780456542969,1.9883546829223633
0.0001,980.0,119.57768249511719,1.9881798028945923
0.0001,981.0,119.57756042480469,1.9880053997039795
0.0001,982.0,119.57745361328125,1.9878308773040771
0.0001,983.0,119.57732391357422,1.9876571893692017
0.0001,984.0,119.57720947265625,1.987483263015747
0.0001,985.0,119.57708740234375,1.9873096942901611
0.0001,986.0,119.57696533203125,1.9871361255645752
0.0001,987.0,119.57684326171875,1.986962914466858
0.0001,988.0,119.57672119140625,1.9867900609970093
0.0001,989.0,119.57660675048828,1.986617088317871
0.0001,990.0,119.57648468017578,1.9864442348480225
0.0001,991.0,119.57637023925781,1.986271858215332
0.0001,992.0,119.57624816894531,1.9860998392105103
0.0001,993.0,119.57614135742188,1.9859275817871094
0.0001,994.0,119.57601165771484,1.9857556819915771
0.0001,995.0,119.5759048461914,1.985584020614624
0.0001,996.0,119.5757827758789,1.985412836074829
0.0001,997.0,119.57565307617188,1.9852418899536133
0.0001,998.0,119.57554626464844,1.9850705862045288
0.0001,999.0,119.57543182373047,1.984899878501892
0.0001,1000.0,119.57530212402344,1.9847294092178345
0.0001,1001.0,119.5751953125,1.9845588207244873
0.0001,1002.0,119.57508087158203,1.9843889474868774
0.0001,1003.0,119.57496643066406,1.9842188358306885
0.0001,1004.0,119.5748519897461,1.984048843383789
0.0001,1005.0,119.5747299194336,1.9838796854019165
0.0001,1006.0,119.5746078491211,1.9837099313735962
0.0001,1007.0,119.57450866699219,1.9835408926010132
0.0001,1008.0,119.57438659667969,1.9833719730377197
0.0001,1009.0,119.57426452636719,1.9832032918930054
0.0001,1010.0,119.57416534423828,1.9830347299575806
0.0001,1011.0,119.57405090332031,1.9828659296035767
0.0001,1012.0,119.57392120361328,1.9826977252960205
0.0001,1013.0,119.57380676269531,1.9825302362442017
0.0001,1014.0,119.5737075805664,1.9823623895645142
0.0001,1015.0,119.5735855102539,1.9821949005126953
0.0001,1016.0,119.57347106933594,1.982027292251587
0.0001,1017.0,119.57335662841797,1.9818603992462158
0.0001,1018.0,119.57324981689453,1.9816935062408447
0.0001,1019.0,119.5731430053711,1.9815266132354736
0.0001,1020.0,119.57302856445312,1.981359839439392
0.0001,1021.0,119.57291412353516,1.9811939001083374
0.0001,1022.0,119.57279968261719,1.981027603149414
0.0001,1023.0,119.57268524169922,1.9808614253997803
0.0001,1024.0,119.57258605957031,1.9806959629058838
0.0001,1025.0,119.57247161865234,1.9805303812026978
0.0001,1026.0,119.57235717773438,1.9803647994995117
0.0001,1027.0,119.5722427368164,1.9801995754241943
0.0001,1028.0,119.57213592529297,1.9800348281860352
0.0001,1029.0,119.572021484375,1.979870080947876
0.0001,1030.0,119.57191467285156,1.9797052145004272
0.0001,1031.0,119.5718002319336,1.9795410633087158
0.0001,1032.0,119.57170104980469,1.9793765544891357
0.0001,1033.0,119.57159423828125,1.979212760925293
0.0001,1034.0,119.57147979736328,1.9790489673614502
0.0001,1035.0,119.57137298583984,1.9788854122161865
0.0001,1036.0,119.5712661743164,1.9787222146987915
0.0001,1037.0,119.57115936279297,1.9785587787628174
0.0001,1038.0,119.57105255126953,1.9783958196640015
0.0001,1039.0,119.57093811035156,1.9782330989837646
0.0001,1040.0,119.57083129882812,1.9780704975128174
0.0001,1041.0,119.57072448730469,1.9779077768325806
0.0001,1042.0,119.57061767578125,1.9777456521987915
0.0001,1043.0,119.57051086425781,1.977583646774292
0.0001,1044.0,119.57039642333984,1.977421760559082
0.0001,1045.0,119.5702896118164,1.9772602319717407
0.0001,1046.0,119.5701904296875,1.977098822593689
0.0001,1047.0,119.57008361816406,1.9769375324249268
0.0001,1048.0,119.56997680664062,1.9767764806747437
0.0001,1049.0,119.56986999511719,1.97661554813385
0.0001,1050.0,119.56976318359375,1.976454496383667
0.0001,1051.0,119.56964874267578,1.9762942790985107
0.0001,1052.0,119.56954193115234,1.9761340618133545
0.0001,1053.0,119.56944274902344,1.9759740829467773
0.0001,1054.0,119.56934356689453,1.9758141040802002
0.0001,1055.0,119.5692367553711,1.9756543636322021
0.0001,1056.0,119.56912994384766,1.9754949808120728
0.0001,1057.0,119.56903076171875,1.9753354787826538
0.0001,1058.0,119.56892395019531,1.975176453590393
0.0001,1059.0,119.56880950927734,1.9750173091888428
0.0001,1060.0,119.56871032714844,1.9748586416244507
0.0001,1061.0,119.56861114501953,1.9746997356414795
0.0001,1062.0,119.56851196289062,1.9745416641235352
0.0001,1063.0,119.56840515136719,1.9743835926055908
0.0001,1064.0,119.56829833984375,1.9742252826690674
0.0001,1065.0,119.56819152832031,1.9740676879882812
0.0001,1066.0,119.5680923461914,1.973909616470337
0.0001,1067.0,119.5679931640625,1.9737523794174194
0.0001,1068.0,119.56790161132812,1.973595380783081
0.0001,1069.0,119.56778717041016,1.973438024520874
0.0001,1070.0,119.56768798828125,1.9732812643051147
0.0001,1071.0,119.56758880615234,1.9731245040893555
0.0001,1072.0,119.5674819946289,1.9729678630828857
0.0001,1073.0,119.5673828125,1.9728116989135742
0.0001,1074.0,119.5672836303711,1.9726556539535522
0.0001,1075.0,119.56718444824219,1.9724996089935303
0.0001,1076.0,119.56707763671875,1.9723438024520874
0.0001,1077.0,119.56697845458984,1.9721885919570923
0.0001,1078.0,119.56688690185547,1.972033143043518
0.0001,1079.0,119.5667724609375,1.9718776941299438
0.0001,1080.0,119.56668090820312,1.971722960472107
0.0001,1081.0,119.56658935546875,1.9715681076049805
0.0001,1082.0,119.56647491455078,1.9714133739471436
0.0001,1083.0,119.5663833618164,1.9712591171264648
0.0001,1084.0,119.56627655029297,1.971104621887207
0.0001,1085.0,119.5661849975586,1.970950722694397
0.0001,1086.0,119.56609344482422,1.9707965850830078
0.0001,1087.0,119.56598663330078,1.9706430435180664
0.0001,1088.0,119.5658950805664,1.970489263534546
0.0001,1089.0,119.56578826904297,1.9703357219696045
0.0001,1090.0,119.5656967163086,1.9701827764511108
0.0001,1091.0,119.56558990478516,1.970029592514038
0.0001,1092.0,119.56549835205078,1.969877004623413
0.0001,1093.0,119.56539154052734,1.969724416732788
0.0001,1094.0,119.5653076171875,1.9695720672607422
0.0001,1095.0,119.56520080566406,1.9694198369979858
0.0001,1096.0,119.56510925292969,1.9692676067352295
0.0001,1097.0,119.56500244140625,1.9691158533096313
0.0001,1098.0,119.5649185180664,1.9689639806747437
0.0001,1099.0,119.56481170654297,1.9688125848770142
0.0001,1100.0,119.56472778320312,1.9686610698699951
0.0001,1101.0,119.56462097167969,1.9685100317001343
0.0001,1102.0,119.56453704833984,1.9683589935302734
0.0001,1103.0,119.5644302368164,1.9682083129882812
0.0001,1104.0,119.56434631347656,1.968057632446289
0.0001,1105.0,119.56424713134766,1.967907190322876
0.0001,1106.0,119.56414031982422,1.967756986618042
0.0001,1107.0,119.56405639648438,1.9676069021224976
0.0001,1108.0,119.56395721435547,1.9674570560455322
0.0001,1109.0,119.56387329101562,1.9673073291778564
0.0001,1110.0,119.56377410888672,1.9671577215194702
0.0001,1111.0,119.56367492675781,1.9670085906982422
0.0001,1112.0,119.56358337402344,1.966859221458435
0.0001,1113.0,119.56348419189453,1.966709852218628
0.0001,1114.0,119.56338500976562,1.9665613174438477
0.0001,1115.0,119.56330108642578,1.966412901878357
0.0001,1116.0,119.5632095336914,1.9662643671035767
0.0001,1117.0,119.56311798095703,1.966116189956665
0.0001,1118.0,119.56302642822266,1.9659678936004639
0.0001,1119.0,119.56293487548828,1.965820074081421
0.0001,1120.0,119.56283569335938,1.965672254562378
0.0001,1121.0,119.562744140625,1.965524435043335
0.0001,1122.0,119.56266021728516,1.9653772115707397
0.0001,1123.0,119.56256103515625,1.9652302265167236
0.0001,1124.0,119.56246948242188,1.9650828838348389
0.0001,1125.0,119.56237030029297,1.9649360179901123
0.0001,1126.0,119.56228637695312,1.964789628982544
0.0001,1127.0,119.56219482421875,1.9646427631378174
0.0001,1128.0,119.56210327148438,1.9644966125488281
0.0001,1129.0,119.56201171875,1.9643504619598389
0.0001,1130.0,119.56192016601562,1.9642044305801392
0.0001,1131.0,119.56183624267578,1.9640586376190186
0.0001,1132.0,119.5617446899414,1.9639132022857666
0.0001,1133.0,119.56165313720703,1.963767647743225
0.0001,1134.0,119.56155395507812,1.9636223316192627
0.0001,1135.0,119.56147003173828,1.963477373123169
0.0001,1136.0,119.5613784790039,1.963332176208496
0.0001,1137.0,119.56128692626953,1.9631874561309814
0.0001,1138.0,119.56121063232422,1.9630426168441772
0.0001,1139.0,119.56111907958984,1.9628982543945312
0.0001,1140.0,119.56102752685547,1.962754249572754
0.0001,1141.0,119.5609359741211,1.9626102447509766
0.0001,1142.0,119.56085205078125,1.9624662399291992
0.0001,1143.0,119.56076049804688,1.962322473526001
0.0001,1144.0,119.5606689453125,1.9621784687042236
0.0001,1145.0,119.56057739257812,1.9620355367660522
0.0001,1146.0,119.56049346923828,1.9618921279907227
0.0001,1147.0,119.56040954589844,1.9617493152618408
0.0001,1148.0,119.56031799316406,1.9616063833236694
0.0001,1149.0,119.56022644042969,1.9614639282226562
0.0001,1150.0,119.56014251708984,1.9613215923309326
0.0001,1151.0,119.56005096435547,1.9611785411834717
0.0001,1152.0,119.55997467041016,1.9610364437103271
0.0001,1153.0,119.55988311767578,1.9608945846557617
0.0001,1154.0,119.55979919433594,1.9607527256011963
0.0001,1155.0,119.55970764160156,1.960611343383789
0.0001,1156.0,119.55962371826172,1.9604696035385132
0.0001,1157.0,119.55953979492188,1.960328459739685
0.0001,1158.0,119.55945587158203,1.9601871967315674
0.0001,1159.0,119.55937194824219,1.9600461721420288
0.0001,1160.0,119.55928039550781,1.9599050283432007
0.0001,1161.0,119.55919647216797,1.959764838218689
0.0001,1162.0,119.5591049194336,1.9596242904663086
0.0001,1163.0,119.55902099609375,1.9594838619232178
0.0001,1164.0,119.5589370727539,1.959343671798706
0.0001,1165.0,119.5588607788086,1.9592037200927734
0.0001,1166.0,119.55877685546875,1.9590638875961304
0.0001,1167.0,119.55868530273438,1.9589242935180664
0.0001,1168.0,119.55860900878906,1.958784818649292
0.0001,1169.0,119.55851745605469,1.9586455821990967
0.0001,1170.0,119.55843353271484,1.9585063457489014
0.0001,1171.0,119.558349609375,1.9583675861358643
0.0001,1172.0,119.55826568603516,1.9582288265228271
0.0001,1173.0,119.55818939208984,1.95809006690979
0.0001,1174.0,119.55809020996094,1.9579517841339111
0.0001,1175.0,119.55801391601562,1.9578132629394531
0.0001,1176.0,119.55793762207031,1.9576753377914429
0.0001,1177.0,119.55785369873047,1.957537293434143
0.0001,1178.0,119.5577621459961,1.957399606704712
0.0001,1179.0,119.55768585205078,1.9572618007659912
0.0001,1180.0,119.55760955810547,1.9571239948272705
0.0001,1181.0,119.55752563476562,1.9569871425628662
0.0001,1182.0,119.55744171142578,1.9568498134613037
0.0001,1183.0,119.55735778808594,1.9567127227783203
0.0001,1184.0,119.55728149414062,1.9565757513046265
0.0001,1185.0,119.55718994140625,1.9564392566680908
0.0001,1186.0,119.55711364746094,1.9563030004501343
0.0001,1187.0,119.55703735351562,1.9561665058135986
0.0001,1188.0,119.55694580078125,1.9560306072235107
0.0001,1189.0,119.55686950683594,1.9558942317962646
0.0001,1190.0,119.55679321289062,1.9557583332061768
0.0001,1191.0,119.55670928955078,1.955622673034668
0.0001,1192.0,119.55663299560547,1.9554872512817383
0.0001,1193.0,119.5565414428711,1.9553520679473877
0.0001,1194.0,119.55646514892578,1.9552167654037476
0.0001,1195.0,119.55638885498047,1.9550817012786865
0.0001,1196.0,119.5562973022461,1.9549468755722046
0.0001,1197.0,119.55623626708984,1.9548124074935913
0.0001,1198.0,119.55614471435547,1.9546775817871094
0.0001,1199.0,119.55606842041016,1.9545433521270752
0.0001,1200.0,119.55598449707031,1.9544092416763306
0.0001,1201.0,119.555908203125,1.954275131225586
0.0001,1202.0,119.55582427978516,1.9541410207748413
0.0001,1203.0,119.55575561523438,1.9540075063705444
0.0001,1204.0,119.55567169189453,1.9538742303848267
0.0001,1205.0,119.55559539794922,1.9537407159805298
0.0001,1206.0,119.55551147460938,1.953607201576233
0.0001,1207.0,119.5554428100586,1.9534740447998047
0.0001,1208.0,119.55535125732422,1.9533411264419556
0.0001,1209.0,119.55528259277344,1.953208327293396
0.0001,1210.0,119.5551986694336,1.9530757665634155
0.0001,1211.0,119.55513000488281,1.952943205833435
0.0001,1212.0,119.55504608154297,1.9528112411499023
0.0001,1213.0,119.55496215820312,1.9526790380477905
0.0001,1214.0,119.55490112304688,1.952547311782837
0.0001,1215.0,119.5548095703125,1.9524152278900146
0.0001,1216.0,119.55474090576172,1.9522836208343506
0.0001,1217.0,119.5546646118164,1.9521522521972656
0.0001,1218.0,119.55458068847656,1.9520208835601807
0.0001,1219.0,119.55451202392578,1.9518896341323853
0.0001,1220.0,119.55442810058594,1.951758623123169
0.0001,1221.0,119.55435180664062,1.9516277313232422
0.0001,1222.0,119.55428314208984,1.9514970779418945
0.0001,1223.0,119.55420684814453,1.951366662979126
0.0001,1224.0,119.55412292480469,1.9512361288070679
0.0001,1225.0,119.55406188964844,1.9511058330535889
0.0001,1226.0,119.5539779663086,1.950975775718689
0.0001,1227.0,119.55390167236328,1.9508459568023682
0.0001,1228.0,119.5538330078125,1.9507160186767578
0.0001,1229.0,119.55375671386719,1.9505865573883057
0.0001,1230.0,119.55367279052734,1.950457215309143
0.0001,1231.0,119.55360412597656,1.9503278732299805
0.0001,1232.0,119.55353546142578,1.950198769569397
0.0001,1233.0,119.55345916748047,1.950069785118103
0.0001,1234.0,119.55337524414062,1.9499409198760986
0.0001,1235.0,119.55330657958984,1.9498121738433838
0.0001,1236.0,119.55322265625,1.9496835470199585
0.0001,1237.0,119.55316162109375,1.9495551586151123
0.0001,1238.0,119.55308532714844,1.9494272470474243
0.0001,1239.0,119.55300903320312,1.9492992162704468
0.0001,1240.0,119.55293273925781,1.9491713047027588
0.0001,1241.0,119.5528564453125,1.9490435123443604
0.0001,1242.0,119.55278778076172,1.948915719985962
0.0001,1243.0,119.55272674560547,1.9487882852554321
0.0001,1244.0,119.55264282226562,1.9486610889434814
0.0001,1245.0,119.55257415771484,1.9485340118408203
0.0001,1246.0,119.55250549316406,1.9484068155288696
0.0001,1247.0,119.55242156982422,1.9482803344726562
0.0001,1248.0,119.55235290527344,1.9481534957885742
0.0001,1249.0,119.55227661132812,1.9480266571044922
0.0001,1250.0,119.55220794677734,1.9479005336761475
0.0001,1251.0,119.55213928222656,1.9477745294570923
0.0001,1252.0,119.55206298828125,1.947648286819458
0.0001,1253.0,119.55199432373047,1.947522521018982
0.0001,1254.0,119.55191040039062,1.9473966360092163
0.0001,1255.0,119.55184936523438,1.9472713470458984
0.0001,1256.0,119.5517807006836,1.9471454620361328
0.0001,1257.0,119.55170440673828,1.9470202922821045
0.0001,1258.0,119.5516357421875,1.9468950033187866
0.0001,1259.0,119.55155944824219,1.9467699527740479
0.0001,1260.0,119.5514907836914,1.9466453790664673
0.0001,1261.0,119.55142211914062,1.946520447731018
0.0001,1262.0,119.55134582519531,1.9463961124420166
0.0001,1263.0,119.55128479003906,1.946271538734436
0.0001,1264.0,119.55120849609375,1.9461475610733032
0.0001,1265.0,119.55113983154297,1.9460232257843018
0.0001,1266.0,119.55107879638672,1.9458993673324585
0.0001,1267.0,119.5510025024414,1.9457756280899048
0.0001,1268.0,119.55093383789062,1.9456520080566406
0.0001,1269.0,119.55086517333984,1.945528268814087
0.0001,1270.0,119.55079650878906,1.9454050064086914
0.0001,1271.0,119.55073547363281,1.945281982421875
0.0001,1272.0,119.5506591796875,1.9451587200164795
0.0001,1273.0,119.55058288574219,1.945035696029663
0.0001,1274.0,119.55052185058594,1.9449131488800049
0.0001,1275.0,119.55044555664062,1.944790244102478
0.0001,1276.0,119.55038452148438,1.9446678161621094
0.0001,1277.0,119.55032348632812,1.9445455074310303
0.0001,1278.0,119.55023956298828,1.9444233179092407
0.0001,1279.0,119.5501708984375,1.9443013668060303
0.0001,1280.0,119.55010986328125,1.9441795349121094
0.0001,1281.0,119.55004119873047,1.944057822227478
0.0001,1282.0,119.54998016357422,1.9439361095428467
0.0001,1283.0,119.5499038696289,1.9438148736953735
0.0001,1284.0,119.54984283447266,1.9436935186386108
0.0001,1285.0,119.54977416992188,1.9435724020004272
0.0001,1286.0,119.54971313476562,1.943451166152954
0.0001,1287.0,119.54963684082031,1.9433304071426392
0.0001,1288.0,119.54956817626953,1.9432096481323242
0.0001,1289.0,119.54950714111328,1.943089246749878
0.0001,1290.0,119.54944610595703,1.942968726158142
0.0001,1291.0,119.54936981201172,1.9428482055664062
0.0001,1292.0,119.54930114746094,1.9427284002304077
0.0001,1293.0,119.54924011230469,1.9426084756851196
0.0001,1294.0,119.5491714477539,1.942488670349121
0.0001,1295.0,119.54910278320312,1.942368745803833
0.0001,1296.0,119.54904174804688,1.9422492980957031
0.0001,1297.0,119.5489730834961,1.9421300888061523
0.0001,1298.0,119.54891204833984,1.942010521888733
0.0001,1299.0,119.54883575439453,1.9418914318084717
0.0001,1300.0,119.54877471923828,1.941772699356079
0.0001,1301.0,119.54871368408203,1.9416536092758179
0.0001,1302.0,119.54864501953125,1.941535234451294
0.0001,1303.0,119.54857635498047,1.9414167404174805
0.0001,1304.0,119.54850769042969,1.9412978887557983
0.0001,1305.0,119.54844665527344,1.941179871559143
0.0001,1306.0,119.54839324951172,1.9410617351531982
0.0001,1307.0,119.54832458496094,1.9409434795379639
0.0001,1308.0,119.54825592041016,1.9408258199691772
0.0001,1309.0,119.54818725585938,1.9407079219818115
0.0001,1310.0,119.54813385009766,1.9405908584594727
0.0001,1311.0,119.54806518554688,1.940473198890686
0.0001,1312.0,119.5479965209961,1.9403560161590576
0.0001,1313.0,119.54792785644531,1.9402387142181396
0.0001,1314.0,119.5478744506836,1.9401222467422485
0.0001,1315.0,119.54780578613281,1.9400050640106201
0.0001,1316.0,119.5477523803711,1.93988835811615
0.0001,1317.0,119.54768371582031,1.9397720098495483
0.0001,1318.0,119.54762268066406,1.9396553039550781
0.0001,1319.0,119.54755401611328,1.9395389556884766
0.0001,1320.0,119.5474853515625,1.9394229650497437
0.0001,1321.0,119.54743194580078,1.9393069744110107
0.0001,1322.0,119.54736328125,1.9391911029815674
0.0001,1323.0,119.54730224609375,1.9390754699707031
0.0001,1324.0,119.54723358154297,1.9389597177505493
0.0001,1325.0,119.54717254638672,1.9388444423675537
0.0001,1326.0,119.547119140625,1.9387290477752686
0.0001,1327.0,119.54705047607422,1.9386138916015625
0.0001,1328.0,119.5469970703125,1.938498854637146
0.0001,1329.0,119.54693603515625,1.9383838176727295
0.0001,1330.0,119.54686737060547,1.9382692575454712
0.0001,1331.0,119.54680633544922,1.9381545782089233
0.0001,1332.0,119.54674530029297,1.9380401372909546
0.0001,1333.0,119.54667663574219,1.937925934791565
0.0001,1334.0,119.54661560058594,1.9378116130828857
0.0001,1335.0,119.54656219482422,1.9376977682113647
0.0001,1336.0,119.54650115966797,1.9375836849212646
0.0001,1337.0,119.54643249511719,1.9374698400497437
0.0001,1338.0,119.54637908935547,1.9373563528060913
0.0001,1339.0,119.54631042480469,1.9372425079345703
0.0001,1340.0,119.54624938964844,1.9371293783187866
0.0001,1341.0,119.54618835449219,1.9370161294937134
0.0001,1342.0,119.54613494873047,1.9369029998779297
0.0001,1343.0,119.54607391357422,1.9367902278900146
0.0001,1344.0,119.54601287841797,1.93667733669281
0.0001,1345.0,119.54595184326172,1.9365648031234741
0.0001,1346.0,119.54589080810547,1.9364519119262695
0.0001,1347.0,119.54583740234375,1.9363399744033813
0.0001,1348.0,119.5457763671875,1.9362272024154663
0.0001,1349.0,119.54571533203125,1.936115026473999
0.0001,1350.0,119.545654296875,1.93600332736969
0.0001,1351.0,119.54559326171875,1.9358911514282227
0.0001,1352.0,119.5455322265625,1.9357795715332031
0.0001,1353.0,119.54547882080078,1.9356679916381836
0.0001,1354.0,119.54541778564453,1.935556411743164
0.0001,1355.0,119.54535675048828,1.9354454278945923
0.0001,1356.0,119.54529571533203,1.9353336095809937
0.0001,1357.0,119.54524230957031,1.935222864151001
0.0001,1358.0,119.54518127441406,1.9351117610931396
0.0001,1359.0,119.54512023925781,1.9350013732910156
0.0001,1360.0,119.54505920410156,1.9348905086517334
0.0001,1361.0,119.54499816894531,1.9347801208496094
0.0001,1362.0,119.5449447631836,1.9346692562103271
0.0001,1363.0,119.54488372802734,1.9345592260360718
0.0001,1364.0,119.5448226928711,1.9344489574432373
0.0001,1365.0,119.54476928710938,1.934339165687561
0.0001,1366.0,119.54470825195312,1.9342292547225952
0.0001,1367.0,119.54464721679688,1.9341195821762085
0.0001,1368.0,119.54459381103516,1.9340101480484009
0.0001,1369.0,119.5445327758789,1.9339005947113037
0.0001,1370.0,119.54447937011719,1.933790922164917
0.0001,1371.0,119.54441833496094,1.933681845664978
0.0001,1372.0,119.54436492919922,1.933572769165039
0.0001,1373.0,119.5443115234375,1.9334640502929688
0.0001,1374.0,119.54425048828125,1.9333549737930298
0.0001,1375.0,119.54419708251953,1.9332462549209595
0.0001,1376.0,119.54414367675781,1.9331378936767578
0.0001,1377.0,119.54408264160156,1.9330295324325562
0.0001,1378.0,119.54402923583984,1.9329214096069336
0.0001,1379.0,119.54397583007812,1.932813048362732
0.0001,1380.0,119.5439224243164,1.9327046871185303
0.0001,1381.0,119.54386138916016,1.9325971603393555
0.0001,1382.0,119.54380798339844,1.9324896335601807
0.0001,1383.0,119.54374694824219,1.9323816299438477
0.0001,1384.0,119.54369354248047,1.9322744607925415
0.0001,1385.0,119.54364013671875,1.9321668148040771
0.0001,1386.0,119.54358673095703,1.932059645652771
0.0001,1387.0,119.54353332519531,1.9319524765014648
0.0001,1388.0,119.5434799194336,1.9318454265594482
0.0001,1389.0,119.54341125488281,1.9317388534545898
0.0001,1390.0,119.5433578491211,1.9316322803497314
0.0001,1391.0,119.54330444335938,1.931525468826294
0.0001,1392.0,119.54325103759766,1.931419014930725
0.0001,1393.0,119.54320526123047,1.9313125610351562
0.0001,1394.0,119.54313659667969,1.9312067031860352
0.0001,1395.0,119.54308319091797,1.9311004877090454
0.0001,1396.0,119.54302978515625,1.9309943914413452
0.0001,1397.0,119.54298400878906,1.9308884143829346
0.0001,1398.0,119.54292297363281,1.930782675743103
0.0001,1399.0,119.5428695678711,1.9306771755218506
0.0001,1400.0,119.54281616210938,1.9305717945098877
0.0001,1401.0,119.54275512695312,1.9304664134979248
0.0001,1402.0,119.5427017211914,1.9303613901138306
0.0001,1403.0,119.54265594482422,1.9302566051483154
0.0001,1404.0,119.5426025390625,1.930151343345642
0.0001,1405.0,119.54254913330078,1.9300466775894165
0.0001,1406.0,119.54249572753906,1.9299417734146118
0.0001,1407.0,119.54244995117188,1.9298374652862549
0.0001,1408.0,119.5423812866211,1.9297330379486084
0.0001,1409.0,119.5423355102539,1.929628610610962
0.0001,1410.0,119.54227447509766,1.9295246601104736
0.0001,1411.0,119.54222106933594,1.9294204711914062
0.0001,1412.0,119.54217529296875,1.929316520690918
0.0001,1413.0,119.54212188720703,1.9292125701904297
0.0001,1414.0,119.54206848144531,1.92910897731781
0.0001,1415.0,119.54200744628906,1.9290053844451904
0.0001,1416.0,119.54196166992188,1.92890202999115
0.0001,1417.0,119.54191589355469,1.9287986755371094
0.0001,1418.0,119.54186248779297,1.9286959171295166
0.0001,1419.0,119.54180908203125,1.9285924434661865
0.0001,1420.0,119.541748046875,1.9284894466400146
0.0001,1421.0,119.54170227050781,1.928386926651001
0.0001,1422.0,119.54164123535156,1.9282840490341187
0.0001,1423.0,119.54159545898438,1.9281814098358154
0.0001,1424.0,119.54154205322266,1.9280792474746704
0.0001,1425.0,119.54149627685547,1.9279768466949463
0.0001,1426.0,119.54143524169922,1.9278745651245117
0.0001,1427.0,119.54138946533203,1.9277725219726562
0.0001,1428.0,119.54133605957031,1.9276707172393799
0.0001,1429.0,119.54129791259766,1.927568793296814
0.0001,1430.0,119.5412368774414,1.9274671077728271
0.0001,1431.0,119.54119110107422,1.9273656606674194
0.0001,1432.0,119.54113006591797,1.9272642135620117
0.0001,1433.0,119.54107666015625,1.927162766456604
0.0001,1434.0,119.5410385131836,1.9270617961883545
0.0001,1435.0,119.54097747802734,1.9269605875015259
0.0001,1436.0,119.54093170166016,1.9268596172332764
0.0001,1437.0,119.54088592529297,1.9267587661743164
0.0001,1438.0,119.54082489013672,1.926658272743225
0.0001,1439.0,119.54078674316406,1.9265575408935547
0.0001,1440.0,119.54072570800781,1.9264568090438843
0.0001,1441.0,119.54067993164062,1.9263566732406616
0.0001,1442.0,119.54063415527344,1.926256537437439
0.0001,1443.0,119.54057312011719,1.9261564016342163
0.0001,1444.0,119.54053497314453,1.9260566234588623
0.0001,1445.0,119.54048156738281,1.9259564876556396
0.0001,1446.0,119.5404281616211,1.9258568286895752
0.0001,1447.0,119.54039001464844,1.9257574081420898
0.0001,1448.0,119.54032897949219,1.9256576299667358
0.0001,1449.0,119.540283203125,1.92555832862854
0.0001,1450.0,119.54022979736328,1.9254589080810547
0.0001,1451.0,119.5401840209961,1.9253599643707275
0.0001,1452.0,119.5401382446289,1.92526113986969
0.0001,1453.0,119.54008483886719,1.9251620769500732
0.0001,1454.0,119.54003143310547,1.9250633716583252
0.0001,1455.0,119.53999328613281,1.9249645471572876
0.0001,1456.0,119.5399398803711,1.9248660802841187
0.0001,1457.0,119.53988647460938,1.9247678518295288
0.0001,1458.0,119.53984069824219,1.9246695041656494
0.0001,1459.0,119.53980255126953,1.9245712757110596
0.0001,1460.0,119.53974914550781,1.9244731664657593
0.0001,1461.0,119.5396957397461,1.9243749380111694
0.0001,1462.0,119.5396499633789,1.9242775440216064
0.0001,1463.0,119.53959655761719,1.9241794347763062
0.0001,1464.0,119.53955078125,1.924081802368164
0.0001,1465.0,119.53951263427734,1.9239845275878906
0.0001,1466.0,119.53945922851562,1.9238874912261963
0.0001,1467.0,119.5394058227539,1.9237899780273438
0.0001,1468.0,119.53936767578125,1.9236929416656494
0.0001,1469.0,119.53931427001953,1.9235960245132446
0.0001,1470.0,119.53926849365234,1.9234988689422607
0.0001,1471.0,119.53921508789062,1.9234024286270142
0.0001,1472.0,119.5391616821289,1.9233055114746094
0.0001,1473.0,119.53913116455078,1.9232089519500732
0.0001,1474.0,119.5390853881836,1.9231125116348267
0.0001,1475.0,119.53903198242188,1.9230163097381592
0.0001,1476.0,119.53899383544922,1.9229202270507812
0.0001,1477.0,119.5389404296875,1.922824501991272
0.0001,1478.0,119.53889465332031,1.9227283000946045
0.0001,1479.0,119.53884887695312,1.9226324558258057
0.0001,1480.0,119.5387954711914,1.9225364923477173
0.0001,1481.0,119.53875732421875,1.9224408864974976
0.0001,1482.0,119.53870391845703,1.922345519065857
0.0001,1483.0,119.53865814208984,1.9222503900527954
0.0001,1484.0,119.53861999511719,1.9221547842025757
0.0001,1485.0,119.53856658935547,1.922060251235962
0.0001,1486.0,119.53852844238281,1.9219646453857422
0.0001,1487.0,119.5384750366211,1.9218698740005493
0.0001,1488.0,119.5384292602539,1.921775221824646
0.0001,1489.0,119.53839111328125,1.9216804504394531
0.0001,1490.0,119.53833770751953,1.921586036682129
0.0001,1491.0,119.53829956054688,1.9214916229248047
0.0001,1492.0,119.53825378417969,1.9213975667953491
0.0001,1493.0,119.53820037841797,1.9213030338287354
0.0001,1494.0,119.53814697265625,1.9212087392807007
0.0001,1495.0,119.5381088256836,1.9211145639419556
0.0001,1496.0,119.5380630493164,1.9210211038589478
0.0001,1497.0,119.53801727294922,1.920926809310913
0.0001,1498.0,119.53797912597656,1.9208335876464844
0.0001,1499.0,119.53793334960938,1.9207401275634766
0.0001,1500.0,119.53789520263672,1.9206466674804688
0.0001,1501.0,119.53784942626953,1.920553207397461
0.0001,1502.0,119.53779602050781,1.9204599857330322
0.0001,1503.0,119.53775024414062,1.9203670024871826
0.0001,1504.0,119.53771209716797,1.920274019241333
0.0001,1505.0,119.53766632080078,1.9201812744140625
0.0001,1506.0,119.5376205444336,1.920088529586792
0.0001,1507.0,119.53756713867188,1.919995903968811
0.0001,1508.0,119.53752899169922,1.9199033975601196
0.0001,1509.0,119.53748321533203,1.9198108911514282
0.0001,1510.0,119.53744506835938,1.9197185039520264
0.0001,1511.0,119.53740692138672,1.9196264743804932
0.0001,1512.0,119.537353515625,1.9195343255996704
0.0001,1513.0,119.53730773925781,1.9194424152374268
0.0001,1514.0,119.53726959228516,1.919350266456604
0.0001,1515.0,119.5372314453125,1.919258713722229
0.0001,1516.0,119.53717803955078,1.919166922569275
0.0001,1517.0,119.53713989257812,1.9190757274627686
0.0001,1518.0,119.53709411621094,1.918984055519104
0.0001,1519.0,119.53704833984375,1.9188926219940186
0.0001,1520.0,119.5370101928711,1.9188016653060913
0.0001,1521.0,119.5369644165039,1.918710470199585
0.0001,1522.0,119.53691864013672,1.9186197519302368
0.0001,1523.0,119.53687286376953,1.9185289144515991
0.0001,1524.0,119.5368423461914,1.918438196182251
0.0001,1525.0,119.53678894042969,1.9183473587036133
0.0001,1526.0,119.53675079345703,1.9182569980621338
0.0001,1527.0,119.53671264648438,1.9181663990020752
0.0001,1528.0,119.53665924072266,1.9180762767791748
0.0001,1529.0,119.53662109375,1.9179861545562744
0.0001,1530.0,119.53659057617188,1.9178959131240845
0.0001,1531.0,119.53653717041016,1.9178060293197632
0.0001,1532.0,119.5364990234375,1.9177162647247314
0.0001,1533.0,119.53645324707031,1.917626142501831
0.0001,1534.0,119.53641510009766,1.917536735534668
0.0001,1535.0,119.53636169433594,1.9174470901489258
0.0001,1536.0,119.53632354736328,1.9173574447631836
0.0001,1537.0,119.53629302978516,1.91726815700531
0.0001,1538.0,119.53624725341797,1.9171791076660156
0.0001,1539.0,119.53620910644531,1.917089819908142
0.0001,1540.0,119.53616333007812,1.9170011281967163
0.0001,1541.0,119.53612518310547,1.9169120788574219
0.0001,1542.0,119.53607940673828,1.9168236255645752
0.0001,1543.0,119.53604125976562,1.9167344570159912
0.0001,1544.0,119.53599548339844,1.9166462421417236
0.0001,1545.0,119.53596496582031,1.9165579080581665
0.0001,1546.0,119.5359115600586,1.9164693355560303
0.0001,1547.0,119.53588104248047,1.9163811206817627
0.0001,1548.0,119.53583526611328,1.9162927865982056
0.0001,1549.0,119.53579711914062,1.9162051677703857
0.0001,1550.0,119.53575134277344,1.916116714477539
0.0001,1551.0,119.53570556640625,1.9160292148590088
0.0001,1552.0,119.53567504882812,1.9159414768218994
0.0001,1553.0,119.53562927246094,1.91585373878479
0.0001,1554.0,119.53559112548828,1.9157663583755493
0.0001,1555.0,119.5355453491211,1.9156789779663086
0.0001,1556.0,119.53550720214844,1.9155915975570679
0.0001,1557.0,119.53546905517578,1.9155044555664062
0.0001,1558.0,119.5354232788086,1.9154174327850342
0.0001,1559.0,119.53538513183594,1.9153302907943726
0.0001,1560.0,119.53534698486328,1.9152437448501587
0.0001,1561.0,119.5353012084961,1.9151569604873657
0.0001,1562.0,119.53527069091797,1.9150701761245728
0.0001,1563.0,119.53522491455078,1.9149835109710693
0.0001,1564.0,119.53518676757812,1.9148969650268555
0.0001,1565.0,119.53514862060547,1.9148107767105103
0.0001,1566.0,119.53511047363281,1.914724588394165
0.0001,1567.0,119.53506469726562,1.9146385192871094
0.0001,1568.0,119.5350341796875,1.914552092552185
0.0001,1569.0,119.53498840332031,1.9144662618637085
0.0001,1570.0,119.53495025634766,1.914380669593811
0.0001,1571.0,119.534912109375,1.9142948389053345
0.0001,1572.0,119.53487396240234,1.9142096042633057
0.0001,1573.0,119.53483581542969,1.9141238927841187
0.0001,1574.0,119.5347900390625,1.9140386581420898
0.0001,1575.0,119.53475952148438,1.913953185081482
0.0001,1576.0,119.53472137451172,1.9138679504394531
0.0001,1577.0,119.53468322753906,1.9137828350067139
0.0001,1578.0,119.53463745117188,1.9136978387832642
0.0001,1579.0,119.53459167480469,1.913612723350525
0.0001,1580.0,119.5345687866211,1.9135282039642334
0.0001,1581.0,119.53453063964844,1.9134433269500732
0.0001,1582.0,119.53448486328125,1.9133589267730713
0.0001,1583.0,119.5344467163086,1.9132744073867798
0.0001,1584.0,119.53440856933594,1.9131901264190674
0.0001,1585.0,119.53437805175781,1.9131056070327759
0.0001,1586.0,119.53433227539062,1.9130218029022217
0.0001,1587.0,119.53429412841797,1.9129374027252197
0.0001,1588.0,119.53425598144531,1.9128535985946655
0.0001,1589.0,119.53421783447266,1.9127696752548218
0.0001,1590.0,119.5341796875,1.9126861095428467
0.0001,1591.0,119.53414154052734,1.912602424621582
0.0001,1592.0,119.53411865234375,1.9125187397003174
0.0001,1593.0,119.53407287597656,1.912435531616211
0.0001,1594.0,119.5340347290039,1.9123519659042358
0.0001,1595.0,119.53399658203125,1.912268877029419
0.0001,1596.0,119.5339584350586,1.9121856689453125
0.0001,1597.0,119.53392028808594,1.912102460861206
0.0001,1598.0,119.53388214111328,1.9120197296142578
0.0001,1599.0,119.53384399414062,1.9119367599487305
0.0001,1600.0,119.53380584716797,1.9118540287017822
0.0001,1601.0,119.53376770019531,1.9117711782455444
0.0001,1602.0,119.53373718261719,1.9116888046264648
0.0001,1603.0,119.53369140625,1.9116061925888062
0.0001,1604.0,119.53365325927734,1.9115241765975952
0.0001,1605.0,119.53362274169922,1.9114418029785156
0.0001,1606.0,119.53358459472656,1.9113595485687256
0.0001,1607.0,119.53355407714844,1.9112775325775146
0.0001,1608.0,119.53350830078125,1.9111955165863037
0.0001,1609.0,119.53347778320312,1.9111135005950928
0.0001,1610.0,119.53343963623047,1.9110320806503296
0.0001,1611.0,119.53340148925781,1.9109504222869873
0.0001,1612.0,119.53337097167969,1.9108688831329346
0.0001,1613.0,119.53333282470703,1.9107873439788818
0.0001,1614.0,119.53329467773438,1.9107059240341187
0.0001,1615.0,119.53326416015625,1.9106248617172241
0.0001,1616.0,119.5332260131836,1.910543441772461
0.0001,1617.0,119.53319549560547,1.9104626178741455
0.0001,1618.0,119.53315734863281,1.9103819131851196
0.0001,1619.0,119.53311920166016,1.910300850868225
0.0001,1620.0,119.53307342529297,1.9102203845977783
0.0001,1621.0,119.53304290771484,1.9101393222808838
0.0001,1622.0,119.53300476074219,1.910058617591858
0.0001,1623.0,119.53297424316406,1.9099785089492798
0.0001,1624.0,119.53294372558594,1.9098975658416748
0.0001,1625.0,119.53290557861328,1.9098174571990967
0.0001,1626.0,119.53287506103516,1.9097373485565186
0.0001,1627.0,119.53282165527344,1.9096574783325195
0.0001,1628.0,119.53279113769531,1.9095776081085205
0.0001,1629.0,119.53276062011719,1.909497618675232
0.0001,1630.0,119.53273010253906,1.9094178676605225
0.0001,1631.0,119.53269958496094,1.9093382358551025
0.0001,1632.0,119.53266143798828,1.9092586040496826
0.0001,1633.0,119.53262329101562,1.9091790914535522
0.0001,1634.0,119.53258514404297,1.909099817276001
0.0001,1635.0,119.53255462646484,1.909020185470581
0.0001,1636.0,119.53252410888672,1.9089410305023193
0.0001,1637.0,119.53247833251953,1.9088618755340576
0.0001,1638.0,119.5324478149414,1.908782958984375
0.0001,1639.0,119.53241729736328,1.908704161643982
0.0001,1640.0,119.53238677978516,1.9086252450942993
0.0001,1641.0,119.53234100341797,1.9085466861724854
0.0001,1642.0,119.53231811523438,1.9084678888320923
0.0001,1643.0,119.53227996826172,1.908389687538147
0.0001,1644.0,119.5322494506836,1.908310890197754
0.0001,1645.0,119.5322036743164,1.9082324504852295
0.0001,1646.0,119.53217315673828,1.9081542491912842
0.0001,1647.0,119.53215026855469,1.9080760478973389
0.0001,1648.0,119.5321044921875,1.9079983234405518
0.0001,1649.0,119.53207397460938,1.9079201221466064
0.0001,1650.0,119.53205108642578,1.9078422784805298
0.0001,1651.0,119.5320053100586,1.9077644348144531
0.0001,1652.0,119.53197479248047,1.9076869487762451
0.0001,1653.0,119.53195190429688,1.907609224319458
0.0001,1654.0,119.53190612792969,1.90753173828125
0.0001,1655.0,119.53187561035156,1.907454252243042
0.0001,1656.0,119.5318374633789,1.9073772430419922
0.0001,1657.0,119.53180694580078,1.9072999954223633
0.0001,1658.0,119.53177642822266,1.9072227478027344
0.0001,1659.0,119.53173828125,1.9071458578109741
0.0001,1660.0,119.53170776367188,1.9070689678192139
0.0001,1661.0,119.53166961669922,1.9069921970367432
0.0001,1662.0,119.5316390991211,1.9069150686264038
0.0001,1663.0,119.5316162109375,1.9068386554718018
0.0001,1664.0,119.53157043457031,1.9067621231079102
0.0001,1665.0,119.53154754638672,1.9066855907440186
0.0001,1666.0,119.53150177001953,1.9066091775894165
0.0001,1667.0,119.53147888183594,1.9065330028533936
0.0001,1668.0,119.53144073486328,1.906456708908081
0.0001,1669.0,119.53141784667969,1.9063806533813477
0.0001,1670.0,119.5313720703125,1.9063047170639038
0.0001,1671.0,119.5313491821289,1.9062286615371704
0.0001,1672.0,119.53131103515625,1.9061530828475952
0.0001,1673.0,119.53128814697266,1.9060776233673096
0.0001,1674.0,119.53124237060547,1.9060014486312866
0.0001,1675.0,119.53121948242188,1.9059263467788696
0.0001,1676.0,119.53118133544922,1.9058506488800049
0.0001,1677.0,119.53115844726562,1.9057754278182983
0.0001,1678.0,119.53112030029297,1.9057000875473022
0.0001,1679.0,119.53108978271484,1.9056247472763062
0.0001,1680.0,119.53105926513672,1.9055497646331787
0.0001,1681.0,119.5310287475586,1.9054749011993408
0.0001,1682.0,119.53099060058594,1.905400037765503
0.0001,1683.0,119.53096008300781,1.905325174331665
0.0001,1684.0,119.53092956542969,1.9052507877349854
0.0001,1685.0,119.5309066772461,1.905175805091858
0.0001,1686.0,119.53086853027344,1.9051014184951782
0.0001,1687.0,119.53084564208984,1.9050267934799194
0.0001,1688.0,119.53080749511719,1.9049524068832397
0.0001,1689.0,119.5307846069336,1.9048783779144287
0.0001,1690.0,119.53074645996094,1.9048042297363281
0.0001,1691.0,119.53070831298828,1.904730200767517
0.0001,1692.0,119.53068542480469,1.9046560525894165
0.0001,1693.0,119.53064727783203,1.9045820236206055
0.0001,1694.0,119.5306167602539,1.904508352279663
0.0001,1695.0,119.53059387207031,1.9044345617294312
0.0001,1696.0,119.53055572509766,1.9043611288070679
0.0001,1697.0,119.530517578125,1.9042876958847046
0.0001,1698.0,119.5304946899414,1.9042141437530518
0.0001,1699.0,119.53046417236328,1.9041407108306885
0.0001,1700.0,119.53043365478516,1.9040673971176147
0.0001,1701.0,119.53040313720703,1.9039943218231201
0.0001,1702.0,119.53038024902344,1.9039208889007568
0.0001,1703.0,119.53034210205078,1.9038482904434204
0.0001,1704.0,119.53031158447266,1.9037749767303467
0.0001,1705.0,119.5302734375,1.9037021398544312
0.0001,1706.0,119.53025817871094,1.9036296606063843
0.0001,1707.0,119.53022003173828,1.9035570621490479
0.0001,1708.0,119.53018188476562,1.9034843444824219
0.0001,1709.0,119.53015899658203,1.903412103652954
0.0001,1710.0,119.5301284790039,1.9033396244049072
0.0001,1711.0,119.53010559082031,1.903267502784729
0.0001,1712.0,119.53007507324219,1.9031950235366821
0.0001,1713.0,119.53003692626953,1.903123140335083
0.0001,1714.0,119.5300064086914,1.9030511379241943
0.0001,1715.0,119.52998352050781,1.9029791355133057
0.0001,1716.0,119.52995300292969,1.902907371520996
0.0001,1717.0,119.52992248535156,1.902835488319397
0.0001,1718.0,119.52989196777344,1.9027637243270874
0.0001,1719.0,119.52986145019531,1.902692437171936
0.0001,1720.0,119.52983093261719,1.902620553970337
0.0001,1721.0,119.52979278564453,1.902549386024475
0.0001,1722.0,119.52977752685547,1.9024779796600342
0.0001,1723.0,119.52974700927734,1.902406930923462
0.0001,1724.0,119.52971649169922,1.9023357629776
0.0001,1725.0,119.5296859741211,1.9022643566131592
0.0001,1726.0,119.52965545654297,1.9021934270858765
0.0001,1727.0,119.52962493896484,1.9021227359771729
0.0001,1728.0,119.52959442138672,1.9020516872406006
0.0001,1729.0,119.5295639038086,1.9019811153411865
0.0001,1730.0,119.529541015625,1.901910424232483
0.0001,1731.0,119.52951049804688,1.9018399715423584
0.0001,1732.0,119.52947235107422,1.9017693996429443
0.0001,1733.0,119.52945709228516,1.9016990661621094
0.0001,1734.0,119.52942657470703,1.9016284942626953
0.0001,1735.0,119.5293960571289,1.90155827999115
0.0001,1736.0,119.52936553955078,1.9014885425567627
0.0001,1737.0,119.52934265136719,1.901418685913086
0.0001,1738.0,119.52931213378906,1.9013484716415405
0.0001,1739.0,119.52928161621094,1.9012784957885742
0.0001,1740.0,119.52925872802734,1.9012088775634766
0.0001,1741.0,119.52922821044922,1.9011390209197998
0.0001,1742.0,119.52920532226562,1.9010694026947021
0.0001,1743.0,119.5291748046875,1.9010000228881836
0.0001,1744.0,119.52914428710938,1.900930643081665
0.0001,1745.0,119.52911376953125,1.900861382484436
0.0001,1746.0,119.5290756225586,1.9007917642593384
0.0001,1747.0,119.529052734375,1.900722861289978
0.0001,1748.0,119.52902221679688,1.9006538391113281
0.0001,1749.0,119.52899169921875,1.9005848169326782
0.0001,1750.0,119.52896881103516,1.9005155563354492
0.0001,1751.0,119.52894592285156,1.900446891784668
0.0001,1752.0,119.52891540527344,1.9003784656524658
0.0001,1753.0,119.52888488769531,1.9003093242645264
0.0001,1754.0,119.52885437011719,1.9002405405044556
0.0001,1755.0,119.52883911132812,1.900172472000122
0.0001,1756.0,119.52880859375,1.9001039266586304
0.0001,1757.0,119.52877807617188,1.9000355005264282
0.0001,1758.0,119.52874755859375,1.8999671936035156
0.0001,1759.0,119.52871704101562,1.8998991250991821
0.0001,1760.0,119.52869415283203,1.8998305797576904
0.0001,1761.0,119.5286636352539,1.8997633457183838
0.0001,1762.0,119.52864074707031,1.8996950387954712
0.0001,1763.0,119.52861785888672,1.899627447128296
0.0001,1764.0,119.52859497070312,1.8995592594146729
0.0001,1765.0,119.52854919433594,1.8994916677474976
0.0001,1766.0,119.52853393554688,1.8994243144989014
0.0001,1767.0,119.52850341796875,1.8993566036224365
0.0001,1768.0,119.52848052978516,1.8992891311645508
0.0001,1769.0,119.52845764160156,1.8992220163345337
0.0001,1770.0,119.5284194946289,1.8991544246673584
0.0001,1771.0,119.52839660644531,1.8990875482559204
0.0001,1772.0,119.52836608886719,1.8990201950073242
0.0001,1773.0,119.5283432006836,1.8989531993865967
0.0001,1774.0,119.52831268310547,1.8988866806030273
0.0001,1775.0,119.52828216552734,1.8988195657730103
0.0001,1776.0,119.52825927734375,1.8987528085708618
0.0001,1777.0,119.52824401855469,1.8986860513687134
0.0001,1778.0,119.52820587158203,1.8986190557479858
0.0001,1779.0,119.5281753540039,1.8985528945922852
0.0001,1780.0,119.52816009521484,1.8984861373901367
0.0001,1781.0,119.52813720703125,1.8984203338623047
0.0001,1782.0,119.5280990600586,1.8983538150787354
0.0001,1783.0,119.52808380126953,1.8982875347137451
0.0001,1784.0,119.52806091308594,1.8982216119766235
0.0001,1785.0,119.52801513671875,1.8981554508209229
0.0001,1786.0,119.52799987792969,1.8980894088745117
0.0001,1787.0,119.5279769897461,1.8980236053466797
0.0001,1788.0,119.52793884277344,1.8979578018188477
0.0001,1789.0,119.52792358398438,1.8978922367095947
0.0001,1790.0,119.52790069580078,1.8978264331817627
0.0001,1791.0,119.52786254882812,1.8977609872817993
0.0001,1792.0,119.52784729003906,1.8976953029632568
0.0001,1793.0,119.52782440185547,1.897629976272583
0.0001,1794.0,119.52778625488281,1.8975645303726196
0.0001,1795.0,119.52777099609375,1.897499442100525
0.0001,1796.0,119.5277328491211,1.8974342346191406
0.0001,1797.0,119.5277099609375,1.897369146347046
0.0001,1798.0,119.52769470214844,1.8973041772842407
0.0001,1799.0,119.52766418457031,1.897239327430725
0.0001,1800.0,119.52764129638672,1.8971742391586304
0.0001,1801.0,119.5276107788086,1.8971097469329834
0.0001,1802.0,119.527587890625,1.8970448970794678
0.0001,1803.0,119.52755737304688,1.8969802856445312
0.0001,1804.0,119.52753448486328,1.8969156742095947
0.0001,1805.0,119.52751922607422,1.8968515396118164
0.0001,1806.0,119.5274887084961,1.8967870473861694
0.0001,1807.0,119.5274658203125,1.8967225551605225
0.0001,1808.0,119.52743530273438,1.896658182144165
0.0001,1809.0,119.52742004394531,1.8965944051742554
0.0001,1810.0,119.52738189697266,1.8965301513671875
0.0001,1811.0,119.5273666381836,1.8964660167694092
0.0001,1812.0,119.52733612060547,1.8964025974273682
0.0001,1813.0,119.52731323242188,1.8963382244110107
0.0001,1814.0,119.52728271484375,1.8962748050689697
0.0001,1815.0,119.52726745605469,1.8962112665176392
0.0001,1816.0,119.52723693847656,1.8961474895477295
0.0001,1817.0,119.5272216796875,1.8960838317871094
0.0001,1818.0,119.52719116210938,1.896020531654358
0.0001,1819.0,119.52717590332031,1.8959569931030273
0.0001,1820.0,119.52713775634766,1.8958936929702759
0.0001,1821.0,119.52711486816406,1.8958308696746826
0.0001,1822.0,119.52709197998047,1.8957675695419312
0.0001,1823.0,119.52706909179688,1.8957046270370483
0.0001,1824.0,119.52704620361328,1.8956416845321655
0.0001,1825.0,119.52702331542969,1.8955787420272827
0.0001,1826.0,119.5270004272461,1.8955157995224
0.0001,1827.0,119.52696990966797,1.8954530954360962
0.0001,1828.0,119.52694702148438,1.8953907489776611
0.0001,1829.0,119.52692413330078,1.895328164100647
0.0001,1830.0,119.52690124511719,1.8952655792236328
0.0001,1831.0,119.52686309814453,1.8952029943466187
0.0001,1832.0,119.52685546875,1.8951406478881836
0.0001,1833.0,119.52682495117188,1.8950786590576172
0.0001,1834.0,119.52680969238281,1.895016074180603
0.0001,1835.0,119.52677917480469,1.8949540853500366
0.0001,1836.0,119.5267562866211,1.8948920965194702
0.0001,1837.0,119.52674102783203,1.8948299884796143
0.0001,1838.0,119.5267105102539,1.8947683572769165
0.0001,1839.0,119.52667999267578,1.894706130027771
0.0001,1840.0,119.52666473388672,1.8946447372436523
0.0001,1841.0,119.52664184570312,1.8945825099945068
0.0001,1842.0,119.526611328125,1.8945213556289673
0.0001,1843.0,119.5265884399414,1.8944597244262695
0.0001,1844.0,119.52657318115234,1.8943983316421509
0.0001,1845.0,119.52654266357422,1.8943367004394531
0.0001,1846.0,119.5265121459961,1.894275426864624
0.0001,1847.0,119.52650451660156,1.894214391708374
0.0001,1848.0,119.52647399902344,1.8941532373428345
0.0001,1849.0,119.52645111083984,1.8940922021865845
0.0001,1850.0,119.52642059326172,1.8940311670303345
0.0001,1851.0,119.52641296386719,1.8939704895019531
0.0001,1852.0,119.52638244628906,1.8939094543457031
0.0001,1853.0,119.52635955810547,1.8938486576080322
0.0001,1854.0,119.52632904052734,1.8937877416610718
0.0001,1855.0,119.52630615234375,1.8937273025512695
0.0001,1856.0,119.52629089355469,1.8936666250228882
0.0001,1857.0,119.5262680053711,1.893606185913086
0.0001,1858.0,119.5262451171875,1.8935457468032837
0.0001,1859.0,119.5262222290039,1.8934853076934814
0.0001,1860.0,119.52619934082031,1.8934253454208374
0.0001,1861.0,119.52618408203125,1.8933652639389038
0.0001,1862.0,119.52615356445312,1.8933050632476807
0.0001,1863.0,119.52613067626953,1.893244981765747
0.0001,1864.0,119.52610778808594,1.893185019493103
0.0001,1865.0,119.52608489990234,1.8931251764297485
0.0001,1866.0,119.52606201171875,1.8930654525756836
0.0001,1867.0,119.52604675292969,1.8930059671401978
0.0001,1868.0,119.5260238647461,1.8929460048675537
0.0001,1869.0,119.5260009765625,1.8928864002227783
0.0001,1870.0,119.5259780883789,1.892826795578003
0.0001,1871.0,119.52594757080078,1.892767310142517
0.0001,1872.0,119.52593231201172,1.8927078247070312
0.0001,1873.0,119.52590942382812,1.892648696899414
0.0001,1874.0,119.52587890625,1.8925893306732178
0.0001,1875.0,119.52586364746094,1.8925302028656006
0.0001,1876.0,119.52584838867188,1.8924715518951416
0.0001,1877.0,119.52582550048828,1.8924124240875244
0.0001,1878.0,119.52580261230469,1.8923532962799072
0.0001,1879.0,119.5257797241211,1.8922945261001587
0.0001,1880.0,119.5257568359375,1.892235517501831
0.0001,1881.0,119.5257339477539,1.8921769857406616
0.0001,1882.0,119.52571868896484,1.8921184539794922
0.0001,1883.0,119.52568817138672,1.8920596837997437
0.0001,1884.0,119.52567291259766,1.8920011520385742
0.0001,1885.0,119.52564239501953,1.8919429779052734
0.0001,1886.0,119.52562713623047,1.891884446144104
0.0001,1887.0,119.52560424804688,1.8918259143829346
0.0001,1888.0,119.52558135986328,1.8917678594589233
0.0001,1889.0,119.52555847167969,1.8917096853256226
0.0001,1890.0,119.5255355834961,1.8916517496109009
0.0001,1891.0,119.52552032470703,1.8915939331054688
0.0001,1892.0,119.52549743652344,1.891535997390747
0.0001,1893.0,119.52547454833984,1.8914779424667358
0.0001,1894.0,119.52545928955078,1.8914201259613037
0.0001,1895.0,119.52542877197266,1.8913624286651611
0.0001,1896.0,119.5254135131836,1.8913047313690186
0.0001,1897.0,119.52539825439453,1.8912473917007446
0.0001,1898.0,119.52537536621094,1.8911898136138916
0.0001,1899.0,119.52535247802734,1.891132116317749
0.0001,1900.0,119.52532958984375,1.8910751342773438
0.0001,1901.0,119.52529907226562,1.8910175561904907
0.0001,1902.0,119.52528381347656,1.890960454940796
0.0001,1903.0,119.52526092529297,1.8909032344818115
0.0001,1904.0,119.52523803710938,1.8908462524414062
0.0001,1905.0,119.52522277832031,1.890789270401001
0.0001,1906.0,119.52519989013672,1.8907324075698853
0.0001,1907.0,119.52518463134766,1.8906753063201904
0.0001,1908.0,119.5251693725586,1.8906183242797852
0.0001,1909.0,119.52513885498047,1.8905616998672485
0.0001,1910.0,119.5251235961914,1.8905051946640015
0.0001,1911.0,119.52509307861328,1.8904483318328857
0.0001,1912.0,119.52507019042969,1.8903920650482178
0.0001,1913.0,119.52505493164062,1.8903356790542603
0.0001,1914.0,119.52503967285156,1.8902790546417236
0.0001,1915.0,119.52501678466797,1.8902225494384766
0.0001,1916.0,119.5250015258789,1.8901668787002563
0.0001,1917.0,119.52497100830078,1.8901106119155884
0.0001,1918.0,119.52494812011719,1.8900541067123413
0.0001,1919.0,119.52493286132812,1.8899980783462524
0.0001,1920.0,119.52491760253906,1.8899424076080322
0.0001,1921.0,119.52489471435547,1.889886498451233
0.0001,1922.0,119.52487182617188,1.8898308277130127
0.0001,1923.0,119.52485656738281,1.8897749185562134
0.0001,1924.0,119.52483367919922,1.889719009399414
0.0001,1925.0,119.52481842041016,1.8896634578704834
0.0001,1926.0,119.5248031616211,1.8896077871322632
0.0001,1927.0,119.52477264404297,1.8895527124404907
0.0001,1928.0,119.52474975585938,1.88949716091156
0.0001,1929.0,119.52474212646484,1.8894418478012085
0.0001,1930.0,119.52471923828125,1.8893864154815674
0.0001,1931.0,119.52468872070312,1.8893311023712158
0.0001,1932.0,119.52467346191406,1.8892759084701538
0.0001,1933.0,119.524658203125,1.8892208337783813
0.0001,1934.0,119.5246353149414,1.8891661167144775
0.0001,1935.0,119.52461242675781,1.8891109228134155
0.0001,1936.0,119.52459716796875,1.8890562057495117
0.0001,1937.0,119.52458190917969,1.889001488685608
0.0001,1938.0,119.52455139160156,1.888946533203125
0.0001,1939.0,119.5245361328125,1.8888918161392212
0.0001,1940.0,119.52452850341797,1.888837218284607
0.0001,1941.0,119.52449798583984,1.8887827396392822
0.0001,1942.0,119.52447509765625,1.888728141784668
0.0001,1943.0,119.52446746826172,1.8886737823486328
0.0001,1944.0,119.5244369506836,1.8886194229125977
0.0001,1945.0,119.52442169189453,1.8885648250579834
0.0001,1946.0,119.52440643310547,1.8885109424591064
0.0001,1947.0,119.52437591552734,1.8884567022323608
0.0001,1948.0,119.52436828613281,1.8884027004241943
0.0001,1949.0,119.52434539794922,1.888348937034607
0.0001,1950.0,119.52432250976562,1.8882949352264404
0.0001,1951.0,119.52430725097656,1.888241171836853
0.0001,1952.0,119.52428436279297,1.8881871700286865
0.0001,1953.0,119.52426147460938,1.8881336450576782
0.0001,1954.0,119.52425384521484,1.8880798816680908
0.0001,1955.0,119.52423095703125,1.8880259990692139
0.0001,1956.0,119.52421569824219,1.8879728317260742
0.0001,1957.0,119.5241928100586,1.8879190683364868
0.0001,1958.0,119.524169921875,1.887865662574768
0.0001,1959.0,119.5241470336914,1.8878122568130493
0.0001,1960.0,119.52413940429688,1.8877589702606201
0.0001,1961.0,119.52411651611328,1.8877060413360596
0.0001,1962.0,119.52409362792969,1.8876527547836304
0.0001,1963.0,119.52408599853516,1.8875995874404907
0.0001,1964.0,119.52405548095703,1.8875467777252197
0.0001,1965.0,119.5240478515625,1.8874938488006592
0.0001,1966.0,119.5240249633789,1.8874406814575195
0.0001,1967.0,119.52400970458984,1.8873876333236694
0.0001,1968.0,119.52397918701172,1.8873354196548462
0.0001,1969.0,119.52397155761719,1.8872826099395752
0.0001,1970.0,119.5239486694336,1.8872296810150146
0.0001,1971.0,119.52393341064453,1.8871774673461914
0.0001,1972.0,119.5239028930664,1.8871246576309204
0.0001,1973.0,119.52389526367188,1.8870725631713867
0.0001,1974.0,119.52387237548828,1.8870198726654053
0.0001,1975.0,119.52386474609375,1.886967658996582
0.0001,1976.0,119.52384185791016,1.8869155645370483
0.0001,1977.0,119.5238265991211,1.886863350868225
0.0001,1978.0,119.5238037109375,1.8868110179901123
0.0001,1979.0,119.52378845214844,1.8867591619491577
0.0001,1980.0,119.52376556396484,1.886707067489624
0.0001,1981.0,119.52374267578125,1.8866552114486694
0.0001,1982.0,119.52372741699219,1.8866037130355835
0.0001,1983.0,119.5237045288086,1.8865516185760498
0.0001,1984.0,119.52369689941406,1.8864997625350952
0.0001,1985.0,119.52367401123047,1.8864482641220093
0.0001,1986.0,119.52366638183594,1.8863967657089233
0.0001,1987.0,119.52364349365234,1.8863449096679688
0.0001,1988.0,119.52362060546875,1.886293649673462
0.0001,1989.0,119.52360534667969,1.8862422704696655
0.0001,1990.0,119.5235824584961,1.8861907720565796
0.0001,1991.0,119.52357482910156,1.8861396312713623
0.0001,1992.0,119.5235595703125,1.8860886096954346
0.0001,1993.0,119.5235366821289,1.8860368728637695
0.0001,1994.0,119.52352142333984,1.885986089706421
0.0001,1995.0,119.52349853515625,1.8859350681304932
0.0001,1996.0,119.52347564697266,1.8858840465545654
0.0001,1997.0,119.52346801757812,1.8858330249786377
0.0001,1998.0,119.52344512939453,1.885782241821289
0.0001,1999.0,119.52342987060547,1.8857313394546509
0.0001,2000.0,119.52342224121094,1.885680913925171
0.0001,2001.0,119.52339935302734,1.8856300115585327
0.0001,2002.0,119.52337646484375,1.8855797052383423
0.0001,2003.0,119.52336120605469,1.8855289220809937
0.0001,2004.0,119.52334594726562,1.8854783773422241
0.0001,2005.0,119.52332305908203,1.8854281902313232
0.0001,2006.0,119.5233154296875,1.8853778839111328
0.0001,2007.0,119.5232925415039,1.885327696800232
0.0001,2008.0,119.52327728271484,1.885277509689331
0.0001,2009.0,119.52325439453125,1.8852274417877197
0.0001,2010.0,119.52323913574219,1.8851772546768188
0.0001,2011.0,119.52322387695312,1.885127067565918
0.0001,2012.0,119.52320098876953,1.8850771188735962
0.0001,2013.0,119.52317810058594,1.8850271701812744
0.0001,2014.0,119.52317810058594,1.8849773406982422
0.0001,2015.0,119.52315521240234,1.88492751121521
0.0001,2016.0,119.52313995361328,1.8848778009414673
0.0001,2017.0,119.52311706542969,1.8848282098770142
0.0001,2018.0,119.52311706542969,1.884778618812561
0.0001,2019.0,119.5230941772461,1.884729027748108
0.0001,2020.0,119.5230712890625,1.8846795558929443
0.0001,2021.0,119.52305603027344,1.8846299648284912
0.0001,2022.0,119.52304077148438,1.8845806121826172
0.0001,2023.0,119.52302551269531,1.8845316171646118
0.0001,2024.0,119.52300262451172,1.8844823837280273
0.0001,2025.0,119.52298736572266,1.8844330310821533
0.0001,2026.0,119.52296447753906,1.8843839168548584
0.0001,2027.0,119.52294921875,1.8843348026275635
0.0001,2028.0,119.52294921875,1.8842859268188477
0.0001,2029.0,119.5229263305664,1.884237289428711
0.0001,2030.0,119.52291107177734,1.8841880559921265
0.0001,2031.0,119.52288818359375,1.8841394186019897
0.0001,2032.0,119.52287292480469,1.8840906620025635
0.0001,2033.0,119.52285766601562,1.8840417861938477
0.0001,2034.0,119.52284240722656,1.8839935064315796
0.0001,2035.0,119.5228271484375,1.8839447498321533
0.0001,2036.0,119.52281188964844,1.8838962316513062
0.0001,2037.0,119.52278900146484,1.8838475942611694
0.0001,2038.0,119.52277374267578,1.8837993144989014
0.0001,2039.0,119.52275848388672,1.8837511539459229
0.0001,2040.0,119.52273559570312,1.8837028741836548
0.0001,2041.0,119.52272033691406,1.8836548328399658
0.0001,2042.0,119.522705078125,1.8836066722869873
0.0001,2043.0,119.52268981933594,1.8835585117340088
0.0001,2044.0,119.5226821899414,1.8835105895996094
0.0001,2045.0,119.52266693115234,1.8834623098373413
0.0001,2046.0,119.52265167236328,1.883414626121521
0.0001,2047.0,119.52263641357422,1.8833668231964111
0.0001,2048.0,119.52262115478516,1.8833186626434326
0.0001,2049.0,119.52259826660156,1.8832709789276123
0.0001,2050.0,119.5225830078125,1.883223295211792
0.0001,2051.0,119.52256774902344,1.8831758499145508
0.0001,2052.0,119.52255249023438,1.8831284046173096
0.0001,2053.0,119.52253723144531,1.8830808401107788
0.0001,2054.0,119.52252197265625,1.8830331563949585
0.0001,2055.0,119.52250671386719,1.8829858303070068
0.0001,2056.0,119.52249145507812,1.8829386234283447
0.0001,2057.0,119.52247619628906,1.8828916549682617
0.0001,2058.0,119.5224609375,1.8828439712524414
0.0001,2059.0,119.52244567871094,1.8827968835830688
0.0001,2060.0,119.52243041992188,1.882750153541565
0.0001,2061.0,119.52241516113281,1.8827028274536133
0.0001,2062.0,119.52239990234375,1.8826557397842407
0.0001,2063.0,119.52238464355469,1.8826090097427368
0.0001,2064.0,119.52236938476562,1.8825620412826538
0.0001,2065.0,119.52235412597656,1.882515549659729
0.0001,2066.0,119.5223388671875,1.882468819618225
0.0001,2067.0,119.52232360839844,1.8824220895767212
0.0001,2068.0,119.52230834960938,1.8823753595352173
0.0001,2069.0,119.52229309082031,1.882328987121582
0.0001,2070.0,119.52227783203125,1.882282018661499
0.0001,2071.0,119.52226257324219,1.8822357654571533
0.0001,2072.0,119.52224731445312,1.882189393043518
0.0001,2073.0,119.52223205566406,1.8821430206298828
0.0001,2074.0,119.52220916748047,1.8820970058441162
0.0001,2075.0,119.5221939086914,1.8820507526397705
0.0001,2076.0,119.52217864990234,1.8820041418075562
0.0001,2077.0,119.52216339111328,1.8819583654403687
0.0001,2078.0,119.52214813232422,1.8819119930267334
0.0001,2079.0,119.52213287353516,1.881866455078125
0.0001,2080.0,119.52212524414062,1.8818206787109375
0.0001,2081.0,119.52210998535156,1.8817745447158813
0.0001,2082.0,119.5220947265625,1.8817287683486938
0.0001,2083.0,119.5220718383789,1.8816829919815063
0.0001,2084.0,119.52206420898438,1.8816373348236084
0.0001,2085.0,119.52204895019531,1.881591796875
0.0001,2086.0,119.52203369140625,1.8815460205078125
0.0001,2087.0,119.52202606201172,1.881500244140625
0.0001,2088.0,119.52201080322266,1.8814548254013062
0.0001,2089.0,119.5219955444336,1.8814094066619873
0.0001,2090.0,119.52197265625,1.8813644647598267
0.0001,2091.0,119.52195739746094,1.88131844997406
0.0001,2092.0,119.52194213867188,1.881273627281189
0.0001,2093.0,119.52193450927734,1.8812284469604492
0.0001,2094.0,119.52191925048828,1.8811832666397095
0.0001,2095.0,119.52190399169922,1.8811382055282593
0.0001,2096.0,119.52188873291016,1.8810933828353882
0.0001,2097.0,119.5218734741211,1.8810482025146484
0.0001,2098.0,119.52186584472656,1.8810033798217773
0.0001,2099.0,119.5218505859375,1.8809583187103271
0.0001,2100.0,119.5218276977539,1.8809137344360352
0.0001,2101.0,119.52181243896484,1.880868911743164
0.0001,2102.0,119.52180480957031,1.880824089050293
0.0001,2103.0,119.52178955078125,1.880779504776001
0.0001,2104.0,119.52176666259766,1.8807348012924194
0.0001,2105.0,119.5217514038086,1.880690574645996
0.0001,2106.0,119.52174377441406,1.880645990371704
0.0001,2107.0,119.521728515625,1.8806016445159912
0.0001,2108.0,119.52171325683594,1.8805570602416992
0.0001,2109.0,119.5217056274414,1.8805129528045654
0.0001,2110.0,119.52169036865234,1.880468726158142
0.0001,2111.0,119.52168273925781,1.8804242610931396
0.0001,2112.0,119.52165222167969,1.880380392074585
0.0001,2113.0,119.52164459228516,1.8803364038467407
0.0001,2114.0,119.52163696289062,1.8802921772003174
0.0001,2115.0,119.52161407470703,1.8802483081817627
0.0001,2116.0,119.5216064453125,1.880204200744629
0.0001,2117.0,119.52159881591797,1.8801603317260742
0.0001,2118.0,119.52156829833984,1.8801162242889404
0.0001,2119.0,119.52156066894531,1.8800731897354126
0.0001,2120.0,119.52155303955078,1.880029320716858
0.0001,2121.0,119.52153778076172,1.8799854516983032
0.0001,2122.0,119.52151489257812,1.879941701889038
0.0001,2123.0,119.5215072631836,1.8798980712890625
0.0001,2124.0,119.52149200439453,1.8798549175262451
0.0001,2125.0,119.52147674560547,1.8798115253448486
0.0001,2126.0,119.52146911621094,1.8797681331634521
0.0001,2127.0,119.52144622802734,1.8797247409820557
0.0001,2128.0,119.52143859863281,1.8796813488006592
0.0001,2129.0,119.52143096923828,1.8796380758285522
0.0001,2130.0,119.52140808105469,1.879595160484314
0.0001,2131.0,119.52140045166016,1.879551887512207
0.0001,2132.0,119.52139282226562,1.8795092105865479
0.0001,2133.0,119.52136993408203,1.8794660568237305
0.0001,2134.0,119.5213623046875,1.8794231414794922
0.0001,2135.0,119.5213394165039,1.8793799877166748
0.0001,2136.0,119.52133178710938,1.8793373107910156
0.0001,2137.0,119.52131652832031,1.8792943954467773
0.0001,2138.0,119.52130126953125,1.8792518377304077
0.0001,2139.0,119.52129364013672,1.8792089223861694
0.0001,2140.0,119.52127075195312,1.879166841506958
0.0001,2141.0,119.5212631225586,1.8791236877441406
0.0001,2142.0,119.52124786376953,1.879081130027771
0.0001,2143.0,119.521240234375,1.8790390491485596
0.0001,2144.0,119.5212173461914,1.8789962530136108
0.0001,2145.0,119.52120971679688,1.8789539337158203
0.0001,2146.0,119.52120208740234,1.8789117336273193
0.0001,2147.0,119.52117919921875,1.8788694143295288
0.0001,2148.0,119.52117156982422,1.8788273334503174
0.0001,2149.0,119.52115631103516,1.8787851333618164
0.0001,2150.0,119.52114868164062,1.8787429332733154
0.0001,2151.0,119.52112579345703,1.8787012100219727
0.0001,2152.0,119.5211181640625,1.8786590099334717
0.0001,2153.0,119.52110290527344,1.8786169290542603
0.0001,2154.0,119.52110290527344,1.878575325012207
0.0001,2155.0,119.52108001708984,1.878533124923706
0.0001,2156.0,119.52107238769531,1.8784916400909424
0.0001,2157.0,119.52104949951172,1.8784496784210205
0.0001,2158.0,119.52104187011719,1.8784081935882568
0.0001,2159.0,119.52102661132812,1.878366470336914
0.0001,2160.0,119.5210189819336,1.8783248662948608
0.0001,2161.0,119.52100372314453,1.8782832622528076
0.0001,2162.0,119.52099609375,1.8782421350479126
0.0001,2163.0,119.52098083496094,1.8782002925872803
0.0001,2164.0,119.52095794677734,1.8781591653823853
0.0001,2165.0,119.52095031738281,1.8781179189682007
0.0001,2166.0,119.52093505859375,1.8780765533447266
0.0001,2167.0,119.52092742919922,1.878035306930542
0.0001,2168.0,119.52091217041016,1.8779942989349365
0.0001,2169.0,119.52090454101562,1.8779529333114624
0.0001,2170.0,119.52088928222656,1.877912163734436
0.0001,2171.0,119.5208740234375,1.877870798110962
0.0001,2172.0,119.52086639404297,1.877829909324646
0.0001,2173.0,119.5208511352539,1.8777891397476196
0.0001,2174.0,119.52084350585938,1.8777482509613037
0.0001,2175.0,119.52082061767578,1.8777074813842773
0.0001,2176.0,119.52081298828125,1.8776668310165405
0.0001,2177.0,119.52080535888672,1.8776260614395142
0.0001,2178.0,119.52078247070312,1.8775851726531982
0.0001,2179.0,119.52078247070312,1.877544641494751
0.0001,2180.0,119.52076721191406,1.8775041103363037
0.0001,2181.0,119.52074432373047,1.877463698387146
0.0001,2182.0,119.52074432373047,1.8774230480194092
0.0001,2183.0,119.52072143554688,1.8773828744888306
0.0001,2184.0,119.52071380615234,1.8773425817489624
0.0001,2185.0,119.52070617675781,1.8773021697998047
0.0001,2186.0,119.52069091796875,1.8772621154785156
0.0001,2187.0,119.52067565917969,1.877221703529358
0.0001,2188.0,119.52067565917969,1.8771816492080688
0.0001,2189.0,119.5206527709961,1.8771413564682007
0.0001,2190.0,119.5206298828125,1.8771013021469116
0.0001,2191.0,119.5206298828125,1.8770614862442017
0.0001,2192.0,119.52062225341797,1.8770215511322021
0.0001,2193.0,119.52059936523438,1.876981496810913
0.0001,2194.0,119.52059936523438,1.8769416809082031
0.0001,2195.0,119.52058410644531,1.8769019842147827
0.0001,2196.0,119.52056884765625,1.8768619298934937
0.0001,2197.0,119.52056121826172,1.8768224716186523
0.0001,2198.0,119.52054595947266,1.876783013343811
0.0001,2199.0,119.5205307006836,1.876742959022522
0.0001,2200.0,119.52051544189453,1.8767036199569702
0.0001,2201.0,119.52051544189453,1.876664161682129
0.0001,2202.0,119.52050018310547,1.8766247034072876
0.0001,2203.0,119.5204849243164,1.8765852451324463
0.0001,2204.0,119.52046966552734,1.8765459060668945
0.0001,2205.0,119.52046203613281,1.8765068054199219
0.0001,2206.0,119.52045440673828,1.8764674663543701
0.0001,2207.0,119.52043914794922,1.8764280080795288
0.0001,2208.0,119.52042388916016,1.8763891458511353
0.0001,2209.0,119.52042388916016,1.8763498067855835
0.0001,2210.0,119.5204086303711,1.87631094455719
0.0001,2211.0,119.5203857421875,1.8762719631195068
0.0001,2212.0,119.52037811279297,1.8762328624725342
0.0001,2213.0,119.52037811279297,1.8761940002441406
0.0001,2214.0,119.5203628540039,1.876155138015747
0.0001,2215.0,119.52034759521484,1.876116394996643
0.0001,2216.0,119.52033233642578,1.876077651977539
0.0001,2217.0,119.52031707763672,1.8760391473770142
0.0001,2218.0,119.52031707763672,1.8760004043579102
0.0001,2219.0,119.52030181884766,1.8759616613388062
0.0001,2220.0,119.5202865600586,1.8759233951568604
0.0001,2221.0,119.52027893066406,1.8758846521377563
0.0001,2222.0,119.520263671875,1.8758459091186523
0.0001,2223.0,119.52024841308594,1.875807523727417
0.0001,2224.0,119.52024841308594,1.875769019126892
0.0001,2225.0,119.5202407836914,1.8757307529449463
0.0001,2226.0,119.52021789550781,1.87569260597229
0.0001,2227.0,119.52021026611328,1.8756545782089233
0.0001,2228.0,119.52019500732422,1.875616431236267
0.0001,2229.0,119.52017974853516,1.8755779266357422
0.0001,2230.0,119.52017211914062,1.875539779663086
0.0001,2231.0,119.52017211914062,1.8755016326904297
0.0001,2232.0,119.52015686035156,1.875463843345642
0.0001,2233.0,119.52014923095703,1.875425934791565
0.0001,2234.0,119.52013397216797,1.8753877878189087
0.0001,2235.0,119.5201187133789,1.8753502368927002
0.0001,2236.0,119.52011108398438,1.8753122091293335
0.0001,2237.0,119.52009582519531,1.875274658203125
0.0001,2238.0,119.52008819580078,1.875237226486206
0.0001,2239.0,119.52007293701172,1.8751990795135498
0.0001,2240.0,119.52007293701172,1.8751615285873413
0.0001,2241.0,119.52005767822266,1.8751239776611328
0.0001,2242.0,119.52005004882812,1.8750865459442139
0.0001,2243.0,119.52003479003906,1.8750492334365845
0.0001,2244.0,119.52002716064453,1.875011682510376
0.0001,2245.0,119.52001190185547,1.874974012374878
0.0001,2246.0,119.5199966430664,1.8749370574951172
0.0001,2247.0,119.51998901367188,1.8748996257781982
0.0001,2248.0,119.51997375488281,1.8748626708984375
0.0001,2249.0,119.51996612548828,1.874825119972229
0.0001,2250.0,119.51995086669922,1.8747880458831787
0.0001,2251.0,119.51994323730469,1.8747508525848389
0.0001,2252.0,119.51993560791016,1.8747138977050781
0.0001,2253.0,119.5199203491211,1.8746769428253174
0.0001,2254.0,119.51991271972656,1.874639868736267
0.0001,2255.0,119.5198974609375,1.8746026754379272
0.0001,2256.0,119.51988220214844,1.874565839767456
0.0001,2257.0,119.51988220214844,1.874529480934143
0.0001,2258.0,119.51986694335938,1.8744924068450928
0.0001,2259.0,119.51985931396484,1.8744558095932007
0.0001,2260.0,119.51984405517578,1.8744194507598877
0.0001,2261.0,119.51982879638672,1.8743823766708374
0.0001,2262.0,119.51982879638672,1.8743457794189453
0.0001,2263.0,119.51981353759766,1.8743095397949219
0.0001,2264.0,119.51980590820312,1.8742729425430298
0.0001,2265.0,119.51979064941406,1.8742367029190063
0.0001,2266.0,119.51978302001953,1.8742001056671143
0.0001,2267.0,119.519775390625,1.8741633892059326
0.0001,2268.0,119.51976013183594,1.8741271495819092
0.0001,2269.0,119.51976013183594,1.8740911483764648
0.0001,2270.0,119.51974487304688,1.8740549087524414
0.0001,2271.0,119.51972961425781,1.874018669128418
0.0001,2272.0,119.51972961425781,1.8739824295043945
0.0001,2273.0,119.51971435546875,1.8739464282989502
0.0001,2274.0,119.51970672607422,1.873910665512085
0.0001,2275.0,119.51969909667969,1.8738744258880615
0.0001,2276.0,119.51968383789062,1.8738387823104858
0.0001,2277.0,119.5196762084961,1.8738025426864624
0.0001,2278.0,119.51966094970703,1.8737666606903076
0.0001,2279.0,119.51964569091797,1.873731017112732
0.0001,2280.0,119.51963806152344,1.8736950159072876
0.0001,2281.0,119.5196304321289,1.8736594915390015
0.0001,2282.0,119.51961517333984,1.8736236095428467
0.0001,2283.0,119.51961517333984,1.87358820438385
0.0001,2284.0,119.51959991455078,1.8735523223876953
0.0001,2285.0,119.51959228515625,1.8735166788101196
0.0001,2286.0,119.51958465576172,1.8734815120697021
0.0001,2287.0,119.51957702636719,1.8734461069107056
0.0001,2288.0,119.5195541381836,1.8734108209609985
0.0001,2289.0,119.51954650878906,1.8733751773834229
0.0001,2290.0,119.51953887939453,1.8733396530151367
0.0001,2291.0,119.51953125,1.8733047246932983
0.0001,2292.0,119.51952362060547,1.8732694387435913
0.0001,2293.0,119.51951599121094,1.8732341527938843
0.0001,2294.0,119.51950073242188,1.8731988668441772
0.0001,2295.0,119.51948547363281,1.8731639385223389
0.0001,2296.0,119.51948547363281,1.87312912940979
0.0001,2297.0,119.51947021484375,1.873093843460083
0.0001,2298.0,119.51946258544922,1.8730590343475342
0.0001,2299.0,119.51945495605469,1.8730239868164062
0.0001,2300.0,119.51943969726562,1.8729887008666992
0.0001,2301.0,119.51942443847656,1.8729541301727295
0.0001,2302.0,119.51941680908203,1.8729190826416016
0.0001,2303.0,119.51941680908203,1.872884750366211
0.0001,2304.0,119.51940155029297,1.8728500604629517
0.0001,2305.0,119.5193862915039,1.8728153705596924
0.0001,2306.0,119.51937866210938,1.8727805614471436
0.0001,2307.0,119.51937103271484,1.872746229171753
0.0001,2308.0,119.51936340332031,1.8727115392684937
0.0001,2309.0,119.51936340332031,1.872677206993103
0.0001,2310.0,119.51933288574219,1.8726427555084229
0.0001,2311.0,119.51933288574219,1.8726081848144531
0.0001,2312.0,119.51932525634766,1.8725740909576416
0.0001,2313.0,119.51932525634766,1.8725398778915405
0.0001,2314.0,119.51929473876953,1.8725054264068604
0.0001,2315.0,119.51929473876953,1.8724712133407593
0.0001,2316.0,119.519287109375,1.8724368810653687
0.0001,2317.0,119.519287109375,1.872402548789978
0.0001,2318.0,119.51925659179688,1.8723688125610352
0.0001,2319.0,119.51925659179688,1.8723347187042236
0.0001,2320.0,119.51924896240234,1.8723008632659912
0.0001,2321.0,119.51924896240234,1.8722667694091797
0.0001,2322.0,119.51922607421875,1.8722330331802368
0.0001,2323.0,119.51921844482422,1.8721988201141357
0.0001,2324.0,119.51921081542969,1.8721650838851929
0.0001,2325.0,119.51921081542969,1.872131109237671
0.0001,2326.0,119.5191879272461,1.872097373008728
0.0001,2327.0,119.5191879272461,1.8720638751983643
0.0001,2328.0,119.51918029785156,1.8720300197601318
0.0001,2329.0,119.5191650390625,1.871996521949768
0.0001,2330.0,119.51914978027344,1.8719629049301147
0.0001,2331.0,119.51914978027344,1.8719295263290405
0.0001,2332.0,119.51913452148438,1.8718960285186768
0.0001,2333.0,119.51912689208984,1.8718624114990234
0.0001,2334.0,119.51911926269531,1.8718290328979492
0.0001,2335.0,119.51910400390625,1.871795654296875
0.0001,2336.0,119.51910400390625,1.8717625141143799
0.0001,2337.0,119.51909637451172,1.8717288970947266
0.0001,2338.0,119.51908111572266,1.871695876121521
0.0001,2339.0,119.51907348632812,1.8716627359390259
0.0001,2340.0,119.51907348632812,1.8716294765472412
0.0001,2341.0,119.51905059814453,1.871596336364746
0.0001,2342.0,119.51905059814453,1.8715633153915405
0.0001,2343.0,119.51904296875,1.871530294418335
0.0001,2344.0,119.51902770996094,1.871497392654419
0.0001,2345.0,119.5190200805664,1.8714643716812134
0.0001,2346.0,119.51900482177734,1.8714313507080078
0.0001,2347.0,119.51900482177734,1.8713985681533813
0.0001,2348.0,119.51899719238281,1.8713657855987549
0.0001,2349.0,119.51898193359375,1.8713328838348389
0.0001,2350.0,119.51897430419922,1.8712999820709229
0.0001,2351.0,119.51895904541016,1.8712676763534546
0.0001,2352.0,119.51895141601562,1.871234655380249
0.0001,2353.0,119.51895141601562,1.8712022304534912
0.0001,2354.0,119.51893615722656,1.8711696863174438
0.0001,2355.0,119.51892852783203,1.871137022972107
0.0001,2356.0,119.5189208984375,1.8711045980453491
0.0001,2357.0,119.51891326904297,1.8710724115371704
0.0001,2358.0,119.51891326904297,1.8710397481918335
0.0001,2359.0,119.51889038085938,1.8710073232650757
0.0001,2360.0,119.51889038085938,1.8709754943847656
0.0001,2361.0,119.51887512207031,1.8709427118301392
0.0001,2362.0,119.51886749267578,1.87091064453125
0.0001,2363.0,119.51885986328125,1.8708782196044922
0.0001,2364.0,119.51885223388672,1.870846152305603
0.0001,2365.0,119.51883697509766,1.8708139657974243
0.0001,2366.0,119.51882934570312,1.8707822561264038
0.0001,2367.0,119.51882934570312,1.870749831199646
0.0001,2368.0,119.5188217163086,1.870718002319336
0.0001,2369.0,119.51881408691406,1.8706859350204468
0.0001,2370.0,119.518798828125,1.8706541061401367
0.0001,2371.0,119.51879119873047,1.8706220388412476
0.0001,2372.0,119.51878356933594,1.8705902099609375
0.0001,2373.0,119.5187759399414,1.870558738708496
0.0001,2374.0,119.51876068115234,1.870526671409607
0.0001,2375.0,119.51876068115234,1.8704952001571655
0.0001,2376.0,119.51874542236328,1.8704633712768555
0.0001,2377.0,119.51874542236328,1.870431661605835
0.0001,2378.0,119.51873016357422,1.870399832725525
0.0001,2379.0,119.51873016357422,1.8703685998916626
0.0001,2380.0,119.51871490478516,1.870336890220642
0.0001,2381.0,119.51870727539062,1.8703056573867798
0.0001,2382.0,119.5186996459961,1.8702741861343384
0.0001,2383.0,119.51869201660156,1.870242714881897
0.0001,2384.0,119.5186767578125,1.8702113628387451
0.0001,2385.0,119.51866912841797,1.8701801300048828
0.0001,2386.0,119.51866149902344,1.8701486587524414
0.0001,2387.0,119.51864624023438,1.8701175451278687
0.0001,2388.0,119.5186538696289,1.8700863122940063
0.0001,2389.0,119.51863098144531,1.8700551986694336
0.0001,2390.0,119.51863861083984,1.8700239658355713
0.0001,2391.0,119.51862335205078,1.869992971420288
0.0001,2392.0,119.51862335205078,1.8699619770050049
0.0001,2393.0,119.51860809326172,1.8699308633804321
0.0001,2394.0,119.51859283447266,1.8698999881744385
0.0001,2395.0,119.51859283447266,1.8698689937591553
0.0001,2396.0,119.5185775756836,1.869837999343872
0.0001,2397.0,119.5185775756836,1.8698070049285889
0.0001,2398.0,119.51856231689453,1.8697763681411743
0.0001,2399.0,119.51856231689453,1.8697454929351807
0.0001,2400.0,119.51854705810547,1.8697147369384766
0.0001,2401.0,119.51853942871094,1.8696842193603516
0.0001,2402.0,119.5185317993164,1.8696537017822266
0.0001,2403.0,119.51852416992188,1.8696229457855225
0.0001,2404.0,119.51850891113281,1.8695924282073975
0.0001,2405.0,119.51850891113281,1.869561791419983
0.0001,2406.0,119.51849365234375,1.869531273841858
0.0001,2407.0,119.51850128173828,1.8695011138916016
0.0001,2408.0,119.51848602294922,1.8694708347320557
0.0001,2409.0,119.51847076416016,1.8694404363632202
0.0001,2410.0,119.51847839355469,1.8694101572036743
0.0001,2411.0,119.5184555053711,1.8693797588348389
0.0001,2412.0,119.51844787597656,1.869349479675293
0.0001,2413.0,119.51844787597656,1.869319200515747
0.0001,2414.0,119.5184326171875,1.8692891597747803
0.0001,2415.0,119.51842498779297,1.8692586421966553
0.0001,2416.0,119.51842498779297,1.869228720664978
0.0001,2417.0,119.5184097290039,1.8691985607147217
0.0001,2418.0,119.51840209960938,1.8691686391830444
0.0001,2419.0,119.51840209960938,1.869138479232788
0.0001,2420.0,119.51838684082031,1.8691085577011108
0.0001,2421.0,119.51837921142578,1.8690786361694336
0.0001,2422.0,119.51837921142578,1.869049072265625
0.0001,2423.0,119.51836395263672,1.8690191507339478
0.0001,2424.0,119.51835632324219,1.86898934841156
0.0001,2425.0,119.51835632324219,1.868959665298462
0.0001,2426.0,119.51834106445312,1.8689296245574951
0.0001,2427.0,119.5183334350586,1.8689002990722656
0.0001,2428.0,119.51834106445312,1.868870496749878
0.0001,2429.0,119.51831817626953,1.8688405752182007
0.0001,2430.0,119.518310546875,1.8688112497329712
0.0001,2431.0,119.51830291748047,1.8687816858291626
0.0001,2432.0,119.51830291748047,1.868752121925354
0.0001,2433.0,119.5182876586914,1.868722677230835
0.0001,2434.0,119.51828002929688,1.8686931133270264
0.0001,2435.0,119.51828002929688,1.868664026260376
0.0001,2436.0,119.51827239990234,1.8686344623565674
0.0001,2437.0,119.51825714111328,1.868605375289917
0.0001,2438.0,119.51824951171875,1.8685760498046875
0.0001,2439.0,119.51824951171875,1.868546724319458
0.0001,2440.0,119.51824188232422,1.868517518043518
0.0001,2441.0,119.51823425292969,1.8684885501861572
0.0001,2442.0,119.51822662353516,1.8684591054916382
0.0001,2443.0,119.51821899414062,1.8684303760528564
0.0001,2444.0,119.5182113647461,1.868401288986206
0.0001,2445.0,119.51820373535156,1.8683723211288452
0.0001,2446.0,119.5181884765625,1.8683431148529053
0.0001,2447.0,119.51818084716797,1.8683143854141235
0.0001,2448.0,119.5181884765625,1.8682851791381836
0.0001,2449.0,119.51817321777344,1.8682563304901123
0.0001,2450.0,119.5181655883789,1.8682276010513306
0.0001,2451.0,119.51815032958984,1.8681989908218384
0.0001,2452.0,119.51814270019531,1.868170142173767
0.0001,2453.0,119.51814270019531,1.8681414127349854
0.0001,2454.0,119.51813507080078,1.8681128025054932
0.0001,2455.0,119.51812744140625,1.8680839538574219
0.0001,2456.0,119.51811981201172,1.8680555820465088
0.0001,2457.0,119.51810455322266,1.8680269718170166
0.0001,2458.0,119.51811218261719,1.8679983615875244
0.0001,2459.0,119.51810455322266,1.8679701089859009
0.0001,2460.0,119.5180892944336,1.8679414987564087
0.0001,2461.0,119.51808166503906,1.8679128885269165
0.0001,2462.0,119.51807403564453,1.8678843975067139
0.0001,2463.0,119.51806640625,1.8678563833236694
0.0001,2464.0,119.51806640625,1.8678280115127563
0.0001,2465.0,119.51805877685547,1.8677995204925537
0.0001,2466.0,119.51805114746094,1.8677715063095093
0.0001,2467.0,119.5180435180664,1.8677432537078857
0.0001,2468.0,119.51802825927734,1.8677151203155518
0.0001,2469.0,119.51802062988281,1.8676868677139282
0.0001,2470.0,119.51801300048828,1.8676588535308838
0.0001,2471.0,119.51801300048828,1.8676306009292603
0.0001,2472.0,119.51800537109375,1.8676025867462158
0.0001,2473.0,119.51800537109375,1.86757493019104
0.0001,2474.0,119.51799774169922,1.867546796798706
0.0001,2475.0,119.51799011230469,1.867518663406372
0.0001,2476.0,119.51797485351562,1.8674911260604858
0.0001,2477.0,119.5179672241211,1.8674633502960205
0.0001,2478.0,119.51795959472656,1.8674354553222656
0.0001,2479.0,119.51795196533203,1.8674074411392212
0.0001,2480.0,119.51795196533203,1.8673795461654663
0.0001,2481.0,119.5179443359375,1.8673521280288696
0.0001,2482.0,119.5179443359375,1.8673244714736938
0.0001,2483.0,119.51793670654297,1.867296814918518
0.0001,2484.0,119.5179214477539,1.8672691583633423
0.0001,2485.0,119.51791381835938,1.867241621017456
0.0001,2486.0,119.51790618896484,1.8672142028808594
0.0001,2487.0,119.51789855957031,1.8671867847442627
0.0001,2488.0,119.51789855957031,1.867159128189087
0.0001,2489.0,119.51788330078125,1.8671315908432007
0.0001,2490.0,119.51787567138672,1.8671042919158936
0.0001,2491.0,119.51786804199219,1.867077112197876
0.0001,2492.0,119.51786804199219,1.8670499324798584
0.0001,2493.0,119.51786804199219,1.8670225143432617
0.0001,2494.0,119.51786041259766,1.8669952154159546
0.0001,2495.0,119.51785278320312,1.8669679164886475
0.0001,2496.0,119.5178451538086,1.8669407367706299
0.0001,2497.0,119.51783752441406,1.8669135570526123
0.0001,2498.0,119.51782989501953,1.8668863773345947
0.0001,2499.0,119.517822265625,1.8668594360351562
0.0001,2500.0,119.517822265625,1.8668324947357178
0.0001,2501.0,119.51781463623047,1.8668053150177002
0.0001,2502.0,119.5177993774414,1.8667783737182617
0.0001,2503.0,119.51779174804688,1.8667516708374023
0.0001,2504.0,119.51779174804688,1.866724967956543
0.0001,2505.0,119.51778411865234,1.8666976690292358
0.0001,2506.0,119.51777648925781,1.8666709661483765
0.0001,2507.0,119.51776885986328,1.866644263267517
0.0001,2508.0,119.51776123046875,1.8666175603866577
0.0001,2509.0,119.51776123046875,1.8665907382965088
0.0001,2510.0,119.51775360107422,1.8665640354156494
0.0001,2511.0,119.51774597167969,1.8665374517440796
0.0001,2512.0,119.51773834228516,1.8665106296539307
0.0001,2513.0,119.51773071289062,1.8664839267730713
0.0001,2514.0,119.5177230834961,1.8664577007293701
0.0001,2515.0,119.5177230834961,1.8664312362670898
0.0001,2516.0,119.51771545410156,1.8664041757583618
0.0001,2517.0,119.51770782470703,1.8663780689239502
0.0001,2518.0,119.5177001953125,1.8663517236709595
0.0001,2519.0,119.51769256591797,1.8663256168365479
0.0001,2520.0,119.51769256591797,1.866299033164978
0.0001,2521.0,119.51766967773438,1.8662726879119873
0.0001,2522.0,119.51766967773438,1.8662464618682861
0.0001,2523.0,119.51766204833984,1.8662198781967163
0.0001,2524.0,119.51765441894531,1.8661940097808838
0.0001,2525.0,119.51764678955078,1.866167664527893
0.0001,2526.0,119.51764678955078,1.8661415576934814
0.0001,2527.0,119.51763916015625,1.8661153316497803
0.0001,2528.0,119.51763916015625,1.8660894632339478
0.0001,2529.0,119.51762390136719,1.8660633563995361
0.0001,2530.0,119.51762390136719,1.8660376071929932
0.0001,2531.0,119.51761627197266,1.8660112619400024
0.0001,2532.0,119.51761627197266,1.8659855127334595
0.0001,2533.0,119.51760864257812,1.8659595251083374
0.0001,2534.0,119.5176010131836,1.8659336566925049
0.0001,2535.0,119.51758575439453,1.865907907485962
0.0001,2536.0,119.517578125,1.8658819198608398
0.0001,2537.0,119.51757049560547,1.865856409072876
0.0001,2538.0,119.51757049560547,1.865830659866333
0.0001,2539.0,119.51756286621094,1.8658044338226318
0.0001,2540.0,119.51756286621094,1.865778923034668
0.0001,2541.0,119.5175552368164,1.865753412246704
0.0001,2542.0,119.51754760742188,1.865727424621582
0.0001,2543.0,119.51754760742188,1.8657022714614868
0.0001,2544.0,119.51752471923828,1.8656766414642334
0.0001,2545.0,119.51752471923828,1.8656508922576904
0.0001,2546.0,119.51752471923828,1.8656259775161743
0.0001,2547.0,119.51751708984375,1.8656005859375
0.0001,2548.0,119.51750946044922,1.865574836730957
0.0001,2549.0,119.51750946044922,1.8655493259429932
0.0001,2550.0,119.51750183105469,1.8655240535736084
0.0001,2551.0,119.51748657226562,1.8654989004135132
0.0001,2552.0,119.5174789428711,1.8654735088348389
0.0001,2553.0,119.5174789428711,1.865448236465454
0.0001,2554.0,119.5174789428711,1.8654232025146484
0.0001,2555.0,119.51747131347656,1.8653980493545532
0.0001,2556.0,119.51746368408203,1.865372657775879
0.0001,2557.0,119.51744842529297,1.8653476238250732
0.0001,2558.0,119.51744842529297,1.865322470664978
0.0001,2559.0,119.51744079589844,1.865297555923462
0.0001,2560.0,119.51744079589844,1.8652725219726562
0.0001,2561.0,119.51744079589844,1.8652474880218506
0.0001,2562.0,119.51741790771484,1.865222692489624
0.0001,2563.0,119.51741790771484,1.8651975393295288
0.0001,2564.0,119.51741027832031,1.8651727437973022
0.0001,2565.0,119.51741027832031,1.8651479482650757
0.0001,2566.0,119.51740264892578,1.8651231527328491
0.0001,2567.0,119.51738739013672,1.865098237991333
0.0001,2568.0,119.51738739013672,1.865073561668396
0.0001,2569.0,119.51738739013672,1.8650487661361694
0.0001,2570.0,119.51738739013672,1.8650239706039429
0.0001,2571.0,119.51737213134766,1.8649994134902954
0.0001,2572.0,119.51736450195312,1.8649747371673584
0.0001,2573.0,119.5173568725586,1.864950180053711
0.0001,2574.0,119.5173568725586,1.8649253845214844
0.0001,2575.0,119.5173568725586,1.8649011850357056
0.0001,2576.0,119.517333984375,1.864876389503479
0.0001,2577.0,119.517333984375,1.8648521900177002
0.0001,2578.0,119.517333984375,1.8648277521133423
0.0001,2579.0,119.517333984375,1.8648030757904053
0.0001,2580.0,119.51732635498047,1.8647788763046265
0.0001,2581.0,119.51731872558594,1.8647544384002686
0.0001,2582.0,119.51730346679688,1.864729881286621
0.0001,2583.0,119.51730346679688,1.8647058010101318
0.0001,2584.0,119.51728820800781,1.864681601524353
0.0001,2585.0,119.51728820800781,1.8646574020385742
0.0001,2586.0,119.51728820800781,1.864633321762085
0.0001,2587.0,119.51728820800781,1.8646090030670166
0.0001,2588.0,119.51727294921875,1.8645849227905273
0.0001,2589.0,119.51727294921875,1.8645607233047485
0.0001,2590.0,119.51727294921875,1.8645366430282593
0.0001,2591.0,119.51726531982422,1.8645128011703491
0.0001,2592.0,119.51725769042969,1.8644888401031494
0.0001,2593.0,119.51724243164062,1.864464521408081
0.0001,2594.0,119.51724243164062,1.86444091796875
0.0001,2595.0,119.51722717285156,1.864417314529419
0.0001,2596.0,119.51722717285156,1.864392876625061
0.0001,2597.0,119.51722717285156,1.8643687963485718
0.0001,2598.0,119.5172119140625,1.8643453121185303
0.0001,2599.0,119.5172119140625,1.8643214702606201
0.0001,2600.0,119.5172119140625,1.864297866821289
0.0001,2601.0,119.5172119140625,1.8642737865447998
0.0001,2602.0,119.51719665527344,1.8642504215240479
0.0001,2603.0,119.51719665527344,1.8642266988754272
0.0001,2604.0,119.5171890258789,1.8642034530639648
0.0001,2605.0,119.51718139648438,1.8641793727874756
0.0001,2606.0,119.51717376708984,1.8641557693481445
0.0001,2607.0,119.51717376708984,1.8641325235366821
0.0001,2608.0,119.51715850830078,1.864108681678772
0.0001,2609.0,119.51715850830078,1.8640854358673096
0.0001,2610.0,119.51715850830078,1.864061951637268
0.0001,2611.0,119.51715087890625,1.8640382289886475
0.0001,2612.0,119.51715087890625,1.8640152215957642
0.0001,2613.0,119.51713562011719,1.8639917373657227
0.0001,2614.0,119.51713562011719,1.8639686107635498
0.0001,2615.0,119.51713562011719,1.8639450073242188
0.0001,2616.0,119.51712036132812,1.863921880722046
0.0001,2617.0,119.51712036132812,1.863898515701294
0.0001,2618.0,119.51712036132812,1.863875389099121
0.0001,2619.0,119.51710510253906,1.8638519048690796
0.0001,2620.0,119.51710510253906,1.8638290166854858
0.0001,2621.0,119.51708984375,1.8638057708740234
0.0001,2622.0,119.51709747314453,1.8637828826904297
0.0001,2623.0,119.51708984375,1.8637597560882568
0.0001,2624.0,119.51708221435547,1.8637367486953735
0.0001,2625.0,119.51707458496094,1.8637138605117798
0.0001,2626.0,119.51707458496094,1.863690733909607
0.0001,2627.0,119.51705932617188,1.8636678457260132
0.0001,2628.0,119.51705932617188,1.8636449575424194
0.0001,2629.0,119.51705169677734,1.8636220693588257
0.0001,2630.0,119.51705169677734,1.863599181175232
0.0001,2631.0,119.51703643798828,1.8635765314102173
0.0001,2632.0,119.51703643798828,1.8635536432266235
0.0001,2633.0,119.51703643798828,1.8635308742523193
0.0001,2634.0,119.51702880859375,1.8635082244873047
0.0001,2635.0,119.51702880859375,1.863485336303711
0.0001,2636.0,119.51701354980469,1.8634628057479858
0.0001,2637.0,119.51701354980469,1.8634401559829712
0.0001,2638.0,119.51699829101562,1.8634178638458252
0.0001,2639.0,119.51700592041016,1.8633949756622314
0.0001,2640.0,119.51700592041016,1.8633724451065063
0.0001,2641.0,119.5169906616211,1.8633501529693604
0.0001,2642.0,119.5169906616211,1.8633276224136353
0.0001,2643.0,119.51698303222656,1.8633050918579102
0.0001,2644.0,119.51698303222656,1.863282561302185
0.0001,2645.0,119.5169677734375,1.863260269165039
0.0001,2646.0,119.51697540283203,1.863237738609314
0.0001,2647.0,119.51696014404297,1.863215446472168
0.0001,2648.0,119.51696014404297,1.863193154335022
0.0001,2649.0,119.5169448852539,1.863170862197876
0.0001,2650.0,119.51695251464844,1.8631486892700195
0.0001,2651.0,119.51695251464844,1.863126516342163
0.0001,2652.0,119.51693725585938,1.8631041049957275
0.0001,2653.0,119.5169448852539,1.8630821704864502
0.0001,2654.0,119.51692962646484,1.8630599975585938
0.0001,2655.0,119.51692962646484,1.8630378246307373
0.0001,2656.0,119.51692199707031,1.8630155324935913
0.0001,2657.0,119.51692199707031,1.862993836402893
0.0001,2658.0,119.51690673828125,1.862971544265747
0.0001,2659.0,119.51691436767578,1.8629493713378906
0.0001,2660.0,119.51689910888672,1.8629274368286133
0.0001,2661.0,119.51689910888672,1.862905502319336
0.0001,2662.0,119.51689147949219,1.8628835678100586
0.0001,2663.0,119.51689147949219,1.8628618717193604
0.0001,2664.0,119.51688385009766,1.862839937210083
0.0001,2665.0,119.51688385009766,1.8628180027008057
0.0001,2666.0,119.5168685913086,1.862796425819397
0.0001,2667.0,119.51687622070312,1.8627746105194092
0.0001,2668.0,119.51686096191406,1.862752914428711
0.0001,2669.0,119.51685333251953,1.8627312183380127
0.0001,2670.0,119.51685333251953,1.862709641456604
0.0001,2671.0,119.516845703125,1.8626878261566162
0.0001,2672.0,119.516845703125,1.862666368484497
0.0001,2673.0,119.51683044433594,1.8626445531845093
0.0001,2674.0,119.51683807373047,1.862622857093811
0.0001,2675.0,119.5168228149414,1.8626015186309814
0.0001,2676.0,119.51683044433594,1.8625799417495728
0.0001,2677.0,119.51681518554688,1.8625586032867432
0.0001,2678.0,119.5168228149414,1.8625367879867554
0.0001,2679.0,119.51680755615234,1.8625156879425049
0.0001,2680.0,119.51679992675781,1.8624944686889648
0.0001,2681.0,119.51679992675781,1.8624728918075562
0.0001,2682.0,119.51679229736328,1.8624515533447266
0.0001,2683.0,119.51679229736328,1.8624303340911865
0.0001,2684.0,119.51678466796875,1.862408995628357
0.0001,2685.0,119.51678466796875,1.8623874187469482
0.0001,2686.0,119.51677703857422,1.8623666763305664
0.0001,2687.0,119.51676177978516,1.8623450994491577
0.0001,2688.0,119.51676940917969,1.8623241186141968
0.0001,2689.0,119.51675415039062,1.8623030185699463
0.0001,2690.0,119.51676177978516,1.8622817993164062
0.0001,2691.0,119.5167465209961,1.8622605800628662
0.0001,2692.0,119.5167465209961,1.8622395992279053
0.0001,2693.0,119.5167465209961,1.8622188568115234
0.0001,2694.0,119.51673889160156,1.8621975183486938
0.0001,2695.0,119.51673889160156,1.8621762990951538
0.0001,2696.0,119.51673126220703,1.862155556678772
0.0001,2697.0,119.5167236328125,1.8621349334716797
0.0001,2698.0,119.51673126220703,1.8621137142181396
0.0001,2699.0,119.51671600341797,1.8620929718017578
0.0001,2700.0,119.5167236328125,1.862072229385376
0.0001,2701.0,119.51670837402344,1.862051010131836
0.0001,2702.0,119.5167007446289,1.8620306253433228
0.0001,2703.0,119.51670837402344,1.8620094060897827
0.0001,2704.0,119.51669311523438,1.8619890213012695
0.0001,2705.0,119.51668548583984,1.8619683980941772
0.0001,2706.0,119.51669311523438,1.8619472980499268
0.0001,2707.0,119.51667785644531,1.8619270324707031
0.0001,2708.0,119.51667022705078,1.8619062900543213
0.0001,2709.0,119.51667022705078,1.8618857860565186
0.0001,2710.0,119.51666259765625,1.8618652820587158
0.0001,2711.0,119.51667022705078,1.8618446588516235
0.0001,2712.0,119.51665496826172,1.8618240356445312
0.0001,2713.0,119.51665496826172,1.861803412437439
0.0001,2714.0,119.51665496826172,1.8617830276489258
0.0001,2715.0,119.51665496826172,1.8617627620697021
0.0001,2716.0,119.51663970947266,1.8617422580718994
0.0001,2717.0,119.51664733886719,1.8617217540740967
0.0001,2718.0,119.51663970947266,1.8617017269134521
0.0001,2719.0,119.5166244506836,1.8616809844970703
0.0001,2720.0,119.51661682128906,1.8616609573364258
0.0001,2721.0,119.5166244506836,1.8616405725479126
0.0001,2722.0,119.51660919189453,1.861620545387268
0.0001,2723.0,119.5166015625,1.8616001605987549
0.0001,2724.0,119.51660919189453,1.8615796566009521
0.0001,2725.0,119.5166015625,1.8615598678588867
0.0001,2726.0,119.51659393310547,1.861539602279663
0.0001,2727.0,119.51659393310547,1.861519455909729
0.0001,2728.0,119.51659393310547,1.861499547958374
0.0001,2729.0,119.51658630371094,1.86147940158844
0.0001,2730.0,119.51659393310547,1.8614593744277954
0.0001,2731.0,119.5165786743164,1.8614393472671509
0.0001,2732.0,119.51657104492188,1.861419439315796
0.0001,2733.0,119.51656341552734,1.8613996505737305
0.0001,2734.0,119.51657104492188,1.8613793849945068
0.0001,2735.0,119.51656341552734,1.8613595962524414
0.0001,2736.0,119.51654815673828,1.8613395690917969
0.0001,2737.0,119.51655578613281,1.8613201379776
0.0001,2738.0,119.51654815673828,1.8612998723983765
0.0001,2739.0,119.51654815673828,1.8612804412841797
0.0001,2740.0,119.51654052734375,1.8612606525421143
0.0001,2741.0,119.51654052734375,1.8612407445907593
0.0001,2742.0,119.51653289794922,1.8612210750579834
0.0001,2743.0,119.51652526855469,1.8612010478973389
0.0001,2744.0,119.51651763916016,1.861181616783142
0.0001,2745.0,119.51652526855469,1.8611619472503662
0.0001,2746.0,119.51651763916016,1.8611423969268799
0.0001,2747.0,119.51651000976562,1.861122488975525
0.0001,2748.0,119.51651000976562,1.8611032962799072
0.0001,2749.0,119.5165023803711,1.8610836267471313
0.0001,2750.0,119.5165023803711,1.8610641956329346
0.0001,2751.0,119.51649475097656,1.8610445261001587
0.0001,2752.0,119.51648712158203,1.8610252141952515
0.0001,2753.0,119.5164794921875,1.8610057830810547
0.0001,2754.0,119.51648712158203,1.8609861135482788
0.0001,2755.0,119.5164794921875,1.8609669208526611
0.0001,2756.0,119.51647186279297,1.860947847366333
0.0001,2757.0,119.51647186279297,1.8609285354614258
0.0001,2758.0,119.51647186279297,1.8609092235565186
0.0001,2759.0,119.51647186279297,1.8608896732330322
0.0001,2760.0,119.5164566040039,1.860870361328125
0.0001,2761.0,119.51644897460938,1.8608512878417969
0.0001,2762.0,119.51644134521484,1.8608318567276
0.0001,2763.0,119.51644897460938,1.8608129024505615
0.0001,2764.0,119.51644134521484,1.8607937097549438
0.0001,2765.0,119.51643371582031,1.8607746362686157
0.0001,2766.0,119.51643371582031,1.8607553243637085
0.0001,2767.0,119.51642608642578,1.8607362508773804
0.0001,2768.0,119.51643371582031,1.8607171773910522
0.0001,2769.0,119.51642608642578,1.8606984615325928
0.0001,2770.0,119.51641845703125,1.8606793880462646
0.0001,2771.0,119.51641082763672,1.860660195350647
0.0001,2772.0,119.51640319824219,1.8606411218643188
0.0001,2773.0,119.51640319824219,1.8606224060058594
0.0001,2774.0,119.51640319824219,1.8606035709381104
0.0001,2775.0,119.51640319824219,1.8605846166610718
0.0001,2776.0,119.51639556884766,1.8605655431747437
0.0001,2777.0,119.51638793945312,1.8605470657348633
0.0001,2778.0,119.5163803100586,1.8605282306671143
0.0001,2779.0,119.51637268066406,1.8605092763900757
0.0001,2780.0,119.5163803100586,1.8604905605316162
0.0001,2781.0,119.51637268066406,1.8604719638824463
0.0001,2782.0,119.5163803100586,1.8604532480239868
0.0001,2783.0,119.51637268066406,1.8604347705841064
0.0001,2784.0,119.51636505126953,1.860416054725647
0.0001,2785.0,119.516357421875,1.8603973388671875
0.0001,2786.0,119.51634979248047,1.860378623008728
0.0001,2787.0,119.516357421875,1.8603601455688477
0.0001,2788.0,119.51634979248047,1.8603413105010986
0.0001,2789.0,119.51634979248047,1.8603229522705078
0.0001,2790.0,119.51634216308594,1.8603044748306274
0.0001,2791.0,119.5163345336914,1.860285997390747
0.0001,2792.0,119.51632690429688,1.8602674007415771
0.0001,2793.0,119.51632690429688,1.8602491617202759
0.0001,2794.0,119.51632690429688,1.8602306842803955
0.0001,2795.0,119.51632690429688,1.8602120876312256
0.0001,2796.0,119.51632690429688,1.8601938486099243
0.0001,2797.0,119.51631927490234,1.8601757287979126
0.0001,2798.0,119.51631164550781,1.8601576089859009
0.0001,2799.0,119.51630401611328,1.8601391315460205
0.0001,2800.0,119.51630401611328,1.8601210117340088
0.0001,2801.0,119.51630401611328,1.8601024150848389
0.0001,2802.0,119.51629638671875,1.8600842952728271
0.0001,2803.0,119.51628875732422,1.8600660562515259
0.0001,2804.0,119.51629638671875,1.8600479364395142
0.0001,2805.0,119.51628875732422,1.860029935836792
0.0001,2806.0,119.51628875732422,1.8600116968154907
0.0001,2807.0,119.51628112792969,1.8599936962127686
0.0001,2808.0,119.51628112792969,1.8599755764007568
0.0001,2809.0,119.51627349853516,1.8599574565887451
0.0001,2810.0,119.51626586914062,1.8599395751953125
0.0001,2811.0,119.51626586914062,1.8599214553833008
0.0001,2812.0,119.5162582397461,1.8599035739898682
0.0001,2813.0,119.5162582397461,1.859885573387146
0.0001,2814.0,119.51625061035156,1.8598674535751343
0.0001,2815.0,119.51624298095703,1.8598501682281494
0.0001,2816.0,119.51624298095703,1.8598318099975586
0.0001,2817.0,119.5162353515625,1.8598136901855469
0.0001,2818.0,119.51624298095703,1.859796166419983
0.0001,2819.0,119.5162353515625,1.8597784042358398
0.0001,2820.0,119.51624298095703,1.8597608804702759
0.0001,2821.0,119.5162353515625,1.8597427606582642
0.0001,2822.0,119.51622772216797,1.8597252368927002
0.0001,2823.0,119.51622009277344,1.8597074747085571
0.0001,2824.0,119.51622009277344,1.859689474105835
0.0001,2825.0,119.51622009277344,1.8596725463867188
0.0001,2826.0,119.5162124633789,1.859654426574707
0.0001,2827.0,119.5162124633789,1.859636664390564
0.0001,2828.0,119.51620483398438,1.859619379043579
0.0001,2829.0,119.51619720458984,1.8596017360687256
0.0001,2830.0,119.51620483398438,1.859583854675293
0.0001,2831.0,119.51619720458984,1.8595666885375977
0.0001,2832.0,119.51618957519531,1.8595489263534546
0.0001,2833.0,119.51618194580078,1.8595316410064697
0.0001,2834.0,119.51618194580078,1.8595139980316162
0.0001,2835.0,119.51618194580078,1.859496831893921
0.0001,2836.0,119.51617431640625,1.859479308128357
0.0001,2837.0,119.51617431640625,1.859462022781372
0.0001,2838.0,119.51616668701172,1.8594448566436768
0.0001,2839.0,119.51615905761719,1.8594272136688232
0.0001,2840.0,119.51616668701172,1.859410047531128
0.0001,2841.0,119.51615905761719,1.859392762184143
0.0001,2842.0,119.51615905761719,1.8593753576278687
0.0001,2843.0,119.51615142822266,1.8593580722808838
0.0001,2844.0,119.51614379882812,1.8593409061431885
0.0001,2845.0,119.51615142822266,1.8593238592147827
0.0001,2846.0,119.51614379882812,1.8593063354492188
0.0001,2847.0,119.51614379882812,1.859289526939392
0.0001,2848.0,119.5161361694336,1.8592723608016968
0.0001,2849.0,119.51612854003906,1.8592551946640015
0.0001,2850.0,119.5161361694336,1.8592380285263062
0.0001,2851.0,119.51612854003906,1.85922110080719
0.0001,2852.0,119.51612854003906,1.8592039346694946
0.0001,2853.0,119.51612091064453,1.859187126159668
0.0001,2854.0,119.51611328125,1.8591699600219727
0.0001,2855.0,119.51612091064453,1.859153389930725
0.0001,2856.0,119.51611328125,1.8591362237930298
0.0001,2857.0,119.51611328125,1.859119176864624
0.0001,2858.0,119.51610565185547,1.859102487564087
0.0001,2859.0,119.51610565185547,1.8590854406356812
0.0001,2860.0,119.51610565185547,1.859068512916565
0.0001,2861.0,119.51608276367188,1.8590517044067383
0.0001,2862.0,119.51608276367188,1.8590348958969116
0.0001,2863.0,119.51608276367188,1.8590179681777954
0.0001,2864.0,119.51608276367188,1.8590011596679688
0.0001,2865.0,119.51607513427734,1.8589847087860107
0.0001,2866.0,119.51607513427734,1.8589680194854736
0.0001,2867.0,119.51606750488281,1.8589513301849365
0.0001,2868.0,119.51607513427734,1.8589346408843994
0.0001,2869.0,119.51606750488281,1.8589178323745728
0.0001,2870.0,119.51606750488281,1.8589013814926147
0.0001,2871.0,119.51605987548828,1.858884572982788
0.0001,2872.0,119.51605987548828,1.8588682413101196
0.0001,2873.0,119.51605987548828,1.858851671218872
0.0001,2874.0,119.51605987548828,1.858834981918335
0.0001,2875.0,119.51605224609375,1.8588184118270874
0.0001,2876.0,119.51604461669922,1.8588018417358398
0.0001,2877.0,119.51603698730469,1.8587853908538818
0.0001,2878.0,119.51603698730469,1.858769416809082
0.0001,2879.0,119.51603698730469,1.8587526082992554
0.0001,2880.0,119.51602935791016,1.8587363958358765
0.0001,2881.0,119.51603698730469,1.8587195873260498
0.0001,2882.0,119.51602935791016,1.8587032556533813
0.0001,2883.0,119.51602935791016,1.8586870431900024
0.0001,2884.0,119.51602172851562,1.858670949935913
0.0001,2885.0,119.5160140991211,1.8586543798446655
0.0001,2886.0,119.51600646972656,1.8586384057998657
0.0001,2887.0,119.51600646972656,1.8586219549179077
0.0001,2888.0,119.51600646972656,1.8586057424545288
0.0001,2889.0,119.51600646972656,1.858589768409729
0.0001,2890.0,119.51600646972656,1.858573317527771
0.0001,2891.0,119.51599884033203,1.858557105064392
0.0001,2892.0,119.51599884033203,1.8585411310195923
0.0001,2893.0,119.51599884033203,1.8585249185562134
0.0001,2894.0,119.51598358154297,1.858508825302124
0.0001,2895.0,119.51598358154297,1.8584928512573242
0.0001,2896.0,119.51597595214844,1.8584766387939453
0.0001,2897.0,119.51598358154297,1.8584606647491455
0.0001,2898.0,119.51598358154297,1.8584445714950562
0.0001,2899.0,119.51597595214844,1.8584285974502563
0.0001,2900.0,119.51597595214844,1.8584129810333252
0.0001,2901.0,119.5159683227539,1.8583968877792358
0.0001,2902.0,119.51596069335938,1.858380913734436
0.0001,2903.0,119.51596069335938,1.8583648204803467
0.0001,2904.0,119.51596069335938,1.858349084854126
0.0001,2905.0,119.51596069335938,1.8583332300186157
0.0001,2906.0,119.51596069335938,1.8583173751831055
0.0001,2907.0,119.51594543457031,1.8583017587661743
0.0001,2908.0,119.51594543457031,1.8582855463027954
0.0001,2909.0,119.51594543457031,1.8582700490951538
0.0001,2910.0,119.51594543457031,1.858254075050354
0.0001,2911.0,119.51593780517578,1.8582384586334229
0.0001,2912.0,119.51593780517578,1.8582227230072021
0.0001,2913.0,119.51593017578125,1.8582069873809814
0.0001,2914.0,119.51592254638672,1.8581912517547607
0.0001,2915.0,119.51592254638672,1.8581758737564087
0.0001,2916.0,119.51593017578125,1.8581600189208984
0.0001,2917.0,119.51593017578125,1.8581444025039673
0.0001,2918.0,119.51592254638672,1.8581287860870361
0.0001,2919.0,119.51591491699219,1.8581132888793945
0.0001,2920.0,119.51591491699219,1.858097791671753
0.0001,2921.0,119.51590728759766,1.8580824136734009
0.0001,2922.0,119.51590728759766,1.8580667972564697
0.0001,2923.0,119.51590728759766,1.8580513000488281
0.0001,2924.0,119.51589965820312,1.8580360412597656
0.0001,2925.0,119.5158920288086,1.8580204248428345
0.0001,2926.0,119.5158920288086,1.858005166053772
0.0001,2927.0,119.51589965820312,1.8579896688461304
0.0001,2928.0,119.51588439941406,1.8579738140106201
0.0001,2929.0,119.51587677001953,1.8579587936401367
0.0001,2930.0,119.51588439941406,1.8579437732696533
0.0001,2931.0,119.51588439941406,1.8579282760620117
0.0001,2932.0,119.51588439941406,1.8579130172729492
0.0001,2933.0,119.51587677001953,1.8578977584838867
0.0001,2934.0,119.515869140625,1.8578824996948242
0.0001,2935.0,119.515869140625,1.8578670024871826
0.0001,2936.0,119.515869140625,1.8578519821166992
0.0001,2937.0,119.51586151123047,1.8578367233276367
0.0001,2938.0,119.51586151123047,1.8578214645385742
0.0001,2939.0,119.51585388183594,1.8578065633773804
0.0001,2940.0,119.51585388183594,1.8577913045883179
0.0001,2941.0,119.51586151123047,1.8577760457992554
0.0001,2942.0,119.5158462524414,1.8577611446380615
0.0001,2943.0,119.5158462524414,1.8577461242675781
0.0001,2944.0,119.51585388183594,1.8577308654785156
0.0001,2945.0,119.5158462524414,1.8577158451080322
0.0001,2946.0,119.51583099365234,1.8577009439468384
0.0001,2947.0,119.51583862304688,1.8576860427856445
0.0001,2948.0,119.51583862304688,1.8576710224151611
0.0001,2949.0,119.51583862304688,1.8576558828353882
0.0001,2950.0,119.51583099365234,1.8576412200927734
0.0001,2951.0,119.51582336425781,1.8576263189315796
0.0001,2952.0,119.51582336425781,1.8576112985610962
0.0001,2953.0,119.51581573486328,1.8575963973999023
0.0001,2954.0,119.51581573486328,1.8575814962387085
0.0001,2955.0,119.51581573486328,1.8575670719146729
0.0001,2956.0,119.51581573486328,1.857552170753479
0.0001,2957.0,119.51580810546875,1.8575372695922852
0.0001,2958.0,119.51580810546875,1.8575222492218018
0.0001,2959.0,119.51580810546875,1.8575079441070557
0.0001,2960.0,119.51580047607422,1.8574928045272827
0.0001,2961.0,119.51579284667969,1.857478380203247
0.0001,2962.0,119.51579284667969,1.8574635982513428
0.0001,2963.0,119.51579284667969,1.8574491739273071
0.0001,2964.0,119.51578521728516,1.8574342727661133
0.0001,2965.0,119.51578521728516,1.857419729232788
0.0001,2966.0,119.51578521728516,1.8574050664901733
0.0001,2967.0,119.51579284667969,1.8573906421661377
0.0001,2968.0,119.51577758789062,1.8573757410049438
0.0001,2969.0,119.51577758789062,1.8573614358901978
0.0001,2970.0,119.51578521728516,1.857346773147583
0.0001,2971.0,119.5157699584961,1.8573325872421265
0.0001,2972.0,119.5157699584961,1.8573181629180908
0.0001,2973.0,119.51577758789062,1.8573033809661865
0.0001,2974.0,119.51576232910156,1.8572893142700195
0.0001,2975.0,119.51576232910156,1.8572746515274048
0.0001,2976.0,119.5157699584961,1.8572601079940796
0.0001,2977.0,119.5157470703125,1.8572458028793335
0.0001,2978.0,119.5157470703125,1.8572313785552979
0.0001,2979.0,119.51575469970703,1.8572171926498413
0.0001,2980.0,119.51573944091797,1.8572027683258057
0.0001,2981.0,119.51573944091797,1.8571884632110596
0.0001,2982.0,119.5157470703125,1.857174277305603
0.0001,2983.0,119.51573181152344,1.857159972190857
0.0001,2984.0,119.51573181152344,1.8571456670761108
0.0001,2985.0,119.51573944091797,1.8571312427520752
0.0001,2986.0,119.5157241821289,1.8571172952651978
0.0001,2987.0,119.5157241821289,1.8571027517318726
0.0001,2988.0,119.51573181152344,1.8570886850357056
0.0001,2989.0,119.51571655273438,1.8570747375488281
0.0001,2990.0,119.51571655273438,1.857060432434082
0.0001,2991.0,119.51573181152344,1.857046127319336
0.0001,2992.0,119.51571655273438,1.8570321798324585
0.0001,2993.0,119.51571655273438,1.8570184707641602
0.0001,2994.0,119.5157241821289,1.857003927230835
0.0001,2995.0,119.51570892333984,1.8569902181625366
0.0001,2996.0,119.51570892333984,1.8569759130477905
0.0001,2997.0,119.51571655273438,1.8569622039794922
0.0001,2998.0,119.51570129394531,1.8569481372833252
0.0001,2999.0,119.51570129394531,1.8569339513778687
0.0001,3000.0,119.51569366455078,1.8569202423095703
0.0001,3001.0,119.51569366455078,1.8569062948226929
0.0001,3002.0,119.51569366455078,1.8568923473358154
0.0001,3003.0,119.51568603515625,1.8568782806396484
0.0001,3004.0,119.51568603515625,1.8568646907806396
0.0001,3005.0,119.51568603515625,1.8568506240844727
0.0001,3006.0,119.51567840576172,1.8568370342254639
0.0001,3007.0,119.51568603515625,1.8568229675292969
0.0001,3008.0,119.51567840576172,1.856809377670288
0.0001,3009.0,119.51567840576172,1.8567956686019897
0.0001,3010.0,119.51567840576172,1.8567817211151123
0.0001,3011.0,119.51567077636719,1.856768250465393
0.0001,3012.0,119.51567077636719,1.8567543029785156
0.0001,3013.0,119.51566314697266,1.8567405939102173
0.0001,3014.0,119.51566314697266,1.856726884841919
0.0001,3015.0,119.51566314697266,1.8567132949829102
0.0001,3016.0,119.51566314697266,1.8566997051239014
0.0001,3017.0,119.51566314697266,1.8566862344741821
0.0001,3018.0,119.5156478881836,1.8566722869873047
0.0001,3019.0,119.51565551757812,1.856658935546875
0.0001,3020.0,119.51565551757812,1.8566452264785767
0.0001,3021.0,119.51564025878906,1.856631875038147
0.0001,3022.0,119.51565551757812,1.8566182851791382
0.0001,3023.0,119.51564025878906,1.8566045761108398
0.0001,3024.0,119.51564025878906,1.8565912246704102
0.0001,3025.0,119.5156478881836,1.8565781116485596
0.0001,3026.0,119.51563262939453,1.8565642833709717
0.0001,3027.0,119.51563262939453,1.8565508127212524
0.0001,3028.0,119.515625,1.8565374612808228
0.0001,3029.0,119.51563262939453,1.856523871421814
0.0001,3030.0,119.515625,1.8565104007720947
0.0001,3031.0,119.515625,1.8564974069595337
0.0001,3032.0,119.515625,1.856484055519104
0.0001,3033.0,119.51561737060547,1.8564707040786743
0.0001,3034.0,119.515625,1.8564573526382446
0.0001,3035.0,119.51561737060547,1.856444001197815
0.0001,3036.0,119.51561737060547,1.8564307689666748
0.0001,3037.0,119.5156021118164,1.8564176559448242
0.0001,3038.0,119.51561737060547,1.8564043045043945
0.0001,3039.0,119.5156021118164,1.856391191482544
0.0001,3040.0,119.5156021118164,1.8563779592514038
0.0001,3041.0,119.51560974121094,1.8563648462295532
0.0001,3042.0,119.51559448242188,1.8563518524169922
0.0001,3043.0,119.5156021118164,1.8563385009765625
0.0001,3044.0,119.51559448242188,1.8563255071640015
0.0001,3045.0,119.51559448242188,1.8563123941421509
0.0001,3046.0,119.51558685302734,1.8562990427017212
0.0001,3047.0,119.51559448242188,1.856285810470581
0.0001,3048.0,119.51558685302734,1.8562729358673096
0.0001,3049.0,119.51558685302734,1.8562599420547485
0.0001,3050.0,119.51557159423828,1.8562469482421875
0.0001,3051.0,119.51558685302734,1.856233835220337
0.0001,3052.0,119.51557159423828,1.8562208414077759
0.0001,3053.0,119.51557159423828,1.856208086013794
0.0001,3054.0,119.51557159423828,1.8561952114105225
0.0001,3055.0,119.51557159423828,1.856182336807251
0.0001,3056.0,119.51556396484375,1.8561694622039795
0.0001,3057.0,119.51556396484375,1.856156349182129
0.0001,3058.0,119.51557159423828,1.8561437129974365
0.0001,3059.0,119.51556396484375,1.8561303615570068
0.0001,3060.0,119.51556396484375,1.856117606163025
0.0001,3061.0,119.51556396484375,1.856104850769043
0.0001,3062.0,119.51556396484375,1.8560922145843506
0.0001,3063.0,119.51554870605469,1.8560794591903687
0.0001,3064.0,119.51556396484375,1.8560667037963867
0.0001,3065.0,119.51554870605469,1.8560540676116943
0.0001,3066.0,119.51554870605469,1.8560409545898438
0.0001,3067.0,119.51554107666016,1.8560283184051514
0.0001,3068.0,119.51554870605469,1.8560158014297485
0.0001,3069.0,119.51554107666016,1.8560030460357666
0.0001,3070.0,119.51554870605469,1.8559904098510742
0.0001,3071.0,119.51554107666016,1.8559777736663818
0.0001,3072.0,119.5155258178711,1.8559648990631104
0.0001,3073.0,119.51553344726562,1.855952262878418
0.0001,3074.0,119.5155258178711,1.8559398651123047
0.0001,3075.0,119.5155258178711,1.8559272289276123
0.0001,3076.0,119.5155258178711,1.8559147119522095
0.0001,3077.0,119.5155258178711,1.855902075767517
0.0001,3078.0,119.51551818847656,1.8558895587921143
0.0001,3079.0,119.5155258178711,1.855877161026001
0.0001,3080.0,119.51551055908203,1.8558647632598877
0.0001,3081.0,119.51551818847656,1.8558521270751953
0.0001,3082.0,119.51551055908203,1.8558399677276611
0.0001,3083.0,119.51551055908203,1.8558273315429688
0.0001,3084.0,119.51551055908203,1.8558146953582764
0.0001,3085.0,119.51551055908203,1.855802297592163
0.0001,3086.0,119.5155029296875,1.855790138244629
0.0001,3087.0,119.51551055908203,1.8557779788970947
0.0001,3088.0,119.5155029296875,1.8557655811309814
0.0001,3089.0,119.51549530029297,1.855752944946289
0.0001,3090.0,119.51549530029297,1.8557409048080444
0.0001,3091.0,119.51548767089844,1.8557283878326416
0.0001,3092.0,119.51549530029297,1.8557159900665283
0.0001,3093.0,119.51548767089844,1.8557039499282837
0.0001,3094.0,119.51549530029297,1.8556915521621704
0.0001,3095.0,119.51548767089844,1.8556792736053467
0.0001,3096.0,119.51549530029297,1.8556673526763916
0.0001,3097.0,119.5154800415039,1.8556550741195679
0.0001,3098.0,119.51547241210938,1.855642557144165
0.0001,3099.0,119.5154800415039,1.85563063621521
0.0001,3100.0,119.51547241210938,1.8556184768676758
0.0001,3101.0,119.5154800415039,1.8556063175201416
0.0001,3102.0,119.51547241210938,1.8555943965911865
0.0001,3103.0,119.5154800415039,1.8555819988250732
0.0001,3104.0,119.51546478271484,1.855569839477539
0.0001,3105.0,119.51546478271484,1.8555580377578735
0.0001,3106.0,119.51546478271484,1.855545997619629
0.0001,3107.0,119.51546478271484,1.8555339574813843
0.0001,3108.0,119.51546478271484,1.8555219173431396
0.0001,3109.0,119.51546478271484,1.8555097579956055
0.0001,3110.0,119.51546478271484,1.85549795627594
0.0001,3111.0,119.51544952392578,1.8554859161376953
0.0001,3112.0,119.51544952392578,1.8554738759994507
0.0001,3113.0,119.51544952392578,1.8554620742797852
0.0001,3114.0,119.51544952392578,1.8554503917694092
0.0001,3115.0,119.51544952392578,1.855438470840454
0.0001,3116.0,119.51544952392578,1.8554264307022095
0.0001,3117.0,119.51543426513672,1.8554143905639648
0.0001,3118.0,119.51544189453125,1.8554025888442993
0.0001,3119.0,119.51543426513672,1.8553909063339233
0.0001,3120.0,119.51544189453125,1.855379343032837
0.0001,3121.0,119.51544189453125,1.8553673028945923
0.0001,3122.0,119.51542663574219,1.8553552627563477
0.0001,3123.0,119.51544189453125,1.8553438186645508
0.0001,3124.0,119.51542663574219,1.8553320169448853
0.0001,3125.0,119.51542663574219,1.8553202152252197
0.0001,3126.0,119.51542663574219,1.8553082942962646
0.0001,3127.0,119.51542663574219,1.8552967309951782
0.0001,3128.0,119.51542663574219,1.8552850484848022
0.0001,3129.0,119.51541900634766,1.8552736043930054
0.0001,3130.0,119.51541137695312,1.8552618026733398
0.0001,3131.0,119.51541900634766,1.855250358581543
0.0001,3132.0,119.51541137695312,1.8552385568618774
0.0001,3133.0,119.51541900634766,1.8552268743515015
0.0001,3134.0,119.51541900634766,1.8552154302597046
0.0001,3135.0,119.5154037475586,1.8552038669586182
0.0001,3136.0,119.51541137695312,1.8551924228668213
0.0001,3137.0,119.5154037475586,1.8551807403564453
0.0001,3138.0,119.5154037475586,1.8551695346832275
0.0001,3139.0,119.51541137695312,1.855157494544983
0.0001,3140.0,119.51539611816406,1.855146050453186
0.0001,3141.0,119.51539611816406,1.8551349639892578
0.0001,3142.0,119.51539611816406,1.8551231622695923
0.0001,3143.0,119.51539611816406,1.8551114797592163
0.0001,3144.0,119.515380859375,1.8551002740859985
0.0001,3145.0,119.51539611816406,1.8550889492034912
0.0001,3146.0,119.51538848876953,1.8550773859024048
0.0001,3147.0,119.51538848876953,1.8550660610198975
0.0001,3148.0,119.51538848876953,1.8550548553466797
0.0001,3149.0,119.515380859375,1.8550431728363037
0.0001,3150.0,119.51538848876953,1.855032205581665
0.0001,3151.0,119.515380859375,1.8550208806991577
0.0001,3152.0,119.51537322998047,1.8550094366073608
0.0001,3153.0,119.515380859375,1.854998230934143
0.0001,3154.0,119.515380859375,1.8549869060516357
0.0001,3155.0,119.51536560058594,1.854975700378418
0.0001,3156.0,119.515380859375,1.8549646139144897
0.0001,3157.0,119.51537322998047,1.854953408241272
0.0001,3158.0,119.51536560058594,1.8549420833587646
0.0001,3159.0,119.51537322998047,1.8549308776855469
0.0001,3160.0,119.51536560058594,1.8549197912216187
0.0001,3161.0,119.5153579711914,1.8549083471298218
0.0001,3162.0,119.5153579711914,1.8548974990844727
0.0001,3163.0,119.5153579711914,1.8548864126205444
0.0001,3164.0,119.5153579711914,1.8548753261566162
0.0001,3165.0,119.51535034179688,1.8548643589019775
0.0001,3166.0,119.51535034179688,1.8548530340194702
0.0001,3167.0,119.51535034179688,1.854842185974121
0.0001,3168.0,119.51535034179688,1.8548307418823242
0.0001,3169.0,119.51535034179688,1.8548200130462646
0.0001,3170.0,119.51534271240234,1.854809045791626
0.0001,3171.0,119.51534271240234,1.8547977209091187
0.0001,3172.0,119.51535034179688,1.8547866344451904
0.0001,3173.0,119.51534271240234,1.8547760248184204
0.0001,3174.0,119.51533508300781,1.854764699935913
0.0001,3175.0,119.51533508300781,1.854753851890564
0.0001,3176.0,119.51533508300781,1.8547427654266357
0.0001,3177.0,119.51533508300781,1.8547322750091553
0.0001,3178.0,119.51532745361328,1.8547213077545166
0.0001,3179.0,119.51533508300781,1.854710578918457
0.0001,3180.0,119.51532745361328,1.8546993732452393
0.0001,3181.0,119.51532745361328,1.8546886444091797
0.0001,3182.0,119.51533508300781,1.8546777963638306
0.0001,3183.0,119.51532745361328,1.854667067527771
0.0001,3184.0,119.51531982421875,1.854656457901001
0.0001,3185.0,119.51531982421875,1.8546451330184937
0.0001,3186.0,119.51532745361328,1.8546346426010132
0.0001,3187.0,119.51531982421875,1.854623556137085
0.0001,3188.0,119.51531219482422,1.8546130657196045
0.0001,3189.0,119.51531219482422,1.8546022176742554
0.0001,3190.0,119.51531982421875,1.854591727256775
0.0001,3191.0,119.51531219482422,1.8545811176300049
0.0001,3192.0,119.51530456542969,1.8545701503753662
0.0001,3193.0,119.51531219482422,1.8545598983764648
0.0001,3194.0,119.51531219482422,1.8545488119125366
0.0001,3195.0,119.51530456542969,1.8545383214950562
0.0001,3196.0,119.51529693603516,1.854527473449707
0.0001,3197.0,119.51530456542969,1.8545173406600952
0.0001,3198.0,119.51530456542969,1.854506492614746
0.0001,3199.0,119.51529693603516,1.8544957637786865
0.0001,3200.0,119.51528930664062,1.854485273361206
0.0001,3201.0,119.51529693603516,1.8544750213623047
0.0001,3202.0,119.51529693603516,1.8544641733169556
0.0001,3203.0,119.51529693603516,1.8544538021087646
0.0001,3204.0,119.5152816772461,1.8544433116912842
0.0001,3205.0,119.51528930664062,1.8544328212738037
0.0001,3206.0,119.51528930664062,1.8544225692749023
0.0001,3207.0,119.51528930664062,1.8544118404388428
0.0001,3208.0,119.5152816772461,1.8544015884399414
0.0001,3209.0,119.5152816772461,1.854391098022461
0.0001,3210.0,119.5152816772461,1.8543803691864014
0.0001,3211.0,119.5152816772461,1.8543701171875
0.0001,3212.0,119.51527404785156,1.8543598651885986
0.0001,3213.0,119.5152816772461,1.854349136352539
0.0001,3214.0,119.51527404785156,1.8543390035629272
0.0001,3215.0,119.51527404785156,1.8543287515640259
0.0001,3216.0,119.51526641845703,1.854318380355835
0.0001,3217.0,119.51526641845703,1.8543078899383545
0.0001,3218.0,119.51527404785156,1.8542978763580322
0.0001,3219.0,119.51527404785156,1.8542875051498413
0.0001,3220.0,119.5152587890625,1.85427725315094
0.0001,3221.0,119.5152587890625,1.854266881942749
0.0001,3222.0,119.51526641845703,1.8542566299438477
0.0001,3223.0,119.51526641845703,1.8542464971542358
0.0001,3224.0,119.5152587890625,1.8542362451553345
0.0001,3225.0,119.5152587890625,1.8542258739471436
0.0001,3226.0,119.51525115966797,1.85421621799469
0.0001,3227.0,119.5152587890625,1.8542057275772095
0.0001,3228.0,119.51525115966797,1.8541955947875977
0.0001,3229.0,119.51525115966797,1.8541853427886963
0.0001,3230.0,119.51524353027344,1.854175329208374
0.0001,3231.0,119.51524353027344,1.8541653156280518
0.0001,3232.0,119.51525115966797,1.8541549444198608
0.0001,3233.0,119.51525115966797,1.8541450500488281
0.0001,3234.0,119.51524353027344,1.8541349172592163
0.0001,3235.0,119.5152359008789,1.8541247844696045
0.0001,3236.0,119.5152359008789,1.8541147708892822
0.0001,3237.0,119.51524353027344,1.85410475730896
0.0001,3238.0,119.5152359008789,1.8540947437286377
0.0001,3239.0,119.5152359008789,1.8540849685668945
0.0001,3240.0,119.5152359008789,1.8540750741958618
0.0001,3241.0,119.51522827148438,1.854065179824829
0.0001,3242.0,119.5152359008789,1.8540546894073486
0.0001,3243.0,119.5152359008789,1.8540449142456055
0.0001,3244.0,119.5152359008789,1.8540351390838623
0.0001,3245.0,119.51522064208984,1.8540252447128296
0.0001,3246.0,119.51522064208984,1.8540151119232178
0.0001,3247.0,119.51521301269531,1.8540054559707642
0.0001,3248.0,119.51522827148438,1.8539955615997314
0.0001,3249.0,119.51522064208984,1.8539855480194092
0.0001,3250.0,119.51522064208984,1.8539756536483765
0.0001,3251.0,119.51521301269531,1.8539661169052124
0.0001,3252.0,119.51521301269531,1.8539562225341797
0.0001,3253.0,119.51521301269531,1.853946328163147
0.0001,3254.0,119.51522064208984,1.8539364337921143
0.0001,3255.0,119.51521301269531,1.8539268970489502
0.0001,3256.0,119.51521301269531,1.853917121887207
0.0001,3257.0,119.51521301269531,1.8539073467254639
0.0001,3258.0,119.51520538330078,1.8538976907730103
0.0001,3259.0,119.51520538330078,1.853887915611267
0.0001,3260.0,119.51521301269531,1.853878378868103
0.0001,3261.0,119.51521301269531,1.8538687229156494
0.0001,3262.0,119.51520538330078,1.8538589477539062
0.0001,3263.0,119.51519775390625,1.8538490533828735
0.0001,3264.0,119.51519012451172,1.8538395166397095
0.0001,3265.0,119.51519012451172,1.8538296222686768
0.0001,3266.0,119.51519775390625,1.8538202047348022
0.0001,3267.0,119.51519775390625,1.8538105487823486
0.0001,3268.0,119.51519012451172,1.8538010120391846
0.0001,3269.0,119.51519012451172,1.8537914752960205
0.0001,3270.0,119.51519012451172,1.853782057762146
0.0001,3271.0,119.51518249511719,1.8537724018096924
0.0001,3272.0,119.51518249511719,1.8537628650665283
0.0001,3273.0,119.51519012451172,1.8537533283233643
0.0001,3274.0,119.51519012451172,1.8537437915802002
0.0001,3275.0,119.51518249511719,1.8537343740463257
0.0001,3276.0,119.51518249511719,1.8537248373031616
0.0001,3277.0,119.51517486572266,1.8537153005599976
0.0001,3278.0,119.51517486572266,1.8537057638168335
0.0001,3279.0,119.51517486572266,1.853696584701538
0.0001,3280.0,119.51516723632812,1.853687047958374
0.0001,3281.0,119.51517486572266,1.85367751121521
0.0001,3282.0,119.51517486572266,1.853668451309204
0.0001,3283.0,119.51518249511719,1.8536590337753296
0.0001,3284.0,119.51517486572266,1.8536494970321655
0.0001,3285.0,119.51517486572266,1.8536399602890015
0.0001,3286.0,119.51516723632812,1.853630781173706
0.0001,3287.0,119.51516723632812,1.853621244430542
0.0001,3288.0,119.51516723632812,1.853611946105957
0.0001,3289.0,119.5151596069336,1.8536027669906616
0.0001,3290.0,119.51516723632812,1.8535934686660767
0.0001,3291.0,119.51516723632812,1.8535840511322021
0.0001,3292.0,119.51516723632812,1.8535747528076172
0.0001,3293.0,119.5151596069336,1.8535658121109009
0.0001,3294.0,119.5151596069336,1.8535562753677368
0.0001,3295.0,119.51515197753906,1.8535473346710205
0.0001,3296.0,119.51515197753906,1.853537917137146
0.0001,3297.0,119.51515197753906,1.853528618812561
0.0001,3298.0,119.51514434814453,1.8535194396972656
0.0001,3299.0,119.51515197753906,1.8535102605819702
0.0001,3300.0,119.51515197753906,1.8535010814666748
0.0001,3301.0,119.51515197753906,1.853492021560669
0.0001,3302.0,119.51515197753906,1.8534828424453735
0.0001,3303.0,119.51515197753906,1.8534739017486572
0.0001,3304.0,119.51514434814453,1.8534647226333618
0.0001,3305.0,119.51514434814453,1.8534555435180664
0.0001,3306.0,119.51514434814453,1.85344660282135
0.0001,3307.0,119.51513671875,1.8534374237060547
0.0001,3308.0,119.51513671875,1.8534282445907593
0.0001,3309.0,119.51512908935547,1.8534190654754639
0.0001,3310.0,119.51514434814453,1.8534103631973267
0.0001,3311.0,119.51513671875,1.8534009456634521
0.0001,3312.0,119.51513671875,1.853392243385315
0.0001,3313.0,119.51513671875,1.8533833026885986
0.0001,3314.0,119.51513671875,1.8533742427825928
0.0001,3315.0,119.51513671875,1.8533653020858765
0.0001,3316.0,119.51512908935547,1.8533565998077393
0.0001,3317.0,119.51512908935547,1.8533474206924438
0.0001,3318.0,119.51512145996094,1.8533384799957275
0.0001,3319.0,119.51512145996094,1.8533293008804321
0.0001,3320.0,119.51512145996094,1.8533207178115845
0.0001,3321.0,119.51512145996094,1.8533117771148682
0.0001,3322.0,119.51512145996094,1.8533027172088623
0.0001,3323.0,119.5151138305664,1.853294014930725
0.0001,3324.0,119.5151138305664,1.8532850742340088
0.0001,3325.0,119.51512145996094,1.853276252746582
0.0001,3326.0,119.51512145996094,1.8532673120498657
0.0001,3327.0,119.5151138305664,1.853258490562439
0.0001,3328.0,119.51512145996094,1.8532497882843018
0.0001,3329.0,119.51512145996094,1.853240966796875
0.0001,3330.0,119.5151138305664,1.8532321453094482
0.0001,3331.0,119.5151138305664,1.853223204612732
0.0001,3332.0,119.51510620117188,1.8532146215438843
0.0001,3333.0,119.51510620117188,1.853205680847168
0.0001,3334.0,119.5151138305664,1.8531973361968994
0.0001,3335.0,119.51510620117188,1.8531882762908936
0.0001,3336.0,119.51510620117188,1.853179931640625
0.0001,3337.0,119.51509857177734,1.8531709909439087
0.0001,3338.0,119.51509857177734,1.853162407875061
0.0001,3339.0,119.51509857177734,1.8531535863876343
0.0001,3340.0,119.51509857177734,1.8531450033187866
0.0001,3341.0,119.51509857177734,1.853136658668518
0.0001,3342.0,119.51509094238281,1.8531277179718018
0.0001,3343.0,119.51509094238281,1.8531192541122437
0.0001,3344.0,119.51509094238281,1.8531105518341064
0.0001,3345.0,119.51509094238281,1.8531023263931274
0.0001,3346.0,119.51509094238281,1.8530935049057007
0.0001,3347.0,119.51508331298828,1.853084921836853
0.0001,3348.0,119.51509857177734,1.8530763387680054
0.0001,3349.0,119.51509094238281,1.8530677556991577
0.0001,3350.0,119.51509857177734,1.8530590534210205
0.0001,3351.0,119.51509094238281,1.8530505895614624
0.0001,3352.0,119.51509094238281,1.8530422449111938
0.0001,3353.0,119.51509094238281,1.8530336618423462
0.0001,3354.0,119.51508331298828,1.853025197982788
0.0001,3355.0,119.51509094238281,1.8530166149139404
0.0001,3356.0,119.51508331298828,1.853008508682251
0.0001,3357.0,119.51508331298828,1.8529999256134033
0.0001,3358.0,119.51508331298828,1.8529913425445557
0.0001,3359.0,119.51507568359375,1.8529832363128662
0.0001,3360.0,119.51508331298828,1.852974534034729
0.0001,3361.0,119.51507568359375,1.852966070175171
0.0001,3362.0,119.51507568359375,1.852958083152771
0.0001,3363.0,119.51507568359375,1.8529495000839233
0.0001,3364.0,119.51507568359375,1.8529411554336548
0.0001,3365.0,119.51507568359375,1.8529326915740967
0.0001,3366.0,119.51506805419922,1.8529245853424072
0.0001,3367.0,119.51506805419922,1.8529161214828491
0.0001,3368.0,119.51507568359375,1.8529081344604492
0.0001,3369.0,119.51506805419922,1.8528995513916016
0.0001,3370.0,119.51506805419922,1.8528913259506226
0.0001,3371.0,119.51506042480469,1.852882742881775
0.0001,3372.0,119.51506805419922,1.852874517440796
0.0001,3373.0,119.51506805419922,1.852866530418396
0.0001,3374.0,119.51506042480469,1.8528581857681274
0.0001,3375.0,119.51506805419922,1.8528499603271484
0.0001,3376.0,119.51506042480469,1.8528419733047485
0.0001,3377.0,119.51506042480469,1.8528335094451904
0.0001,3378.0,119.51506042480469,1.852825403213501
0.0001,3379.0,119.51506042480469,1.8528172969818115
0.0001,3380.0,119.51506042480469,1.8528087139129639
0.0001,3381.0,119.51505279541016,1.852800965309143
0.0001,3382.0,119.51506042480469,1.852792739868164
0.0001,3383.0,119.51506042480469,1.852784514427185
0.0001,3384.0,119.51505279541016,1.852776288986206
0.0001,3385.0,119.51505279541016,1.8527683019638062
0.0001,3386.0,119.51504516601562,1.8527600765228271
0.0001,3387.0,119.5150375366211,1.8527519702911377
0.0001,3388.0,119.5150375366211,1.8527441024780273
0.0001,3389.0,119.51504516601562,1.8527361154556274
0.0001,3390.0,119.5150375366211,1.8527281284332275
0.0001,3391.0,119.5150375366211,1.8527202606201172
0.0001,3392.0,119.5150375366211,1.8527120351791382
0.0001,3393.0,119.5150375366211,1.8527040481567383
0.0001,3394.0,119.5150375366211,1.8526960611343384
0.0001,3395.0,119.51502990722656,1.8526875972747803
0.0001,3396.0,119.5150375366211,1.852679967880249
0.0001,3397.0,119.51502990722656,1.8526718616485596
0.0001,3398.0,119.51502990722656,1.8526639938354492
0.0001,3399.0,119.5150375366211,1.8526560068130493
0.0001,3400.0,119.51502990722656,1.852648377418518
0.0001,3401.0,119.5150375366211,1.852640151977539
0.0001,3402.0,119.51502990722656,1.8526322841644287
0.0001,3403.0,119.51502990722656,1.8526242971420288
0.0001,3404.0,119.5150375366211,1.852616548538208
0.0001,3405.0,119.51502990722656,1.8526086807250977
0.0001,3406.0,119.51502990722656,1.8526008129119873
0.0001,3407.0,119.51502990722656,1.8525927066802979
0.0001,3408.0,119.51502990722656,1.8525851964950562
0.0001,3409.0,119.51502990722656,1.8525774478912354
0.0001,3410.0,119.51502227783203,1.852569580078125
0.0001,3411.0,119.5150146484375,1.852561593055725
0.0001,3412.0,119.5150146484375,1.8525537252426147
0.0001,3413.0,119.5150146484375,1.852545976638794
0.0001,3414.0,119.5150146484375,1.8525383472442627
0.0001,3415.0,119.5150146484375,1.8525302410125732
0.0001,3416.0,119.5150146484375,1.852522611618042
0.0001,3417.0,119.5150146484375,1.8525148630142212
0.0001,3418.0,119.5150146484375,1.8525073528289795
0.0001,3419.0,119.5150146484375,1.8524996042251587
0.0001,3420.0,119.5150146484375,1.8524919748306274
0.0001,3421.0,119.5150146484375,1.852484107017517
0.0001,3422.0,119.5150146484375,1.8524763584136963
0.0001,3423.0,119.5150146484375,1.852468490600586
0.0001,3424.0,119.5150146484375,1.8524612188339233
0.0001,3425.0,119.51499938964844,1.8524538278579712
0.0001,3426.0,119.51500701904297,1.8524458408355713
0.0001,3427.0,119.51499938964844,1.8524383306503296
0.0001,3428.0,119.51499938964844,1.8524305820465088
0.0001,3429.0,119.51499938964844,1.8524229526519775
0.0001,3430.0,119.51499938964844,1.8524153232574463
0.0001,3431.0,119.51500701904297,1.8524080514907837
0.0001,3432.0,119.51499938964844,1.8524004220962524
0.0001,3433.0,119.51499938964844,1.8523927927017212
0.0001,3434.0,119.51499938964844,1.85238516330719
0.0001,3435.0,119.51499938964844,1.8523775339126587
0.0001,3436.0,119.5149917602539,1.852370262145996
0.0001,3437.0,119.5149917602539,1.8523626327514648
0.0001,3438.0,119.5149917602539,1.8523550033569336
0.0001,3439.0,119.5149917602539,1.8523476123809814
0.0001,3440.0,119.51498413085938,1.8523399829864502
0.0001,3441.0,119.5149917602539,1.8523327112197876
0.0001,3442.0,119.5149917602539,1.852325201034546
0.0001,3443.0,119.5149917602539,1.8523175716400146
0.0001,3444.0,119.5149917602539,1.8523104190826416
0.0001,3445.0,119.5149917602539,1.8523027896881104
0.0001,3446.0,119.5149917602539,1.8522955179214478
0.0001,3447.0,119.51498413085938,1.852288007736206
0.0001,3448.0,119.51498413085938,1.8522803783416748
0.0001,3449.0,119.51497650146484,1.8522732257843018
0.0001,3450.0,119.51498413085938,1.85226571559906
0.0001,3451.0,119.51497650146484,1.8522580862045288
0.0001,3452.0,119.51498413085938,1.8522512912750244
0.0001,3453.0,119.51498413085938,1.8522436618804932
0.0001,3454.0,119.51498413085938,1.8522365093231201
0.0001,3455.0,119.51498413085938,1.852229118347168
0.0001,3456.0,119.51497650146484,1.8522218465805054
0.0001,3457.0,119.51496887207031,1.8522145748138428
0.0001,3458.0,119.51497650146484,1.8522071838378906
0.0001,3459.0,119.51497650146484,1.852199912071228
0.0001,3460.0,119.51496887207031,1.8521925210952759
0.0001,3461.0,119.51497650146484,1.8521854877471924
0.0001,3462.0,119.51496887207031,1.8521783351898193
0.0001,3463.0,119.51497650146484,1.852170705795288
0.0001,3464.0,119.51496124267578,1.8521636724472046
0.0001,3465.0,119.51496887207031,1.852156639099121
0.0001,3466.0,119.51496124267578,1.8521490097045898
0.0001,3467.0,119.51496887207031,1.852142095565796
0.0001,3468.0,119.51496124267578,1.8521349430084229
0.0001,3469.0,119.51496887207031,1.8521277904510498
0.0001,3470.0,119.51496887207031,1.8521207571029663
0.0001,3471.0,119.51496887207031,1.8521134853363037
0.0001,3472.0,119.51495361328125,1.8521063327789307
0.0001,3473.0,119.51496124267578,1.8520991802215576
0.0001,3474.0,119.51495361328125,1.8520920276641846
0.0001,3475.0,119.51496124267578,1.852084755897522
0.0001,3476.0,119.51496124267578,1.852077841758728
0.0001,3477.0,119.51496124267578,1.8520708084106445
0.0001,3478.0,119.51496124267578,1.852063536643982
0.0001,3479.0,119.51495361328125,1.8520567417144775
0.0001,3480.0,119.51494598388672,1.8520495891571045
0.0001,3481.0,119.51495361328125,1.8520424365997314
0.0001,3482.0,119.51495361328125,1.8520352840423584
0.0001,3483.0,119.51495361328125,1.8520286083221436
0.0001,3484.0,119.51495361328125,1.8520214557647705
0.0001,3485.0,119.51494598388672,1.852014183998108
0.0001,3486.0,119.51493835449219,1.852007269859314
0.0001,3487.0,119.51494598388672,1.8520004749298096
0.0001,3488.0,119.51495361328125,1.8519935607910156
0.0001,3489.0,119.51494598388672,1.8519865274429321
0.0001,3490.0,119.51495361328125,1.8519796133041382
0.0001,3491.0,119.51494598388672,1.8519728183746338
0.0001,3492.0,119.51493835449219,1.8519656658172607
0.0001,3493.0,119.51493835449219,1.8519588708877563
0.0001,3494.0,119.51494598388672,1.8519518375396729
0.0001,3495.0,119.51493835449219,1.8519446849822998
0.0001,3496.0,119.51494598388672,1.851938009262085
0.0001,3497.0,119.51493835449219,1.8519309759140015
0.0001,3498.0,119.51493072509766,1.8519243001937866
0.0001,3499.0,119.51493835449219,1.8519172668457031
0.0001,3500.0,119.51493835449219,1.8519105911254883
0.0001,3501.0,119.51493835449219,1.8519036769866943
0.0001,3502.0,119.51493835449219,1.8518970012664795
0.0001,3503.0,119.51493835449219,1.851890206336975
0.0001,3504.0,119.51492309570312,1.8518829345703125
0.0001,3505.0,119.51493072509766,1.8518762588500977
0.0001,3506.0,119.51493835449219,1.8518695831298828
0.0001,3507.0,119.51493072509766,1.8518626689910889
0.0001,3508.0,119.51493835449219,1.851855993270874
0.0001,3509.0,119.51492309570312,1.8518495559692383
0.0001,3510.0,119.51492309570312,1.8518426418304443
0.0001,3511.0,119.51492309570312,1.8518356084823608
0.0001,3512.0,119.51493072509766,1.851829171180725
0.0001,3513.0,119.51493072509766,1.8518222570419312
0.0001,3514.0,119.51493072509766,1.8518155813217163
0.0001,3515.0,119.51492309570312,1.8518091440200806
0.0001,3516.0,119.5149154663086,1.8518022298812866
0.0001,3517.0,119.51492309570312,1.8517955541610718
0.0001,3518.0,119.51493072509766,1.851788878440857
0.0001,3519.0,119.51492309570312,1.8517820835113525
0.0001,3520.0,119.5149154663086,1.8517755270004272
0.0001,3521.0,119.5149154663086,1.8517690896987915
0.0001,3522.0,119.5149154663086,1.8517621755599976
0.0001,3523.0,119.51492309570312,1.8517557382583618
0.0001,3524.0,119.51492309570312,1.8517491817474365
0.0001,3525.0,119.5149154663086,1.8517425060272217
0.0001,3526.0,119.51490783691406,1.8517358303070068
0.0001,3527.0,119.5149154663086,1.851729393005371
0.0001,3528.0,119.5149154663086,1.8517227172851562
0.0001,3529.0,119.5149154663086,1.8517160415649414
0.0001,3530.0,119.51490783691406,1.8517096042633057
0.0001,3531.0,119.5149154663086,1.8517029285430908
0.0001,3532.0,119.51490783691406,1.8516966104507446
0.0001,3533.0,119.5149154663086,1.8516899347305298
0.0001,3534.0,119.51490783691406,1.8516833782196045
0.0001,3535.0,119.51490020751953,1.8516769409179688
0.0001,3536.0,119.51490783691406,1.8516708612442017
0.0001,3537.0,119.51490783691406,1.8516643047332764
0.0001,3538.0,119.51490783691406,1.851657509803772
0.0001,3539.0,119.5149154663086,1.8516509532928467
0.0001,3540.0,119.51490020751953,1.85164475440979
0.0001,3541.0,119.51490020751953,1.8516381978988647
0.0001,3542.0,119.51490783691406,1.851631760597229
0.0001,3543.0,119.51490783691406,1.8516252040863037
0.0001,3544.0,119.51490020751953,1.851619005203247
0.0001,3545.0,119.514892578125,1.8516126871109009
0.0001,3546.0,119.51490020751953,1.8516061305999756
0.0001,3547.0,119.51490020751953,1.8515996932983398
0.0001,3548.0,119.51490020751953,1.8515933752059937
0.0001,3549.0,119.514892578125,1.8515870571136475
0.0001,3550.0,119.51490020751953,1.8515808582305908
0.0001,3551.0,119.514892578125,1.851574182510376
0.0001,3552.0,119.51490020751953,1.8515679836273193
0.0001,3553.0,119.514892578125,1.8515615463256836
0.0001,3554.0,119.51488494873047,1.8515551090240479
0.0001,3555.0,119.514892578125,1.8515489101409912
0.0001,3556.0,119.51490020751953,1.8515427112579346
0.0001,3557.0,119.514892578125,1.8515363931655884
0.0001,3558.0,119.51488494873047,1.851529836654663
0.0001,3559.0,119.514892578125,1.851523995399475
0.0001,3560.0,119.514892578125,1.8515174388885498
0.0001,3561.0,119.514892578125,1.8515113592147827
0.0001,3562.0,119.51488494873047,1.8515050411224365
0.0001,3563.0,119.514892578125,1.8514988422393799
0.0001,3564.0,119.51488494873047,1.8514925241470337
0.0001,3565.0,119.514892578125,1.8514862060546875
0.0001,3566.0,119.51488494873047,1.8514801263809204
0.0001,3567.0,119.51487731933594,1.8514738082885742
0.0001,3568.0,119.51488494873047,1.8514678478240967
0.0001,3569.0,119.514892578125,1.851461410522461
0.0001,3570.0,119.51487731933594,1.8514553308486938
0.0001,3571.0,119.51487731933594,1.8514492511749268
0.0001,3572.0,119.51488494873047,1.8514430522918701
0.0001,3573.0,119.51488494873047,1.8514366149902344
0.0001,3574.0,119.5148696899414,1.8514305353164673
0.0001,3575.0,119.51487731933594,1.8514245748519897
0.0001,3576.0,119.51488494873047,1.8514182567596436
0.0001,3577.0,119.51487731933594,1.8514124155044556
0.0001,3578.0,119.5148696899414,1.8514063358306885
0.0001,3579.0,119.51487731933594,1.851400375366211
0.0001,3580.0,119.51487731933594,1.8513940572738647
0.0001,3581.0,119.51487731933594,1.8513877391815186
0.0001,3582.0,119.5148696899414,1.8513818979263306
0.0001,3583.0,119.51487731933594,1.8513758182525635
0.0001,3584.0,119.5148696899414,1.8513696193695068
0.0001,3585.0,119.51486206054688,1.8513637781143188
0.0001,3586.0,119.5148696899414,1.8513576984405518
0.0001,3587.0,119.5148696899414,1.8513519763946533
0.0001,3588.0,119.5148696899414,1.8513457775115967
0.0001,3589.0,119.51486206054688,1.8513396978378296
0.0001,3590.0,119.5148696899414,1.8513338565826416
0.0001,3591.0,119.5148696899414,1.851327896118164
0.0001,3592.0,119.5148696899414,1.8513215780258179
0.0001,3593.0,119.51486206054688,1.8513157367706299
0.0001,3594.0,119.51486206054688,1.8513100147247314
0.0001,3595.0,119.5148696899414,1.851304054260254
0.0001,3596.0,119.5148696899414,1.8512980937957764
0.0001,3597.0,119.51486206054688,1.8512920141220093
0.0001,3598.0,119.51486206054688,1.8512861728668213
0.0001,3599.0,119.5148696899414,1.8512802124023438
0.0001,3600.0,119.51485443115234,1.8512742519378662
0.0001,3601.0,119.51485443115234,1.8512684106826782
0.0001,3602.0,119.51486206054688,1.8512624502182007
0.0001,3603.0,119.5148696899414,1.8512567281723022
0.0001,3604.0,119.51485443115234,1.8512508869171143
0.0001,3605.0,119.51485443115234,1.8512451648712158
0.0001,3606.0,119.51486206054688,1.8512389659881592
0.0001,3607.0,119.51485443115234,1.8512332439422607
0.0001,3608.0,119.51485443115234,1.8512274026870728
0.0001,3609.0,119.51485443115234,1.8512216806411743
0.0001,3610.0,119.51486206054688,1.8512157201766968
0.0001,3611.0,119.51485443115234,1.8512099981307983
0.0001,3612.0,119.51485443115234,1.8512042760849
0.0001,3613.0,119.51485443115234,1.8511985540390015
0.0001,3614.0,119.51484680175781,1.8511927127838135
0.0001,3615.0,119.51484680175781,1.8511865139007568
0.0001,3616.0,119.51485443115234,1.8511812686920166
0.0001,3617.0,119.51484680175781,1.851175308227539
0.0001,3618.0,119.51484680175781,1.8511698246002197
0.0001,3619.0,119.51484680175781,1.8511638641357422
0.0001,3620.0,119.51485443115234,1.8511581420898438
0.0001,3621.0,119.51484680175781,1.8511521816253662
0.0001,3622.0,119.51484680175781,1.851146936416626
0.0001,3623.0,119.51484680175781,1.8511407375335693
0.0001,3624.0,119.51483917236328,1.851135492324829
0.0001,3625.0,119.51484680175781,1.8511295318603516
0.0001,3626.0,119.51484680175781,1.8511238098144531
0.0001,3627.0,119.51483917236328,1.8511183261871338
0.0001,3628.0,119.51483917236328,1.8511126041412354
0.0001,3629.0,119.51483917236328,1.8511072397232056
0.0001,3630.0,119.51484680175781,1.851101279258728
0.0001,3631.0,119.51483917236328,1.8510955572128296
0.0001,3632.0,119.51484680175781,1.8510897159576416
0.0001,3633.0,119.51483917236328,1.8510844707489014
0.0001,3634.0,119.51483154296875,1.851078748703003
0.0001,3635.0,119.51483917236328,1.8510732650756836
0.0001,3636.0,119.51483917236328,1.8510675430297852
0.0001,3637.0,119.51483154296875,1.8510621786117554
0.0001,3638.0,119.51483917236328,1.851056456565857
0.0001,3639.0,119.51483917236328,1.8510507345199585
0.0001,3640.0,119.51483154296875,1.8510453701019287
0.0001,3641.0,119.51483154296875,1.8510398864746094
0.0001,3642.0,119.51483917236328,1.8510345220565796
0.0001,3643.0,119.51483154296875,1.8510288000106812
0.0001,3644.0,119.51483154296875,1.8510233163833618
0.0001,3645.0,119.51483154296875,1.8510175943374634
0.0001,3646.0,119.51482391357422,1.8510122299194336
0.0001,3647.0,119.51483154296875,1.8510067462921143
0.0001,3648.0,119.51483154296875,1.8510011434555054
0.0001,3649.0,119.51482391357422,1.850995659828186
0.0001,3650.0,119.51483154296875,1.8509905338287354
0.0001,3651.0,119.51483154296875,1.850984811782837
0.0001,3652.0,119.51481628417969,1.850979208946228
0.0001,3653.0,119.51482391357422,1.8509738445281982
0.0001,3654.0,119.51483154296875,1.850968599319458
0.0001,3655.0,119.51482391357422,1.8509628772735596
0.0001,3656.0,119.51482391357422,1.8509575128555298
0.0001,3657.0,119.51483154296875,1.850952386856079
0.0001,3658.0,119.51481628417969,1.8509467840194702
0.0001,3659.0,119.51481628417969,1.8509414196014404
0.0001,3660.0,119.51482391357422,1.850935697555542
0.0001,3661.0,119.51481628417969,1.8509305715560913
0.0001,3662.0,119.51482391357422,1.850925087928772
0.0001,3663.0,119.51482391357422,1.8509199619293213
0.0001,3664.0,119.51481628417969,1.850914716720581
0.0001,3665.0,119.51482391357422,1.8509089946746826
0.0001,3666.0,119.51481628417969,1.850903868675232
0.0001,3667.0,119.51480865478516,1.8508983850479126
0.0001,3668.0,119.51481628417969,1.8508933782577515
0.0001,3669.0,119.51482391357422,1.850887656211853
0.0001,3670.0,119.51481628417969,1.8508825302124023
0.0001,3671.0,119.51481628417969,1.8508774042129517
0.0001,3672.0,119.51482391357422,1.8508720397949219
0.0001,3673.0,119.51481628417969,1.8508665561676025
0.0001,3674.0,119.51481628417969,1.8508615493774414
0.0001,3675.0,119.51481628417969,1.850856065750122
0.0001,3676.0,119.51480865478516,1.8508507013320923
0.0001,3677.0,119.51481628417969,1.8508456945419312
0.0001,3678.0,119.51480865478516,1.8508402109146118
0.0001,3679.0,119.51480865478516,1.8508352041244507
0.0001,3680.0,119.51481628417969,1.850829839706421
0.0001,3681.0,119.51480865478516,1.8508245944976807
0.0001,3682.0,119.51480865478516,1.8508192300796509
0.0001,3683.0,119.51481628417969,1.8508144617080688
0.0001,3684.0,119.51480865478516,1.850809097290039
0.0001,3685.0,119.51480865478516,1.8508037328720093
0.0001,3686.0,119.51480865478516,1.8507988452911377
0.0001,3687.0,119.51480102539062,1.8507936000823975
0.0001,3688.0,119.51480865478516,1.8507881164550781
0.0001,3689.0,119.51480102539062,1.850783109664917
0.0001,3690.0,119.51480102539062,1.8507778644561768
0.0001,3691.0,119.51480865478516,1.8507728576660156
0.0001,3692.0,119.51480102539062,1.850767731666565
0.0001,3693.0,119.51480865478516,1.8507626056671143
0.0001,3694.0,119.51480865478516,1.8507575988769531
0.0001,3695.0,119.51480102539062,1.8507524728775024
0.0001,3696.0,119.51480865478516,1.8507473468780518
0.0001,3697.0,119.5147933959961,1.8507421016693115
0.0001,3698.0,119.5147933959961,1.8507369756698608
0.0001,3699.0,119.51480102539062,1.8507320880889893
0.0001,3700.0,119.5147933959961,1.850726842880249
0.0001,3701.0,119.51480102539062,1.8507219552993774
0.0001,3702.0,119.51480102539062,1.8507169485092163
0.0001,3703.0,119.5147933959961,1.8507118225097656
0.0001,3704.0,119.51480102539062,1.850706696510315
0.0001,3705.0,119.5147933959961,1.8507016897201538
0.0001,3706.0,119.5147933959961,1.8506965637207031
0.0001,3707.0,119.51480102539062,1.850691795349121
0.0001,3708.0,119.5147933959961,1.8506866693496704
0.0001,3709.0,119.51480102539062,1.8506815433502197
0.0001,3710.0,119.51480102539062,1.8506768941879272
0.0001,3711.0,119.5147933959961,1.8506717681884766
0.0001,3712.0,119.51480102539062,1.8506666421890259
0.0001,3713.0,119.5147933959961,1.8506619930267334
0.0001,3714.0,119.5147933959961,1.8506567478179932
0.0001,3715.0,119.5147933959961,1.850651741027832
0.0001,3716.0,119.51478576660156,1.850646734237671
0.0001,3717.0,119.5147933959961,1.8506419658660889
0.0001,3718.0,119.51478576660156,1.8506368398666382
0.0001,3719.0,119.51478576660156,1.8506323099136353
0.0001,3720.0,119.5147933959961,1.8506271839141846
0.0001,3721.0,119.51478576660156,1.8506221771240234
0.0001,3722.0,119.51478576660156,1.8506174087524414
0.0001,3723.0,119.51477813720703,1.8506126403808594
0.0001,3724.0,119.51478576660156,1.8506075143814087
0.0001,3725.0,119.5147933959961,1.8506027460098267
0.0001,3726.0,119.51478576660156,1.8505977392196655
0.0001,3727.0,119.51478576660156,1.8505929708480835
0.0001,3728.0,119.51477813720703,1.8505884408950806
0.0001,3729.0,119.51478576660156,1.8505830764770508
0.0001,3730.0,119.51478576660156,1.8505785465240479
0.0001,3731.0,119.51477813720703,1.8505735397338867
0.0001,3732.0,119.51478576660156,1.8505687713623047
0.0001,3733.0,119.51477813720703,1.8505637645721436
0.0001,3734.0,119.51478576660156,1.850558876991272
0.0001,3735.0,119.51478576660156,1.85055410861969
0.0001,3736.0,119.51477813720703,1.850549340248108
0.0001,3737.0,119.51478576660156,1.8505446910858154
0.0001,3738.0,119.51477813720703,1.8505398035049438
0.0001,3739.0,119.51477813720703,1.8505351543426514
0.0001,3740.0,119.51478576660156,1.8505302667617798
0.0001,3741.0,119.51477813720703,1.8505256175994873
0.0001,3742.0,119.51478576660156,1.8505208492279053
0.0001,3743.0,119.51477813720703,1.8505163192749023
0.0001,3744.0,119.51477813720703,1.8505113124847412
0.0001,3745.0,119.5147705078125,1.8505065441131592
0.0001,3746.0,119.51477813720703,1.8505020141601562
0.0001,3747.0,119.51477813720703,1.8504972457885742
0.0001,3748.0,119.5147705078125,1.8504924774169922
0.0001,3749.0,119.51477813720703,1.8504879474639893
0.0001,3750.0,119.5147705078125,1.8504831790924072
0.0001,3751.0,119.51477813720703,1.8504784107208252
0.0001,3752.0,119.5147705078125,1.8504737615585327
0.0001,3753.0,119.5147705078125,1.8504692316055298
0.0001,3754.0,119.51477813720703,1.850464105606079
0.0001,3755.0,119.5147705078125,1.8504596948623657
0.0001,3756.0,119.5147705078125,1.8504549264907837
0.0001,3757.0,119.51476287841797,1.8504502773284912
0.0001,3758.0,119.5147705078125,1.8504457473754883
0.0001,3759.0,119.51476287841797,1.850441336631775
0.0001,3760.0,119.5147705078125,1.8504365682601929
0.0001,3761.0,119.5147705078125,1.85043203830719
0.0001,3762.0,119.51476287841797,1.850427269935608
0.0001,3763.0,119.5147705078125,1.8504228591918945
0.0001,3764.0,119.51476287841797,1.8504178524017334
0.0001,3765.0,119.51476287841797,1.8504135608673096
0.0001,3766.0,119.51475524902344,1.850408911705017
0.0001,3767.0,119.51476287841797,1.8504043817520142
0.0001,3768.0,119.5147705078125,1.8503999710083008
0.0001,3769.0,119.51476287841797,1.8503952026367188
0.0001,3770.0,119.51476287841797,1.8503907918930054
0.0001,3771.0,119.51476287841797,1.8503860235214233
0.0001,3772.0,119.5147705078125,1.85038161277771
0.0001,3773.0,119.51476287841797,1.850376844406128
0.0001,3774.0,119.51476287841797,1.8503726720809937
0.0001,3775.0,119.51475524902344,1.8503681421279907
0.0001,3776.0,119.51476287841797,1.8503633737564087
0.0001,3777.0,119.5147705078125,1.8503589630126953
0.0001,3778.0,119.51476287841797,1.850354552268982
0.0001,3779.0,119.51476287841797,1.8503501415252686
0.0001,3780.0,119.51475524902344,1.8503456115722656
0.0001,3781.0,119.51476287841797,1.8503410816192627
0.0001,3782.0,119.51475524902344,1.8503366708755493
0.0001,3783.0,119.51475524902344,1.8503320217132568
0.0001,3784.0,119.5147476196289,1.850327730178833
0.0001,3785.0,119.51475524902344,1.850322961807251
0.0001,3786.0,119.51476287841797,1.8503186702728271
0.0001,3787.0,119.51475524902344,1.8503144979476929
0.0001,3788.0,119.51475524902344,1.8503097295761108
0.0001,3789.0,119.51475524902344,1.8503055572509766
0.0001,3790.0,119.51476287841797,1.8503010272979736
0.0001,3791.0,119.51475524902344,1.8502966165542603
0.0001,3792.0,119.51475524902344,1.850292444229126
0.0001,3793.0,119.5147476196289,1.8502880334854126
0.0001,3794.0,119.51475524902344,1.8502838611602783
0.0001,3795.0,119.5147476196289,1.8502792119979858
0.0001,3796.0,119.51475524902344,1.850274682044983
0.0001,3797.0,119.51475524902344,1.8502705097198486
0.0001,3798.0,119.5147476196289,1.8502657413482666
0.0001,3799.0,119.51475524902344,1.8502616882324219
0.0001,3800.0,119.5147476196289,1.8502575159072876
0.0001,3801.0,119.51475524902344,1.8502528667449951
0.0001,3802.0,119.5147476196289,1.85024893283844
0.0001,3803.0,119.51475524902344,1.8502445220947266
0.0001,3804.0,119.5147476196289,1.8502403497695923
0.0001,3805.0,119.51475524902344,1.850235939025879
0.0001,3806.0,119.5147476196289,1.850231409072876
0.0001,3807.0,119.5147476196289,1.8502271175384521
0.0001,3808.0,119.51473999023438,1.8502228260040283
0.0001,3809.0,119.5147476196289,1.8502185344696045
0.0001,3810.0,119.51473999023438,1.8502143621444702
0.0001,3811.0,119.51473999023438,1.8502099514007568
0.0001,3812.0,119.51475524902344,1.850205659866333
0.0001,3813.0,119.5147476196289,1.8502018451690674
0.0001,3814.0,119.51475524902344,1.850197196006775
0.0001,3815.0,119.5147476196289,1.8501930236816406
0.0001,3816.0,119.5147476196289,1.850188970565796
0.0001,3817.0,119.51473999023438,1.8501842021942139
0.0001,3818.0,119.5147476196289,1.8501802682876587
0.0001,3819.0,119.51473999023438,1.850176215171814
0.0001,3820.0,119.51473999023438,1.8501720428466797
0.0001,3821.0,119.51473999023438,1.8501676321029663
0.0001,3822.0,119.5147476196289,1.850163459777832
0.0001,3823.0,119.51473999023438,1.8501590490341187
0.0001,3824.0,119.5147476196289,1.8501551151275635
0.0001,3825.0,119.51473999023438,1.8501510620117188
0.0001,3826.0,119.51473999023438,1.8501468896865845
0.0001,3827.0,119.51473236083984,1.850142478942871
0.0001,3828.0,119.51473999023438,1.8501384258270264
0.0001,3829.0,119.51473999023438,1.850134253501892
0.0001,3830.0,119.51473999023438,1.8501300811767578
0.0001,3831.0,119.51473236083984,1.850126028060913
0.0001,3832.0,119.51473999023438,1.8501218557357788
0.0001,3833.0,119.51473236083984,1.8501176834106445
0.0001,3834.0,119.51473999023438,1.8501135110855103
0.0001,3835.0,119.51473236083984,1.8501094579696655
0.0001,3836.0,119.51473236083984,1.8501055240631104
0.0001,3837.0,119.51473236083984,1.8501014709472656
0.0001,3838.0,119.51473999023438,1.8500972986221313
0.0001,3839.0,119.51473236083984,1.850093126296997
0.0001,3840.0,119.51473236083984,1.8500890731811523
0.0001,3841.0,119.51472473144531,1.8500850200653076
0.0001,3842.0,119.51473236083984,1.8500807285308838
0.0001,3843.0,119.51472473144531,1.8500769138336182
0.0001,3844.0,119.51473999023438,1.8500726222991943
0.0001,3845.0,119.51473236083984,1.8500688076019287
0.0001,3846.0,119.51473236083984,1.8500648736953735
0.0001,3847.0,119.51472473144531,1.8500607013702393
0.0001,3848.0,119.51473236083984,1.8500566482543945
0.0001,3849.0,119.51472473144531,1.850052833557129
0.0001,3850.0,119.51472473144531,1.8500486612319946
0.0001,3851.0,119.51472473144531,1.85004460811615
0.0001,3852.0,119.51473236083984,1.8500407934188843
0.0001,3853.0,119.51472473144531,1.85003662109375
0.0001,3854.0,119.51473236083984,1.8500325679779053
0.0001,3855.0,119.51472473144531,1.8500287532806396
0.0001,3856.0,119.51472473144531,1.8500245809555054
0.0001,3857.0,119.51472473144531,1.8500207662582397
0.0001,3858.0,119.51473236083984,1.8500168323516846
0.0001,3859.0,119.51472473144531,1.8500125408172607
0.0001,3860.0,119.51472473144531,1.8500089645385742
0.0001,3861.0,119.51471710205078,1.8500049114227295
0.0001,3862.0,119.51472473144531,1.8500009775161743
0.0001,3863.0,119.51472473144531,1.8499971628189087
0.0001,3864.0,119.51473236083984,1.8499929904937744
0.0001,3865.0,119.51472473144531,1.8499891757965088
0.0001,3866.0,119.51472473144531,1.849985122680664
0.0001,3867.0,119.51471710205078,1.8499813079833984
0.0001,3868.0,119.51472473144531,1.8499774932861328
0.0001,3869.0,119.51472473144531,1.8499733209609985
0.0001,3870.0,119.51472473144531,1.849969506263733
0.0001,3871.0,119.51471710205078,1.8499656915664673
0.0001,3872.0,119.51472473144531,1.8499619960784912
0.0001,3873.0,119.51471710205078,1.849957823753357
0.0001,3874.0,119.51472473144531,1.8499542474746704
0.0001,3875.0,119.51472473144531,1.8499501943588257
0.0001,3876.0,119.51472473144531,1.84994637966156
0.0001,3877.0,119.51471710205078,1.8499424457550049
0.0001,3878.0,119.51472473144531,1.8499386310577393
0.0001,3879.0,119.51471710205078,1.8499348163604736
0.0001,3880.0,119.51472473144531,1.849931001663208
0.0001,3881.0,119.51471710205078,1.849927306175232
0.0001,3882.0,119.51470947265625,1.8499233722686768
0.0001,3883.0,119.51471710205078,1.849919319152832
0.0001,3884.0,119.51470947265625,1.8499155044555664
0.0001,3885.0,119.51472473144531,1.8499119281768799
0.0001,3886.0,119.51471710205078,1.8499081134796143
0.0001,3887.0,119.51471710205078,1.8499042987823486
0.0001,3888.0,119.51470947265625,1.849900484085083
0.0001,3889.0,119.51471710205078,1.8498966693878174
0.0001,3890.0,119.51471710205078,1.8498929738998413
0.0001,3891.0,119.51471710205078,1.8498893976211548
0.0001,3892.0,119.51470947265625,1.84988534450531
0.0001,3893.0,119.51471710205078,1.8498817682266235
0.0001,3894.0,119.51470947265625,1.849877953529358
0.0001,3895.0,119.51472473144531,1.8498742580413818
0.0001,3896.0,119.51471710205078,1.8498704433441162
0.0001,3897.0,119.51471710205078,1.8498666286468506
0.0001,3898.0,119.51470947265625,1.849863052368164
0.0001,3899.0,119.51470947265625,1.8498592376708984
0.0001,3900.0,119.51471710205078,1.849855661392212
0.0001,3901.0,119.51470947265625,1.8498519659042358
0.0001,3902.0,119.51470947265625,1.8498483896255493
0.0001,3903.0,119.51470184326172,1.8498443365097046
0.0001,3904.0,119.51471710205078,1.849840521812439
0.0001,3905.0,119.51470947265625,1.849837303161621
0.0001,3906.0,119.51471710205078,1.8498332500457764
0.0001,3907.0,119.51470947265625,1.849829912185669
0.0001,3908.0,119.51471710205078,1.8498262166976929
0.0001,3909.0,119.51470947265625,1.8498224020004272
0.0001,3910.0,119.51470184326172,1.8498185873031616
0.0001,3911.0,119.51470947265625,1.849815011024475
0.0001,3912.0,119.51470184326172,1.8498115539550781
0.0001,3913.0,119.51470947265625,1.8498079776763916
0.0001,3914.0,119.51470184326172,1.8498042821884155
0.0001,3915.0,119.51470947265625,1.84980046749115
0.0001,3916.0,119.51470184326172,1.8497968912124634
0.0001,3917.0,119.51471710205078,1.8497934341430664
0.0001,3918.0,119.51470947265625,1.8497898578643799
0.0001,3919.0,119.51470947265625,1.8497861623764038
0.0001,3920.0,119.51470184326172,1.849782943725586
0.0001,3921.0,119.51470184326172,1.8497791290283203
0.0001,3922.0,119.51470947265625,1.8497753143310547
0.0001,3923.0,119.51470184326172,1.8497718572616577
0.0001,3924.0,119.51470184326172,1.849768042564392
0.0001,3925.0,119.51470184326172,1.8497645854949951
0.0001,3926.0,119.51470947265625,1.8497612476348877
0.0001,3927.0,119.51470184326172,1.8497575521469116
0.0001,3928.0,119.51470947265625,1.8497540950775146
0.0001,3929.0,119.51470947265625,1.8497505187988281
0.0001,3930.0,119.51470184326172,1.8497469425201416
0.0001,3931.0,119.51470184326172,1.8497432470321655
0.0001,3932.0,119.51469421386719,1.8497397899627686
0.0001,3933.0,119.51470947265625,1.849736213684082
0.0001,3934.0,119.51470184326172,1.849732756614685
0.0001,3935.0,119.51470184326172,1.849729299545288
0.0001,3936.0,119.51469421386719,1.8497259616851807
0.0001,3937.0,119.51469421386719,1.8497225046157837
0.0001,3938.0,119.51470184326172,1.8497188091278076
0.0001,3939.0,119.51469421386719,1.8497154712677002
0.0001,3940.0,119.51470184326172,1.8497116565704346
0.0001,3941.0,119.51470184326172,1.8497083187103271
0.0001,3942.0,119.51470184326172,1.8497049808502197
0.0001,3943.0,119.51469421386719,1.8497015237808228
0.0001,3944.0,119.51469421386719,1.8496980667114258
0.0001,3945.0,119.51470184326172,1.8496946096420288
0.0001,3946.0,119.51469421386719,1.8496910333633423
0.0001,3947.0,119.51469421386719,1.8496878147125244
0.0001,3948.0,119.51469421386719,1.8496841192245483
0.0001,3949.0,119.51470184326172,1.8496811389923096
0.0001,3950.0,119.51469421386719,1.8496774435043335
0.0001,3951.0,119.51468658447266,1.849673867225647
0.0001,3952.0,119.51470184326172,1.84967041015625
0.0001,3953.0,119.51469421386719,1.849666953086853
0.0001,3954.0,119.51469421386719,1.8496633768081665
0.0001,3955.0,119.51469421386719,1.8496602773666382
0.0001,3956.0,119.51470184326172,1.8496568202972412
0.0001,3957.0,119.51469421386719,1.8496534824371338
0.0001,3958.0,119.51468658447266,1.8496501445770264
0.0001,3959.0,119.51469421386719,1.849646806716919
0.0001,3960.0,119.51468658447266,1.849643349647522
0.0001,3961.0,119.51469421386719,1.849640130996704
0.0001,3962.0,119.51469421386719,1.8496367931365967
0.0001,3963.0,119.51470184326172,1.8496334552764893
0.0001,3964.0,119.51469421386719,1.8496299982070923
0.0001,3965.0,119.51469421386719,1.8496265411376953
0.0001,3966.0,119.51469421386719,1.8496230840682983
0.0001,3967.0,119.51468658447266,1.8496198654174805
0.0001,3968.0,119.51469421386719,1.8496164083480835
0.0001,3969.0,119.51469421386719,1.8496131896972656
0.0001,3970.0,119.51468658447266,1.849609613418579
0.0001,3971.0,119.51468658447266,1.8496067523956299
0.0001,3972.0,119.51468658447266,1.8496030569076538
0.0001,3973.0,119.51469421386719,1.849600076675415
0.0001,3974.0,119.51468658447266,1.849596619606018
0.0001,3975.0,119.51469421386719,1.8495935201644897
0.0001,3976.0,119.51469421386719,1.8495900630950928
0.0001,3977.0,119.51468658447266,1.849587082862854
0.0001,3978.0,119.51468658447266,1.849583625793457
0.0001,3979.0,119.51468658447266,1.8495804071426392
0.0001,3980.0,119.51469421386719,1.8495769500732422
0.0001,3981.0,119.51468658447266,1.8495738506317139
0.0001,3982.0,119.51468658447266,1.849570631980896
0.0001,3983.0,119.51468658447266,1.8495674133300781
0.0001,3984.0,119.51467895507812,1.8495639562606812
0.0001,3985.0,119.51469421386719,1.8495609760284424
0.0001,3986.0,119.51468658447266,1.849557638168335
0.0001,3987.0,119.51467895507812,1.849554419517517
0.0001,3988.0,119.51469421386719,1.8495514392852783
0.0001,3989.0,119.51468658447266,1.8495479822158813
0.0001,3990.0,119.51468658447266,1.849544882774353
0.0001,3991.0,119.51468658447266,1.849541425704956
0.0001,3992.0,119.51467895507812,1.8495384454727173
0.0001,3993.0,119.51468658447266,1.8495349884033203
0.0001,3994.0,119.51468658447266,1.849531888961792
0.0001,3995.0,119.51468658447266,1.8495286703109741
0.0001,3996.0,119.51467895507812,1.849525809288025
0.0001,3997.0,119.5146713256836,1.849522590637207
0.0001,3998.0,119.51468658447266,1.84951913356781
0.0001,3999.0,119.51467895507812,1.8495161533355713
0.0001,4000.0,119.51468658447266,1.849513053894043
0.0001,4001.0,119.51468658447266,1.849509835243225
0.0001,4002.0,119.51467895507812,1.8495066165924072
0.0001,4003.0,119.51468658447266,1.849503517150879
0.0001,4004.0,119.51467895507812,1.849500298500061
0.0001,4005.0,119.51468658447266,1.8494971990585327
0.0001,4006.0,119.51468658447266,1.8494939804077148
0.0001,4007.0,119.51467895507812,1.8494908809661865
0.0001,4008.0,119.51467895507812,1.8494876623153687
0.0001,4009.0,119.51467895507812,1.8494848012924194
0.0001,4010.0,119.51468658447266,1.8494818210601807
0.0001,4011.0,119.51467895507812,1.8494784832000732
0.0001,4012.0,119.51467895507812,1.8494751453399658
0.0001,4013.0,119.51468658447266,1.8494724035263062
0.0001,4014.0,119.51467895507812,1.8494694232940674
0.0001,4015.0,119.51467895507812,1.84946608543396
0.0001,4016.0,119.51467895507812,1.8494631052017212
0.0001,4017.0,119.5146713256836,1.8494598865509033
0.0001,4018.0,119.51468658447266,1.849456787109375
0.0001,4019.0,119.51467895507812,1.8494535684585571
0.0001,4020.0,119.5146713256836,1.849450707435608
0.0001,4021.0,119.51467895507812,1.8494479656219482
0.0001,4022.0,119.5146713256836,1.8494446277618408
0.0001,4023.0,119.51467895507812,1.8494415283203125
0.0001,4024.0,119.51467895507812,1.8494384288787842
0.0001,4025.0,119.5146713256836,1.8494354486465454
0.0001,4026.0,119.51468658447266,1.8494325876235962
0.0001,4027.0,119.51467895507812,1.8494293689727783
0.0001,4028.0,119.5146713256836,1.849426507949829
0.0001,4029.0,119.51467895507812,1.8494236469268799
0.0001,4030.0,119.5146713256836,1.849420189857483
0.0001,4031.0,119.51467895507812,1.8494173288345337
0.0001,4032.0,119.51467895507812,1.849414587020874
0.0001,4033.0,119.5146713256836,1.8494113683700562
0.0001,4034.0,119.5146713256836,1.8494083881378174
0.0001,4035.0,119.5146713256836,1.8494055271148682
0.0001,4036.0,119.51466369628906,1.849402666091919
0.0001,4037.0,119.51467895507812,1.8493998050689697
0.0001,4038.0,119.5146713256836,1.8493964672088623
0.0001,4039.0,119.51467895507812,1.8493934869766235
0.0001,4040.0,119.51467895507812,1.8493906259536743
0.0001,4041.0,119.5146713256836,1.849387526512146
0.0001,4042.0,119.5146713256836,1.8493845462799072
0.0001,4043.0,119.5146713256836,1.849381685256958
0.0001,4044.0,119.51466369628906,1.8493785858154297
0.0001,4045.0,119.51467895507812,1.8493754863739014
0.0001,4046.0,119.5146713256836,1.8493728637695312
0.0001,4047.0,119.51466369628906,1.849369764328003
0.0001,4048.0,119.5146713256836,1.8493669033050537
0.0001,4049.0,119.51466369628906,1.8493640422821045
0.0001,4050.0,119.5146713256836,1.8493614196777344
0.0001,4051.0,119.5146713256836,1.849358320236206
0.0001,4052.0,119.51466369628906,1.8493553400039673
0.0001,4053.0,119.51467895507812,1.8493525981903076
0.0001,4054.0,119.5146713256836,1.8493493795394897
0.0001,4055.0,119.51466369628906,1.8493465185165405
0.0001,4056.0,119.5146713256836,1.8493436574935913
0.0001,4057.0,119.51466369628906,1.849340796470642
0.0001,4058.0,119.51466369628906,1.8493378162384033
0.0001,4059.0,119.5146713256836,1.8493353128433228
0.0001,4060.0,119.51466369628906,1.8493322134017944
0.0001,4061.0,119.5146713256836,1.8493293523788452
0.0001,4062.0,119.51466369628906,1.8493263721466064
0.0001,4063.0,119.51466369628906,1.8493238687515259
0.0001,4064.0,119.5146713256836,1.8493210077285767
0.0001,4065.0,119.51466369628906,1.8493179082870483
0.0001,4066.0,119.51466369628906,1.8493152856826782
0.0001,4067.0,119.5146713256836,1.84931218624115
0.0001,4068.0,119.5146713256836,1.8493095636367798
0.0001,4069.0,119.51466369628906,1.8493068218231201
0.0001,4070.0,119.51466369628906,1.849303960800171
0.0001,4071.0,119.51466369628906,1.8493009805679321
0.0001,4072.0,119.51465606689453,1.8492982387542725
0.0001,4073.0,119.5146713256836,1.8492953777313232
0.0001,4074.0,119.51466369628906,1.8492927551269531
0.0001,4075.0,119.51466369628906,1.849289894104004
0.0001,4076.0,119.51466369628906,1.8492867946624756
0.0001,4077.0,119.51465606689453,1.8492844104766846
0.0001,4078.0,119.5146713256836,1.8492815494537354
0.0001,4079.0,119.51466369628906,1.8492788076400757
0.0001,4080.0,119.51465606689453,1.849275827407837
0.0001,4081.0,119.5146713256836,1.8492733240127563
0.0001,4082.0,119.51466369628906,1.8492704629898071
0.0001,4083.0,119.51466369628906,1.8492673635482788
0.0001,4084.0,119.51466369628906,1.8492648601531982
0.0001,4085.0,119.51466369628906,1.8492622375488281
0.0001,4086.0,119.51465606689453,1.849259376525879
0.0001,4087.0,119.51466369628906,1.8492567539215088
0.0001,4088.0,119.51466369628906,1.8492538928985596
0.0001,4089.0,119.51465606689453,1.8492511510849
0.0001,4090.0,119.51466369628906,1.8492485284805298
0.0001,4091.0,119.51465606689453,1.8492456674575806
0.0001,4092.0,119.51465606689453,1.8492431640625
0.0001,4093.0,119.51466369628906,1.8492403030395508
0.0001,4094.0,119.51465606689453,1.8492376804351807
0.0001,4095.0,119.51465606689453,1.849234938621521
0.0001,4096.0,119.51466369628906,1.8492320775985718
0.0001,4097.0,119.51466369628906,1.8492294549942017
0.0001,4098.0,119.51465606689453,1.849226713180542
0.0001,4099.0,119.51466369628906,1.8492240905761719
0.0001,4100.0,119.51465606689453,1.8492214679718018
0.0001,4101.0,119.5146484375,1.849218726158142
0.0001,4102.0,119.51466369628906,1.849216103553772
0.0001,4103.0,119.51465606689453,1.8492132425308228
0.0001,4104.0,119.51465606689453,1.8492109775543213
0.0001,4105.0,119.51465606689453,1.8492082357406616
0.0001,4106.0,119.51465606689453,1.8492056131362915
0.0001,4107.0,119.5146484375,1.8492027521133423
0.0001,4108.0,119.51465606689453,1.8492002487182617
0.0001,4109.0,119.51465606689453,1.8491973876953125
0.0001,4110.0,119.5146484375,1.8491947650909424
0.0001,4111.0,119.51466369628906,1.8491922616958618
0.0001,4112.0,119.51465606689453,1.8491894006729126
0.0001,4113.0,119.51465606689453,1.849186897277832
0.0001,4114.0,119.51465606689453,1.8491843938827515
0.0001,4115.0,119.51465606689453,1.8491815328598022
0.0001,4116.0,119.5146484375,1.8491792678833008
0.0001,4117.0,119.51465606689453,1.8491766452789307
0.0001,4118.0,119.51465606689453,1.849173903465271
0.0001,4119.0,119.5146484375,1.8491712808609009
0.0001,4120.0,119.51465606689453,1.8491685390472412
0.0001,4121.0,119.5146484375,1.849165678024292
0.0001,4122.0,119.5146484375,1.8491636514663696
0.0001,4123.0,119.51465606689453,1.8491607904434204
0.0001,4124.0,119.51465606689453,1.8491582870483398
0.0001,4125.0,119.5146484375,1.8491556644439697
0.0001,4126.0,119.51466369628906,1.8491531610488892
0.0001,4127.0,119.51465606689453,1.8491508960723877
0.0001,4128.0,119.5146484375,1.849148154258728
0.0001,4129.0,119.51465606689453,1.849145531654358
0.0001,4130.0,119.5146484375,1.8491427898406982
0.0001,4131.0,119.5146484375,1.8491401672363281
0.0001,4132.0,119.51465606689453,1.8491382598876953
0.0001,4133.0,119.51465606689453,1.849135398864746
0.0001,4134.0,119.5146484375,1.8491328954696655
0.0001,4135.0,119.51465606689453,1.8491302728652954
0.0001,4136.0,119.5146484375,1.8491274118423462
0.0001,4137.0,119.5146484375,1.8491255044937134
0.0001,4138.0,119.51465606689453,1.8491227626800537
0.0001,4139.0,119.51465606689453,1.8491199016571045
0.0001,4140.0,119.5146484375,1.8491175174713135
0.0001,4141.0,119.5146484375,1.8491151332855225
0.0001,4142.0,119.51465606689453,1.8491127490997314
0.0001,4143.0,119.5146484375,1.8491102457046509
0.0001,4144.0,119.5146484375,1.8491077423095703
0.0001,4145.0,119.5146484375,1.849104881286621
0.0001,4146.0,119.5146484375,1.8491027355194092
0.0001,4147.0,119.51464080810547,1.8491003513336182
0.0001,4148.0,119.51465606689453,1.8490978479385376
0.0001,4149.0,119.5146484375,1.849095106124878
0.0001,4150.0,119.5146484375,1.8490928411483765
0.0001,4151.0,119.5146484375,1.8490902185440063
0.0001,4152.0,119.5146484375,1.8490879535675049
0.0001,4153.0,119.51464080810547,1.8490852117538452
0.0001,4154.0,119.51465606689453,1.8490829467773438
0.0001,4155.0,119.5146484375,1.8490804433822632
0.0001,4156.0,119.5146484375,1.8490784168243408
0.0001,4157.0,119.51464080810547,1.8490755558013916
0.0001,4158.0,119.51465606689453,1.849073052406311
0.0001,4159.0,119.5146484375,1.8490707874298096
0.0001,4160.0,119.5146484375,1.849068284034729
0.0001,4161.0,119.5146484375,1.8490657806396484
0.0001,4162.0,119.5146484375,1.8490632772445679
0.0001,4163.0,119.51464080810547,1.8490612506866455
0.0001,4164.0,119.51465606689453,1.849058747291565
0.0001,4165.0,119.5146484375,1.8490560054779053
0.0001,4166.0,119.5146484375,1.8490536212921143
0.0001,4167.0,119.51464080810547,1.8490514755249023
0.0001,4168.0,119.51464080810547,1.8490489721298218
0.0001,4169.0,119.51464080810547,1.8490464687347412
0.0001,4170.0,119.51463317871094,1.8490440845489502
0.0001,4171.0,119.5146484375,1.8490419387817383
0.0001,4172.0,119.51464080810547,1.8490394353866577
0.0001,4173.0,119.51464080810547,1.8490369319915771
0.0001,4174.0,119.51465606689453,1.8490346670150757
0.0001,4175.0,119.5146484375,1.8490326404571533
0.0001,4176.0,119.51464080810547,1.8490302562713623
0.0001,4177.0,119.5146484375,1.8490278720855713
0.0001,4178.0,119.5146484375,1.8490251302719116
0.0001,4179.0,119.51464080810547,1.8490231037139893
0.0001,4180.0,119.51463317871094,1.8490203619003296
0.0001,4181.0,119.5146484375,1.8490184545516968
0.0001,4182.0,119.5146484375,1.8490159511566162
0.0001,4183.0,119.51464080810547,1.8490135669708252
0.0001,4184.0,119.51464080810547,1.8490111827850342
0.0001,4185.0,119.51464080810547,1.8490089178085327
0.0001,4186.0,119.51463317871094,1.8490066528320312
0.0001,4187.0,119.51463317871094,1.8490041494369507
0.0001,4188.0,119.5146484375,1.8490018844604492
0.0001,4189.0,119.51464080810547,1.8489996194839478
0.0001,4190.0,119.51464080810547,1.8489974737167358
0.0001,4191.0,119.5146484375,1.8489949703216553
0.0001,4192.0,119.5146484375,1.8489927053451538
0.0001,4193.0,119.51464080810547,1.8489904403686523
0.0001,4194.0,119.51464080810547,1.8489881753921509
0.0001,4195.0,119.51464080810547,1.8489856719970703
0.0001,4196.0,119.51464080810547,1.8489835262298584
0.0001,4197.0,119.51463317871094,1.848981261253357
0.0001,4198.0,119.5146484375,1.8489792346954346
0.0001,4199.0,119.51464080810547,1.848976731300354
0.0001,4200.0,119.51464080810547,1.8489748239517212
0.0001,4201.0,119.51464080810547,1.8489723205566406
0.0001,4202.0,119.51464080810547,1.8489700555801392
0.0001,4203.0,119.51463317871094,1.8489673137664795
0.0001,4204.0,119.51463317871094,1.8489654064178467
0.0001,4205.0,119.51464080810547,1.8489633798599243
0.0001,4206.0,119.51464080810547,1.8489611148834229
0.0001,4207.0,119.51463317871094,1.8489587306976318
0.0001,4208.0,119.51463317871094,1.8489564657211304
0.0001,4209.0,119.51464080810547,1.848954200744629
0.0001,4210.0,119.51464080810547,1.8489519357681274
0.0001,4211.0,119.51463317871094,1.8489497900009155
0.0001,4212.0,119.51464080810547,1.848947525024414
0.0001,4213.0,119.51464080810547,1.8489452600479126
0.0001,4214.0,119.51463317871094,1.8489431142807007
0.0001,4215.0,119.51463317871094,1.8489408493041992
0.0001,4216.0,119.51464080810547,1.8489383459091187
0.0001,4217.0,119.51464080810547,1.8489364385604858
0.0001,4218.0,119.51463317871094,1.8489341735839844
0.0001,4219.0,119.51464080810547,1.8489320278167725
0.0001,4220.0,119.51463317871094,1.848929762840271
0.0001,4221.0,119.51463317871094,1.8489274978637695
0.0001,4222.0,119.5146255493164,1.848925232887268
0.0001,4223.0,119.51464080810547,1.8489233255386353
0.0001,4224.0,119.51463317871094,1.8489208221435547
0.0001,4225.0,119.51463317871094,1.8489189147949219
0.0001,4226.0,119.51464080810547,1.84891676902771
0.0001,4227.0,119.51464080810547,1.8489147424697876
0.0001,4228.0,119.51464080810547,1.848912239074707
0.0001,4229.0,119.51463317871094,1.8489103317260742
0.0001,4230.0,119.51464080810547,1.8489080667495728
0.0001,4231.0,119.51463317871094,1.8489059209823608
0.0001,4232.0,119.51463317871094,1.8489034175872803
0.0001,4233.0,119.5146255493164,1.8489015102386475
0.0001,4234.0,119.51464080810547,1.848899245262146
0.0001,4235.0,119.51463317871094,1.8488973379135132
0.0001,4236.0,119.51463317871094,1.8488950729370117
0.0001,4237.0,119.51463317871094,1.848893165588379
0.0001,4238.0,119.51463317871094,1.8488909006118774
0.0001,4239.0,119.51463317871094,1.8488887548446655
0.0001,4240.0,119.5146255493164,1.848886489868164
0.0001,4241.0,119.51464080810547,1.8488845825195312
0.0001,4242.0,119.51463317871094,1.8488823175430298
0.0001,4243.0,119.51463317871094,1.8488801717758179
0.0001,4244.0,119.5146255493164,1.8488785028457642
0.0001,4245.0,119.51464080810547,1.8488763570785522
0.0001,4246.0,119.51463317871094,1.8488738536834717
0.0001,4247.0,119.51463317871094,1.8488718271255493
0.0001,4248.0,119.51463317871094,1.848870038986206
0.0001,4249.0,119.51463317871094,1.848867654800415
0.0001,4250.0,119.51463317871094,1.8488657474517822
0.0001,4251.0,119.5146255493164,1.8488633632659912
0.0001,4252.0,119.51464080810547,1.8488616943359375
0.0001,4253.0,119.51463317871094,1.848859190940857
0.0001,4254.0,119.51463317871094,1.8488572835922241
0.0001,4255.0,119.5146255493164,1.8488552570343018
0.0001,4256.0,119.51463317871094,1.848853349685669
0.0001,4257.0,119.51463317871094,1.848850965499878
0.0001,4258.0,119.5146255493164,1.8488492965698242
0.0001,4259.0,119.5146255493164,1.8488471508026123
0.0001,4260.0,119.51463317871094,1.84884512424469
0.0001,4261.0,119.51463317871094,1.848842978477478
0.0001,4262.0,119.5146255493164,1.8488409519195557
0.0001,4263.0,119.5146255493164,1.8488388061523438
0.0001,4264.0,119.51464080810547,1.848836898803711
0.0001,4265.0,119.51463317871094,1.848834753036499
0.0001,4266.0,119.51463317871094,1.8488324880599976
0.0001,4267.0,119.5146255493164,1.8488305807113647
0.0001,4268.0,119.51463317871094,1.8488285541534424
0.0001,4269.0,119.5146255493164,1.8488267660140991
0.0001,4270.0,119.5146255493164,1.8488245010375977
0.0001,4271.0,119.5146255493164,1.8488225936889648
0.0001,4272.0,119.51463317871094,1.848820447921753
0.0001,4273.0,119.51463317871094,1.8488187789916992
0.0001,4274.0,119.5146255493164,1.8488165140151978
0.0001,4275.0,119.5146255493164,1.8488147258758545
0.0001,4276.0,119.5146255493164,1.8488126993179321
0.0001,4277.0,119.5146255493164,1.8488107919692993
0.0001,4278.0,119.5146255493164,1.8488086462020874
0.0001,4279.0,119.51461791992188,1.8488067388534546
0.0001,4280.0,119.51463317871094,1.8488048315048218
0.0001,4281.0,119.5146255493164,1.8488028049468994
0.0001,4282.0,119.5146255493164,1.8488008975982666
0.0001,4283.0,119.5146255493164,1.8487987518310547
0.0001,4284.0,119.51463317871094,1.8487966060638428
0.0001,4285.0,119.51463317871094,1.848794937133789
0.0001,4286.0,119.5146255493164,1.8487927913665771
0.0001,4287.0,119.5146255493164,1.8487911224365234
0.0001,4288.0,119.5146255493164,1.8487889766693115
0.0001,4289.0,119.5146255493164,1.8487870693206787
0.0001,4290.0,119.5146255493164,1.8487848043441772
0.0001,4291.0,119.51461791992188,1.8487831354141235
0.0001,4292.0,119.51463317871094,1.8487812280654907
0.0001,4293.0,119.5146255493164,1.8487790822982788
0.0001,4294.0,119.5146255493164,1.848777413368225
0.0001,4295.0,119.5146255493164,1.8487755060195923
0.0001,4296.0,119.5146255493164,1.8487733602523804
0.0001,4297.0,119.5146255493164,1.8487714529037476
0.0001,4298.0,119.51461791992188,1.8487695455551147
0.0001,4299.0,119.51461791992188,1.8487675189971924
0.0001,4300.0,119.51463317871094,1.8487656116485596
0.0001,4301.0,119.5146255493164,1.8487638235092163
0.0001,4302.0,119.5146255493164,1.8487621545791626
0.0001,4303.0,119.51461791992188,1.8487600088119507
0.0001,4304.0,119.51463317871094,1.8487581014633179
0.0001,4305.0,119.51463317871094,1.848756194114685
0.0001,4306.0,119.5146255493164,1.8487541675567627
0.0001,4307.0,119.5146255493164,1.8487526178359985
0.0001,4308.0,119.5146255493164,1.8487504720687866
0.0001,4309.0,119.5146255493164,1.8487485647201538
0.0001,4310.0,119.51461791992188,1.848746657371521
0.0001,4311.0,119.51461791992188,1.8487447500228882
0.0001,4312.0,119.51463317871094,1.8487430810928345
0.0001,4313.0,119.5146255493164,1.8487409353256226
0.0001,4314.0,119.5146255493164,1.8487393856048584
0.0001,4315.0,119.5146255493164,1.8487377166748047
0.0001,4316.0,119.5146255493164,1.8487354516983032
0.0001,4317.0,119.5146255493164,1.84873366355896
0.0001,4318.0,119.51461791992188,1.8487317562103271
0.0001,4319.0,119.51461791992188,1.8487298488616943
0.0001,4320.0,119.51461791992188,1.8487281799316406
0.0001,4321.0,119.5146255493164,1.848726511001587
0.0001,4322.0,119.5146255493164,1.848724365234375
0.0001,4323.0,119.51461791992188,1.8487224578857422
0.0001,4324.0,119.51461791992188,1.8487205505371094
0.0001,4325.0,119.51463317871094,1.8487188816070557
0.0001,4326.0,119.5146255493164,1.8487170934677124
0.0001,4327.0,119.5146255493164,1.8487151861190796
0.0001,4328.0,119.51461791992188,1.8487135171890259
0.0001,4329.0,119.5146255493164,1.848711609840393
0.0001,4330.0,119.5146255493164,1.8487098217010498
0.0001,4331.0,119.51461791992188,1.848708152770996
0.0001,4332.0,119.51461791992188,1.8487062454223633
0.0001,4333.0,119.51461029052734,1.8487043380737305
0.0001,4334.0,119.5146255493164,1.8487024307250977
0.0001,4335.0,119.5146255493164,1.8487008810043335
0.0001,4336.0,119.51461791992188,1.8486988544464111
0.0001,4337.0,119.51461791992188,1.8486970663070679
0.0001,4338.0,119.5146255493164,1.8486953973770142
0.0001,4339.0,119.51461791992188,1.8486934900283813
0.0001,4340.0,119.51461791992188,1.8486919403076172
0.0001,4341.0,119.51461029052734,1.8486900329589844
0.0001,4342.0,119.5146255493164,1.8486884832382202
0.0001,4343.0,119.5146255493164,1.8486862182617188
0.0001,4344.0,119.51461791992188,1.848684549331665
0.0001,4345.0,119.51461791992188,1.8486826419830322
0.0001,4346.0,119.51461791992188,1.8486812114715576
0.0001,4347.0,119.5146255493164,1.8486793041229248
0.0001,4348.0,119.5146255493164,1.848677396774292
0.0001,4349.0,119.51461791992188,1.8486759662628174
0.0001,4350.0,119.51461791992188,1.8486740589141846
0.0001,4351.0,119.5146255493164,1.8486722707748413
0.0001,4352.0,119.51461791992188,1.8486707210540771
0.0001,4353.0,119.51461791992188,1.8486686944961548
0.0001,4354.0,119.51461791992188,1.8486671447753906
0.0001,4355.0,119.51461029052734,1.848665475845337
0.0001,4356.0,119.5146255493164,1.848663568496704
0.0001,4357.0,119.51461791992188,1.8486617803573608
0.0001,4358.0,119.51461791992188,1.848659873008728
0.0001,4359.0,119.51461791992188,1.848658561706543
0.0001,4360.0,119.51461791992188,1.8486568927764893
0.0001,4361.0,119.51461791992188,1.8486549854278564
0.0001,4362.0,119.51461791992188,1.8486531972885132
0.0001,4363.0,119.51461029052734,1.8486515283584595
0.0001,4364.0,119.51461029052734,1.8486497402191162
0.0001,4365.0,119.5146255493164,1.8486478328704834
0.0001,4366.0,119.51461791992188,1.8486461639404297
0.0001,4367.0,119.51461791992188,1.8486446142196655
0.0001,4368.0,119.51461029052734,1.8486430644989014
0.0001,4369.0,119.5146255493164,1.8486411571502686
0.0001,4370.0,119.5146255493164,1.848639726638794
0.0001,4371.0,119.51461791992188,1.8486379384994507
0.0001,4372.0,119.51461791992188,1.848636269569397
0.0001,4373.0,119.51461791992188,1.8486343622207642
0.0001,4374.0,119.51461791992188,1.8486328125
0.0001,4375.0,119.51461791992188,1.8486311435699463
0.0001,4376.0,119.51461791992188,1.8486297130584717
0.0001,4377.0,119.51461029052734,1.8486276865005493
0.0001,4378.0,119.51461029052734,1.8486261367797852
0.0001,4379.0,119.5146255493164,1.848624587059021
0.0001,4380.0,119.51461791992188,1.8486229181289673
0.0001,4381.0,119.51461791992188,1.8486210107803345
0.0001,4382.0,119.51461029052734,1.8486194610595703
0.0001,4383.0,119.51461791992188,1.8486177921295166
0.0001,4384.0,119.51461791992188,1.8486162424087524
0.0001,4385.0,119.51461029052734,1.8486144542694092
0.0001,4386.0,119.51461029052734,1.8486127853393555
0.0001,4387.0,119.51461029052734,1.8486112356185913
0.0001,4388.0,119.51461791992188,1.8486093282699585
0.0001,4389.0,119.51461791992188,1.8486077785491943
0.0001,4390.0,119.51461791992188,1.8486064672470093
0.0001,4391.0,119.51461029052734,1.8486045598983765
0.0001,4392.0,119.51461029052734,1.8486030101776123
0.0001,4393.0,119.5146255493164,1.8486015796661377
0.0001,4394.0,119.51461791992188,1.8485996723175049
0.0001,4395.0,119.51461791992188,1.8485981225967407
0.0001,4396.0,119.51461791992188,1.8485963344573975
0.0001,4397.0,119.51461029052734,1.8485950231552124
0.0001,4398.0,119.51461791992188,1.8485933542251587
0.0001,4399.0,119.51461791992188,1.8485915660858154
0.0001,4400.0,119.51461029052734,1.8485898971557617
0.0001,4401.0,119.51461029052734,1.848588228225708
0.0001,4402.0,119.51461029052734,1.8485867977142334
0.0001,4403.0,119.51461791992188,1.8485853672027588
0.0001,4404.0,119.51461791992188,1.8485839366912842
0.0001,4405.0,119.51461791992188,1.8485820293426514
0.0001,4406.0,119.51461029052734,1.8485805988311768
0.0001,4407.0,119.51461029052734,1.8485788106918335
0.0001,4408.0,119.51461791992188,1.8485771417617798
0.0001,4409.0,119.51461029052734,1.8485758304595947
0.0001,4410.0,119.51461029052734,1.8485742807388306
0.0001,4411.0,119.51461029052734,1.8485724925994873
0.0001,4412.0,119.51460266113281,1.8485711812973022
0.0001,4413.0,119.51461791992188,1.8485691547393799
0.0001,4414.0,119.51461791992188,1.8485677242279053
0.0001,4415.0,119.51461029052734,1.8485660552978516
0.0001,4416.0,119.51461029052734,1.8485647439956665
0.0001,4417.0,119.51461029052734,1.8485631942749023
0.0001,4418.0,119.51461791992188,1.8485616445541382
0.0001,4419.0,119.51461791992188,1.8485599756240845
0.0001,4420.0,119.51461791992188,1.8485584259033203
0.0001,4421.0,119.51461029052734,1.8485567569732666
0.0001,4422.0,119.51461029052734,1.8485552072525024
0.0001,4423.0,119.51461791992188,1.8485536575317383
0.0001,4424.0,119.51461029052734,1.8485523462295532
0.0001,4425.0,119.51461029052734,1.848550796508789
0.0001,4426.0,119.51461029052734,1.848549246788025
0.0001,4427.0,119.51460266113281,1.8485476970672607
0.0001,4428.0,119.51461791992188,1.848546028137207
0.0001,4429.0,119.51461791992188,1.8485444784164429
0.0001,4430.0,119.51461029052734,1.8485431671142578
0.0001,4431.0,119.51461029052734,1.8485418558120728
0.0001,4432.0,119.51461029052734,1.8485400676727295
0.0001,4433.0,119.51461029052734,1.8485386371612549
0.0001,4434.0,119.51461029052734,1.8485368490219116
0.0001,4435.0,119.51461029052734,1.8485352993011475
0.0001,4436.0,119.51460266113281,1.8485339879989624
0.0001,4437.0,119.51460266113281,1.8485324382781982
0.0001,4438.0,119.51461791992188,1.8485307693481445
0.0001,4439.0,119.51461029052734,1.8485294580459595
0.0001,4440.0,119.51461029052734,1.8485279083251953
0.0001,4441.0,119.51461029052734,1.8485262393951416
0.0001,4442.0,119.51460266113281,1.848525047302246
0.0001,4443.0,119.51461791992188,1.848523736000061
0.0001,4444.0,119.51461791992188,1.8485219478607178
0.0001,4445.0,119.51461029052734,1.8485205173492432
0.0001,4446.0,119.51461029052734,1.848518967628479
0.0001,4447.0,119.51461029052734,1.848517656326294
0.0001,4448.0,119.51461791992188,1.8485158681869507
0.0001,4449.0,119.51461029052734,1.8485145568847656
0.0001,4450.0,119.51461029052734,1.8485130071640015
0.0001,4451.0,119.51461029052734,1.8485114574432373
0.0001,4452.0,119.51460266113281,1.8485101461410522
0.0001,4453.0,119.51460266113281,1.8485088348388672
0.0001,4454.0,119.51461791992188,1.8485071659088135
0.0001,4455.0,119.51461029052734,1.8485057353973389
0.0001,4456.0,119.51461029052734,1.8485043048858643
0.0001,4457.0,119.51461029052734,1.8485028743743896
0.0001,4458.0,119.51460266113281,1.848501205444336
0.0001,4459.0,119.51461029052734,1.8484998941421509
0.0001,4460.0,119.51461029052734,1.8484985828399658
0.0001,4461.0,119.51460266113281,1.8484971523284912
0.0001,4462.0,119.51460266113281,1.8484957218170166
0.0001,4463.0,119.51460266113281,1.8484939336776733
0.0001,4464.0,119.51461791992188,1.8484928607940674
0.0001,4465.0,119.51461029052734,1.8484913110733032
0.0001,4466.0,119.51461029052734,1.848489761352539
0.0001,4467.0,119.51461029052734,1.8484885692596436
0.0001,4468.0,119.51460266113281,1.848487138748169
0.0001,4469.0,119.51460266113281,1.8484855890274048
0.0001,4470.0,119.51461791992188,1.8484842777252197
0.0001,4471.0,119.51461029052734,1.8484828472137451
0.0001,4472.0,119.51461029052734,1.8484811782836914
0.0001,4473.0,119.51461029052734,1.8484798669815063
0.0001,4474.0,119.51461029052734,1.8484786748886108
0.0001,4475.0,119.51461029052734,1.8484773635864258
0.0001,4476.0,119.51461029052734,1.848475456237793
0.0001,4477.0,119.51461029052734,1.8484742641448975
0.0001,4478.0,119.51460266113281,1.8484731912612915
0.0001,4479.0,119.51460266113281,1.8484714031219482
0.0001,4480.0,119.51460266113281,1.8484700918197632
0.0001,4481.0,119.51461029052734,1.8484690189361572
0.0001,4482.0,119.51461029052734,1.8484671115875244
0.0001,4483.0,119.51461029052734,1.848465919494629
0.0001,4484.0,119.51461029052734,1.8484643697738647
0.0001,4485.0,119.51460266113281,1.8484632968902588
0.0001,4486.0,119.51460266113281,1.8484617471694946
0.0001,4487.0,119.51461029052734,1.8484604358673096
0.0001,4488.0,119.51460266113281,1.848459243774414
0.0001,4489.0,119.51460266113281,1.8484573364257812
0.0001,4490.0,119.51460266113281,1.8484563827514648
0.0001,4491.0,119.51460266113281,1.8484548330307007
0.0001,4492.0,119.51461029052734,1.8484535217285156
0.0001,4493.0,119.51461029052734,1.8484523296356201
0.0001,4494.0,119.51461029052734,1.8484506607055664
0.0001,4495.0,119.51460266113281,1.84844970703125
0.0001,4496.0,119.51460266113281,1.8484480381011963
0.0001,4497.0,119.51460266113281,1.8484468460083008
0.0001,4498.0,119.51461791992188,1.8484452962875366
0.0001,4499.0,119.51461029052734,1.8484437465667725
0.0001,4500.0,119.51461029052734,1.8484426736831665
0.0001,4501.0,119.51461029052734,1.8484413623809814
0.0001,4502.0,119.51460266113281,1.848440170288086
0.0001,4503.0,119.51460266113281,1.8484385013580322
0.0001,4504.0,119.51461029052734,1.8484373092651367
0.0001,4505.0,119.51460266113281,1.8484363555908203
0.0001,4506.0,119.51460266113281,1.8484346866607666
0.0001,4507.0,119.51460266113281,1.848433256149292
0.0001,4508.0,119.51460266113281,1.848431944847107
0.0001,4509.0,119.51459503173828,1.8484306335449219
0.0001,4510.0,119.51461029052734,1.8484293222427368
0.0001,4511.0,119.51461029052734,1.8484280109405518
0.0001,4512.0,119.51461029052734,1.8484268188476562
0.0001,4513.0,119.51460266113281,1.8484255075454712
0.0001,4514.0,119.51460266113281,1.848423957824707
0.0001,4515.0,119.51460266113281,1.8484230041503906
0.0001,4516.0,119.51460266113281,1.8484214544296265
0.0001,4517.0,119.51460266113281,1.8484199047088623
0.0001,4518.0,119.51460266113281,1.8484185934066772
0.0001,4519.0,119.51460266113281,1.8484175205230713
0.0001,4520.0,119.51459503173828,1.8484159708023071
0.0001,4521.0,119.51461029052734,1.8484147787094116
0.0001,4522.0,119.51461029052734,1.8484137058258057
0.0001,4523.0,119.51460266113281,1.848412275314331
0.0001,4524.0,119.51460266113281,1.848410964012146
0.0001,4525.0,119.51460266113281,1.84840989112854
0.0001,4526.0,119.51460266113281,1.8484084606170654
0.0001,4527.0,119.51459503173828,1.8484071493148804
0.0001,4528.0,119.51461029052734,1.8484060764312744
0.0001,4529.0,119.51461029052734,1.8484046459197998
0.0001,4530.0,119.51461029052734,1.8484033346176147
0.0001,4531.0,119.51460266113281,1.8484022617340088
0.0001,4532.0,119.51460266113281,1.8484008312225342
0.0001,4533.0,119.51460266113281,1.8483995199203491
0.0001,4534.0,119.51460266113281,1.848398208618164
0.0001,4535.0,119.51460266113281,1.8483970165252686
0.0001,4536.0,119.51460266113281,1.848395586013794
0.0001,4537.0,119.51460266113281,1.8483946323394775
0.0001,4538.0,119.51459503173828,1.848393201828003
0.0001,4539.0,119.51459503173828,1.8483917713165283
0.0001,4540.0,119.51461029052734,1.8483905792236328
0.0001,4541.0,119.51461029052734,1.8483896255493164
0.0001,4542.0,119.51460266113281,1.8483880758285522
0.0001,4543.0,119.51460266113281,1.8483871221542358
0.0001,4544.0,119.51460266113281,1.8483855724334717
0.0001,4545.0,119.51460266113281,1.8483844995498657
0.0001,4546.0,119.51460266113281,1.8483833074569702
0.0001,4547.0,119.51460266113281,1.848381757736206
0.0001,4548.0,119.51460266113281,1.8483806848526
0.0001,4549.0,119.51460266113281,1.8483797311782837
0.0001,4550.0,119.51459503173828,1.8483784198760986
0.0001,4551.0,119.51459503173828,1.848376989364624
0.0001,4552.0,119.51461029052734,1.848375916481018
0.0001,4553.0,119.51460266113281,1.848374605178833
0.0001,4554.0,119.51460266113281,1.8483734130859375
0.0001,4555.0,119.51460266113281,1.8483721017837524
0.0001,4556.0,119.51460266113281,1.848370909690857
0.0001,4557.0,119.51459503173828,1.848369836807251
0.0001,4558.0,119.51459503173828,1.8483684062957764
0.0001,4559.0,119.51461029052734,1.8483673334121704
0.0001,4560.0,119.51461029052734,1.848366379737854
0.0001,4561.0,119.51460266113281,1.848365068435669
0.0001,4562.0,119.51460266113281,1.8483636379241943
0.0001,4563.0,119.51460266113281,1.8483622074127197
0.0001,4564.0,119.51460266113281,1.8483612537384033
0.0001,4565.0,119.51460266113281,1.848360300064087
0.0001,4566.0,119.51460266113281,1.8483585119247437
0.0001,4567.0,119.51460266113281,1.8483577966690063
0.0001,4568.0,119.51460266113281,1.8483566045761108
0.0001,4569.0,119.51459503173828,1.8483552932739258
0.0001,4570.0,119.51459503173828,1.8483539819717407
0.0001,4571.0,119.51459503173828,1.8483530282974243
0.0001,4572.0,119.51461029052734,1.8483517169952393
0.0001,4573.0,119.51460266113281,1.8483507633209229
0.0001,4574.0,119.51460266113281,1.8483493328094482
0.0001,4575.0,119.51460266113281,1.8483482599258423
0.0001,4576.0,119.51460266113281,1.8483470678329468
0.0001,4577.0,119.51459503173828,1.8483459949493408
0.0001,4578.0,119.51460266113281,1.8483448028564453
0.0001,4579.0,119.51460266113281,1.8483434915542603
0.0001,4580.0,119.51460266113281,1.8483422994613647
0.0001,4581.0,119.51459503173828,1.8483413457870483
0.0001,4582.0,119.51459503173828,1.8483402729034424
0.0001,4583.0,119.51459503173828,1.8483388423919678
0.0001,4584.0,119.51459503173828,1.8483377695083618
0.0001,4585.0,119.51460266113281,1.8483368158340454
0.0001,4586.0,119.51460266113281,1.8483355045318604
0.0001,4587.0,119.51460266113281,1.8483343124389648
0.0001,4588.0,119.51460266113281,1.8483330011367798
0.0001,4589.0,119.51459503173828,1.848332166671753
0.0001,4590.0,119.51459503173828,1.8483308553695679
0.0001,4591.0,119.51459503173828,1.848329782485962
0.0001,4592.0,119.51461029052734,1.8483283519744873
0.0001,4593.0,119.51460266113281,1.848327398300171
0.0001,4594.0,119.51460266113281,1.848326325416565
0.0001,4595.0,119.51460266113281,1.8483247756958008
0.0001,4596.0,119.51460266113281,1.8483238220214844
0.0001,4597.0,119.51459503173828,1.848323106765747
0.0001,4598.0,119.51460266113281,1.8483216762542725
0.0001,4599.0,119.51460266113281,1.8483206033706665
0.0001,4600.0,119.51460266113281,1.848319411277771
0.0001,4601.0,119.51459503173828,1.848318338394165
0.0001,4602.0,119.51459503173828,1.8483173847198486
0.0001,4603.0,119.51459503173828,1.8483164310455322
0.0001,4604.0,119.51459503173828,1.8483150005340576
0.0001,4605.0,119.51460266113281,1.8483139276504517
0.0001,4606.0,119.51460266113281,1.8483127355575562
0.0001,4607.0,119.51460266113281,1.8483117818832397
0.0001,4608.0,119.51460266113281,1.8483104705810547
0.0001,4609.0,119.51460266113281,1.8483092784881592
0.0001,4610.0,119.51459503173828,1.8483085632324219
0.0001,4611.0,119.51459503173828,1.8483076095581055
0.0001,4612.0,119.51460266113281,1.8483062982559204
0.0001,4613.0,119.51460266113281,1.848305106163025
0.0001,4614.0,119.51459503173828,1.848304033279419
0.0001,4615.0,119.51459503173828,1.848303198814392
0.0001,4616.0,119.51459503173828,1.8483021259307861
0.0001,4617.0,119.51459503173828,1.8483006954193115
0.0001,4618.0,119.51458740234375,1.8482997417449951
0.0001,4619.0,119.51460266113281,1.84829843044281
0.0001,4620.0,119.51460266113281,1.8482977151870728
0.0001,4621.0,119.51460266113281,1.8482964038848877
0.0001,4622.0,119.51460266113281,1.8482952117919922
0.0001,4623.0,119.51459503173828,1.8482942581176758
0.0001,4624.0,119.51459503173828,1.8482933044433594
0.0001,4625.0,119.51459503173828,1.8482919931411743
0.0001,4626.0,119.51459503173828,1.848291039466858
0.0001,4627.0,119.51460266113281,1.8482900857925415
0.0001,4628.0,119.51460266113281,1.8482887744903564
0.0001,4629.0,119.51460266113281,1.84828782081604
0.0001,4630.0,119.51460266113281,1.8482866287231445
0.0001,4631.0,119.51459503173828,1.8482856750488281
0.0001,4632.0,119.51459503173828,1.8482844829559326
0.0001,4633.0,119.51459503173828,1.8482837677001953
0.0001,4634.0,119.51460266113281,1.8482824563980103
0.0001,4635.0,119.51460266113281,1.8482812643051147
0.0001,4636.0,119.51459503173828,1.8482805490493774
0.0001,4637.0,119.51459503173828,1.8482792377471924
0.0001,4638.0,119.51459503173828,1.8482784032821655
0.0001,4639.0,119.51459503173828,1.8482773303985596
0.0001,4640.0,119.51458740234375,1.8482764959335327
0.0001,4641.0,119.51460266113281,1.8482751846313477
0.0001,4642.0,119.51460266113281,1.8482739925384521
0.0001,4643.0,119.51460266113281,1.8482732772827148
0.0001,4644.0,119.51460266113281,1.8482719659805298
0.0001,4645.0,119.51459503173828,1.8482710123062134
0.0001,4646.0,119.51459503173828,1.848270058631897
0.0001,4647.0,119.51459503173828,1.8482691049575806
0.0001,4648.0,119.51459503173828,1.848267912864685
0.0001,4649.0,119.51459503173828,1.848266839981079
0.0001,4650.0,119.51459503173828,1.8482658863067627
0.0001,4651.0,119.51459503173828,1.8482649326324463
0.0001,4652.0,119.51459503173828,1.8482639789581299
0.0001,4653.0,119.51459503173828,1.8482630252838135
0.0001,4654.0,119.51458740234375,1.848261833190918
0.0001,4655.0,119.51458740234375,1.8482606410980225
0.0001,4656.0,119.51460266113281,1.8482599258422852
0.0001,4657.0,119.51460266113281,1.8482586145401
0.0001,4658.0,119.51460266113281,1.8482577800750732
0.0001,4659.0,119.51459503173828,1.8482567071914673
0.0001,4660.0,119.51459503173828,1.8482558727264404
0.0001,4661.0,119.51459503173828,1.8482547998428345
0.0001,4662.0,119.51459503173828,1.848253846168518
0.0001,4663.0,119.51458740234375,1.8482528924942017
0.0001,4664.0,119.51460266113281,1.8482515811920166
0.0001,4665.0,119.51460266113281,1.8482507467269897
0.0001,4666.0,119.51460266113281,1.8482496738433838
0.0001,4667.0,119.51460266113281,1.8482487201690674
0.0001,4668.0,119.51459503173828,1.8482478857040405
0.0001,4669.0,119.51459503173828,1.8482468128204346
0.0001,4670.0,119.51459503173828,1.848245620727539
0.0001,4671.0,119.51459503173828,1.8482446670532227
0.0001,4672.0,119.51460266113281,1.8482439517974854
0.0001,4673.0,119.51459503173828,1.8482425212860107
0.0001,4674.0,119.51459503173828,1.8482418060302734
0.0001,4675.0,119.51459503173828,1.848240852355957
0.0001,4676.0,119.51459503173828,1.8482396602630615
0.0001,4677.0,119.51458740234375,1.8482389450073242
0.0001,4678.0,119.51458740234375,1.8482379913330078
0.0001,4679.0,119.51458740234375,1.8482367992401123
0.0001,4680.0,119.51460266113281,1.848236083984375
0.0001,4681.0,119.51460266113281,1.84823477268219
0.0001,4682.0,119.51459503173828,1.8482341766357422
0.0001,4683.0,119.51459503173828,1.8482329845428467
0.0001,4684.0,119.51459503173828,1.8482320308685303
0.0001,4685.0,119.51459503173828,1.8482310771942139
0.0001,4686.0,119.51459503173828,1.8482301235198975
0.0001,4687.0,119.51458740234375,1.8482294082641602
0.0001,4688.0,119.51459503173828,1.8482284545898438
0.0001,4689.0,119.51459503173828,1.8482272624969482
0.0001,4690.0,119.51459503173828,1.8482263088226318
0.0001,4691.0,119.51459503173828,1.8482253551483154
0.0001,4692.0,119.51458740234375,1.8482246398925781
0.0001,4693.0,119.51458740234375,1.8482239246368408
0.0001,4694.0,119.51458740234375,1.8482224941253662
0.0001,4695.0,119.51458740234375,1.8482215404510498
0.0001,4696.0,119.51460266113281,1.8482205867767334
0.0001,4697.0,119.51459503173828,1.848219871520996
0.0001,4698.0,119.51459503173828,1.8482189178466797
0.0001,4699.0,119.51459503173828,1.8482177257537842
0.0001,4700.0,119.51459503173828,1.8482170104980469
0.0001,4701.0,119.51459503173828,1.8482160568237305
0.0001,4702.0,119.51458740234375,1.848215103149414
0.0001,4703.0,119.51458740234375,1.8482143878936768
0.0001,4704.0,119.51460266113281,1.8482134342193604
0.0001,4705.0,119.51460266113281,1.848212480545044
0.0001,4706.0,119.51460266113281,1.8482110500335693
0.0001,4707.0,119.51459503173828,1.8482105731964111
0.0001,4708.0,119.51459503173828,1.8482096195220947
0.0001,4709.0,119.51459503173828,1.848209023475647
0.0001,4710.0,119.51459503173828,1.848207712173462
0.0001,4711.0,119.51459503173828,1.8482071161270142
0.0001,4712.0,119.51459503173828,1.8482059240341187
0.0001,4713.0,119.51459503173828,1.8482049703598022
0.0001,4714.0,119.51459503173828,1.848204255104065
0.0001,4715.0,119.51459503173828,1.8482033014297485
0.0001,4716.0,119.51459503173828,1.848202109336853
0.0001,4717.0,119.51458740234375,1.8482011556625366
0.0001,4718.0,119.51458740234375,1.8482004404067993
0.0001,4719.0,119.51458740234375,1.8481996059417725
0.0001,4720.0,119.51458740234375,1.8481988906860352
0.0001,4721.0,119.51460266113281,1.8481976985931396
0.0001,4722.0,119.51460266113281,1.8481967449188232
0.0001,4723.0,119.51459503173828,1.848196029663086
0.0001,4724.0,119.51459503173828,1.8481953144073486
0.0001,4725.0,119.51459503173828,1.8481941223144531
0.0001,4726.0,119.51459503173828,1.8481935262680054
0.0001,4727.0,119.51459503173828,1.8481924533843994
0.0001,4728.0,119.51458740234375,1.8481916189193726
0.0001,4729.0,119.51458740234375,1.8481906652450562
0.0001,4730.0,119.51459503173828,1.8481897115707397
0.0001,4731.0,119.51459503173828,1.8481889963150024
0.0001,4732.0,119.51459503173828,1.8481881618499756
0.0001,4733.0,119.51458740234375,1.8481872081756592
0.0001,4734.0,119.51458740234375,1.8481861352920532
0.0001,4735.0,119.51458740234375,1.8481853008270264
0.0001,4736.0,119.51458740234375,1.848184585571289
0.0001,4737.0,119.51458740234375,1.8481838703155518
0.0001,4738.0,119.51460266113281,1.8481829166412354
0.0001,4739.0,119.51459503173828,1.848181962966919
0.0001,4740.0,119.51459503173828,1.848181128501892
0.0001,4741.0,119.51459503173828,1.8481800556182861
0.0001,4742.0,119.51459503173828,1.848179578781128
0.0001,4743.0,119.51459503173828,1.8481786251068115
0.0001,4744.0,119.51458740234375,1.8481775522232056
0.0001,4745.0,119.51458740234375,1.8481767177581787
0.0001,4746.0,119.51458740234375,1.8481757640838623
0.0001,4747.0,119.51460266113281,1.848175287246704
0.0001,4748.0,119.51460266113281,1.8481740951538086
0.0001,4749.0,119.51460266113281,1.8481731414794922
0.0001,4750.0,119.51459503173828,1.8481724262237549
0.0001,4751.0,119.51459503173828,1.848171591758728
0.0001,4752.0,119.51459503173828,1.8481706380844116
0.0001,4753.0,119.51459503173828,1.8481699228286743
0.0001,4754.0,119.51459503173828,1.8481693267822266
0.0001,4755.0,119.51458740234375,1.848168134689331
0.0001,4756.0,119.51459503173828,1.8481671810150146
0.0001,4757.0,119.51459503173828,1.8481664657592773
0.0001,4758.0,119.51459503173828,1.84816575050354
0.0001,4759.0,119.51459503173828,1.8481649160385132
0.0001,4760.0,119.51458740234375,1.8481639623641968
0.0001,4761.0,119.51458740234375,1.8481630086898804
0.0001,4762.0,119.51458740234375,1.8481624126434326
0.0001,4763.0,119.51458740234375,1.8481616973876953
0.0001,4764.0,119.51458740234375,1.848160743713379
0.0001,4765.0,119.51458740234375,1.8481600284576416
0.0001,4766.0,119.51459503173828,1.8481591939926147
0.0001,4767.0,119.51459503173828,1.8481582403182983
0.0001,4768.0,119.51459503173828,1.8481571674346924
0.0001,4769.0,119.51459503173828,1.8481565713882446
0.0001,4770.0,119.51459503173828,1.8481559753417969
0.0001,4771.0,119.51459503173828,1.8481552600860596
0.0001,4772.0,119.51458740234375,1.8481544256210327
0.0001,4773.0,119.51458740234375,1.8481531143188477
0.0001,4774.0,119.51458740234375,1.8481523990631104
0.0001,4775.0,119.51459503173828,1.8481518030166626
0.0001,4776.0,119.51459503173828,1.8481508493423462
0.0001,4777.0,119.51459503173828,1.8481500148773193
0.0001,4778.0,119.51458740234375,1.848149299621582
0.0001,4779.0,119.51458740234375,1.8481487035751343
0.0001,4780.0,119.51458740234375,1.8481477499008179
0.0001,4781.0,119.51458740234375,1.8481467962265015
0.0001,4782.0,119.51458740234375,1.8481460809707642
0.0001,4783.0,119.51457977294922,1.8481452465057373
0.0001,4784.0,119.51457977294922,1.84814453125
0.0001,4785.0,119.51459503173828,1.8481438159942627
0.0001,4786.0,119.51459503173828,1.8481426239013672
0.0001,4787.0,119.51459503173828,1.8481420278549194
0.0001,4788.0,119.51459503173828,1.848141074180603
0.0001,4789.0,119.51458740234375,1.8481407165527344
0.0001,4790.0,119.51458740234375,1.848139762878418
0.0001,4791.0,119.51458740234375,1.8481388092041016
0.0001,4792.0,119.51458740234375,1.8481382131576538
0.0001,4793.0,119.51458740234375,1.8481372594833374
0.0001,4794.0,119.51460266113281,1.8481365442276
0.0001,4795.0,119.51460266113281,1.8481357097625732
0.0001,4796.0,119.51459503173828,1.848134994506836
0.0001,4797.0,119.51459503173828,1.8481343984603882
0.0001,4798.0,119.51459503173828,1.8481334447860718
0.0001,4799.0,119.51459503173828,1.8481327295303345
0.0001,4800.0,119.51459503173828,1.8481318950653076
0.0001,4801.0,119.51458740234375,1.8481309413909912
0.0001,4802.0,119.51458740234375,1.8481305837631226
0.0001,4803.0,119.51458740234375,1.8481295108795166
0.0001,4804.0,119.51459503173828,1.8481290340423584
0.0001,4805.0,119.51459503173828,1.848128080368042
0.0001,4806.0,119.51459503173828,1.8481273651123047
0.0001,4807.0,119.51459503173828,1.8481266498565674
0.0001,4808.0,119.51458740234375,1.8481258153915405
0.0001,4809.0,119.51458740234375,1.8481251001358032
0.0001,4810.0,119.51458740234375,1.8481242656707764
0.0001,4811.0,119.51458740234375,1.8481237888336182
0.0001,4812.0,119.51458740234375,1.8481225967407227
0.0001,4813.0,119.51458740234375,1.848122000694275
0.0001,4814.0,119.51459503173828,1.8481214046478271
0.0001,4815.0,119.51459503173828,1.8481204509735107
0.0001,4816.0,119.51459503173828,1.8481199741363525
0.0001,4817.0,119.51459503173828,1.8481191396713257
0.0001,4818.0,119.51459503173828,1.8481184244155884
0.0001,4819.0,119.51459503173828,1.848117470741272
0.0001,4820.0,119.51458740234375,1.8481166362762451
0.0001,4821.0,119.51458740234375,1.8481159210205078
0.0001,4822.0,119.51458740234375,1.84811532497406
0.0001,4823.0,119.51458740234375,1.8481146097183228
0.0001,4824.0,119.51458740234375,1.848114013671875
0.0001,4825.0,119.51459503173828,1.8481128215789795
0.0001,4826.0,119.51458740234375,1.8481121063232422
0.0001,4827.0,119.51458740234375,1.8481115102767944
0.0001,4828.0,119.51458740234375,1.8481109142303467
0.0001,4829.0,119.51458740234375,1.8481101989746094
0.0001,4830.0,119.51458740234375,1.8481098413467407
0.0001,4831.0,119.51458740234375,1.8481086492538452
0.0001,4832.0,119.51458740234375,1.8481080532073975
0.0001,4833.0,119.51457977294922,1.848107099533081
0.0001,4834.0,119.51457977294922,1.8481067419052124
0.0001,4835.0,119.51459503173828,1.8481056690216064
0.0001,4836.0,119.51459503173828,1.8481051921844482
0.0001,4837.0,119.51459503173828,1.848104476928711
0.0001,4838.0,119.51459503173828,1.8481037616729736
0.0001,4839.0,119.51458740234375,1.8481028079986572
0.0001,4840.0,119.51458740234375,1.8481022119522095
0.0001,4841.0,119.51458740234375,1.8481016159057617
0.0001,4842.0,119.51458740234375,1.8481006622314453
0.0001,4843.0,119.51458740234375,1.8481003046035767
0.0001,4844.0,119.51458740234375,1.8480994701385498
0.0001,4845.0,119.51458740234375,1.8480987548828125
0.0001,4846.0,119.51459503173828,1.8480981588363647
0.0001,4847.0,119.51459503173828,1.8480972051620483
0.0001,4848.0,119.51459503173828,1.8480966091156006
0.0001,4849.0,119.51459503173828,1.8480958938598633
0.0001,4850.0,119.51459503173828,1.848095178604126
0.0001,4851.0,119.51459503173828,1.8480945825576782
0.0001,4852.0,119.51459503173828,1.8480939865112305
0.0001,4853.0,119.51458740234375,1.8480932712554932
0.0001,4854.0,119.51458740234375,1.8480926752090454
0.0001,4855.0,119.51458740234375,1.84809148311615
0.0001,4856.0,119.51458740234375,1.8480908870697021
0.0001,4857.0,119.51459503173828,1.848090410232544
0.0001,4858.0,119.51459503173828,1.8480898141860962
0.0001,4859.0,119.51458740234375,1.8480892181396484
0.0001,4860.0,119.51458740234375,1.848088264465332
0.0001,4861.0,119.51458740234375,1.8480876684188843
0.0001,4862.0,119.51458740234375,1.848086953163147
0.0001,4863.0,119.51458740234375,1.8480861186981201
0.0001,4864.0,119.51458740234375,1.848085641860962
0.0001,4865.0,119.51458740234375,1.848084807395935
0.0001,4866.0,119.51457977294922,1.8480842113494873
0.0001,4867.0,119.51457977294922,1.84808349609375
0.0001,4868.0,119.51459503173828,1.8480829000473022
0.0001,4869.0,119.51459503173828,1.8480819463729858
0.0001,4870.0,119.51459503173828,1.8480812311172485
0.0001,4871.0,119.51459503173828,1.8480808734893799
0.0001,4872.0,119.51459503173828,1.848080039024353
0.0001,4873.0,119.51458740234375,1.8480794429779053
0.0001,4874.0,119.51458740234375,1.848078966140747
0.0001,4875.0,119.51458740234375,1.8480781316757202
0.0001,4876.0,119.51458740234375,1.848077416419983
0.0001,4877.0,119.51458740234375,1.8480768203735352
0.0001,4878.0,119.51458740234375,1.8480761051177979
0.0001,4879.0,119.51459503173828,1.84807550907135
0.0001,4880.0,119.51458740234375,1.8480751514434814
0.0001,4881.0,119.51458740234375,1.848073959350586
0.0001,4882.0,119.51458740234375,1.8480736017227173
0.0001,4883.0,119.51458740234375,1.8480730056762695
0.0001,4884.0,119.51458740234375,1.8480724096298218
0.0001,4885.0,119.51458740234375,1.8480714559555054
0.0001,4886.0,119.51458740234375,1.848070740699768
0.0001,4887.0,119.51457977294922,1.8480701446533203
0.0001,4888.0,119.51457977294922,1.8480697870254517
0.0001,4889.0,119.51457977294922,1.8480688333511353
0.0001,4890.0,119.51457977294922,1.8480682373046875
0.0001,4891.0,119.51459503173828,1.8480676412582397
0.0001,4892.0,119.51459503173828,1.848067045211792
0.0001,4893.0,119.51459503173828,1.8480663299560547
0.0001,4894.0,119.51458740234375,1.848065733909607
0.0001,4895.0,119.51458740234375,1.8480651378631592
0.0001,4896.0,119.51458740234375,1.848064661026001
0.0001,4897.0,119.51458740234375,1.8480638265609741
0.0001,4898.0,119.51458740234375,1.8480631113052368
0.0001,4899.0,119.51458740234375,1.848062515258789
0.0001,4900.0,119.51458740234375,1.8480619192123413
0.0001,4901.0,119.51458740234375,1.848061203956604
0.0001,4902.0,119.51457977294922,1.8480603694915771
0.0001,4903.0,119.51459503173828,1.8480600118637085
0.0001,4904.0,119.51459503173828,1.8480592966079712
0.0001,4905.0,119.51459503173828,1.8480587005615234
0.0001,4906.0,119.51459503173828,1.8480581045150757
0.0001,4907.0,119.51459503173828,1.848057508468628
0.0001,4908.0,119.51459503173828,1.8480567932128906
0.0001,4909.0,119.51458740234375,1.8480560779571533
0.0001,4910.0,119.51458740234375,1.8480556011199951
0.0001,4911.0,119.51458740234375,1.8480548858642578
0.0001,4912.0,119.51458740234375,1.8480545282363892
0.0001,4913.0,119.51458740234375,1.8480536937713623
0.0001,4914.0,119.51458740234375,1.848052978515625
0.0001,4915.0,119.51459503173828,1.8480523824691772
0.0001,4916.0,119.51459503173828,1.8480517864227295
0.0001,4917.0,119.51458740234375,1.8480510711669922
0.0001,4918.0,119.51458740234375,1.848050832748413
0.0001,4919.0,119.51458740234375,1.8480498790740967
0.0001,4920.0,119.51458740234375,1.8480491638183594
0.0001,4921.0,119.51458740234375,1.8480488061904907
0.0001,4922.0,119.51458740234375,1.848048210144043
0.0001,4923.0,119.51458740234375,1.8480476140975952
0.0001,4924.0,119.51457977294922,1.8480470180511475
0.0001,4925.0,119.51457977294922,1.8480463027954102
0.0001,4926.0,119.51457977294922,1.8480455875396729
0.0001,4927.0,119.51457977294922,1.848044991493225
0.0001,4928.0,119.51459503173828,1.8480443954467773
0.0001,4929.0,119.51459503173828,1.8480440378189087
0.0001,4930.0,119.51459503173828,1.8480432033538818
0.0001,4931.0,119.51459503173828,1.8480428457260132
0.0001,4932.0,119.51458740234375,1.8480421304702759
0.0001,4933.0,119.51458740234375,1.8480415344238281
0.0001,4934.0,119.51458740234375,1.8480409383773804
0.0001,4935.0,119.51458740234375,1.8480403423309326
0.0001,4936.0,119.51458740234375,1.848039984703064
0.0001,4937.0,119.51458740234375,1.8480390310287476
0.0001,4938.0,119.51458740234375,1.8480383157730103
0.0001,4939.0,119.51458740234375,1.8480379581451416
0.0001,4940.0,119.51457977294922,1.8480374813079834
0.0001,4941.0,119.51458740234375,1.8480370044708252
0.0001,4942.0,119.51458740234375,1.848036527633667
0.0001,4943.0,119.51458740234375,1.8480355739593506
0.0001,4944.0,119.51458740234375,1.8480350971221924
0.0001,4945.0,119.51458740234375,1.8480345010757446
0.0001,4946.0,119.51458740234375,1.8480339050292969
0.0001,4947.0,119.51458740234375,1.8480335474014282
0.0001,4948.0,119.51457977294922,1.8480327129364014
0.0001,4949.0,119.51457977294922,1.8480322360992432
0.0001,4950.0,119.51457977294922,1.8480316400527954
0.0001,4951.0,119.51457977294922,1.8480312824249268
0.0001,4952.0,119.51457977294922,1.8480304479599
0.0001,4953.0,119.51457977294922,1.8480300903320312
0.0001,4954.0,119.51459503173828,1.848029375076294
0.0001,4955.0,119.51459503173828,1.848028540611267
0.0001,4956.0,119.51458740234375,1.8480279445648193
0.0001,4957.0,119.51458740234375,1.8480275869369507
0.0001,4958.0,119.51458740234375,1.848026990890503
0.0001,4959.0,119.51458740234375,1.8480265140533447
0.0001,4960.0,119.51458740234375,1.8480260372161865
0.0001,4961.0,119.51458740234375,1.8480253219604492
0.0001,4962.0,119.51458740234375,1.8480247259140015
0.0001,4963.0,119.51458740234375,1.8480241298675537
0.0001,4964.0,119.51457977294922,1.8480236530303955
0.0001,4965.0,119.51457977294922,1.8480230569839478
0.0001,4966.0,119.51457977294922,1.8480228185653687
0.0001,4967.0,119.51459503173828,1.8480218648910522
0.0001,4968.0,119.51459503173828,1.8480212688446045
0.0001,4969.0,119.51459503173828,1.848021149635315
0.0001,4970.0,119.51459503173828,1.848020315170288
0.0001,4971.0,119.51459503173828,1.8480198383331299
0.0001,4972.0,119.51459503173828,1.8480192422866821
0.0001,4973.0,119.51458740234375,1.8480188846588135
0.0001,4974.0,119.51458740234375,1.848017930984497
0.0001,4975.0,119.51458740234375,1.8480174541473389
0.0001,4976.0,119.51458740234375,1.8480170965194702
0.0001,4977.0,119.51458740234375,1.8480165004730225
0.0001,4978.0,119.51458740234375,1.8480161428451538
0.0001,4979.0,119.51458740234375,1.848015546798706
0.0001,4980.0,119.51458740234375,1.8480148315429688
0.0001,4981.0,119.51458740234375,1.848014235496521
0.0001,4982.0,119.51458740234375,1.8480135202407837
0.0001,4983.0,119.51458740234375,1.8480132818222046
0.0001,4984.0,119.51458740234375,1.8480126857757568
0.0001,4985.0,119.51458740234375,1.8480122089385986
0.0001,4986.0,119.51458740234375,1.8480113744735718
0.0001,4987.0,119.51458740234375,1.8480112552642822
0.0001,4988.0,119.51458740234375,1.8480104207992554
0.0001,4989.0,119.51458740234375,1.8480100631713867
0.0001,4990.0,119.51457977294922,1.848009705543518
0.0001,4991.0,119.51457977294922,1.8480091094970703
0.0001,4992.0,119.51457977294922,1.848008394241333
0.0001,4993.0,119.51457977294922,1.8480077981948853
0.0001,4994.0,119.51457977294922,1.8480072021484375
0.0001,4995.0,119.51459503173828,1.8480068445205688
0.0001,4996.0,119.51459503173828,1.848006248474121
0.0001,4997.0,119.51459503173828,1.8480058908462524
0.0001,4998.0,119.51459503173828,1.8480052947998047
0.0001,4999.0,119.51458740234375,1.848004937171936
0.0001,5000.0,119.51458740234375,1.8480041027069092
0.0001,5001.0,119.51458740234375,1.8480037450790405
0.0001,5002.0,119.51458740234375,1.8480031490325928
0.0001,5003.0,119.51458740234375,1.8480026721954346
0.0001,5004.0,119.51458740234375,1.8480024337768555
0.0001,5005.0,119.51458740234375,1.8480017185211182
0.0001,5006.0,119.51458740234375,1.84800124168396
0.0001,5007.0,119.51458740234375,1.8480005264282227
0.0001,5008.0,119.51457977294922,1.848000168800354
0.0001,5009.0,119.51457977294922,1.8479998111724854
0.0001,5010.0,119.51458740234375,1.847998857498169
0.0001,5011.0,119.51458740234375,1.8479983806610107
0.0001,5012.0,119.51458740234375,1.847998023033142
0.0001,5013.0,119.51458740234375,1.8479976654052734
0.0001,5014.0,119.51458740234375,1.8479969501495361
0.0001,5015.0,119.51458740234375,1.8479963541030884
0.0001,5016.0,119.51458740234375,1.8479959964752197
0.0001,5017.0,119.51457977294922,1.847995400428772
0.0001,5018.0,119.51457977294922,1.8479948043823242
0.0001,5019.0,119.51457977294922,1.8479945659637451
0.0001,5020.0,119.51457977294922,1.8479938507080078
0.0001,5021.0,119.51457977294922,1.8479934930801392
0.0001,5022.0,119.51457977294922,1.8479931354522705
0.0001,5023.0,119.51457977294922,1.8479925394058228
0.0001,5024.0,119.51457977294922,1.847991943359375
0.0001,5025.0,119.51459503173828,1.8479915857315063
0.0001,5026.0,119.51458740234375,1.8479909896850586
0.0001,5027.0,119.51458740234375,1.8479907512664795
0.0001,5028.0,119.51458740234375,1.8479900360107422
0.0001,5029.0,119.51458740234375,1.8479896783828735
0.0001,5030.0,119.51458740234375,1.8479888439178467
0.0001,5031.0,119.51458740234375,1.8479887247085571
0.0001,5032.0,119.51458740234375,1.8479883670806885
0.0001,5033.0,119.51458740234375,1.8479875326156616
0.0001,5034.0,119.51458740234375,1.847987174987793
0.0001,5035.0,119.51457977294922,1.8479865789413452
0.0001,5036.0,119.51457977294922,1.8479859828948975
0.0001,5037.0,119.51457977294922,1.8479856252670288
0.0001,5038.0,119.51457977294922,1.847985029220581
0.0001,5039.0,119.51457977294922,1.8479849100112915
0.0001,5040.0,119.51457977294922,1.8479843139648438
0.0001,5041.0,119.51459503173828,1.847983717918396
0.0001,5042.0,119.51459503173828,1.8479833602905273
0.0001,5043.0,119.51459503173828,1.8479827642440796
0.0001,5044.0,119.51459503173828,1.8479821681976318
0.0001,5045.0,119.51458740234375,1.8479818105697632
0.0001,5046.0,119.51458740234375,1.8479810953140259
0.0001,5047.0,119.51458740234375,1.8479808568954468
0.0001,5048.0,119.51458740234375,1.847980260848999
0.0001,5049.0,119.51458740234375,1.8479799032211304
0.0001,5050.0,119.51458740234375,1.8479797840118408
0.0001,5051.0,119.51458740234375,1.8479788303375244
0.0001,5052.0,119.51458740234375,1.8479783535003662
0.0001,5053.0,119.51458740234375,1.8479782342910767
0.0001,5054.0,119.51458740234375,1.847977876663208
0.0001,5055.0,119.51457977294922,1.8479772806167603
0.0001,5056.0,119.51457977294922,1.8479764461517334
0.0001,5057.0,119.51458740234375,1.8479763269424438
0.0001,5058.0,119.51458740234375,1.847975730895996
0.0001,5059.0,119.51458740234375,1.8479751348495483
0.0001,5060.0,119.51458740234375,1.8479745388031006
0.0001,5061.0,119.51458740234375,1.847974419593811
0.0001,5062.0,119.51458740234375,1.8479740619659424
0.0001,5063.0,119.51458740234375,1.8479734659194946
0.0001,5064.0,119.51458740234375,1.8479728698730469
0.0001,5065.0,119.51458740234375,1.8479726314544678
0.0001,5066.0,119.51457977294922,1.8479721546173096
0.0001,5067.0,119.51457977294922,1.8479716777801514
0.0001,5068.0,119.51457977294922,1.847970724105835
0.0001,5069.0,119.51457977294922,1.8479706048965454
0.0001,5070.0,119.51457977294922,1.8479702472686768
0.0001,5071.0,119.51457977294922,1.8479697704315186
0.0001,5072.0,119.51457977294922,1.84796941280365
0.0001,5073.0,119.51459503173828,1.8479690551757812
0.0001,5074.0,119.51459503173828,1.847968339920044
0.0001,5075.0,119.51459503173828,1.8479677438735962
0.0001,5076.0,119.51458740234375,1.847967505455017
0.0001,5077.0,119.51458740234375,1.8479671478271484
0.0001,5078.0,119.51458740234375,1.8479667901992798
0.0001,5079.0,119.51458740234375,1.847966194152832
0.0001,5080.0,119.51458740234375,1.8479658365249634
0.0001,5081.0,119.51458740234375,1.8479652404785156
0.0001,5082.0,119.51458740234375,1.8479646444320679
0.0001,5083.0,119.51458740234375,1.8479640483856201
0.0001,5084.0,119.51458740234375,1.8479639291763306
0.0001,5085.0,119.51458740234375,1.847963571548462
0.0001,5086.0,119.51457977294922,1.8479630947113037
0.0001,5087.0,119.51457977294922,1.8479626178741455
0.0001,5088.0,119.51457977294922,1.8479623794555664
0.0001,5089.0,119.51457977294922,1.8479617834091187
0.0001,5090.0,119.51457977294922,1.84796142578125
0.0001,5091.0,119.51458740234375,1.8479608297348022
0.0001,5092.0,119.51458740234375,1.8479607105255127
0.0001,5093.0,119.51458740234375,1.8479597568511963
0.0001,5094.0,119.51458740234375,1.8479595184326172
0.0001,5095.0,119.51458740234375,1.8479591608047485
0.0001,5096.0,119.51458740234375,1.8479588031768799
0.0001,5097.0,119.51457977294922,1.8479583263397217
0.0001,5098.0,119.51457977294922,1.847957968711853
0.0001,5099.0,119.51457977294922,1.8479573726654053
0.0001,5100.0,119.51457977294922,1.8479570150375366
0.0001,5101.0,119.51457977294922,1.847956657409668
0.0001,5102.0,119.51457977294922,1.8479562997817993
0.0001,5103.0,119.51457977294922,1.8479559421539307
0.0001,5104.0,119.51457977294922,1.847955346107483
0.0001,5105.0,119.51457977294922,1.8479549884796143
0.0001,5106.0,119.51457977294922,1.847954511642456
0.0001,5107.0,119.51457977294922,1.8479540348052979
0.0001,5108.0,119.51458740234375,1.8479535579681396
0.0001,5109.0,119.51458740234375,1.847953200340271
0.0001,5110.0,119.51458740234375,1.8479528427124023
0.0001,5111.0,119.51458740234375,1.8479524850845337
0.0001,5112.0,119.51458740234375,1.847952127456665
0.0001,5113.0,119.51458740234375,1.8479516506195068
0.0001,5114.0,119.51458740234375,1.8479512929916382
0.0001,5115.0,119.51458740234375,1.8479509353637695
0.0001,5116.0,119.51458740234375,1.8479505777359009
0.0001,5117.0,119.51458740234375,1.8479499816894531
0.0001,5118.0,119.51458740234375,1.8479496240615845
0.0001,5119.0,119.51457977294922,1.8479492664337158
0.0001,5120.0,119.51457977294922,1.847948670387268
0.0001,5121.0,119.51457977294922,1.847948431968689
0.0001,5122.0,119.51457977294922,1.8479478359222412
0.0001,5123.0,119.51457977294922,1.847947359085083
0.0001,5124.0,119.51457977294922,1.847947120666504
0.0001,5125.0,119.51457977294922,1.8479465246200562
0.0001,5126.0,119.51457977294922,1.8479461669921875
0.0001,5127.0,119.51459503173828,1.8479458093643188
0.0001,5128.0,119.51459503173828,1.8479455709457397
0.0001,5129.0,119.51459503173828,1.847945213317871
0.0001,5130.0,119.51459503173828,1.8479446172714233
0.0001,5131.0,119.51458740234375,1.8479442596435547
0.0001,5132.0,119.51458740234375,1.847943902015686
0.0001,5133.0,119.51458740234375,1.8479433059692383
0.0001,5134.0,119.51458740234375,1.8479430675506592
0.0001,5135.0,119.51458740234375,1.8479427099227905
0.0001,5136.0,119.51458740234375,1.8479423522949219
0.0001,5137.0,119.51458740234375,1.8479417562484741
0.0001,5138.0,119.51458740234375,1.8479416370391846
0.0001,5139.0,119.51458740234375,1.8479410409927368
0.0001,5140.0,119.51458740234375,1.8479408025741577
0.0001,5141.0,119.51458740234375,1.8479406833648682
0.0001,5142.0,119.51458740234375,1.84794020652771
0.0001,5143.0,119.51457977294922,1.8479394912719727
0.0001,5144.0,119.51457977294922,1.847939133644104
0.0001,5145.0,119.51457977294922,1.847938895225525
0.0001,5146.0,119.51458740234375,1.8479385375976562
0.0001,5147.0,119.51458740234375,1.8479379415512085
0.0001,5148.0,119.51458740234375,1.8479375839233398
0.0001,5149.0,119.51458740234375,1.8479373455047607
0.0001,5150.0,119.51458740234375,1.8479368686676025
0.0001,5151.0,119.51458740234375,1.8479366302490234
0.0001,5152.0,119.51458740234375,1.8479362726211548
0.0001,5153.0,119.51458740234375,1.847935676574707
0.0001,5154.0,119.51458740234375,1.8479353189468384
0.0001,5155.0,119.51457977294922,1.8479350805282593
0.0001,5156.0,119.51457977294922,1.8479347229003906
0.0001,5157.0,119.51457977294922,1.847934365272522
0.0001,5158.0,119.51457977294922,1.8479340076446533
0.0001,5159.0,119.51457977294922,1.8479335308074951
0.0001,5160.0,119.51457977294922,1.8479334115982056
0.0001,5161.0,119.51457977294922,1.8479328155517578
0.0001,5162.0,119.51457977294922,1.8479321002960205
0.0001,5163.0,119.51457977294922,1.8479318618774414
0.0001,5164.0,119.51457977294922,1.8479315042495728
0.0001,5165.0,119.51457977294922,1.8479312658309937
0.0001,5166.0,119.51459503173828,1.847930669784546
0.0001,5167.0,119.51459503173828,1.8479305505752563
0.0001,5168.0,119.51458740234375,1.8479301929473877
0.0001,5169.0,119.51458740234375,1.8479297161102295
0.0001,5170.0,119.51458740234375,1.8479293584823608
0.0001,5171.0,119.51458740234375,1.8479292392730713
0.0001,5172.0,119.51458740234375,1.8479284048080444
0.0001,5173.0,119.51458740234375,1.8479280471801758
0.0001,5174.0,119.51458740234375,1.8479278087615967
0.0001,5175.0,119.51458740234375,1.8479276895523071
0.0001,5176.0,119.51458740234375,1.8479273319244385
0.0001,5177.0,119.51458740234375,1.8479264974594116
0.0001,5178.0,119.51458740234375,1.8479264974594116
0.0001,5179.0,119.51458740234375,1.847926139831543
0.0001,5180.0,119.51457977294922,1.8479257822036743
0.0001,5181.0,119.51457977294922,1.8479254245758057
0.0001,5182.0,119.51457977294922,1.8479249477386475
0.0001,5183.0,119.51457977294922,1.8479245901107788
0.0001,5184.0,119.51457977294922,1.8479242324829102
0.0001,5185.0,119.51457977294922,1.8479238748550415
0.0001,5186.0,119.51457977294922,1.8479236364364624
0.0001,5187.0,119.51458740234375,1.8479232788085938
0.0001,5188.0,119.51458740234375,1.847922921180725
0.0001,5189.0,119.51458740234375,1.8479225635528564
0.0001,5190.0,119.51458740234375,1.8479225635528564
0.0001,5191.0,119.51458740234375,1.8479217290878296
0.0001,5192.0,119.51458740234375,1.8479217290878296
0.0001,5193.0,119.51457977294922,1.8479210138320923
0.0001,5194.0,119.51457977294922,1.8479206562042236
0.0001,5195.0,119.51457977294922,1.8479204177856445
0.0001,5196.0,119.51457977294922,1.8479200601577759
0.0001,5197.0,119.51457977294922,1.8479197025299072
0.0001,5198.0,119.51457977294922,1.8479194641113281
0.0001,5199.0,119.51457977294922,1.847919225692749
0.0001,5200.0,119.51457977294922,1.8479187488555908
0.0001,5201.0,119.51457977294922,1.8479182720184326
0.0001,5202.0,119.51457977294922,1.847918152809143
0.0001,5203.0,119.51457977294922,1.8479177951812744
0.0001,5204.0,119.51457977294922,1.8479173183441162
0.0001,5205.0,119.51457977294922,1.8479169607162476
0.0001,5206.0,119.51457977294922,1.847916841506958
0.0001,5207.0,119.51457214355469,1.8479160070419312
0.0001,5208.0,119.51457214355469,1.8479158878326416
0.0001,5209.0,119.51458740234375,1.8479154109954834
0.0001,5210.0,119.51458740234375,1.8479152917861938
0.0001,5211.0,119.51458740234375,1.8479149341583252
0.0001,5212.0,119.51458740234375,1.847914695739746
0.0001,5213.0,119.51458740234375,1.8479143381118774
0.0001,5214.0,119.51458740234375,1.8479139804840088
0.0001,5215.0,119.51458740234375,1.8479135036468506
0.0001,5216.0,119.51458740234375,1.847913384437561
0.0001,5217.0,119.51458740234375,1.8479130268096924
0.0001,5218.0,119.51458740234375,1.8479125499725342
0.0001,5219.0,119.51458740234375,1.8479121923446655
0.0001,5220.0,119.51457977294922,1.847912073135376
0.0001,5221.0,119.51457977294922,1.8479118347167969
0.0001,5222.0,119.51457977294922,1.8479114770889282
0.0001,5223.0,119.51457977294922,1.8479112386703491
0.0001,5224.0,119.51457977294922,1.8479108810424805
0.0001,5225.0,119.51457977294922,1.8479101657867432
0.0001,5226.0,119.51457977294922,1.847909688949585
0.0001,5227.0,119.51457977294922,1.8479095697402954
0.0001,5228.0,119.51457977294922,1.8479093313217163
0.0001,5229.0,119.51457977294922,1.8479089736938477
0.0001,5230.0,119.51457977294922,1.847908616065979
0.0001,5231.0,119.51459503173828,1.8479083776474
0.0001,5232.0,119.51459503173828,1.8479080200195312
0.0001,5233.0,119.51459503173828,1.8479077816009521
0.0001,5234.0,119.51459503173828,1.8479074239730835
0.0001,5235.0,119.51458740234375,1.8479070663452148
0.0001,5236.0,119.51458740234375,1.8479067087173462
0.0001,5237.0,119.51458740234375,1.847906470298767
0.0001,5238.0,119.51458740234375,1.8479061126708984
0.0001,5239.0,119.51458740234375,1.8479061126708984
0.0001,5240.0,119.51458740234375,1.8479055166244507
0.0001,5241.0,119.51458740234375,1.8479053974151611
0.0001,5242.0,119.51458740234375,1.847904920578003
0.0001,5243.0,119.51458740234375,1.8479045629501343
0.0001,5244.0,119.51458740234375,1.8479042053222656
0.0001,5245.0,119.51458740234375,1.8479039669036865
0.0001,5246.0,119.51458740234375,1.8479036092758179
0.0001,5247.0,119.51458740234375,1.8479034900665283
0.0001,5248.0,119.51458740234375,1.8479026556015015
0.0001,5249.0,119.51457977294922,1.8479026556015015
0.0001,5250.0,119.51457977294922,1.847902536392212
0.0001,5251.0,119.51457977294922,1.8479019403457642
0.0001,5252.0,119.51457977294922,1.8479015827178955
0.0001,5253.0,119.51457977294922,1.8479013442993164
0.0001,5254.0,119.51457977294922,1.8479011058807373
0.0001,5255.0,119.51457977294922,1.8479009866714478
0.0001,5256.0,119.51458740234375,1.847900629043579
0.0001,5257.0,119.51458740234375,1.847900629043579
0.0001,5258.0,119.51458740234375,1.8479000329971313
0.0001,5259.0,119.51458740234375,1.8478997945785522
0.0001,5260.0,119.51458740234375,1.8478994369506836
0.0001,5261.0,119.51458740234375,1.8478987216949463
0.0001,5262.0,119.51458740234375,1.8478987216949463
0.0001,5263.0,119.51458740234375,1.847898244857788
0.0001,5264.0,119.51458740234375,1.8478978872299194
0.0001,5265.0,119.51457977294922,1.8478977680206299
0.0001,5266.0,119.51457977294922,1.8478972911834717
0.0001,5267.0,119.51457977294922,1.8478972911834717
0.0001,5268.0,119.51457977294922,1.8478968143463135
0.0001,5269.0,119.51457977294922,1.8478965759277344
0.0001,5270.0,119.51457977294922,1.8478962182998657
0.0001,5271.0,119.51457977294922,1.8478959798812866
0.0001,5272.0,119.51457977294922,1.847895860671997
0.0001,5273.0,119.51457977294922,1.8478953838348389
0.0001,5274.0,119.51457977294922,1.8478949069976807
0.0001,5275.0,119.51457977294922,1.8478950262069702
0.0001,5276.0,119.51457977294922,1.8478944301605225
0.0001,5277.0,119.51457977294922,1.8478940725326538
0.0001,5278.0,119.51457977294922,1.8478939533233643
0.0001,5279.0,119.51457977294922,1.847893476486206
0.0001,5280.0,119.51457214355469,1.847893476486206
0.0001,5281.0,119.51458740234375,1.8478929996490479
0.0001,5282.0,119.51458740234375,1.8478927612304688
0.0001,5283.0,119.51458740234375,1.8478925228118896
0.0001,5284.0,119.51458740234375,1.8478924036026
0.0001,5285.0,119.51458740234375,1.8478920459747314
0.0001,5286.0,119.51458740234375,1.8478915691375732
0.0001,5287.0,119.51458740234375,1.8478912115097046
0.0001,5288.0,119.51458740234375,1.847891092300415
0.0001,5289.0,119.51458740234375,1.8478904962539673
0.0001,5290.0,119.51458740234375,1.8478902578353882
0.0001,5291.0,119.51458740234375,1.8478901386260986
0.0001,5292.0,119.51458740234375,1.8478901386260986
0.0001,5293.0,119.51458740234375,1.8478896617889404
0.0001,5294.0,119.51458740234375,1.8478895425796509
0.0001,5295.0,119.51458740234375,1.8478891849517822
0.0001,5296.0,119.51457977294922,1.8478889465332031
0.0001,5297.0,119.51457977294922,1.8478882312774658
0.0001,5298.0,119.51457977294922,1.8478885889053345
0.0001,5299.0,119.51457977294922,1.8478877544403076
0.0001,5300.0,119.51457977294922,1.847887635231018
0.0001,5301.0,119.51457977294922,1.8478872776031494
0.0001,5302.0,119.51457977294922,1.8478868007659912
0.0001,5303.0,119.51457977294922,1.8478866815567017
0.0001,5304.0,119.51457977294922,1.8478864431381226
0.0001,5305.0,119.51457977294922,1.8478864431381226
0.0001,5306.0,119.51457977294922,1.847886085510254
0.0001,5307.0,119.51457977294922,1.8478858470916748
0.0001,5308.0,119.51458740234375,1.8478857278823853
0.0001,5309.0,119.51458740234375,1.8478851318359375
0.0001,5310.0,119.51458740234375,1.8478848934173584
0.0001,5311.0,119.51458740234375,1.8478847742080688
0.0001,5312.0,119.51458740234375,1.8478845357894897
0.0001,5313.0,119.51458740234375,1.847883939743042
0.0001,5314.0,119.51457977294922,1.847883939743042
0.0001,5315.0,119.51457977294922,1.8478834629058838
0.0001,5316.0,119.51457977294922,1.8478832244873047
0.0001,5317.0,119.51457977294922,1.8478829860687256
0.0001,5318.0,119.51457977294922,1.847882866859436
0.0001,5319.0,119.51457977294922,1.8478825092315674
0.0001,5320.0,119.51457977294922,1.8478820323944092
0.0001,5321.0,119.51457977294922,1.8478820323944092
0.0001,5322.0,119.51457977294922,1.8478816747665405
0.0001,5323.0,119.51457977294922,1.8478813171386719
0.0001,5324.0,119.51457977294922,1.8478810787200928
0.0001,5325.0,119.51457977294922,1.8478809595108032
0.0001,5326.0,119.51457977294922,1.8478807210922241
0.0001,5327.0,119.51457977294922,1.8478801250457764
0.0001,5328.0,119.51457977294922,1.8478800058364868
0.0001,5329.0,119.51457977294922,1.8478797674179077
0.0001,5330.0,119.51457977294922,1.847879409790039
0.0001,5331.0,119.51457214355469,1.84787917137146
0.0001,5332.0,119.51457214355469,1.8478790521621704
0.0001,5333.0,119.51457214355469,1.8478788137435913
0.0001,5334.0,119.51457214355469,1.8478784561157227
0.0001,5335.0,119.51457214355469,1.8478784561157227
0.0001,5336.0,119.51458740234375,1.8478782176971436
0.0001,5337.0,119.51458740234375,1.847878098487854
0.0001,5338.0,119.51458740234375,1.8478777408599854
0.0001,5339.0,119.51458740234375,1.8478775024414062
0.0001,5340.0,119.51458740234375,1.8478771448135376
0.0001,5341.0,119.51458740234375,1.847876787185669
0.0001,5342.0,119.51458740234375,1.8478763103485107
0.0001,5343.0,119.51458740234375,1.8478763103485107
0.0001,5344.0,119.51458740234375,1.847875952720642
0.0001,5345.0,119.51458740234375,1.8478758335113525
0.0001,5346.0,119.51458740234375,1.8478755950927734
0.0001,5347.0,119.51458740234375,1.8478752374649048
0.0001,5348.0,119.51458740234375,1.8478749990463257
0.0001,5349.0,119.51457977294922,1.8478748798370361
0.0001,5350.0,119.51457977294922,1.847874641418457
0.0001,5351.0,119.51457977294922,1.8478740453720093
0.0001,5352.0,119.51457977294922,1.8478742837905884
0.0001,5353.0,119.51457977294922,1.8478739261627197
0.0001,5354.0,119.51457977294922,1.8478734493255615
0.0001,5355.0,119.51457977294922,1.847873330116272
0.0001,5356.0,119.51457977294922,1.8478730916976929
0.0001,5357.0,119.51457977294922,1.8478727340698242
0.0001,5358.0,119.51457977294922,1.8478724956512451
0.0001,5359.0,119.51457977294922,1.8478721380233765
0.0001,5360.0,119.51457977294922,1.8478721380233765
0.0001,5361.0,119.51457977294922,1.8478717803955078
0.0001,5362.0,119.51457977294922,1.8478715419769287
0.0001,5363.0,119.51457977294922,1.8478714227676392
0.0001,5364.0,119.51457977294922,1.8478710651397705
0.0001,5365.0,119.51457977294922,1.8478708267211914
0.0001,5366.0,119.51459503173828,1.8478705883026123
0.0001,5367.0,119.51459503173828,1.8478705883026123
0.0001,5368.0,119.51458740234375,1.847870111465454
0.0001,5369.0,119.51458740234375,1.847869873046875
0.0001,5370.0,119.51458740234375,1.847869634628296
0.0001,5371.0,119.51458740234375,1.8478695154190063
0.0001,5372.0,119.51458740234375,1.8478691577911377
0.0001,5373.0,119.51458740234375,1.8478689193725586
0.0001,5374.0,119.51458740234375,1.8478686809539795
0.0001,5375.0,119.51458740234375,1.8478683233261108
0.0001,5376.0,119.51458740234375,1.8478682041168213
0.0001,5377.0,119.51458740234375,1.8478679656982422
0.0001,5378.0,119.51458740234375,1.8478676080703735
0.0001,5379.0,119.51458740234375,1.8478673696517944
0.0001,5380.0,119.51458740234375,1.8478672504425049
0.0001,5381.0,119.51458740234375,1.8478670120239258
0.0001,5382.0,119.51458740234375,1.8478670120239258
0.0001,5383.0,119.51458740234375,1.8478666543960571
0.0001,5384.0,119.51458740234375,1.8478666543960571
0.0001,5385.0,119.51458740234375,1.8478660583496094
0.0001,5386.0,119.51458740234375,1.8478658199310303
0.0001,5387.0,119.51458740234375,1.8478657007217407
0.0001,5388.0,119.51457977294922,1.8478657007217407
0.0001,5389.0,119.51457977294922,1.847865343093872
0.0001,5390.0,119.51457977294922,1.847865104675293
0.0001,5391.0,119.51457977294922,1.8478648662567139
0.0001,5392.0,119.51457977294922,1.8478645086288452
0.0001,5393.0,119.51457977294922,1.8478641510009766
0.0001,5394.0,119.51457977294922,1.8478639125823975
0.0001,5395.0,119.51457977294922,1.847863793373108
0.0001,5396.0,119.51457977294922,1.847863793373108
0.0001,5397.0,119.51457977294922,1.8478634357452393
0.0001,5398.0,119.51457977294922,1.8478631973266602
0.0001,5399.0,119.51458740234375,1.8478628396987915
0.0001,5400.0,119.51458740234375,1.8478626012802124
0.0001,5401.0,119.51458740234375,1.8478626012802124
0.0001,5402.0,119.51458740234375,1.8478622436523438
0.0001,5403.0,119.51458740234375,1.8478620052337646
0.0001,5404.0,119.51458740234375,1.847861886024475
0.0001,5405.0,119.51458740234375,1.847861647605896
0.0001,5406.0,119.51458740234375,1.8478612899780273
0.0001,5407.0,119.51458740234375,1.8478610515594482
0.0001,5408.0,119.51458740234375,1.8478609323501587
0.0001,5409.0,119.51457977294922,1.8478609323501587
0.0001,5410.0,119.51457977294922,1.84786057472229
0.0001,5411.0,119.51457977294922,1.847860336303711
0.0001,5412.0,119.51457977294922,1.8478599786758423
0.0001,5413.0,119.51457977294922,1.8478597402572632
0.0001,5414.0,119.51457977294922,1.8478597402572632
0.0001,5415.0,119.51457977294922,1.8478597402572632
0.0001,5416.0,119.51457977294922,1.8478590250015259
0.0001,5417.0,119.51457977294922,1.8478591442108154
0.0001,5418.0,119.51457977294922,1.8478586673736572
0.0001,5419.0,119.51457977294922,1.8478587865829468
0.0001,5420.0,119.51457977294922,1.8478584289550781
0.0001,5421.0,119.51457977294922,1.847858190536499
0.0001,5422.0,119.51457977294922,1.8478580713272095
0.0001,5423.0,119.51457977294922,1.8478577136993408
0.0001,5424.0,119.51457977294922,1.8478577136993408
0.0001,5425.0,119.51457977294922,1.8478572368621826
0.0001,5426.0,119.51457977294922,1.847856879234314
0.0001,5427.0,119.51457977294922,1.847856879234314
0.0001,5428.0,119.51457977294922,1.8478567600250244
0.0001,5429.0,119.51457977294922,1.8478562831878662
0.0001,5430.0,119.51457977294922,1.8478561639785767
0.0001,5431.0,119.51457214355469,1.8478559255599976
0.0001,5432.0,119.51457214355469,1.8478559255599976
0.0001,5433.0,119.51457214355469,1.847855806350708
0.0001,5434.0,119.51458740234375,1.847855567932129
0.0001,5435.0,119.51458740234375,1.8478552103042603
0.0001,5436.0,119.51458740234375,1.8478552103042603
0.0001,5437.0,119.51458740234375,1.8478549718856812
0.0001,5438.0,119.51458740234375,1.8478548526763916
0.0001,5439.0,119.51458740234375,1.8478546142578125
0.0001,5440.0,119.51458740234375,1.8478542566299438
0.0001,5441.0,119.51458740234375,1.8478540182113647
0.0001,5442.0,119.51458740234375,1.8478540182113647
0.0001,5443.0,119.51458740234375,1.847853660583496
0.0001,5444.0,119.51458740234375,1.847853422164917
0.0001,5445.0,119.51458740234375,1.8478530645370483
0.0001,5446.0,119.51458740234375,1.8478529453277588
0.0001,5447.0,119.51458740234375,1.8478529453277588
0.0001,5448.0,119.51458740234375,1.8478524684906006
0.0001,5449.0,119.51458740234375,1.847852349281311
0.0001,5450.0,119.51458740234375,1.847852110862732
0.0001,5451.0,119.51458740234375,1.847852110862732
0.0001,5452.0,119.51458740234375,1.8478519916534424
0.0001,5453.0,119.51458740234375,1.8478513956069946
0.0001,5454.0,119.51458740234375,1.8478513956069946
0.0001,5455.0,119.51457977294922,1.8478513956069946
0.0001,5456.0,119.51457977294922,1.847851037979126
0.0001,5457.0,119.51457977294922,1.847851037979126
0.0001,5458.0,119.51457977294922,1.8478505611419678
0.0001,5459.0,119.51457977294922,1.8478504419326782
0.0001,5460.0,119.51457977294922,1.8478502035140991
0.0001,5461.0,119.51457977294922,1.8478498458862305
0.0001,5462.0,119.51457977294922,1.8478498458862305
0.0001,5463.0,119.51457977294922,1.8478496074676514
0.0001,5464.0,119.51457977294922,1.8478496074676514
0.0001,5465.0,119.51457977294922,1.8478494882583618
0.0001,5466.0,119.51457977294922,1.8478491306304932
0.0001,5467.0,119.51457977294922,1.847848653793335
0.0001,5468.0,119.51457977294922,1.847848653793335
0.0001,5469.0,119.51457977294922,1.8478482961654663
0.0001,5470.0,119.51457977294922,1.8478482961654663
0.0001,5471.0,119.51457977294922,1.8478481769561768
0.0001,5472.0,119.51458740234375,1.8478481769561768
0.0001,5473.0,119.51458740234375,1.8478477001190186
0.0001,5474.0,119.51458740234375,1.847847580909729
0.0001,5475.0,119.51458740234375,1.847847580909729
0.0001,5476.0,119.51458740234375,1.84784734249115
0.0001,5477.0,119.51458740234375,1.8478469848632812
0.0001,5478.0,119.51457977294922,1.8478472232818604
0.0001,5479.0,119.51457977294922,1.8478467464447021
0.0001,5480.0,119.51457977294922,1.8478466272354126
0.0001,5481.0,119.51457977294922,1.847846269607544
0.0001,5482.0,119.51457977294922,1.8478457927703857
0.0001,5483.0,119.51457977294922,1.8478456735610962
0.0001,5484.0,119.51457977294922,1.8478456735610962
0.0001,5485.0,119.51457977294922,1.847845435142517
0.0001,5486.0,119.51457977294922,1.8478453159332275
0.0001,5487.0,119.51457977294922,1.8478448390960693
0.0001,5488.0,119.51457977294922,1.8478448390960693
0.0001,5489.0,119.51457977294922,1.8478447198867798
0.0001,5490.0,119.51457977294922,1.8478444814682007
0.0001,5491.0,119.51457977294922,1.8478443622589111
0.0001,5492.0,119.51457977294922,1.8478443622589111
0.0001,5493.0,119.51457977294922,1.847844123840332
0.0001,5494.0,119.51457977294922,1.847843885421753
0.0001,5495.0,119.51457977294922,1.847843885421753
0.0001,5496.0,119.51457977294922,1.8478437662124634
0.0001,5497.0,119.51457977294922,1.8478435277938843
0.0001,5498.0,119.51457977294922,1.8478431701660156
0.0001,5499.0,119.51457977294922,1.8478431701660156
0.0001,5500.0,119.51457977294922,1.8478429317474365
0.0001,5501.0,119.51457977294922,1.847842812538147
0.0001,5502.0,119.51457977294922,1.8478424549102783
0.0001,5503.0,119.51457977294922,1.8478424549102783
0.0001,5504.0,119.51457214355469,1.8478424549102783
0.0001,5505.0,119.51457214355469,1.8478419780731201
0.0001,5506.0,119.51457214355469,1.8478418588638306
0.0001,5507.0,119.51457214355469,1.8478416204452515
0.0001,5508.0,119.51457214355469,1.847841501235962
0.0001,5509.0,119.51457214355469,1.847841501235962
0.0001,5510.0,119.51457214355469,1.8478410243988037
0.0001,5511.0,119.51457214355469,1.8478409051895142
0.0001,5512.0,119.51457214355469,1.8478409051895142
0.0001,5513.0,119.51457214355469,1.8478405475616455
0.0001,5514.0,119.51458740234375,1.8478405475616455
0.0001,5515.0,119.51458740234375,1.8478400707244873
0.0001,5516.0,119.51458740234375,1.8478399515151978
0.0001,5517.0,119.51458740234375,1.8478399515151978
0.0001,5518.0,119.51458740234375,1.847839593887329
0.0001,5519.0,119.51458740234375,1.847839593887329
0.0001,5520.0,119.51458740234375,1.84783935546875
0.0001,5521.0,119.51458740234375,1.847839117050171
0.0001,5522.0,119.51458740234375,1.847839117050171
0.0001,5523.0,119.51458740234375,1.8478389978408813
0.0001,5524.0,119.51458740234375,1.8478387594223022
0.0001,5525.0,119.51458740234375,1.8478386402130127
0.0001,5526.0,119.51458740234375,1.847838044166565
0.0001,5527.0,119.51458740234375,1.847838044166565
0.0001,5528.0,119.51458740234375,1.8478378057479858
0.0001,5529.0,119.51458740234375,1.8478378057479858
0.0001,5530.0,119.51458740234375,1.8478376865386963
0.0001,5531.0,119.51457977294922,1.8478374481201172
0.0001,5532.0,119.51457977294922,1.8478374481201172
0.0001,5533.0,119.51457977294922,1.8478370904922485
0.0001,5534.0,119.51457977294922,1.8478368520736694
0.0001,5535.0,119.51457977294922,1.8478367328643799
0.0001,5536.0,119.51457977294922,1.8478367328643799
0.0001,5537.0,119.51457977294922,1.8478367328643799
0.0001,5538.0,119.51457977294922,1.8478362560272217
0.0001,5539.0,119.51457977294922,1.8478361368179321
0.0001,5540.0,119.51457977294922,1.847835898399353
0.0001,5541.0,119.51457977294922,1.8478357791900635
0.0001,5542.0,119.51457977294922,1.8478357791900635
0.0001,5543.0,119.51457977294922,1.8478355407714844
0.0001,5544.0,119.51457977294922,1.8478353023529053
0.0001,5545.0,119.51457977294922,1.8478353023529053
0.0001,5546.0,119.51457977294922,1.8478351831436157
0.0001,5547.0,119.51457977294922,1.8478351831436157
0.0001,5548.0,119.51457977294922,1.8478349447250366
0.0001,5549.0,119.51457977294922,1.8478343486785889
0.0001,5550.0,119.51457977294922,1.847834587097168
0.0001,5551.0,119.51457977294922,1.8478339910507202
0.0001,5552.0,119.51457977294922,1.8478343486785889
0.0001,5553.0,119.51457977294922,1.8478338718414307
0.0001,5554.0,119.51457977294922,1.8478333950042725
0.0001,5555.0,119.51457977294922,1.8478333950042725
0.0001,5556.0,119.51457977294922,1.847833275794983
0.0001,5557.0,119.51457977294922,1.847833275794983
0.0001,5558.0,119.51457977294922,1.8478330373764038
0.0001,5559.0,119.51459503173828,1.8478330373764038
0.0001,5560.0,119.51458740234375,1.8478329181671143
0.0001,5561.0,119.51458740234375,1.8478326797485352
0.0001,5562.0,119.51458740234375,1.8478326797485352
0.0001,5563.0,119.51458740234375,1.847832441329956
0.0001,5564.0,119.51458740234375,1.8478323221206665
0.0001,5565.0,119.51458740234375,1.8478319644927979
0.0001,5566.0,119.51458740234375,1.8478320837020874
0.0001,5567.0,119.51458740234375,1.8478317260742188
0.0001,5568.0,119.51458740234375,1.8478317260742188
0.0001,5569.0,119.51458740234375,1.8478314876556396
0.0001,5570.0,119.51458740234375,1.8478314876556396
0.0001,5571.0,119.51458740234375,1.84783136844635
0.0001,5572.0,119.51458740234375,1.847831130027771
0.0001,5573.0,119.51458740234375,1.8478310108184814
0.0001,5574.0,119.51458740234375,1.8478307723999023
0.0001,5575.0,119.51458740234375,1.8478307723999023
0.0001,5576.0,119.51458740234375,1.8478305339813232
0.0001,5577.0,119.51458740234375,1.847830057144165
0.0001,5578.0,119.51458740234375,1.8478301763534546
0.0001,5579.0,119.51458740234375,1.847829818725586
0.0001,5580.0,119.51458740234375,1.8478295803070068
0.0001,5581.0,119.51458740234375,1.8478294610977173
0.0001,5582.0,119.51458740234375,1.8478295803070068
0.0001,5583.0,119.51458740234375,1.8478292226791382
0.0001,5584.0,119.51458740234375,1.8478292226791382
0.0001,5585.0,119.51458740234375,1.8478288650512695
0.0001,5586.0,119.51458740234375,1.8478291034698486
0.0001,5587.0,119.51458740234375,1.8478291034698486
0.0001,5588.0,119.51458740234375,1.8478288650512695
0.0001,5589.0,119.51458740234375,1.8478286266326904
0.0001,5590.0,119.51458740234375,1.8478282690048218
0.0001,5591.0,119.51458740234375,1.8478286266326904
0.0001,5592.0,119.51457977294922,1.8478281497955322
0.0001,5593.0,119.51457977294922,1.8478281497955322
0.0001,5594.0,119.51457977294922,1.847827672958374
0.0001,5595.0,119.51457977294922,1.847827672958374
0.0001,5596.0,119.51457977294922,1.8478275537490845
0.0001,5597.0,119.51457977294922,1.8478273153305054
0.0001,5598.0,119.51457977294922,1.8478271961212158
0.0001,5599.0,119.51457977294922,1.8478271961212158
0.0001,5600.0,119.51457977294922,1.8478269577026367
0.0001,5601.0,119.51457977294922,1.8478269577026367
0.0001,5602.0,119.51457977294922,1.8478267192840576
0.0001,5603.0,119.51457977294922,1.847826600074768
0.0001,5604.0,119.51457977294922,1.8478262424468994
0.0001,5605.0,119.51457977294922,1.8478262424468994
0.0001,5606.0,119.51457977294922,1.8478262424468994
0.0001,5607.0,119.51457977294922,1.8478257656097412
0.0001,5608.0,119.51457977294922,1.8478257656097412
0.0001,5609.0,119.51457977294922,1.8478257656097412
0.0001,5610.0,119.51457977294922,1.8478254079818726
0.0001,5611.0,119.51458740234375,1.8478254079818726
0.0001,5612.0,119.51458740234375,1.847825288772583
0.0001,5613.0,119.51458740234375,1.847825050354004
0.0001,5614.0,119.51458740234375,1.847825050354004
0.0001,5615.0,119.51458740234375,1.8478246927261353
0.0001,5616.0,119.51458740234375,1.8478248119354248
0.0001,5617.0,119.51458740234375,1.8478244543075562
0.0001,5618.0,119.51458740234375,1.8478244543075562
0.0001,5619.0,119.51458740234375,1.8478243350982666
0.0001,5620.0,119.51458740234375,1.8478243350982666
0.0001,5621.0,119.51458740234375,1.8478240966796875
0.0001,5622.0,119.51458740234375,1.8478240966796875
0.0001,5623.0,119.51458740234375,1.8478240966796875
0.0001,5624.0,119.51458740234375,1.8478238582611084
0.0001,5625.0,119.51458740234375,1.8478237390518188
0.0001,5626.0,119.51457977294922,1.8478233814239502
0.0001,5627.0,119.51457977294922,1.8478235006332397
0.0001,5628.0,119.51457977294922,1.8478233814239502
0.0001,5629.0,119.51457977294922,1.8478233814239502
0.0001,5630.0,119.51457977294922,1.847822904586792
0.0001,5631.0,119.51457977294922,1.847823143005371
0.0001,5632.0,119.51457977294922,1.8478227853775024
0.0001,5633.0,119.51457977294922,1.8478227853775024
0.0001,5634.0,119.51457977294922,1.8478225469589233
0.0001,5635.0,119.51457977294922,1.8478225469589233
0.0001,5636.0,119.51457977294922,1.8478221893310547
0.0001,5637.0,119.51457977294922,1.8478219509124756
0.0001,5638.0,119.51457977294922,1.847821831703186
0.0001,5639.0,119.51457977294922,1.847821831703186
0.0001,5640.0,119.51457977294922,1.847821593284607
0.0001,5641.0,119.51457977294922,1.8478214740753174
0.0001,5642.0,119.51457977294922,1.8478209972381592
0.0001,5643.0,119.51457977294922,1.8478212356567383
0.0001,5644.0,119.51457977294922,1.8478208780288696
0.0001,5645.0,119.51457977294922,1.8478208780288696
0.0001,5646.0,119.51457977294922,1.8478206396102905
0.0001,5647.0,119.51457977294922,1.8478206396102905
0.0001,5648.0,119.51457977294922,1.847820520401001
0.0001,5649.0,119.51457977294922,1.8478202819824219
0.0001,5650.0,119.51457977294922,1.8478202819824219
0.0001,5651.0,119.51457977294922,1.8478202819824219
0.0001,5652.0,119.51457977294922,1.8478200435638428
0.0001,5653.0,119.51457977294922,1.8478199243545532
0.0001,5654.0,119.51457977294922,1.8478196859359741
0.0001,5655.0,119.51457977294922,1.8478196859359741
0.0001,5656.0,119.51457977294922,1.8478195667266846
0.0001,5657.0,119.51457977294922,1.8478195667266846
0.0001,5658.0,119.51457977294922,1.8478195667266846
0.0001,5659.0,119.51457977294922,1.8478195667266846
0.0001,5660.0,119.51457977294922,1.8478193283081055
0.0001,5661.0,119.51457977294922,1.8478190898895264
0.0001,5662.0,119.51457977294922,1.8478189706802368
0.0001,5663.0,119.51457214355469,1.8478187322616577
0.0001,5664.0,119.51457214355469,1.8478186130523682
0.0001,5665.0,119.51457214355469,1.847818374633789
0.0001,5666.0,119.51457214355469,1.84781813621521
0.0001,5667.0,119.51457214355469,1.84781813621521
0.0001,5668.0,119.51457214355469,1.84781813621521
0.0001,5669.0,119.51457214355469,1.8478180170059204
0.0001,5670.0,119.51458740234375,1.8478177785873413
0.0001,5671.0,119.51458740234375,1.8478177785873413
0.0001,5672.0,119.51458740234375,1.8478176593780518
0.0001,5673.0,119.51458740234375,1.8478176593780518
0.0001,5674.0,119.51458740234375,1.8478174209594727
0.0001,5675.0,119.51458740234375,1.8478174209594727
0.0001,5676.0,119.51458740234375,1.8478171825408936
0.0001,5677.0,119.51458740234375,1.8478171825408936
0.0001,5678.0,119.51458740234375,1.847817063331604
0.0001,5679.0,119.51458740234375,1.847816824913025
0.0001,5680.0,119.51458740234375,1.8478167057037354
0.0001,5681.0,119.51458740234375,1.8478164672851562
0.0001,5682.0,119.51458740234375,1.8478167057037354
0.0001,5683.0,119.51458740234375,1.8478164672851562
0.0001,5684.0,119.51458740234375,1.8478162288665771
0.0001,5685.0,119.51458740234375,1.8478162288665771
0.0001,5686.0,119.51458740234375,1.8478161096572876
0.0001,5687.0,119.51458740234375,1.8478161096572876
0.0001,5688.0,119.51458740234375,1.8478158712387085
0.0001,5689.0,119.51458740234375,1.847815752029419
0.0001,5690.0,119.51458740234375,1.8478158712387085
0.0001,5691.0,119.51458740234375,1.8478155136108398
0.0001,5692.0,119.51458740234375,1.8478155136108398
0.0001,5693.0,119.51458740234375,1.8478152751922607
0.0001,5694.0,119.51458740234375,1.8478152751922607
0.0001,5695.0,119.51458740234375,1.8478151559829712
0.0001,5696.0,119.51458740234375,1.8478151559829712
0.0001,5697.0,119.51458740234375,1.847814917564392
0.0001,5698.0,119.51458740234375,1.847814917564392
0.0001,5699.0,119.51458740234375,1.8478145599365234
0.0001,5700.0,119.51458740234375,1.8478145599365234
0.0001,5701.0,119.51458740234375,1.8478143215179443
0.0001,5702.0,119.51458740234375,1.8478142023086548
0.0001,5703.0,119.51458740234375,1.8478139638900757
0.0001,5704.0,119.51458740234375,1.8478139638900757
0.0001,5705.0,119.51457977294922,1.8478139638900757
0.0001,5706.0,119.51457977294922,1.8478138446807861
0.0001,5707.0,119.51457977294922,1.847813606262207
0.0001,5708.0,119.51457977294922,1.847813606262207
0.0001,5709.0,119.51457977294922,1.847813367843628
0.0001,5710.0,119.51457977294922,1.847813606262207
0.0001,5711.0,119.51457977294922,1.8478132486343384
0.0001,5712.0,119.51457977294922,1.8478132486343384
0.0001,5713.0,119.51457977294922,1.8478130102157593
0.0001,5714.0,119.51457977294922,1.8478130102157593
0.0001,5715.0,119.51457977294922,1.8478128910064697
0.0001,5716.0,119.51457977294922,1.8478128910064697
0.0001,5717.0,119.51457977294922,1.8478126525878906
0.0001,5718.0,119.51457977294922,1.8478124141693115
0.0001,5719.0,119.51457977294922,1.8478124141693115
0.0001,5720.0,119.51457977294922,1.847812294960022
0.0001,5721.0,119.51457977294922,1.847812294960022
0.0001,5722.0,119.51457977294922,1.847812294960022
0.0001,5723.0,119.51457977294922,1.8478119373321533
0.0001,5724.0,119.51457977294922,1.8478120565414429
0.0001,5725.0,119.51457977294922,1.8478119373321533
0.0001,5726.0,119.51457977294922,1.8478116989135742
0.0001,5727.0,119.51457977294922,1.8478116989135742
0.0001,5728.0,119.51457977294922,1.8478116989135742
0.0001,5729.0,119.51457977294922,1.8478114604949951
0.0001,5730.0,119.51457977294922,1.8478114604949951
0.0001,5731.0,119.51457977294922,1.8478113412857056
0.0001,5732.0,119.51457977294922,1.8478113412857056
0.0001,5733.0,119.51457977294922,1.8478111028671265
0.0001,5734.0,119.51457977294922,1.8478111028671265
0.0001,5735.0,119.51457977294922,1.847810983657837
0.0001,5736.0,119.51457977294922,1.8478107452392578
0.0001,5737.0,119.51457977294922,1.8478107452392578
0.0001,5738.0,119.51457977294922,1.8478105068206787
0.0001,5739.0,119.51458740234375,1.8478105068206787
0.0001,5740.0,119.51458740234375,1.8478105068206787
0.0001,5741.0,119.51458740234375,1.84781014919281
0.0001,5742.0,119.51458740234375,1.8478100299835205
0.0001,5743.0,119.51458740234375,1.8478100299835205
0.0001,5744.0,119.51458740234375,1.8478097915649414
0.0001,5745.0,119.51458740234375,1.8478097915649414
0.0001,5746.0,119.51458740234375,1.8478095531463623
0.0001,5747.0,119.51458740234375,1.8478095531463623
0.0001,5748.0,119.51458740234375,1.8478094339370728
0.0001,5749.0,119.51458740234375,1.8478091955184937
0.0001,5750.0,119.51457977294922,1.8478091955184937
0.0001,5751.0,119.51457977294922,1.8478091955184937
0.0001,5752.0,119.51457977294922,1.8478091955184937
0.0001,5753.0,119.51457977294922,1.847808837890625
0.0001,5754.0,119.51457977294922,1.847809076309204
0.0001,5755.0,119.51457977294922,1.847808599472046
0.0001,5756.0,119.51457977294922,1.847808837890625
0.0001,5757.0,119.51457977294922,1.847808599472046
0.0001,5758.0,119.51457977294922,1.847808837890625
0.0001,5759.0,119.51457977294922,1.847808599472046
0.0001,5760.0,119.51457977294922,1.8478084802627563
0.0001,5761.0,119.51457977294922,1.8478084802627563
0.0001,5762.0,119.51457977294922,1.8478082418441772
0.0001,5763.0,119.51457977294922,1.8478078842163086
0.0001,5764.0,119.51457977294922,1.8478081226348877
0.0001,5765.0,119.51457977294922,1.8478078842163086
0.0001,5766.0,119.51457977294922,1.8478078842163086
0.0001,5767.0,119.51457977294922,1.8478078842163086
0.0001,5768.0,119.51457977294922,1.8478076457977295
0.0001,5769.0,119.51457977294922,1.8478076457977295
0.0001,5770.0,119.51457977294922,1.8478072881698608
0.0001,5771.0,119.51457977294922,1.8478072881698608
0.0001,5772.0,119.51457977294922,1.8478071689605713
0.0001,5773.0,119.51457977294922,1.8478072881698608
0.0001,5774.0,119.51457977294922,1.8478071689605713
0.0001,5775.0,119.51457977294922,1.8478071689605713
0.0001,5776.0,119.51457977294922,1.8478069305419922
0.0001,5777.0,119.51457977294922,1.8478069305419922
0.0001,5778.0,119.51457977294922,1.8478069305419922
0.0001,5779.0,119.51457977294922,1.847806692123413
0.0001,5780.0,119.51457977294922,1.8478065729141235
0.0001,5781.0,119.51457977294922,1.8478063344955444
0.0001,5782.0,119.51457977294922,1.8478063344955444
0.0001,5783.0,119.51457977294922,1.8478062152862549
0.0001,5784.0,119.51457977294922,1.8478062152862549
0.0001,5785.0,119.51457977294922,1.8478062152862549
0.0001,5786.0,119.51457977294922,1.8478062152862549
0.0001,5787.0,119.51457977294922,1.8478057384490967
0.0001,5788.0,119.51457977294922,1.8478057384490967
0.0001,5789.0,119.51457977294922,1.8478056192398071
0.0001,5790.0,119.51457977294922,1.8478056192398071
0.0001,5791.0,119.51457977294922,1.847805380821228
0.0001,5792.0,119.51457977294922,1.847805380821228
0.0001,5793.0,119.51457977294922,1.847805380821228
0.0001,5794.0,119.51457977294922,1.8478052616119385
0.0001,5795.0,119.51457977294922,1.8478052616119385
0.0001,5796.0,119.51457977294922,1.8478052616119385
0.0001,5797.0,119.51457977294922,1.8478050231933594
0.0001,5798.0,119.51457977294922,1.8478050231933594
0.0001,5799.0,119.51457977294922,1.8478047847747803
0.0001,5800.0,119.51457214355469,1.8478047847747803
0.0001,5801.0,119.51457214355469,1.8478047847747803
0.0001,5802.0,119.51457214355469,1.8478046655654907
0.0001,5803.0,119.51457214355469,1.8478046655654907
0.0001,5804.0,119.51457214355469,1.8478046655654907
0.0001,5805.0,119.51457214355469,1.8478044271469116
0.0001,5806.0,119.51457214355469,1.8478044271469116
0.0001,5807.0,119.51457214355469,1.847804307937622
0.0001,5808.0,119.51457214355469,1.847804307937622
0.0001,5809.0,119.51457214355469,1.847804307937622
0.0001,5810.0,119.51457214355469,1.847804069519043
0.0001,5811.0,119.51457214355469,1.847804069519043
0.0001,5812.0,119.51457214355469,1.8478038311004639
0.0001,5813.0,119.51457214355469,1.8478037118911743
0.0001,5814.0,119.51457214355469,1.8478037118911743
0.0001,5815.0,119.51457214355469,1.8478037118911743
0.0001,5816.0,119.51457214355469,1.8478037118911743
0.0001,5817.0,119.51457214355469,1.8478034734725952
0.0001,5818.0,119.51457214355469,1.8478033542633057
0.0001,5819.0,119.51457214355469,1.8478034734725952
0.0001,5820.0,119.51457214355469,1.8478031158447266
0.0001,5821.0,119.51457214355469,1.8478033542633057
0.0001,5822.0,119.51457214355469,1.8478031158447266
0.0001,5823.0,119.51458740234375,1.8478031158447266
0.0001,5824.0,119.51458740234375,1.8478028774261475
0.0001,5825.0,119.51458740234375,1.847802758216858
0.0001,5826.0,119.51458740234375,1.847802758216858
0.0001,5827.0,119.51458740234375,1.8478025197982788
0.0001,5828.0,119.51458740234375,1.847802758216858
0.0001,5829.0,119.51458740234375,1.8478025197982788
0.0001,5830.0,119.51458740234375,1.8478024005889893
0.0001,5831.0,119.51458740234375,1.8478024005889893
0.0001,5832.0,119.51458740234375,1.847801923751831
0.0001,5833.0,119.51458740234375,1.8478021621704102
0.0001,5834.0,119.51458740234375,1.8478018045425415
0.0001,5835.0,119.51458740234375,1.8478018045425415
0.0001,5836.0,119.51458740234375,1.8478015661239624
0.0001,5837.0,119.51458740234375,1.8478018045425415
0.0001,5838.0,119.51458740234375,1.8478014469146729
0.0001,5839.0,119.51458740234375,1.8478015661239624
0.0001,5840.0,119.51458740234375,1.8478014469146729
0.0001,5841.0,119.51458740234375,1.8478014469146729
0.0001,5842.0,119.51458740234375,1.8478012084960938
0.0001,5843.0,119.51458740234375,1.8478012084960938
0.0001,5844.0,119.51458740234375,1.8478012084960938
0.0001,5845.0,119.51458740234375,1.8478009700775146
0.0001,5846.0,119.51458740234375,1.8478009700775146
0.0001,5847.0,119.51458740234375,1.847800850868225
0.0001,5848.0,119.51458740234375,1.847800850868225
0.0001,5849.0,119.51458740234375,1.847800850868225
0.0001,5850.0,119.51458740234375,1.847800612449646
0.0001,5851.0,119.51458740234375,1.847800612449646
0.0001,5852.0,119.51458740234375,1.847800612449646
0.0001,5853.0,119.51458740234375,1.8478004932403564
0.0001,5854.0,119.51458740234375,1.8478004932403564
0.0001,5855.0,119.51458740234375,1.8478004932403564
0.0001,5856.0,119.51458740234375,1.8478004932403564
0.0001,5857.0,119.51458740234375,1.8478004932403564
0.0001,5858.0,119.51458740234375,1.8478000164031982
0.0001,5859.0,119.51458740234375,1.8478002548217773
0.0001,5860.0,119.51457977294922,1.8478000164031982
0.0001,5861.0,119.51457977294922,1.8478000164031982
0.0001,5862.0,119.51457977294922,1.8477996587753296
0.0001,5863.0,119.51457977294922,1.8477998971939087
0.0001,5864.0,119.51457977294922,1.8477996587753296
0.0001,5865.0,119.51457977294922,1.8477998971939087
0.0001,5866.0,119.51457977294922,1.84779953956604
0.0001,5867.0,119.51457977294922,1.84779953956604
0.0001,5868.0,119.51457977294922,1.84779953956604
0.0001,5869.0,119.51457977294922,1.84779953956604
0.0001,5870.0,119.51457977294922,1.847799301147461
0.0001,5871.0,119.51457977294922,1.84779953956604
0.0001,5872.0,119.51457977294922,1.847799301147461
0.0001,5873.0,119.51457977294922,1.847799301147461
0.0001,5874.0,119.51457977294922,1.8477990627288818
0.0001,5875.0,119.51457977294922,1.8477990627288818
0.0001,5876.0,119.51457977294922,1.8477990627288818
0.0001,5877.0,119.51457977294922,1.8477989435195923
0.0001,5878.0,119.51457977294922,1.8477989435195923
0.0001,5879.0,119.51457977294922,1.8477987051010132
0.0001,5880.0,119.51457977294922,1.8477987051010132
0.0001,5881.0,119.51457977294922,1.8477987051010132
0.0001,5882.0,119.51457977294922,1.8477985858917236
0.0001,5883.0,119.51457977294922,1.8477983474731445
0.0001,5884.0,119.51457977294922,1.8477985858917236
0.0001,5885.0,119.51457977294922,1.8477983474731445
0.0001,5886.0,119.51457977294922,1.8477981090545654
0.0001,5887.0,119.51457977294922,1.8477983474731445
0.0001,5888.0,119.51457977294922,1.8477977514266968
0.0001,5889.0,119.51457977294922,1.8477979898452759
0.0001,5890.0,119.51457977294922,1.8477979898452759
0.0001,5891.0,119.51457977294922,1.8477977514266968
0.0001,5892.0,119.51457977294922,1.8477977514266968
0.0001,5893.0,119.51457977294922,1.8477977514266968
0.0001,5894.0,119.51457977294922,1.8477977514266968
0.0001,5895.0,119.51457977294922,1.8477976322174072
0.0001,5896.0,119.51457977294922,1.8477976322174072
0.0001,5897.0,119.51457977294922,1.8477973937988281
0.0001,5898.0,119.51457977294922,1.8477973937988281
0.0001,5899.0,119.51457977294922,1.847797155380249
0.0001,5900.0,119.51457977294922,1.847797155380249
0.0001,5901.0,119.51457977294922,1.847797155380249
0.0001,5902.0,119.51457977294922,1.847797155380249
0.0001,5903.0,119.51457977294922,1.847797155380249
0.0001,5904.0,119.51457977294922,1.847797155380249
0.0001,5905.0,119.51457977294922,1.847797155380249
0.0001,5906.0,119.51457977294922,1.847797155380249
0.0001,5907.0,119.51457977294922,1.8477970361709595
0.0001,5908.0,119.51457977294922,1.8477967977523804
0.0001,5909.0,119.51457977294922,1.8477966785430908
0.0001,5910.0,119.51457977294922,1.8477966785430908
0.0001,5911.0,119.51457977294922,1.8477966785430908
0.0001,5912.0,119.51457977294922,1.8477966785430908
0.0001,5913.0,119.51457977294922,1.8477964401245117
0.0001,5914.0,119.51457977294922,1.8477964401245117
0.0001,5915.0,119.51457977294922,1.8477964401245117
0.0001,5916.0,119.51457977294922,1.8477962017059326
0.0001,5917.0,119.51457977294922,1.8477962017059326
0.0001,5918.0,119.51457977294922,1.8477962017059326
0.0001,5919.0,119.51457977294922,1.8477962017059326
0.0001,5920.0,119.51457977294922,1.847796082496643
0.0001,5921.0,119.51457977294922,1.847795844078064
0.0001,5922.0,119.51457977294922,1.8477957248687744
0.0001,5923.0,119.51457977294922,1.847795844078064
0.0001,5924.0,119.51457977294922,1.8477957248687744
0.0001,5925.0,119.51457977294922,1.847795844078064
0.0001,5926.0,119.51457977294922,1.8477957248687744
0.0001,5927.0,119.51457214355469,1.8477954864501953
0.0001,5928.0,119.51457214355469,1.8477954864501953
0.0001,5929.0,119.51457214355469,1.8477952480316162
0.0001,5930.0,119.51458740234375,1.8477952480316162
0.0001,5931.0,119.51458740234375,1.8477951288223267
0.0001,5932.0,119.51458740234375,1.8477952480316162
0.0001,5933.0,119.51458740234375,1.8477951288223267
0.0001,5934.0,119.51458740234375,1.8477951288223267
0.0001,5935.0,119.51458740234375,1.8477951288223267
0.0001,5936.0,119.51458740234375,1.8477951288223267
0.0001,5937.0,119.51458740234375,1.8477948904037476
0.0001,5938.0,119.51458740234375,1.8477948904037476
0.0001,5939.0,119.51458740234375,1.847794771194458
0.0001,5940.0,119.51458740234375,1.8477948904037476
0.0001,5941.0,119.51458740234375,1.847794771194458
0.0001,5942.0,119.51458740234375,1.847794771194458
0.0001,5943.0,119.51458740234375,1.847794532775879
0.0001,5944.0,119.51458740234375,1.847794771194458
0.0001,5945.0,119.51458740234375,1.8477942943572998
0.0001,5946.0,119.51458740234375,1.847794532775879
0.0001,5947.0,119.51458740234375,1.8477942943572998
0.0001,5948.0,119.51458740234375,1.847794532775879
0.0001,5949.0,119.51458740234375,1.8477941751480103
0.0001,5950.0,119.51458740234375,1.8477942943572998
0.0001,5951.0,119.51458740234375,1.8477941751480103
0.0001,5952.0,119.51458740234375,1.8477941751480103
0.0001,5953.0,119.51458740234375,1.8477939367294312
0.0001,5954.0,119.51458740234375,1.8477939367294312
0.0001,5955.0,119.51458740234375,1.8477939367294312
0.0001,5956.0,119.51458740234375,1.8477938175201416
0.0001,5957.0,119.51458740234375,1.8477938175201416
0.0001,5958.0,119.51458740234375,1.8477935791015625
0.0001,5959.0,119.51458740234375,1.8477935791015625
0.0001,5960.0,119.51458740234375,1.8477935791015625
0.0001,5961.0,119.51458740234375,1.8477933406829834
0.0001,5962.0,119.51458740234375,1.8477935791015625
0.0001,5963.0,119.51458740234375,1.8477932214736938
0.0001,5964.0,119.51458740234375,1.8477932214736938
0.0001,5965.0,119.51458740234375,1.8477933406829834
