lr,epoch,train_loss,val_loss
0.0001,0.0,3.4648366851806642,2.271868896484375
0.0001,1.0,3.432978958129882,2.2406438674926763
0.0001,2.0,3.401814376831054,2.209959707260132
0.0001,3.0,3.3711963710784913,2.179797199249268
0.0001,4.0,3.341112939834595,2.150145185470581
0.0001,5.0,3.311554931640624,2.120995891571045
0.0001,6.0,3.2825151443481437,2.0923424053192137
0.0001,7.0,3.253986988067627,2.064179117202759
0.0001,8.0,3.225964836120605,2.0365007972717284
0.0001,9.0,3.1984428787231454,2.0093020992279054
0.0001,10.0,3.171415885925293,1.982578016281128
0.0001,11.0,3.144878349304199,1.9563236026763915
0.0001,12.0,3.1188248672485352,1.9305337533950806
0.0001,13.0,3.093250019073486,1.9052032632827758
0.0001,14.0,3.0681482410430903,1.880326974868774
0.0001,15.0,3.0435138854980464,1.8558994970321654
0.0001,16.0,3.0193415431976316,1.8319157047271728
0.0001,17.0,2.995625192642211,1.8083698673248292
0.0001,18.0,2.9723590393066406,1.785256586074829
0.0001,19.0,2.9495373382568357,1.7625703277587892
0.0001,20.0,2.9271539802551265,1.7403052759170534
0.0001,21.0,2.9052029438018794,1.718455771446228
0.0001,22.0,2.8836781902313247,1.6970159454345701
0.0001,23.0,2.8625733985900883,1.67597998714447
0.0001,24.0,2.841882638931275,1.655341926574707
0.0001,25.0,2.821599365234375,1.6350957574844365
0.0001,26.0,2.801717460632325,1.6152356700897217
0.0001,27.0,2.782230504989624,1.5957554101943967
0.0001,28.0,2.763132244110108,1.5766491298675538
0.0001,29.0,2.7444163379669186,1.5579106121063235
0.0001,30.0,2.726076339721681,1.5395338830947878
0.0001,31.0,2.708105884552002,1.5215128889083862
0.0001,32.0,2.69049868774414,1.503841415405273
0.0001,33.0,2.673248321533203,1.4865134897232055
0.0001,34.0,2.6563485336303714,1.4695229845046998
0.0001,35.0,2.6397928676605216,1.4528638525009154
0.0001,36.0,2.6235751152038564,1.4365303058624266
0.0001,37.0,2.6076890296936037,1.420516065597534
0.0001,38.0,2.5921283950805667,1.4048153753280643
0.0001,39.0,2.576887037277223,1.3894223051071166
0.0001,40.0,2.5619588699340823,1.374331015586853
0.0001,41.0,2.5473377304077154,1.3595356950759887
0.0001,42.0,2.5330176887512215,1.3450305767059327
0.0001,43.0,2.51899284362793,1.330810022354126
0.0001,44.0,2.505257200241089,1.316868383407593
0.0001,45.0,2.491805038452149,1.303200086593628
0.0001,46.0,2.4786306266784672,1.2897997303009032
0.0001,47.0,2.465728261947632,1.2766617317199707
0.0001,48.0,2.4530923385620116,1.2637808818817138
0.0001,49.0,2.4407174396514884,1.2511519975662229
0.0001,50.0,2.4285980014801023,1.238769802093506
0.0001,51.0,2.416728847503663,1.2266291589736937
0.0001,52.0,2.405104677200318,1.2147250194549561
0.0001,53.0,2.393720272064209,1.2030525321960448
0.0001,54.0,2.38257060623169,1.1916068620681763
0.0001,55.0,2.3716506767272945,1.1803831815719605
0.0001,56.0,2.360955562591553,1.1693767528533934
0.0001,57.0,2.350480440139771,1.1585829877853393
0.0001,58.0,2.340220699310302,1.1479975538253784
0.0001,59.0,2.330171566009522,1.1376158323287964
0.0001,60.0,2.320328569412232,1.1274335718154909
0.0001,61.0,2.3106872291564944,1.1174464511871338
0.0001,62.0,2.3012432403564453,1.1076503171920775
0.0001,63.0,2.2919922065734863,1.0980411434173585
0.0001,64.0,2.282930046081543,1.0886148414611816
0.0001,65.0,2.2740525836944583,1.0793674821853636
0.0001,66.0,2.2653558883666993,1.0702952957153322
0.0001,67.0,2.25683592224121,1.0613945312500002
0.0001,68.0,2.248488834381104,1.052661416053772
0.0001,69.0,2.2403109474182137,1.044092444419861
0.0001,70.0,2.2322985229492187,1.0356841287612915
0.0001,71.0,2.2244479560852057,1.0274328594207764
0.0001,72.0,2.216755681991577,1.0193353886604308
0.0001,73.0,2.2092183456420904,1.011388431072235
0.0001,74.0,2.2018324584960935,1.003588723182678
0.0001,75.0,2.1945948219299316,0.9959331669807434
0.0001,76.0,2.1875021362304694,0.988418614387512
0.0001,77.0,2.180551288604736,0.9810421380996703
0.0001,78.0,2.1737391948699947,0.97380078458786
0.0001,79.0,2.167062808990479,0.9666916360855101
0.0001,80.0,2.16051923751831,0.9597118606567384
0.0001,81.0,2.154105594635009,0.9528588213920592
0.0001,82.0,2.1478190193176268,0.9461298031806945
0.0001,83.0,2.1416567993164057,0.9395221748352051
0.0001,84.0,2.1356162815093995,0.9330334119796752
0.0001,85.0,2.1296947517395024,0.9266609258651735
0.0001,86.0,2.1238897628784175,0.9204023208618164
0.0001,87.0,2.1181987361907955,0.9142553181648254
0.0001,88.0,2.112619228363037,0.908217456817627
0.0001,89.0,2.107148847579956,0.9022865371704102
0.0001,90.0,2.1017853050231934,0.8964602475166321
0.0001,91.0,2.0965262737274166,0.8907365531921388
0.0001,92.0,2.091369491577148,0.8851131739616394
0.0001,93.0,2.08631283378601,0.8795882306098938
0.0001,94.0,2.0813541622161864,0.8741595458984376
0.0001,95.0,2.076491394042968,0.8688251724243163
0.0001,96.0,2.0717224349975587,0.8635832033157348
0.0001,97.0,2.0670454139709475,0.858431755065918
0.0001,98.0,2.062458278656006,0.8533689393997193
0.0001,99.0,2.05795920753479,0.8483930048942566
0.0001,100.0,2.053546323776246,0.843502185344696
0.0001,101.0,2.0492177867889407,0.8386947851181029
0.0001,102.0,2.044971836090088,0.833968991279602
0.0001,103.0,2.040806762695313,0.8293233375549316
0.0001,104.0,2.036720832824707,0.8247561044692994
0.0001,105.0,2.0327124385833746,0.8202657585144044
0.0001,106.0,2.0287799453735347,0.8158507933616639
0.0001,107.0,2.024921756744384,0.8115096669197083
0.0001,108.0,2.0211363430023197,0.8072409119606018
0.0001,109.0,2.0174221820831306,0.8030431461334228
0.0001,110.0,2.01377777671814,0.7989149651527405
0.0001,111.0,2.0102017517089843,0.7948548784255983
0.0001,112.0,2.0066926288604736,0.7908617143630983
0.0001,113.0,2.00324903678894,0.7869340243339539
0.0001,114.0,1.9998696365356443,0.7830706715583802
0.0001,115.0,1.9965531215667731,0.7792702956199645
0.0001,116.0,1.9932982044219971,0.775531723499298
0.0001,117.0,1.990103576660157,0.7718536739349364
0.0001,118.0,1.9869680099487295,0.768235074043274
0.0001,119.0,1.9838903560638432,0.7646747884750367
0.0001,120.0,1.980869371414185,0.7611716518402101
0.0001,121.0,1.977903898239135,0.7577245588302612
0.0001,122.0,1.974992876052857,0.754332417011261
0.0001,123.0,1.9721351194381715,0.7509942383766175
0.0001,124.0,1.9693295955657968,0.7477090339660644
0.0001,125.0,1.966575191497803,0.744475670337677
0.0001,126.0,1.96387093257904,0.741293260574341
0.0001,127.0,1.961215770721436,0.7381608018875122
0.0001,128.0,1.9586087436676025,0.735077359199524
0.0001,129.0,1.956048860549927,0.7320420808792116
0.0001,130.0,1.9535351562499994,0.7290539541244507
0.0001,131.0,1.951066727638245,0.7261121549606324
0.0001,132.0,1.9486426620483395,0.7232158761024474
0.0001,133.0,1.9462620697021482,0.7203641939163209
0.0001,134.0,1.943924066543579,0.7175562562942506
0.0001,135.0,1.941627796173096,0.7147913293838501
0.0001,136.0,1.9393724555969245,0.712068579673767
0.0001,137.0,1.9371572017669678,0.70938729429245
0.0001,138.0,1.934981238365173,0.7067465996742249
0.0001,139.0,1.9328437900543212,0.7041458663940429
0.0001,140.0,1.9307441177368163,0.701584276676178
0.0001,141.0,1.928681427001953,0.6990611944198607
0.0001,142.0,1.9266549940109252,0.6965758533477785
0.0001,143.0,1.9246641216278073,0.6941275844573975
0.0001,144.0,1.9227081184387211,0.6917157635688782
0.0001,145.0,1.920786229133606,0.6893396935462953
0.0001,146.0,1.918897847175598,0.6869987087249754
0.0001,147.0,1.917042291641235,0.6846922268867492
0.0001,148.0,1.9152189311981196,0.6824196310043336
0.0001,149.0,1.9134270820617685,0.6801802778244018
0.0001,150.0,1.9116662044525141,0.677973614692688
0.0001,151.0,1.9099356021881102,0.6757990331649781
0.0001,152.0,1.9082347621917726,0.6736559543609619
0.0001,153.0,1.9065630846023556,0.6715438899993899
0.0001,154.0,1.9049199523925784,0.6694622020721436
0.0001,155.0,1.903304853439331,0.6674104223251344
0.0001,156.0,1.901717251777649,0.6653879995346069
0.0001,157.0,1.9001565666198736,0.6633944025039675
0.0001,158.0,1.8986223287582396,0.6614291820526124
0.0001,159.0,1.8971139831542971,0.6594918260574342
0.0001,160.0,1.8956310472488407,0.657581817150116
0.0001,161.0,1.894173052787781,0.6556986484527587
0.0001,162.0,1.8927394533157353,0.6538419966697692
0.0001,163.0,1.8913298559188834,0.6520112729072571
0.0001,164.0,1.8899437522888178,0.6502060794830323
0.0001,165.0,1.8885807132720949,0.64842599773407
0.0001,166.0,1.8872402486801143,0.646670536518097
0.0001,167.0,1.8859219799041749,0.6449393253326419
0.0001,168.0,1.8846254663467412,0.6432319550514222
0.0001,169.0,1.8833502864837643,0.64154798078537
0.0001,170.0,1.8820960350036622,0.639887037754059
0.0001,171.0,1.8808623275756833,0.6382487449645996
0.0001,172.0,1.8796487426757817,0.6366327109336853
0.0001,173.0,1.878454917907715,0.6350385584831237
0.0001,174.0,1.877280452728272,0.6334659147262574
0.0001,175.0,1.8761250333786013,0.6319143953323365
0.0001,176.0,1.8749882965087892,0.6303837447166443
0.0001,177.0,1.8738698205947872,0.6288734860420228
0.0001,178.0,1.8727693033218382,0.627383376121521
0.0001,179.0,1.8716864280700685,0.6259130182266235
0.0001,180.0,1.8706208248138423,0.6244621629714967
0.0001,181.0,1.869572193145752,0.6230303792953491
0.0001,182.0,1.8685402069091794,0.6216174573898315
0.0001,183.0,1.867524559020996,0.6202230362892152
0.0001,184.0,1.8665249500274663,0.6188468394279482
0.0001,185.0,1.8655410852432248,0.6174885730743408
0.0001,186.0,1.8645726270675658,0.6161479105949401
0.0001,187.0,1.8636193389892581,0.6148245534896851
0.0001,188.0,1.8626809349060056,0.6135182666778565
0.0001,189.0,1.8617571105957031,0.6122287821769715
0.0001,190.0,1.8608476171493533,0.6109558010101319
0.0001,191.0,1.8599522047042842,0.6096990728378295
0.0001,192.0,1.859070585250855,0.6084582920074464
0.0001,193.0,1.8582024860382085,0.607233319759369
0.0001,194.0,1.8573477468490607,0.606023787021637
0.0001,195.0,1.8565060291290283,0.6048295006752015
0.0001,196.0,1.8556771354675288,0.603650179386139
0.0001,197.0,1.8548608732223504,0.6024856424331665
0.0001,198.0,1.854056932449341,0.6013356170654298
0.0001,199.0,1.8532651004791263,0.600199923992157
0.0001,200.0,1.8524852142333985,0.599078245639801
0.0001,201.0,1.851717021942139,0.5979704775810242
0.0001,202.0,1.8509603214263917,0.5968763403892517
0.0001,203.0,1.8502148952484134,0.5957956018447875
0.0001,204.0,1.8494805164337151,0.594728099346161
0.0001,205.0,1.8487570524215695,0.5936736130714417
0.0001,206.0,1.8480442752838133,0.5926319456100463
0.0001,207.0,1.8473419828414914,0.5916029043197631
0.0001,208.0,1.8466499977111823,0.5905862340927124
0.0001,209.0,1.8459681186676034,0.5895818643569948
0.0001,210.0,1.8452961845397948,0.5885895085334778
0.0001,211.0,1.8446340122222904,0.5876090307235717
0.0001,212.0,1.843981472015381,0.5866402344703674
0.0001,213.0,1.8433383264541625,0.5856829271316529
0.0001,214.0,1.8427044124603273,0.5847369694709778
0.0001,215.0,1.8420796260833743,0.5838022103309631
0.0001,216.0,1.841463764190674,0.582878427028656
0.0001,217.0,1.8408566884994506,0.5819654712677002
0.0001,218.0,1.8402582416534425,0.5810632038116454
0.0001,219.0,1.839668268203736,0.5801714429855347
0.0001,220.0,1.839086594581604,0.5792900390625
0.0001,221.0,1.8385131406784057,0.5784188227653502
0.0001,222.0,1.8379477195739744,0.5775577058792114
0.0001,223.0,1.8373902225494387,0.576706494808197
0.0001,224.0,1.8368404636383062,0.5758650288581849
0.0001,225.0,1.8362983322143558,0.5750332102775573
0.0001,226.0,1.8357637367248536,0.5742108249664307
0.0001,227.0,1.8352364768981932,0.573397798538208
0.0001,228.0,1.8347164936065667,0.5725939927101136
0.0001,229.0,1.8342036228179934,0.571799277305603
0.0001,230.0,1.8336977767944334,0.5710134897232056
0.0001,231.0,1.8331988067626956,0.5702365007400513
0.0001,232.0,1.8327065811157226,0.5694682469367981
0.0001,233.0,1.8322210350036618,0.5687085657119751
0.0001,234.0,1.831742036819458,0.5679572787284851
0.0001,235.0,1.831269464492798,0.5672143621444702
0.0001,236.0,1.8308032093048097,0.5664796247482299
0.0001,237.0,1.8303431854248047,0.5657530007362366
0.0001,238.0,1.8298892736434949,0.5650343446731568
0.0001,239.0,1.8294413986206053,0.5643235659599303
0.0001,240.0,1.8289994201660158,0.5636205153465271
0.0001,241.0,1.8285632505416864,0.5629251518249513
0.0001,242.0,1.828132806777954,0.5622373051643371
0.0001,243.0,1.8277080068588258,0.5615569190979004
0.0001,244.0,1.8272887344360353,0.5608838438987731
0.0001,245.0,1.8268748970031732,0.5602180151939392
0.0001,246.0,1.8264664297103876,0.5595593147277831
0.0001,247.0,1.8260632324218748,0.5589076590538025
0.0001,248.0,1.825665189743042,0.5582629566192627
0.0001,249.0,1.8252722759246824,0.5576250867843628
0.0001,250.0,1.8248843736648561,0.5569939813613891
0.0001,251.0,1.8245013694763192,0.5563695158958436
0.0001,252.0,1.8241232967376702,0.5557516374588013
0.0001,253.0,1.8237499465942384,0.5551402444839478
0.0001,254.0,1.8233813095092766,0.5545352578163146
0.0001,255.0,1.8230173339843747,0.5539365539550781
0.0001,256.0,1.822657858848572,0.5533441100120545
0.0001,257.0,1.8223028945922848,0.5527578344345093
0.0001,258.0,1.8219523372650153,0.552177565574646
0.0001,259.0,1.821606140136718,0.5516033082008361
0.0001,260.0,1.8212642145156854,0.5510349411964417
0.0001,261.0,1.8209264373779295,0.550472417831421
0.0001,262.0,1.8205928688049322,0.5499156560897828
0.0001,263.0,1.8202633438110354,0.5493645606040953
0.0001,264.0,1.819937833786011,0.5488190541267396
0.0001,265.0,1.819616282463074,0.5482790789604187
0.0001,266.0,1.819298606872559,0.5477445812225341
0.0001,267.0,1.818984775543213,0.5472154412269592
0.0001,268.0,1.818674711227417,0.5466916303634642
0.0001,269.0,1.8183683567047118,0.5461731066703797
0.0001,270.0,1.818065654754639,0.5456597089767455
0.0001,271.0,1.8177665443420412,0.5451514611244203
0.0001,272.0,1.8174710140228267,0.5446482319831848
0.0001,273.0,1.817178924560547,0.5441500377655029
0.0001,274.0,1.816890331268311,0.5436567201614381
0.0001,275.0,1.81660507106781,0.5431682949066163
0.0001,276.0,1.8163231811523437,0.542684663772583
0.0001,277.0,1.8160445537567145,0.5422057719230652
0.0001,278.0,1.8157691764831543,0.5417315607070923
0.0001,279.0,1.815496977806091,0.5412619771957397
0.0001,280.0,1.815227933883667,0.5407969455718994
0.0001,281.0,1.814961972236633,0.5403364415168762
0.0001,282.0,1.8146990566253665,0.5398803777694703
0.0001,283.0,1.8144391536712652,0.5394287223815918
0.0001,284.0,1.8141822013854978,0.5389813661575316
0.0001,285.0,1.8139281616210938,0.538538348197937
0.0001,286.0,1.8136770019531245,0.5380995335578919
0.0001,287.0,1.8134286746978765,0.5376649518013001
0.0001,288.0,1.8131831340789797,0.5372344794273376
0.0001,289.0,1.8129403610229493,0.5368080735206605
0.0001,290.0,1.8127002735137945,0.5363857164382935
0.0001,291.0,1.8124628562927252,0.5359673814773559
0.0001,292.0,1.8122280712127685,0.5355529460906983
0.0001,293.0,1.811995901107789,0.5351424088478088
0.0001,294.0,1.8117662658691416,0.5347357187271118
0.0001,295.0,1.8115391788482669,0.5343328232765197
0.0001,296.0,1.8113145294189452,0.5339336829185486
0.0001,297.0,1.8110923652648918,0.5335382561683656
0.0001,298.0,1.8108725967407222,0.5331464776992798
0.0001,299.0,1.8106552429199216,0.5327583570480345
0.0001,300.0,1.8104402322769164,0.5323738026618957
0.0001,301.0,1.810227522850036,0.5319927701950073
0.0001,302.0,1.8100171031951904,0.5316152362823486
0.0001,303.0,1.8098089027404785,0.5312411723136903
0.0001,304.0,1.8096029472351076,0.5308705058097839
0.0001,305.0,1.8093991622924799,0.5305032267570495
0.0001,306.0,1.8091975612640379,0.5301392979621887
0.0001,307.0,1.808998087882996,0.5297786507606507
0.0001,308.0,1.8088006992340089,0.5294212732315065
0.0001,309.0,1.8086053924560543,0.5290671148300172
0.0001,310.0,1.808412115097046,0.5287161083221437
0.0001,311.0,1.8082208595275877,0.5283682827949524
0.0001,312.0,1.8080316171646116,0.5280235738754272
0.0001,313.0,1.8078442811965945,0.5276819558143616
0.0001,314.0,1.8076589298248293,0.5273433532714843
0.0001,315.0,1.8074754781723021,0.5270077447891235
0.0001,316.0,1.8072938728332522,0.5266751470565796
0.0001,317.0,1.8071141681671135,0.5263454728126526
0.0001,318.0,1.8069362707138068,0.5260186963081359
0.0001,319.0,1.806760187149048,0.5256948070526123
0.0001,320.0,1.8065858898162839,0.5253737859725952
0.0001,321.0,1.8064133567810066,0.5250555281639099
0.0001,322.0,1.8062425584793091,0.5247400636672974
0.0001,323.0,1.8060734586715705,0.5244273681640625
0.0001,324.0,1.8059060831069946,0.5241173915863037
0.0001,325.0,1.8057403507232666,0.5238100934028626
0.0001,326.0,1.8055762701034546,0.5235054540634155
0.0001,327.0,1.8054138479232777,0.5232034778594971
0.0001,328.0,1.8052530021667479,0.522904056072235
0.0001,329.0,1.8050937461853027,0.5226072330474854
0.0001,330.0,1.8049360647201538,0.522312961101532
0.0001,331.0,1.8047799110412597,0.5220211610794068
0.0001,332.0,1.804625308036804,0.5217319116592407
0.0001,333.0,1.8044722051620488,0.5214450950622559
0.0001,334.0,1.804320565223694,0.5211607112884522
0.0001,335.0,1.8041704149246218,0.5208787755966187
0.0001,336.0,1.804021701812744,0.5205991835594178
0.0001,337.0,1.803874423980713,0.5203219871520998
0.0001,338.0,1.8037285575866697,0.5200470781326294
0.0001,339.0,1.803584107398987,0.51977450466156
0.0001,340.0,1.8034410018920908,0.5195042147636414
0.0001,341.0,1.803299268722534,0.5192361607551574
0.0001,342.0,1.8031588869094846,0.5189704008102417
0.0001,343.0,1.8030198450088504,0.5187067980766297
0.0001,344.0,1.8028820867538455,0.5184454202651977
0.0001,345.0,1.8027456512451172,0.5181861958503723
0.0001,346.0,1.802610485076905,0.5179291210174561
0.0001,347.0,1.8024765644073486,0.5176741671562195
0.0001,348.0,1.8023439016342155,0.5174213209152223
0.0001,349.0,1.8022124681472775,0.5171705408096314
0.0001,350.0,1.802082253456116,0.5169218134880066
0.0001,351.0,1.801953247070312,0.5166751356124878
0.0001,352.0,1.8018254451751703,0.516430465221405
0.0001,353.0,1.8016988010406498,0.516187767982483
0.0001,354.0,1.8015733261108402,0.5159470663070679
0.0001,355.0,1.8014489803314215,0.5157083053588868
0.0001,356.0,1.801325761795044,0.5154714961051942
0.0001,357.0,1.8012036733627321,0.5152365975379944
0.0001,358.0,1.8010827026367187,0.5150035591125488
0.0001,359.0,1.8009628334045409,0.5147724337577819
0.0001,360.0,1.800844028472901,0.5145431299209596
0.0001,361.0,1.8007262792587277,0.5143156905174255
0.0001,362.0,1.8006096010208128,0.5140900630950928
0.0001,363.0,1.8004939546585086,0.5138662328720093
0.0001,364.0,1.800379358291626,0.5136441907882692
0.0001,365.0,1.800265749931336,0.5134238972663879
0.0001,366.0,1.8001531696319581,0.5132053790092469
0.0001,367.0,1.8000415763854987,0.5129885568618774
0.0001,368.0,1.799930999755859,0.5127734537124633
0.0001,369.0,1.7998213500976563,0.5125600600242616
0.0001,370.0,1.799712677001953,0.5123483014106751
0.0001,371.0,1.7996049585342404,0.5121382641792297
0.0001,372.0,1.7994981851577758,0.5119298391342163
0.0001,373.0,1.799392332077026,0.5117230529785156
0.0001,374.0,1.799287410736084,0.511517873287201
0.0001,375.0,1.7991833648681645,0.5113142848014832
0.0001,376.0,1.799080248832703,0.5111122856140137
0.0001,377.0,1.7989779996871955,0.5109118328094483
0.0001,378.0,1.7988766288757323,0.5107129697799682
0.0001,379.0,1.798776149749756,0.5105155997276306
0.0001,380.0,1.7986765213012696,0.5103197708129883
0.0001,381.0,1.7985777492523198,0.5101254410743713
0.0001,382.0,1.7984797878265375,0.5099326219558716
0.0001,383.0,1.798382681846619,0.5097412629127501
0.0001,384.0,1.7982863836288452,0.5095513978004456
0.0001,385.0,1.7981908988952633,0.5093629426956177
0.0001,386.0,1.7980962371826175,0.5091759147644043
0.0001,387.0,1.798002336502075,0.5089903326034545
0.0001,388.0,1.7979092388153082,0.5088061647415162
0.0001,389.0,1.7978169250488283,0.5086233677864075
0.0001,390.0,1.7977253856658935,0.5084419589042665
0.0001,391.0,1.7976346035003654,0.5082619390487672
0.0001,392.0,1.797544568061829,0.5080832276344299
0.0001,393.0,1.797455271720887,0.5079059171676635
0.0001,394.0,1.797366708755493,0.5077298917770385
0.0001,395.0,1.7972788829803465,0.5075551657676697
0.0001,396.0,1.7971917819976806,0.5073818106651307
0.0001,397.0,1.7971054048538206,0.5072097253799439
0.0001,398.0,1.7970197095870974,0.5070389094352722
0.0001,399.0,1.7969347314834592,0.5068693404197694
0.0001,400.0,1.7968504276275632,0.5067010717391967
0.0001,401.0,1.7967668113708493,0.5065340247154235
0.0001,402.0,1.7966838674545287,0.5063681879043579
0.0001,403.0,1.7966016139984127,0.5062036108970642
0.0001,404.0,1.7965200195312498,0.5060402388572693
0.0001,405.0,1.7964390697479247,0.5058780498504638
0.0001,406.0,1.7963587741851805,0.505717068195343
0.0001,407.0,1.7962791347503662,0.5055572595596314
0.0001,408.0,1.7962001075744636,0.5053986110687256
0.0001,409.0,1.7961217288970952,0.5052410879135131
0.0001,410.0,1.7960439529418943,0.5050847644805908
0.0001,411.0,1.795966798782349,0.5049295663833618
0.0001,412.0,1.7958902473449707,0.5047754573822022
0.0001,413.0,1.7958143367767336,0.5046225061416625
0.0001,414.0,1.7957389936447143,0.5044706354141236
0.0001,415.0,1.7956642456054692,0.5043198618888856
0.0001,416.0,1.7955900859832774,0.5041701707839966
0.0001,417.0,1.7955165205001828,0.5040215501785279
0.0001,418.0,1.7954435176849357,0.5038740220069884
0.0001,419.0,1.7953710718154905,0.5037275190353394
0.0001,420.0,1.795299200057983,0.5035820689201356
0.0001,421.0,1.7952278881072996,0.5034376788139343
0.0001,422.0,1.7951571092605596,0.5032943058013917
0.0001,423.0,1.7950868978500367,0.5031519503593446
0.0001,424.0,1.795017229080201,0.5030105695724486
0.0001,425.0,1.794948076248169,0.5028702383041381
0.0001,426.0,1.794879461288452,0.5027308764457703
0.0001,427.0,1.7948113956451412,0.5025924901962281
0.0001,428.0,1.7947438354492184,0.502455117225647
0.0001,429.0,1.7946767797470096,0.5023186769485474
0.0001,430.0,1.7946102409362796,0.5021831827163697
0.0001,431.0,1.794544213294983,0.5020486564636231
0.0001,432.0,1.7944786939620978,0.5019150862693786
0.0001,433.0,1.7944136505126944,0.5017824406623841
0.0001,434.0,1.794349100112916,0.5016506824493409
0.0001,435.0,1.7942850399017338,0.5015198855400086
0.0001,436.0,1.79422146320343,0.5013899545669556
0.0001,437.0,1.7941583528518679,0.5012609887123108
0.0001,438.0,1.7940957193374631,0.501132845401764
0.0001,439.0,1.7940335559844975,0.5010056118965149
0.0001,440.0,1.7939718637466433,0.5008792619705201
0.0001,441.0,1.793910618782043,0.500753767967224
0.0001,442.0,1.793849830627442,0.5006291613578796
0.0001,443.0,1.7937894983291627,0.5005053677558899
0.0001,444.0,1.7937296199798582,0.5003824696540833
0.0001,445.0,1.7936701755523679,0.5002603788375855
0.0001,446.0,1.793611148834229,0.5001391487121584
0.0001,447.0,1.7935525989532475,0.5000187196731568
0.0001,448.0,1.7934944362640384,0.49989911508560186
0.0001,449.0,1.7934367160797118,0.4997803344726563
0.0001,450.0,1.7933794164657588,0.4996623315811157
0.0001,451.0,1.7933225326538087,0.4995451636314392
0.0001,452.0,1.7932660818099972,0.4994287343025208
0.0001,453.0,1.7932100191116338,0.49931315040588387
0.0001,454.0,1.793154385566712,0.4991983141899109
0.0001,455.0,1.7930991325378425,0.4990842719078064
0.0001,456.0,1.7930442800521846,0.4989709615707397
0.0001,457.0,1.7929898405075073,0.4988584318161011
0.0001,458.0,1.7929357795715337,0.49874665164947524
0.0001,459.0,1.7928820991516112,0.49863559436798105
0.0001,460.0,1.7928288307189941,0.4985252933502198
0.0001,461.0,1.792775915145874,0.4984157400131226
0.0001,462.0,1.79272339630127,0.4983068900108338
0.0001,463.0,1.7926712665557865,0.4981987862586975
0.0001,464.0,1.7926194610595698,0.4980913977622986
0.0001,465.0,1.7925680561065682,0.49798469448089605
0.0001,466.0,1.792517010688782,0.497878716468811
0.0001,467.0,1.7924663228988653,0.49777344036102295
0.0001,468.0,1.7924160118103027,0.49766882610321045
0.0001,469.0,1.7923660316467283,0.49756493043899536
0.0001,470.0,1.7923164224624637,0.4974616918563843
0.0001,471.0,1.7922671518325801,0.49735916471481323
0.0001,472.0,1.7922182283401482,0.4972572836875916
0.0001,473.0,1.7921696367263797,0.4971560430526734
0.0001,474.0,1.7921213970184324,0.49705548620224005
0.0001,475.0,1.7920735015869138,0.4969555921554566
0.0001,476.0,1.7920259418487552,0.496856336593628
0.0001,477.0,1.791978688240051,0.4967577052116394
0.0001,478.0,1.7919317913055417,0.4966597318649292
0.0001,479.0,1.791885203361511,0.49656240034103394
0.0001,480.0,1.7918389396667485,0.4964656782150269
0.0001,481.0,1.7917930059432978,0.49636960220336923
0.0001,482.0,1.7917473850250245,0.49627413034439094
0.0001,483.0,1.79170206451416,0.4961792550086975
0.0001,484.0,1.7916570720672613,0.4960850143432618
0.0001,485.0,1.7916124000549318,0.4959913716316224
0.0001,486.0,1.791567993164063,0.49589829540252683
0.0001,487.0,1.7915239210128784,0.4958058485984802
0.0001,488.0,1.791480150222778,0.49571400213241573
0.0001,489.0,1.7914366655349736,0.495622706413269
0.0001,490.0,1.7913934745788573,0.4955320014953614
0.0001,491.0,1.7913505859375,0.49544184827804566
0.0001,492.0,1.7913079891204837,0.49535230827331544
0.0001,493.0,1.791265684127808,0.49526330900192256
0.0001,494.0,1.7912236709594724,0.4951748819351196
0.0001,495.0,1.7911819372177125,0.49508698034286497
0.0001,496.0,1.7911404781341553,0.4949996652603149
0.0001,497.0,1.791099292755127,0.4949128828048706
0.0001,498.0,1.7910583982467645,0.494826669216156
0.0001,499.0,1.7910177764892574,0.49474095439910887
0.0001,500.0,1.7909774208068854,0.494655797958374
0.0001,501.0,1.7909373283386234,0.4945711755752564
0.0001,502.0,1.790897531509399,0.49448707962036137
0.0001,503.0,1.790857961654663,0.49440350675582884
0.0001,504.0,1.7908187084197997,0.4943204488754273
0.0001,505.0,1.7907796630859372,0.4942378983497619
0.0001,506.0,1.7907409095764157,0.4941558647155762
0.0001,507.0,1.7907023887634286,0.49407434606552125
0.0001,508.0,1.7906641426086425,0.49399330186843876
0.0001,509.0,1.7906261329650877,0.49391280937194815
0.0001,510.0,1.790588405609131,0.4938327474594117
0.0001,511.0,1.7905509014129644,0.49375321722030635
0.0001,512.0,1.7905136461257936,0.4936741757392884
0.0001,513.0,1.7904766321182248,0.49359560775756833
0.0001,514.0,1.790439880371094,0.49351753282547006
0.0001,515.0,1.7904033660888674,0.4934399271011353
0.0001,516.0,1.7903670644760128,0.4933627977371216
0.0001,517.0,1.7903310203552245,0.49328612518310555
0.0001,518.0,1.7902952070236209,0.4932099275588989
0.0001,519.0,1.7902596378326414,0.49313418292999267
0.0001,520.0,1.7902242822647099,0.49305890464782715
0.0001,521.0,1.7901891841888429,0.4929840807914734
0.0001,522.0,1.7901542959213255,0.49290973377227787
0.0001,523.0,1.790119626045227,0.49283580827713014
0.0001,524.0,1.7900851898193357,0.4927623338699342
0.0001,525.0,1.790050978660583,0.49268928050994876
0.0001,526.0,1.7900169887542725,0.4926166892051697
0.0001,527.0,1.7899832096099855,0.4925445365905761
0.0001,528.0,1.7899496583938606,0.49247281646728525
0.0001,529.0,1.7899163188934333,0.49240151739120486
0.0001,530.0,1.7898831806182862,0.4923306260108947
0.0001,531.0,1.7898502731323238,0.4922601842880249
0.0001,532.0,1.7898175582885743,0.4921901369094849
0.0001,533.0,1.7897850666046144,0.49212050342559804
0.0001,534.0,1.789752782821655,0.4920513243675232
0.0001,535.0,1.7897207078933715,0.49198255538940433
0.0001,536.0,1.7896888284683234,0.49191415119171145
0.0001,537.0,1.7896571559906005,0.4918461756706238
0.0001,538.0,1.7896256961822514,0.4917785925865173
0.0001,539.0,1.789594402313233,0.49171138477325443
0.0001,540.0,1.7895633344650272,0.49164459514617925
0.0001,541.0,1.7895324592590334,0.4915782270431519
0.0001,542.0,1.78950177192688,0.4915122141838074
0.0001,543.0,1.7894712800979615,0.49144658851623535
0.0001,544.0,1.789440989494324,0.49138134670257577
0.0001,545.0,1.789410880088806,0.49131650304794316
0.0001,546.0,1.7893809642791751,0.49125202608108515
0.0001,547.0,1.7893512344360354,0.49118791532516476
0.0001,548.0,1.7893216781616208,0.49112418270111097
0.0001,549.0,1.7892923212051397,0.49106082439422605
0.0001,550.0,1.789263147354126,0.4909978227615356
0.0001,551.0,1.7892341651916506,0.4909352016448975
0.0001,552.0,1.7892053461074828,0.49087295484542837
0.0001,553.0,1.7891767177581783,0.49081102657318115
0.0001,554.0,1.7891482658386224,0.490749457359314
0.0001,555.0,1.7891199893951422,0.4906882963180543
0.0001,556.0,1.7890918798446653,0.49062742710113527
0.0001,557.0,1.7890639667510992,0.49056696033477787
0.0001,558.0,1.7890361986160277,0.4905068063735962
0.0001,559.0,1.7890086164474486,0.49044700241088873
0.0001,560.0,1.7889812183380123,0.49038754510879523
0.0001,561.0,1.7889539585113527,0.4903284163475038
0.0001,562.0,1.7889268999099732,0.4902696108818054
0.0001,563.0,1.7888999948501592,0.4902111482620239
0.0001,564.0,1.7888732566833496,0.4901530427932739
0.0001,565.0,1.7888466663360594,0.49009526538848885
0.0001,566.0,1.788820244789124,0.4900377931594848
0.0001,567.0,1.7887939949035647,0.4899806575775147
0.0001,568.0,1.7887678871154782,0.4899238424301147
0.0001,569.0,1.7887419805526734,0.4898673486709595
0.0001,570.0,1.7887161865234376,0.4898111715316773
0.0001,571.0,1.7886905689239505,0.48975532579422
0.0001,572.0,1.788665119171142,0.4896997690200806
0.0001,573.0,1.7886398010253903,0.48964452075958254
0.0001,574.0,1.7886146535873413,0.48958962488174435
0.0001,575.0,1.7885896472930904,0.4895349817276
0.0001,576.0,1.788564810752869,0.4894806842803956
0.0001,577.0,1.7885401086807253,0.4894266810417175
0.0001,578.0,1.7885155496597291,0.48937298393249506
0.0001,579.0,1.7884911727905275,0.48931954860687266
0.0001,580.0,1.788466893196107,0.4892664265632629
0.0001,581.0,1.7884427919387824,0.48921363782882693
0.0001,582.0,1.7884188432693482,0.4891611185073852
0.0001,583.0,1.788395010948181,0.4891088643074037
0.0001,584.0,1.788371348381043,0.4890569200515747
0.0001,585.0,1.7883478040695189,0.48900525665283207
0.0001,586.0,1.7883244056701655,0.4889538731575012
0.0001,587.0,1.788301168441773,0.4889028077125549
0.0001,588.0,1.7882780447006228,0.4888519797325135
0.0001,589.0,1.7882550659179688,0.48880146074295044
0.0001,590.0,1.7882322330474851,0.48875119590759275
0.0001,591.0,1.7882095289230346,0.48870119571685794
0.0001,592.0,1.7881869564056398,0.4886514987945557
0.0001,593.0,1.788164546012879,0.48860205221176156
0.0001,594.0,1.7881422367095945,0.4885529012680053
0.0001,595.0,1.7881200733184819,0.48850398921966554
0.0001,596.0,1.7880980215072633,0.488455364704132
0.0001,597.0,1.7880761375427243,0.4884070091247558
0.0001,598.0,1.7880543584823614,0.4883588633537293
0.0001,599.0,1.7880327186584477,0.48831105852127077
0.0001,600.0,1.7880112028121948,0.4882634572982788
0.0001,601.0,1.787989809036255,0.48821614217758175
0.0001,602.0,1.7879685440063473,0.4881690306663513
0.0001,603.0,1.7879474058151246,0.48812224960327155
0.0001,604.0,1.7879263744354248,0.48807566547393794
0.0001,605.0,1.787905495643616,0.4880293507575989
0.0001,606.0,1.787884740829468,0.48798327350616455
0.0001,607.0,1.7878640747070318,0.4879374423027038
0.0001,608.0,1.7878435573577884,0.4878918733596803
0.0001,609.0,1.7878231477737432,0.48784652805328366
0.0001,610.0,1.7878028516769406,0.4878014416694642
0.0001,611.0,1.787782674789429,0.48775656032562253
0.0001,612.0,1.787762651443481,0.4877119526863098
0.0001,613.0,1.7877427158355712,0.4876675939559936
0.0001,614.0,1.7877228813171389,0.48762344264984137
0.0001,615.0,1.7877031936645513,0.48757955265045166
0.0001,616.0,1.7876835937499995,0.4875358681678772
0.0001,617.0,1.7876641273498541,0.48749242115020747
0.0001,618.0,1.7876447639465338,0.4874492058753968
0.0001,619.0,1.78762551689148,0.4874062290191651
0.0001,620.0,1.7876063671112061,0.4873634681701662
0.0001,621.0,1.787587336540222,0.48732094430923467
0.0001,622.0,1.787568423271179,0.4872785959243775
0.0001,623.0,1.787549629211426,0.4872365231513976
0.0001,624.0,1.7875309257507324,0.48719466400146483
0.0001,625.0,1.7875123252868657,0.48715297889709475
0.0001,626.0,1.787493851661682,0.48711159563064577
0.0001,627.0,1.7874754753112796,0.48707034587860104
0.0001,628.0,1.7874572010040284,0.4870293455123902
0.0001,629.0,1.7874390335083006,0.4869885625839233
0.0001,630.0,1.7874209613800047,0.4869479908943177
0.0001,631.0,1.7874030055999761,0.48690760612487793
0.0001,632.0,1.787385160446167,0.48686746501922606
0.0001,633.0,1.7873673944473265,0.4868275127410889
0.0001,634.0,1.787349740982056,0.4867877902984619
0.0001,635.0,1.7873321752548215,0.4867482528686524
0.0001,636.0,1.7873147201538084,0.48670890522003174
0.0001,637.0,1.7872973690032965,0.48666978836059577
0.0001,638.0,1.7872801227569575,0.4866308536529541
0.0001,639.0,1.7872629756927487,0.48659212589263917
0.0001,640.0,1.7872458972930905,0.4865535807609559
0.0001,641.0,1.7872289314270022,0.48651525640487664
0.0001,642.0,1.7872120780944822,0.4864771308898927
0.0001,643.0,1.787195306777954,0.48643919086456294
0.0001,644.0,1.787178643226623,0.4864014501571655
0.0001,645.0,1.7871620473861694,0.48636389160156246
0.0001,646.0,1.7871455516815193,0.48632652282714844
0.0001,647.0,1.787129149436951,0.4862893686294556
0.0001,648.0,1.7871128559112555,0.48625237178802483
0.0001,649.0,1.7870966339111334,0.4862155823707581
0.0001,650.0,1.787080513000488,0.4861789946556092
0.0001,651.0,1.78706448173523,0.48614253330230717
0.0001,652.0,1.7870485706329347,0.48610630178451536
0.0001,653.0,1.7870327138900757,0.4860702767372132
0.0001,654.0,1.7870169439315802,0.48603437280654915
0.0001,655.0,1.787001282691956,0.4859986953735352
0.0001,656.0,1.7869856891632085,0.4859631581306457
0.0001,657.0,1.786970191955566,0.485927843093872
0.0001,658.0,1.7869547796249392,0.48589268207550057
0.0001,659.0,1.7869394521713262,0.4858577108383179
0.0001,660.0,1.786924216270447,0.4858229041099548
0.0001,661.0,1.786909066200256,0.48578826570510864
0.0001,662.0,1.7868939895629883,0.48575380039215094
0.0001,663.0,1.7868790206909178,0.4857195219993592
0.0001,664.0,1.7868641071319586,0.48568542051315317
0.0001,665.0,1.786849286079407,0.48565147256851193
0.0001,666.0,1.7868345413208009,0.4856176972389222
0.0001,667.0,1.786819893836975,0.48558408546447757
0.0001,668.0,1.7868053302764895,0.4855506420135498
0.0001,669.0,1.7867908306121825,0.4855173749923707
0.0001,670.0,1.786776416778565,0.48548426103591913
0.0001,671.0,1.786762071609497,0.485451301574707
0.0001,672.0,1.7867478237152097,0.48541853046417244
0.0001,673.0,1.7867336483001712,0.48538589811325067
0.0001,674.0,1.78671954536438,0.4853534283638001
0.0001,675.0,1.7867055225372321,0.48532114410400395
0.0001,676.0,1.786691593170166,0.4852889866828919
0.0001,677.0,1.7866777467727655,0.4852569932937622
0.0001,678.0,1.7866639289855961,0.48522516441345226
0.0001,679.0,1.78665022277832,0.4851935052871704
0.0001,680.0,1.786636582374573,0.4851619677543641
0.0001,681.0,1.786623014450073,0.48513060665130614
0.0001,682.0,1.7866095428466795,0.4850993762016297
0.0001,683.0,1.7865961227416993,0.48506834506988533
0.0001,684.0,1.7865827722549439,0.4850374422073364
0.0001,685.0,1.7865695009231566,0.48500667619705196
0.0001,686.0,1.7865563116073604,0.4849760804176331
0.0001,687.0,1.7865431842803956,0.48494561004638675
0.0001,688.0,1.7865301465988164,0.4849152889251709
0.0001,689.0,1.7865171337127685,0.4848851575851441
0.0001,690.0,1.7865042409896847,0.4848550987243652
0.0001,691.0,1.7864914016723636,0.48482522773742676
0.0001,692.0,1.786478632926941,0.4847954983711242
0.0001,693.0,1.78646591758728,0.484765920639038
0.0001,694.0,1.786453305244446,0.4847364864349366
0.0001,695.0,1.7864407272338862,0.4847071714401245
0.0001,696.0,1.786428216934204,0.48467800235748293
0.0001,697.0,1.7864158020019532,0.48464899969100955
0.0001,698.0,1.7864034347534186,0.4846200976371765
0.0001,699.0,1.786391150474548,0.4845913572311401
0.0001,700.0,1.7863789148330693,0.4845627517700195
0.0001,701.0,1.7863667640686036,0.4845342698097229
0.0001,702.0,1.7863546562194825,0.4845059309005737
0.0001,703.0,1.7863426322937015,0.484477756023407
0.0001,704.0,1.7863306579589848,0.4844496779441833
0.0001,705.0,1.7863187532424927,0.4844217319488526
0.0001,706.0,1.78630693435669,0.4843939371109009
0.0001,707.0,1.7862951593399048,0.4843662672042846
0.0001,708.0,1.7862834405899048,0.48433871507644655
0.0001,709.0,1.7862718048095698,0.4843113460540772
0.0001,710.0,1.7862602119445805,0.48428405570983885
0.0001,711.0,1.7862486820220942,0.48425690126419074
0.0001,712.0,1.786237230300903,0.48422986888885494
0.0001,713.0,1.7862258262634274,0.4842029771804809
0.0001,714.0,1.7862144832611087,0.48417622900009155
0.0001,715.0,1.7862031936645504,0.48414958047866824
0.0001,716.0,1.7861919946670528,0.48412305068969724
0.0001,717.0,1.7861808385848998,0.48409667778015136
0.0001,718.0,1.7861697225570685,0.4840704164505005
0.0001,719.0,1.7861586885452272,0.48404425668716433
0.0001,720.0,1.7861477108001713,0.48401824855804454
0.0001,721.0,1.786136777877808,0.48399233102798467
0.0001,722.0,1.7861259069442745,0.48396657085418704
0.0001,723.0,1.7861151075363155,0.48394092082977297
0.0001,724.0,1.7861043720245364,0.4839153714179993
0.0001,725.0,1.786093681335449,0.48388995218276976
0.0001,726.0,1.7860830354690556,0.48386465406417845
0.0001,727.0,1.7860724582672118,0.4838394589424133
0.0001,728.0,1.7860619401931757,0.48381439256668096
0.0001,729.0,1.786051470756531,0.48378944110870364
0.0001,730.0,1.7860410537719724,0.4837646069526672
0.0001,731.0,1.7860307102203359,0.4837398715019226
0.0001,732.0,1.7860204019546515,0.4837152600288392
0.0001,733.0,1.7860101547241207,0.483690770149231
0.0001,734.0,1.785999952316284,0.4836664028167725
0.0001,735.0,1.7859898252487183,0.4836421127319336
0.0001,736.0,1.785979727745056,0.483617959022522
0.0001,737.0,1.7859696817398076,0.48359390926361084
0.0001,738.0,1.785959725379944,0.48356998157501224
0.0001,739.0,1.785949795722961,0.4835461339950562
0.0001,740.0,1.7859398918151859,0.48352240777015687
0.0001,741.0,1.7859301013946531,0.4834988150596618
0.0001,742.0,1.785920325279236,0.4834753150939941
0.0001,743.0,1.7859105834960944,0.48345192551612853
0.0001,744.0,1.785900913238525,0.483428624868393
0.0001,745.0,1.7858913068771358,0.48340543723106383
0.0001,746.0,1.785881732940674,0.483382379770279
0.0001,747.0,1.7858722143173213,0.48335939073562617
0.0001,748.0,1.7858627462387082,0.48333651971817015
0.0001,749.0,1.7858533267974852,0.48331375885009764
0.0001,750.0,1.785843953132629,0.48329108762741085
0.0001,751.0,1.7858346357345576,0.4832685503959656
0.0001,752.0,1.7858253545761111,0.48324609375000005
0.0001,753.0,1.7858161258697502,0.4832237246036529
0.0001,754.0,1.7858069677352904,0.4832014672756195
0.0001,755.0,1.7857978153228762,0.4831793341636658
0.0001,756.0,1.785788741111756,0.48315727782249446
0.0001,757.0,1.7857797145843508,0.483135318517685
0.0001,758.0,1.7857707185745235,0.4831134622097016
0.0001,759.0,1.7857617721557617,0.4830916867256164
0.0001,760.0,1.7857528858184815,0.4830700263977051
0.0001,761.0,1.7857440347671514,0.48304847502708437
0.0001,762.0,1.7857352352142342,0.48302700376510616
0.0001,763.0,1.7857264766693124,0.4830056173801422
0.0001,764.0,1.7857177486419673,0.4829843592643738
0.0001,765.0,1.7857090950012209,0.4829631595611572
0.0001,766.0,1.785700477600098,0.48294207978248593
0.0001,767.0,1.7856918792724608,0.48292110037803654
0.0001,768.0,1.785683348655701,0.48290020537376416
0.0001,769.0,1.7856748561859137,0.48287939786911016
0.0001,770.0,1.7856664190292364,0.4828586919307709
0.0001,771.0,1.7856580219268796,0.48283804750442505
0.0001,772.0,1.7856496677398688,0.4828175148963928
0.0001,773.0,1.7856413297653204,0.48279709458351133
0.0001,774.0,1.785633078575134,0.4827767453193665
0.0001,775.0,1.7856248302459719,0.4827564713954926
0.0001,776.0,1.7856166439056393,0.48273630571365356
0.0001,777.0,1.7856084909439087,0.48271620154380795
0.0001,778.0,1.7856004018783573,0.4826962165832519
0.0001,779.0,1.7855923337936395,0.4826763226985931
0.0001,780.0,1.7855843057632448,0.48265647101402287
0.0001,781.0,1.785576325416565,0.4826367778778077
0.0001,782.0,1.7855683784484861,0.48261713385581967
0.0001,783.0,1.7855605087280277,0.4825975799560547
0.0001,784.0,1.7855526380538935,0.48257809305191035
0.0001,785.0,1.7855448160171512,0.4825587286949158
0.0001,786.0,1.785537021636963,0.4825393979549409
0.0001,787.0,1.7855292959213254,0.48252017450332646
0.0001,788.0,1.785521584510803,0.48250106000900267
0.0001,789.0,1.7855139312744137,0.4824819960594177
0.0001,790.0,1.7855063180923458,0.48246304678916935
0.0001,791.0,1.7854987297058098,0.48244415473938
0.0001,792.0,1.7854911985397337,0.4824253520965575
0.0001,793.0,1.7854836740493776,0.48240661597251894
0.0001,794.0,1.785476202964782,0.4823879797458649
0.0001,795.0,1.785468766212463,0.4823694288730621
0.0001,796.0,1.7854613933563233,0.4823509478569031
0.0001,797.0,1.785454015731811,0.482332528591156
0.0001,798.0,1.7854467153549198,0.48231423377990723
0.0001,799.0,1.7854394245147704,0.4822959876060486
0.0001,800.0,1.7854321832656863,0.4822778146266938
0.0001,801.0,1.7854249782562248,0.4822597253322602
0.0001,802.0,1.7854178085327153,0.4822417359352112
0.0001,803.0,1.7854106569290158,0.4822238123416901
0.0001,804.0,1.785403577804566,0.48220595312118536
0.0001,805.0,1.7853965072631839,0.4821881909370421
0.0001,806.0,1.785389476776123,0.4821704638004303
0.0001,807.0,1.7853824958801268,0.4821528401374818
0.0001,808.0,1.7853755340576174,0.4821352899074554
0.0001,809.0,1.7853686256408692,0.48211780786514286
0.0001,810.0,1.7853617181777957,0.4821004271507263
0.0001,811.0,1.785354872703552,0.4820830879211426
0.0001,812.0,1.7853480491638185,0.482065827846527
0.0001,813.0,1.7853412599563603,0.48204866576194766
0.0001,814.0,1.7853345184326168,0.4820315628051758
0.0001,815.0,1.7853277978897086,0.48201452279090884
0.0001,816.0,1.7853211183547975,0.48199756622314444
0.0001,817.0,1.785314479827881,0.4819806842803955
0.0001,818.0,1.7853078651428222,0.4819638514518738
0.0001,819.0,1.7853012971878048,0.48194712400436396
0.0001,820.0,1.7852947254180904,0.481930457830429
0.0001,821.0,1.7852882194519042,0.4819138357639314
0.0001,822.0,1.7852817287445073,0.48189729714393614
0.0001,823.0,1.7852752895355226,0.48188084197044373
0.0001,824.0,1.7852688579559326,0.48186444234848025
0.0001,825.0,1.7852624711990355,0.48184813332557686
0.0001,826.0,1.7852561082839966,0.4818318784236908
0.0001,827.0,1.7852498054504398,0.48181568527221674
0.0001,828.0,1.7852434968948363,0.481799553155899
0.0001,829.0,1.7852372455596912,0.4817834889888764
0.0001,830.0,1.7852310152053832,0.48176750397682194
0.0001,831.0,1.7852248382568359,0.4817516026496887
0.0001,832.0,1.7852186450958252,0.48173576188087464
0.0001,833.0,1.7852125253677371,0.48171996307373044
0.0001,834.0,1.7852064237594607,0.48170423364639287
0.0001,835.0,1.785200336456299,0.4816886003017426
0.0001,836.0,1.7851942729949961,0.4816730008125305
0.0001,837.0,1.7851882667541499,0.48165746092796335
0.0001,838.0,1.78518227672577,0.4816420114040374
0.0001,839.0,1.785176317214966,0.4816266121864318
0.0001,840.0,1.785170414924622,0.48161128044128426
0.0001,841.0,1.7851645040512087,0.4815960309505462
0.0001,842.0,1.7851586513519289,0.4815808007717132
0.0001,843.0,1.7851528110504156,0.4815657005310059
0.0001,844.0,1.7851469984054564,0.48155061578750613
0.0001,845.0,1.7851412010192877,0.4815356006622315
0.0001,846.0,1.7851354398727417,0.4815206398963928
0.0001,847.0,1.7851297302246092,0.48150576567649844
0.0001,848.0,1.7851240234374999,0.4814909319877624
0.0001,849.0,1.7851183643341062,0.4814761679172516
0.0001,850.0,1.7851127119064327,0.48146147179603577
0.0001,851.0,1.7851071128845217,0.4814467980861664
0.0001,852.0,1.7851015100479128,0.48143219780921936
0.0001,853.0,1.7850959634780885,0.48141768503189086
0.0001,854.0,1.785090429306031,0.48140319013595584
0.0001,855.0,1.7850849123001093,0.4813887972831726
0.0001,856.0,1.7850794506072998,0.481374456167221
0.0001,857.0,1.7850739994049074,0.48136016893386846
0.0001,858.0,1.7850685815811158,0.48134593558311467
0.0001,859.0,1.7850631875991823,0.48133176612854006
0.0001,860.0,1.7850578269958493,0.4813176596164704
0.0001,861.0,1.7850524845123288,0.48130359649658205
0.0001,862.0,1.7850471544265745,0.4812895891666412
0.0001,863.0,1.785041863441467,0.4812756288051605
0.0001,864.0,1.7850365905761723,0.4812617623805999
0.0001,865.0,1.7850313663482664,0.4812479417324066
0.0001,866.0,1.7850261383056638,0.4812341668605804
0.0001,867.0,1.785020952224732,0.4812204263210297
0.0001,868.0,1.7850157890319822,0.48120676803588874
0.0001,869.0,1.7850106430053714,0.4811931703090668
0.0001,870.0,1.7850055446624757,0.4811796300411225
0.0001,871.0,1.7850004539489746,0.4811661303043366
0.0001,872.0,1.7849953908920289,0.4811526718139648
0.0001,873.0,1.78499036693573,0.48113928818702706
0.0001,874.0,1.7849853324890135,0.4811259598731995
0.0001,875.0,1.7849803218841558,0.4811126580238343
0.0001,876.0,1.7849753837585456,0.48109945249557484
0.0001,877.0,1.784970438957215,0.48108628988265983
0.0001,878.0,1.7849655055999758,0.4810731315612793
0.0001,879.0,1.7849606399536135,0.48106006431579584
0.0001,880.0,1.7849557533264166,0.4810470428466797
0.0001,881.0,1.7849509277343751,0.48103408980369566
0.0001,882.0,1.7849460830688475,0.48102116823196417
0.0001,883.0,1.7849413070678712,0.4810083310604095
0.0001,884.0,1.7849365177154537,0.48099552106857313
0.0001,885.0,1.784931775093078,0.4809827497005463
0.0001,886.0,1.784927032470703,0.4809700717926025
0.0001,887.0,1.784922308921814,0.48095739960670475
0.0001,888.0,1.7849176387786867,0.48094480657577526
0.0001,889.0,1.784912981986999,0.4809322457313538
0.0001,890.0,1.7849083385467528,0.48091972970962527
0.0001,891.0,1.7849037418365477,0.4809072949886322
0.0001,892.0,1.7848991346359249,0.48089487838745115
0.0001,893.0,1.784894576072693,0.48088253402709963
0.0001,894.0,1.7848900041580205,0.480870240688324
0.0001,895.0,1.78488547039032,0.4808579845428467
0.0001,896.0,1.7848809757232664,0.48084577012062074
0.0001,897.0,1.7848764991760249,0.48083361077308656
0.0001,898.0,1.7848720321655271,0.48082150316238403
0.0001,899.0,1.7848675689697269,0.4808094198703766
0.0001,900.0,1.7848631629943854,0.4807974033355713
0.0001,901.0,1.7848587608337405,0.4807854561805725
0.0001,902.0,1.7848543949127194,0.480773559331894
0.0001,903.0,1.7848500223159793,0.48076166749000554
0.0001,904.0,1.7848456859588626,0.48074984025955203
0.0001,905.0,1.7848413791656497,0.4807380487918854
0.0001,906.0,1.784837074279785,0.48072631406784055
0.0001,907.0,1.7848328199386598,0.48071462059021003
0.0001,908.0,1.7848285560607915,0.48070297956466673
0.0001,909.0,1.7848243284225471,0.4806913964748383
0.0001,910.0,1.7848200979232791,0.48067984390258783
0.0001,911.0,1.7848159313201906,0.48066832399368287
0.0001,912.0,1.7848117456436163,0.48065686655044554
0.0001,913.0,1.7848075819015505,0.48064545631408695
0.0001,914.0,1.7848034629821774,0.48063406991958624
0.0001,915.0,1.7847993440628054,0.4806227495670317
0.0001,916.0,1.784795267105103,0.4806114692687989
0.0001,917.0,1.7847911834716794,0.48060021018981935
0.0001,918.0,1.7847871322631836,0.4805890328884124
0.0001,919.0,1.7847830991745,0.48057788109779354
0.0001,920.0,1.7847790794372564,0.4805667757987977
0.0001,921.0,1.7847750759124765,0.4805556907653808
0.0001,922.0,1.784771104812622,0.4805446927547455
0.0001,923.0,1.7847671289443972,0.48053371763229374
0.0001,924.0,1.784763197898864,0.48052278733253484
0.0001,925.0,1.7847592620849613,0.4805119001865387
0.0001,926.0,1.78475538444519,0.4805010356903076
0.0001,927.0,1.7847514820098875,0.480490249633789
0.0001,928.0,1.784747640609742,0.4804794654846192
0.0001,929.0,1.7847437839508056,0.4804687523841858
0.0001,930.0,1.7847399663925174,0.4804580535888672
0.0001,931.0,1.7847361431121826,0.4804474430084228
0.0001,932.0,1.7847323455810546,0.4804368147850037
0.0001,933.0,1.7847285757064821,0.4804262480735779
0.0001,934.0,1.7847248134613038,0.48041573357582096
0.0001,935.0,1.784721092224121,0.4804052529335022
0.0001,936.0,1.784717353820801,0.48039481329917916
0.0001,937.0,1.7847136726379393,0.4803844201564789
0.0001,938.0,1.7847099676132208,0.480374058008194
0.0001,939.0,1.784706307411194,0.4803637428283692
0.0001,940.0,1.7847026443481449,0.48035345292091364
0.0001,941.0,1.7846989879608153,0.4803432259559631
0.0001,942.0,1.7846953964233396,0.4803330113887787
0.0001,943.0,1.7846917800903312,0.4803228585720062
0.0001,944.0,1.7846882133483883,0.4803127176761627
0.0001,945.0,1.784684646606445,0.4803026599884033
0.0001,946.0,1.784681076049805,0.4802925815582275
0.0001,947.0,1.7846775674819944,0.48028257727622986
0.0001,948.0,1.7846740398406984,0.48027260017395024
0.0001,949.0,1.7846705341339106,0.48026267051696775
0.0001,950.0,1.7846670684814454,0.48025280952453614
0.0001,951.0,1.7846636047363276,0.4802429537773132
0.0001,952.0,1.784660155296326,0.48023313736915585
0.0001,953.0,1.7846567115783691,0.4802233519554139
0.0001,954.0,1.7846532907485964,0.4802136058807373
0.0001,955.0,1.7846498832702635,0.4802039008140564
0.0001,956.0,1.784646521568298,0.48019422698020936
0.0001,957.0,1.7846431427001952,0.4801846125125884
0.0001,958.0,1.784639781951904,0.48017500877380376
0.0001,959.0,1.7846364479064944,0.48016546297073365
0.0001,960.0,1.784633134841919,0.48015593004226675
0.0001,961.0,1.7846298255920414,0.4801464428901672
0.0001,962.0,1.7846265277862552,0.4801369938850403
0.0001,963.0,1.7846232395172117,0.48012758255004884
0.0001,964.0,1.7846199836730956,0.480118198633194
0.0001,965.0,1.7846167564392093,0.48010883116722114
0.0001,966.0,1.784613497734069,0.48009952306747444
0.0001,967.0,1.7846102991104134,0.4800902426242828
0.0001,968.0,1.7846070938110352,0.48008099746704097
0.0001,969.0,1.7846039218902587,0.48007179641723635
0.0001,970.0,1.7846007328033449,0.4800626163482666
0.0001,971.0,1.7845975904464721,0.4800534701347351
0.0001,972.0,1.7845944309234618,0.4800443916320801
0.0001,973.0,1.78459131526947,0.4800353181362152
0.0001,974.0,1.7845882072448738,0.48002630591392514
0.0001,975.0,1.7845851020812988,0.480017288684845
0.0001,976.0,1.784582023620606,0.4800083162784577
0.0001,977.0,1.784578957557678,0.47999936485290534
0.0001,978.0,1.7845758895874018,0.47999046564102177
0.0001,979.0,1.7845728693008425,0.4799816114902497
0.0001,980.0,1.784569836616516,0.47997277498245244
0.0001,981.0,1.7845668230056762,0.4799639775753021
0.0001,982.0,1.7845638160705566,0.479955219745636
0.0001,983.0,1.784560835838318,0.4799464726448059
0.0001,984.0,1.7845578584671027,0.47993776297569285
0.0001,985.0,1.7845548963546756,0.4799290995597839
0.0001,986.0,1.7845519495010378,0.4799204347133637
0.0001,987.0,1.784549038887024,0.4799118523597717
0.0001,988.0,1.784546136856079,0.4799032683372498
0.0001,989.0,1.784543214797974,0.47989475393295294
0.0001,990.0,1.7845403079986575,0.4798862287998199
0.0001,991.0,1.7845374536514282,0.47987773728370664
0.0001,992.0,1.7845345859527584,0.4798692870140075
0.0001,993.0,1.7845317354202277,0.47986086702346803
0.0001,994.0,1.784528914451599,0.47985247850418095
0.0001,995.0,1.7845260829925536,0.47984411406517025
0.0001,996.0,1.7845232830047613,0.4798357944488525
0.0001,997.0,1.7845204887390134,0.4798275165557862
0.0001,998.0,1.7845177173614502,0.4798192443847657
0.0001,999.0,1.7845149383544923,0.47981100654602055
0.0001,1000.0,1.7845121746063237,0.47980280280113213
0.0001,1001.0,1.784509436607361,0.4797946379184723
0.0001,1002.0,1.7845066947937014,0.479786506652832
0.0001,1003.0,1.7845039691925049,0.4797783856391908
0.0001,1004.0,1.7845012464523315,0.4797702770233154
0.0001,1005.0,1.7844985647201537,0.4797622666358948
0.0001,1006.0,1.78449588394165,0.4797541983127594
0.0001,1007.0,1.7844932289123543,0.479746225118637
0.0001,1008.0,1.7844905700683595,0.4797382526397705
0.0001,1009.0,1.7844879274368282,0.47973031783103953
0.0001,1010.0,1.7844852886199942,0.47972242140769966
0.0001,1011.0,1.7844826469421389,0.47971452736854553
0.0001,1012.0,1.7844800415039062,0.4797066674232483
0.0001,1013.0,1.7844774532318115,0.479698846578598
0.0001,1014.0,1.7844748668670651,0.47969107413291934
0.0001,1015.0,1.7844723148345947,0.4796832849979401
0.0001,1016.0,1.7844697246551517,0.47967554855346684
0.0001,1017.0,1.7844671859741208,0.479667853832245
0.0001,1018.0,1.7844646463394167,0.4796601605415345
0.0001,1019.0,1.7844621229171753,0.47965253019332893
0.0001,1020.0,1.784459603309631,0.47964488554000856
0.0001,1021.0,1.7844571018218993,0.47963729810714717
0.0001,1022.0,1.7844546079635624,0.47962971830368045
0.0001,1023.0,1.7844521217346192,0.4796221888065338
0.0001,1024.0,1.7844496488571162,0.479614646434784
0.0001,1025.0,1.784447193145752,0.47960719847679145
0.0001,1026.0,1.7844447326660156,0.47959970498085014
0.0001,1027.0,1.784442317008972,0.47959227705001833
0.0001,1028.0,1.7844398813247686,0.4795848715305329
0.0001,1029.0,1.7844374818801876,0.47957749605178834
0.0001,1030.0,1.7844350786209107,0.47957012367248536
0.0001,1031.0,1.7844326839447022,0.4795628283023834
0.0001,1032.0,1.784430289268494,0.4795554959774018
0.0001,1033.0,1.7844279422760017,0.4795482633113861
0.0001,1034.0,1.7844255504608153,0.4795410270690917
0.0001,1035.0,1.7844232158660887,0.47953377151489257
0.0001,1036.0,1.784420890808106,0.4795265879631043
0.0001,1037.0,1.7844185638427734,0.47951940321922304
0.0001,1038.0,1.7844162530899048,0.4795122599601746
0.0001,1039.0,1.7844139518737796,0.4795051500797272
0.0001,1040.0,1.7844116382598878,0.4794980816841126
0.0001,1041.0,1.7844093818664548,0.47949099731445316
0.0001,1042.0,1.7844070720672607,0.4794839403629303
0.0001,1043.0,1.7844048118591307,0.4794769303798675
0.0001,1044.0,1.784402576446533,0.4794699437618256
0.0001,1045.0,1.784400327682495,0.479463003396988
0.0001,1046.0,1.7843980865478517,0.47945602989196784
0.0001,1047.0,1.7843958606719967,0.4794491331577302
0.0001,1048.0,1.7843936738967898,0.4794422345161438
0.0001,1049.0,1.784391438484192,0.4794353563785553
0.0001,1050.0,1.7843892726898198,0.4794285025596619
0.0001,1051.0,1.7843870620727542,0.4794216878414154
0.0001,1052.0,1.7843848972320553,0.47941490554809574
0.0001,1053.0,1.7843827142715456,0.4794081320762634
0.0001,1054.0,1.7843805780410766,0.47940138268470767
0.0001,1055.0,1.784378430366516,0.47939464783668523
0.0001,1056.0,1.7843763055801394,0.479387972354889
0.0001,1057.0,1.7843741817474368,0.4793812906742096
0.0001,1058.0,1.7843720541000367,0.4793746378421783
0.0001,1059.0,1.784369951248169,0.47936803269386297
0.0001,1060.0,1.7843678579330444,0.4793614060878754
0.0001,1061.0,1.7843657741546628,0.47935483002662665
0.0001,1062.0,1.7843637084960942,0.47934828901290893
0.0001,1063.0,1.7843616237640383,0.479341732263565
0.0001,1064.0,1.7843595714569094,0.4793352165222168
0.0001,1065.0,1.7843575296401977,0.47932872915267943
0.0001,1066.0,1.7843554859161375,0.47932225966453557
0.0001,1067.0,1.7843534288406375,0.47931583261489863
0.0001,1068.0,1.7843514356613157,0.47930940675735484
0.0001,1069.0,1.7843494033813476,0.4793030171394348
0.0001,1070.0,1.7843474082946773,0.4792966265678406
0.0001,1071.0,1.7843454246520993,0.4792902998924256
0.0001,1072.0,1.7843434228897097,0.4792839694023132
0.0001,1073.0,1.7843414516448974,0.4792776582241059
0.0001,1074.0,1.7843395023345952,0.4792713606357575
0.0001,1075.0,1.7843375291824342,0.4792651009559632
0.0001,1076.0,1.7843355970382693,0.47925887465476996
0.0001,1077.0,1.7843336324691779,0.479252655029297
0.0001,1078.0,1.7843316993713378,0.4792464599609375
0.0001,1079.0,1.7843297777175908,0.4792402839660645
0.0001,1080.0,1.7843278694152835,0.4792341213226318
0.0001,1081.0,1.7843259592056275,0.47922797942161566
0.0001,1082.0,1.7843240680694583,0.47922186851501475
0.0001,1083.0,1.7843221817016597,0.47921576738357546
0.0001,1084.0,1.7843202733993528,0.4792097108364105
0.0001,1085.0,1.7843184289932246,0.47920366621017463
0.0001,1086.0,1.7843165712356572,0.47919761991500853
0.0001,1087.0,1.7843146991729735,0.4791916177272797
0.0001,1088.0,1.7843128633499143,0.4791856367588043
0.0001,1089.0,1.7843110017776502,0.4791796660423279
0.0001,1090.0,1.784309175491333,0.4791737189292907
0.0001,1091.0,1.7843073577880864,0.47916780281066895
0.0001,1092.0,1.784305545806885,0.4791619033813476
0.0001,1093.0,1.7843037242889401,0.4791560003757476
0.0001,1094.0,1.7843019342422484,0.47915015554428103
0.0001,1095.0,1.7843001527786257,0.47914432549476627
0.0001,1096.0,1.7842983779907224,0.4791384868621827
0.0001,1097.0,1.7842966032028196,0.4791326906681061
0.0001,1098.0,1.784294827461243,0.47912691140174873
0.0001,1099.0,1.7842930908203125,0.47912113380432136
0.0001,1100.0,1.7842913303375247,0.47911541748046876
0.0001,1101.0,1.7842895755767816,0.47910968542099
0.0001,1102.0,1.7842878398895263,0.47910399055480957
0.0001,1103.0,1.7842861080169679,0.47909830641746526
0.0001,1104.0,1.7842843952178955,0.4790926327705383
0.0001,1105.0,1.7842826814651487,0.4790869889259338
0.0001,1106.0,1.7842809715270995,0.47908137845993054
0.0001,1107.0,1.7842792654037483,0.47907576560974124
0.0001,1108.0,1.7842775802612303,0.4790701808929443
0.0001,1109.0,1.7842759017944334,0.4790646266937256
0.0001,1110.0,1.784274246215821,0.4790590648651124
0.0001,1111.0,1.7842725639343269,0.4790535368919373
0.0001,1112.0,1.7842709121704097,0.4790480332374573
0.0001,1113.0,1.7842692422866817,0.47904257011413576
0.0001,1114.0,1.7842675905227658,0.479037086725235
0.0001,1115.0,1.78426596069336,0.4790316395759582
0.0001,1116.0,1.784264359474182,0.4790262029170991
0.0001,1117.0,1.7842627172470094,0.4790207879543305
0.0001,1118.0,1.7842610883712775,0.47901539802551274
0.0001,1119.0,1.784259505271911,0.479010008096695
0.0001,1120.0,1.7842578878402713,0.4790046572685242
0.0001,1121.0,1.7842562732696534,0.478999312877655
0.0001,1122.0,1.784254702568054,0.47899399781227114
0.0001,1123.0,1.7842530994415289,0.4789886913299561
0.0001,1124.0,1.7842515649795534,0.47898339056968686
0.0001,1125.0,1.7842499904632572,0.4789781126976014
0.0001,1126.0,1.784248443603516,0.4789728736877441
0.0001,1127.0,1.7842468729019167,0.4789676439762115
0.0001,1128.0,1.784245325088501,0.47896244645118713
0.0001,1129.0,1.7842437925338746,0.4789572522640228
0.0001,1130.0,1.7842422637939455,0.4789520888328552
0.0001,1131.0,1.7842407178878785,0.47894691085815433
0.0001,1132.0,1.7842392110824585,0.47894176650047304
0.0001,1133.0,1.7842376785278322,0.4789366531372069
0.0001,1134.0,1.7842361869812016,0.47893152236938474
0.0001,1135.0,1.784234697341918,0.4789264600276947
0.0001,1136.0,1.7842331886291503,0.4789213831424714
0.0001,1137.0,1.7842316932678226,0.47891632986068716
0.0001,1138.0,1.7842302303314213,0.4789112856388092
0.0001,1139.0,1.7842287502288825,0.4789062445163727
0.0001,1140.0,1.7842272891998288,0.4789012486934662
0.0001,1141.0,1.7842258472442623,0.478896269083023
0.0001,1142.0,1.7842243824005126,0.478891300201416
0.0001,1143.0,1.7842229385375974,0.4788863565921784
0.0001,1144.0,1.7842214899063107,0.4788814148902894
0.0001,1145.0,1.7842200508117678,0.4788764936923981
0.0001,1146.0,1.7842186317443842,0.4788715689182282
0.0001,1147.0,1.7842172088623047,0.47886667060852056
0.0001,1148.0,1.784215801239014,0.47886179685592656
0.0001,1149.0,1.7842143821716312,0.4788569529056549
0.0001,1150.0,1.784212989807129,0.4788521173000336
0.0001,1151.0,1.7842115869522095,0.4788473055362701
0.0001,1152.0,1.7842102012634287,0.4788424725532532
0.0001,1153.0,1.7842088222503654,0.47883769249916075
0.0001,1154.0,1.7842074413299556,0.4788329319953918
0.0001,1155.0,1.7842060813903806,0.47882815361022946
0.0001,1156.0,1.7842047147750848,0.4788234252929688
0.0001,1157.0,1.784203371047974,0.47881869292259205
0.0001,1158.0,1.784201984405518,0.47881397986412044
0.0001,1159.0,1.784200638771058,0.4788092820644379
0.0001,1160.0,1.784199270248413,0.4788046035766602
0.0001,1161.0,1.7841979532241823,0.47879993796348574
0.0001,1162.0,1.7841966190338132,0.4787952787876129
0.0001,1163.0,1.784195323944092,0.4787906630039215
0.0001,1164.0,1.7841939840316774,0.47878602623939515
0.0001,1165.0,1.784192675590515,0.47878143501281734
0.0001,1166.0,1.7841913642883307,0.4787768304347992
0.0001,1167.0,1.7841900577545167,0.47877226614952095
0.0001,1168.0,1.784188760757446,0.4787676939964295
0.0001,1169.0,1.7841874523162848,0.47876315903663635
0.0001,1170.0,1.784186170578003,0.4787586154937744
0.0001,1171.0,1.784184898376465,0.4787541029453278
0.0001,1172.0,1.7841836462020872,0.47874962997436515
0.0001,1173.0,1.7841823816299436,0.47874511742591863
0.0001,1174.0,1.784181101799011,0.47874066495895384
0.0001,1175.0,1.7841798400878903,0.47873623061180126
0.0001,1176.0,1.7841785888671873,0.4787317905426026
0.0001,1177.0,1.7841773357391355,0.4787273769378662
0.0001,1178.0,1.7841761083602905,0.4787229571342468
0.0001,1179.0,1.784174894332886,0.47871857404708856
0.0001,1180.0,1.784173631668091,0.47871419858932496
0.0001,1181.0,1.784172407150269,0.4787098355293274
0.0001,1182.0,1.7841711912155154,0.4787054715156555
0.0001,1183.0,1.7841700077056883,0.47870114374160766
0.0001,1184.0,1.7841687822341918,0.4786968381404877
0.0001,1185.0,1.78416756439209,0.478692506313324
0.0001,1186.0,1.7841663532257077,0.478688244342804
0.0001,1187.0,1.7841651763916015,0.4786839621067047
0.0001,1188.0,1.7841640071868896,0.4786796875
0.0001,1189.0,1.7841628236770632,0.47867544198036194
0.0001,1190.0,1.784161629676819,0.478671201467514
0.0001,1191.0,1.7841604404449465,0.4786669752597809
0.0001,1192.0,1.7841593084335337,0.47866275358200067
0.0001,1193.0,1.784158146858215,0.47865857458114636
0.0001,1194.0,1.784156947135925,0.4786544013023376
0.0001,1195.0,1.784155819892883,0.4786502017974854
0.0001,1196.0,1.7841546993255615,0.4786460759639739
0.0001,1197.0,1.7841535425186155,0.478641952753067
0.0001,1198.0,1.7841523752212518,0.47863780260086053
0.0001,1199.0,1.7841512622833262,0.4786336977481841
0.0001,1200.0,1.7841501340866088,0.4786295948028564
0.0001,1201.0,1.784148992538452,0.4786255395412445
0.0001,1202.0,1.7841478805541995,0.4786214518547058
0.0001,1203.0,1.784146787643433,0.4786174015998841
0.0001,1204.0,1.7841456871032715,0.4786133558750152
0.0001,1205.0,1.784144555091858,0.4786093180179596
0.0001,1206.0,1.7841434755325325,0.4786053047180176
0.0001,1207.0,1.7841424074172978,0.4786013202667237
0.0001,1208.0,1.7841412773132324,0.47859731864929195
0.0001,1209.0,1.7841401996612543,0.47859333777427676
0.0001,1210.0,1.784139142990112,0.47858937072753904
0.0001,1211.0,1.7841380290985107,0.4785854108333588
0.0001,1212.0,1.7841369705200196,0.47858148407936096
0.0001,1213.0,1.784135948181152,0.47857754111289974
0.0001,1214.0,1.784134840011596,0.4785736546516418
0.0001,1215.0,1.784133793830871,0.47856972122192387
0.0001,1216.0,1.7841327724456784,0.4785658400058746
0.0001,1217.0,1.7841316614151004,0.47856197929382327
0.0001,1218.0,1.7841306610107421,0.47855812048912055
0.0001,1219.0,1.7841296386718755,0.47855425024032594
0.0001,1220.0,1.7841285600662231,0.47855042791366575
0.0001,1221.0,1.784127550125122,0.47854658937454225
0.0001,1222.0,1.7841265087127687,0.47854277801513667
0.0001,1223.0,1.7841254978179937,0.47853898239135745
0.0001,1224.0,1.7841244945526125,0.4785351903438568
0.0001,1225.0,1.7841234550476073,0.47853142976760865
0.0001,1226.0,1.7841224842071535,0.4785276448726653
0.0001,1227.0,1.7841214942932129,0.4785239064693451
0.0001,1228.0,1.784120455741883,0.47852014350891114
0.0001,1229.0,1.784119487762451,0.47851641082763674
0.0001,1230.0,1.784118460655212,0.4785127139091491
0.0001,1231.0,1.7841175031661987,0.4785089945793152
0.0001,1232.0,1.7841165113449098,0.47850531411170966
0.0001,1233.0,1.7841155271530147,0.4785016212463379
0.0001,1234.0,1.7841145963668819,0.47849797224998475
0.0001,1235.0,1.7841135673522948,0.4784942889213562
0.0001,1236.0,1.7841126461029058,0.4784906504154206
0.0001,1237.0,1.78411164855957,0.4784870190620423
0.0001,1238.0,1.7841107158660885,0.47848340272903445
0.0001,1239.0,1.7841097507476813,0.4784797897338867
0.0001,1240.0,1.7841087923049925,0.4784761922359466
0.0001,1241.0,1.784107887268067,0.4784725892543792
0.0001,1242.0,1.7841069154739382,0.47846900606155396
0.0001,1243.0,1.7841059999465942,0.47846546912193294
0.0001,1244.0,1.7841050233840945,0.47846189522743227
0.0001,1245.0,1.7841041269302371,0.4784583611488343
0.0001,1246.0,1.7841031723022462,0.478454840183258
0.0001,1247.0,1.7841023101806648,0.4784513356685638
0.0001,1248.0,1.7841013545989994,0.4784478147029877
0.0001,1249.0,1.784100450515747,0.47844432210922244
0.0001,1250.0,1.7840995321273805,0.47844085097312933
0.0001,1251.0,1.7840986442565914,0.47843735885620114
0.0001,1252.0,1.784097721099853,0.47843390846252437
0.0001,1253.0,1.7840968322753903,0.4784304676055908
0.0001,1254.0,1.7840959444046025,0.4784270286560059
0.0001,1255.0,1.7840950536727902,0.4784235990047455
0.0001,1256.0,1.7840941658020018,0.47842016744613647
0.0001,1257.0,1.7840932798385627,0.4784167764186861
0.0001,1258.0,1.7840924081802363,0.478413366317749
0.0001,1259.0,1.7840915527343753,0.478409996509552
0.0001,1260.0,1.7840906381607053,0.4784066100120545
0.0001,1261.0,1.7840897932052606,0.47840325522422794
0.0001,1262.0,1.7840889062881469,0.4783999040126801
0.0001,1263.0,1.7840880842208862,0.47839658021926884
0.0001,1264.0,1.7840871906280518,0.47839325308799746
0.0001,1265.0,1.784086391448975,0.47838992285728454
0.0001,1266.0,1.7840855064392092,0.47838660407066347
0.0001,1267.0,1.7840846986770629,0.478383333683014
0.0001,1268.0,1.7840838203430178,0.4783800337314606
0.0001,1269.0,1.7840830059051513,0.4783767676353454
0.0001,1270.0,1.784082158088684,0.47837350630760184
0.0001,1271.0,1.7840813341140744,0.4783702292442322
0.0001,1272.0,1.7840805177688601,0.478366998910904
0.0001,1273.0,1.7840796508789054,0.47836376190185537
0.0001,1274.0,1.7840788669586187,0.4783605229854584
0.0001,1275.0,1.7840780315399172,0.4783573060035705
0.0001,1276.0,1.7840772361755368,0.47835408639907834
0.0001,1277.0,1.7840764083862306,0.47835087180137636
0.0001,1278.0,1.7840755815505984,0.47834770822525025
0.0001,1279.0,1.784074819564819,0.4783445239067078
0.0001,1280.0,1.7840739784240722,0.47834132909774785
0.0001,1281.0,1.7840732307434084,0.4783381862640381
0.0001,1282.0,1.7840724201202391,0.4783350450992584
0.0001,1283.0,1.7840716323852541,0.478331878900528
0.0001,1284.0,1.7840708475112916,0.4783287281990052
0.0001,1285.0,1.7840700416564952,0.47832565116882325
0.0001,1286.0,1.784069302558899,0.4783225426673889
0.0001,1287.0,1.7840684928894044,0.4783194198608399
0.0001,1288.0,1.7840677156448363,0.47831633210182184
0.0001,1289.0,1.7840669660568238,0.4783132536411285
0.0001,1290.0,1.7840661792755121,0.47831021118164063
0.0001,1291.0,1.7840654411315926,0.47830713415145876
0.0001,1292.0,1.7840646839141847,0.47830407762527466
0.0001,1293.0,1.7840638999938967,0.47830105257034305
0.0001,1294.0,1.784063192367554,0.47829800820350643
0.0001,1295.0,1.7840624008178712,0.47829498100280765
0.0001,1296.0,1.7840616331100458,0.47829197335243223
0.0001,1297.0,1.7840609464645385,0.478288980960846
0.0001,1298.0,1.7840601873397819,0.4782859456539154
0.0001,1299.0,1.7840594291687009,0.4782829937934875
0.0001,1300.0,1.7840587263107297,0.4782800316810608
0.0001,1301.0,1.7840579643249512,0.4782770612239837
0.0001,1302.0,1.7840572185516357,0.47827410149574284
0.0001,1303.0,1.7840565338134764,0.4782711653709412
0.0001,1304.0,1.7840557937622072,0.47826820349693294
0.0001,1305.0,1.7840550804138184,0.47826527786254897
0.0001,1306.0,1.7840543909072877,0.4782623753547669
0.0001,1307.0,1.784053661346435,0.4782594678401947
0.0001,1308.0,1.7840529212951663,0.4782565553188323
0.0001,1309.0,1.7840522594451906,0.47825367498397825
0.0001,1310.0,1.784051537513733,0.4782508027553559
0.0001,1311.0,1.784050795555115,0.4782479135990142
0.0001,1312.0,1.7840501403808595,0.47824505805969236
0.0001,1313.0,1.784049444198608,0.4782421910762787
0.0001,1314.0,1.784048726081848,0.47823937273025513
0.0001,1315.0,1.7840480556488039,0.47823651289939884
0.0001,1316.0,1.7840473775863643,0.47823369407653804
0.0001,1317.0,1.7840466651916502,0.47823085761070244
0.0001,1318.0,1.7840459766387942,0.47822802734375
0.0001,1319.0,1.7840453300476078,0.47822524237632746
0.0001,1320.0,1.7840446519851694,0.47822242927551273
0.0001,1321.0,1.784043960571289,0.4782196385860443
0.0001,1322.0,1.784043298721313,0.47821687078475966
0.0001,1323.0,1.7840426492691044,0.47821408843994145
0.0001,1324.0,1.7840419740676876,0.4782112996578216
0.0001,1325.0,1.7840412845611577,0.4782085707187653
0.0001,1326.0,1.7840406522750853,0.4782058181762695
0.0001,1327.0,1.784040014266968,0.47820308279991147
0.0001,1328.0,1.7840393400192265,0.47820035028457647
0.0001,1329.0,1.7840386724472044,0.47819763946533206
0.0001,1330.0,1.7840380477905275,0.4781949388980867
0.0001,1331.0,1.7840374221801758,0.478192265033722
0.0001,1332.0,1.7840367603301994,0.47818954849243167
0.0001,1333.0,1.7840361175537103,0.4781868495941162
0.0001,1334.0,1.7840354814529416,0.4781841735839844
0.0001,1335.0,1.7840348720550534,0.478181524515152
0.0001,1336.0,1.7840342378616334,0.47817884683609013
0.0001,1337.0,1.784033584594727,0.4781762197017669
0.0001,1338.0,1.7840329637527466,0.4781735742092133
0.0001,1339.0,1.78403235244751,0.4781709237098694
0.0001,1340.0,1.78403172492981,0.47816831016540534
0.0001,1341.0,1.7840310964584352,0.4781656892299653
0.0001,1342.0,1.7840304651260372,0.4781630651950836
0.0001,1343.0,1.784029874801636,0.478160480260849
0.0001,1344.0,1.7840292873382568,0.4781578936576843
0.0001,1345.0,1.7840286693573002,0.47815529394149775
0.0001,1346.0,1.78402804851532,0.4781527237892151
0.0001,1347.0,1.7840274362564092,0.4781501348018647
0.0001,1348.0,1.7840268478393555,0.4781475605964661
0.0001,1349.0,1.7840262603759771,0.4781450347900391
0.0001,1350.0,1.7840256767272948,0.4781424908638001
0.0001,1351.0,1.7840250778198241,0.47813995003700255
0.0001,1352.0,1.7840244560241703,0.4781374280452728
0.0001,1353.0,1.7840238714218137,0.4781348929405212
0.0001,1354.0,1.7840233001708983,0.47813240075111385
0.0001,1355.0,1.7840227279663081,0.4781298787593842
0.0001,1356.0,1.7840221538543701,0.4781273803710938
0.0001,1357.0,1.7840215797424317,0.4781248857975007
0.0001,1358.0,1.7840209674835208,0.47812239623069763
0.0001,1359.0,1.7840203952789306,0.47811989951133727
0.0001,1360.0,1.784019853591919,0.47811744308471676
0.0001,1361.0,1.7840192909240722,0.478114974975586
0.0001,1362.0,1.784018720626831,0.47811253166198736
0.0001,1363.0,1.784018148422241,0.478110092163086
0.0001,1364.0,1.7840175743103024,0.4781076357364655
0.0001,1365.0,1.7840169887542727,0.4781052262783051
0.0001,1366.0,1.784016460418701,0.47810279440879827
0.0001,1367.0,1.7840159168243406,0.4781004023551941
0.0001,1368.0,1.7840153770446783,0.47809796857833864
0.0001,1369.0,1.784014826774597,0.478095566034317
0.0001,1370.0,1.7840142679214477,0.47809317970275883
0.0001,1371.0,1.7840137233734124,0.47809081315994256
0.0001,1372.0,1.7840131664276129,0.4780884327888489
0.0001,1373.0,1.7840126256942754,0.4780860536098481
0.0001,1374.0,1.7840120944976803,0.4780836868286133
0.0001,1375.0,1.7840115728378294,0.4780813121795655
0.0001,1376.0,1.7840110549926755,0.4780789566040039
0.0001,1377.0,1.7840105199813836,0.4780766160488129
0.0001,1378.0,1.7840099706649777,0.4780742819309235
0.0001,1379.0,1.7840094337463381,0.47807194662094127
0.0001,1380.0,1.7840089082717896,0.4780696141719818
0.0001,1381.0,1.7840083780288698,0.4780672934055327
0.0001,1382.0,1.784007864952087,0.47806500101089483
0.0001,1383.0,1.7840073471069333,0.4780626871585846
0.0001,1384.0,1.7840068302154544,0.4780603904724121
0.0001,1385.0,1.7840063238143928,0.47805807900428776
0.0001,1386.0,1.7840058193206798,0.4780558338165283
0.0001,1387.0,1.7840053148269648,0.4780535352230072
0.0001,1388.0,1.7840047950744622,0.47805126714706425
0.0001,1389.0,1.7840042943954475,0.4780490186214447
0.0001,1390.0,1.7840037908554083,0.47804675292968757
0.0001,1391.0,1.7840032815933233,0.47804451727867137
0.0001,1392.0,1.7840027647018437,0.47804226517677306
0.0001,1393.0,1.7840022525787351,0.47804002213478086
0.0001,1394.0,1.7840017776489259,0.4780377862453461
0.0001,1395.0,1.7840012874603264,0.47803556632995614
0.0001,1396.0,1.7840007896423338,0.4780333499908448
0.0001,1397.0,1.7840003032684322,0.4780311243534088
0.0001,1398.0,1.783999836921692,0.47802892136573794
0.0001,1399.0,1.7839993553161615,0.47802673530578615
0.0001,1400.0,1.783998874664307,0.4780245423316956
0.0001,1401.0,1.7839983882904051,0.4780223863124847
0.0001,1402.0,1.7839979228973388,0.4780201725959778
0.0001,1403.0,1.7839974241256715,0.4780180244445801
0.0001,1404.0,1.7839969711303716,0.4780158672332763
0.0001,1405.0,1.7839964790344236,0.4780137057304382
0.0001,1406.0,1.7839960145950318,0.4780115656852722
0.0001,1407.0,1.7839955253601074,0.47800940513610846
0.0001,1408.0,1.7839950647354124,0.47800727295875556
0.0001,1409.0,1.783994585037232,0.47800514626502993
0.0001,1410.0,1.783994129180908,0.4780030174255371
0.0001,1411.0,1.7839936676025387,0.478000883102417
0.0001,1412.0,1.7839931812286376,0.47799879479408264
0.0001,1413.0,1.7839927349090576,0.47799664688110355
0.0001,1414.0,1.7839922742843628,0.47799457335472095
0.0001,1415.0,1.7839918308258051,0.47799247145652773
0.0001,1416.0,1.7839913663864138,0.4779903852939606
0.0001,1417.0,1.7839909210205078,0.47798829650878905
0.0001,1418.0,1.7839904804229731,0.4779862198829651
0.0001,1419.0,1.7839900417327885,0.477984158039093
0.0001,1420.0,1.78398960018158,0.4779821162223816
0.0001,1421.0,1.7839891262054444,0.47798005270957944
0.0001,1422.0,1.7839886875152586,0.4779779875278473
0.0001,1423.0,1.7839882669448852,0.4779759600162506
0.0001,1424.0,1.7839878168106085,0.4779739203453064
0.0001,1425.0,1.7839873933792119,0.4779718759059906
0.0001,1426.0,1.7839869499206542,0.47796985387802127
0.0001,1427.0,1.7839865236282344,0.4779678380489349
0.0001,1428.0,1.7839860963821403,0.4779658255577088
0.0001,1429.0,1.7839856758117674,0.47796382141113286
0.0001,1430.0,1.7839852199554442,0.4779617991447448
0.0001,1431.0,1.7839848194122312,0.4779598155021668
0.0001,1432.0,1.7839844064712522,0.47795782995224007
0.0001,1433.0,1.7839839630126952,0.4779558396339416
0.0001,1434.0,1.783983542442322,0.47795386838912973
0.0001,1435.0,1.783983147621154,0.4779518988132477
0.0001,1436.0,1.7839827280044553,0.47794991469383247
0.0001,1437.0,1.7839823102951053,0.4779479734897613
0.0001,1438.0,1.7839819126129148,0.4779460070133209
0.0001,1439.0,1.7839815034866326,0.4779440684318542
0.0001,1440.0,1.783981092453004,0.47794210648536684
0.0001,1441.0,1.7839806766510014,0.4779401814937591
0.0001,1442.0,1.7839802875518798,0.4779382514953614
0.0001,1443.0,1.7839798736572265,0.47793632364273075
0.0001,1444.0,1.7839794387817387,0.4779344172477722
0.0001,1445.0,1.7839790525436399,0.4779325139522552
0.0001,1446.0,1.7839786529541017,0.47793058919906617
0.0001,1447.0,1.7839782476425172,0.4779286828041076
0.0001,1448.0,1.7839778451919557,0.47792677640914927
0.0001,1449.0,1.7839774532318113,0.47792489862442017
0.0001,1450.0,1.783977059364319,0.47792301559448247
0.0001,1451.0,1.7839766674041755,0.4779211313724518
0.0001,1452.0,1.783976270675659,0.47791924095153815
0.0001,1453.0,1.7839758853912355,0.47791738915443427
0.0001,1454.0,1.783975506782532,0.47791554045677187
0.0001,1455.0,1.7839751443862915,0.4779136567115784
0.0001,1456.0,1.783974750518799,0.4779118115901947
0.0001,1457.0,1.7839743795394893,0.47790995621681215
0.0001,1458.0,1.7839740047454842,0.4779081301689149
0.0001,1459.0,1.7839736185073853,0.47790628004074087
0.0001,1460.0,1.7839732131958008,0.4779044604301453
0.0001,1461.0,1.7839728374481207,0.47790265250206
0.0001,1462.0,1.7839724788665776,0.4779008164405823
0.0001,1463.0,1.7839721078872677,0.4778990073204041
0.0001,1464.0,1.7839717149734495,0.4778971827030182
0.0001,1465.0,1.783971349716186,0.4778953738212585
0.0001,1466.0,1.7839709882736206,0.477893577337265
0.0001,1467.0,1.783970636367798,0.47789178228378293
0.0001,1468.0,1.7839702787399292,0.4778900034427642
0.0001,1469.0,1.7839699153900146,0.4778882241249085
0.0001,1470.0,1.783969516754151,0.4778864312171936
0.0001,1471.0,1.7839691858291629,0.47788467192649836
0.0001,1472.0,1.783968801498413,0.4778828949928283
0.0001,1473.0,1.7839684677124026,0.47788114142417903
0.0001,1474.0,1.7839680881500244,0.47787937760353094
0.0001,1475.0,1.7839677391052247,0.47787762069702144
0.0001,1476.0,1.783967412948608,0.47787588143348697
0.0001,1477.0,1.7839670591354369,0.4778741397857666
0.0001,1478.0,1.7839666852951053,0.4778723969459534
0.0001,1479.0,1.783966335296631,0.4778706727027893
0.0001,1480.0,1.7839659881591796,0.4778689498901367
0.0001,1481.0,1.783965652465821,0.47786722230911255
0.0001,1482.0,1.7839652814865115,0.47786552095413204
0.0001,1483.0,1.7839649496078493,0.47786377763748167
0.0001,1484.0,1.7839646301269538,0.4778620810508728
0.0001,1485.0,1.78396428489685,0.4778603672981262
0.0001,1486.0,1.7839639244079588,0.4778586883544921
0.0001,1487.0,1.7839636077880858,0.4778569948673248
0.0001,1488.0,1.7839632625579835,0.47785528993606563
0.0001,1489.0,1.7839629039764406,0.47785360145568845
0.0001,1490.0,1.783962592124939,0.47785191369056707
0.0001,1491.0,1.7839622669219972,0.47785026407241826
0.0001,1492.0,1.7839619379043583,0.47784856224060057
0.0001,1493.0,1.7839615840911864,0.47784692215919494
0.0001,1494.0,1.7839612684249877,0.4778452413082123
0.0001,1495.0,1.7839609336853028,0.47784360146522525
0.0001,1496.0,1.7839606113433837,0.4778419494628906
0.0001,1497.0,1.7839603118896485,0.4778403067588807
0.0001,1498.0,1.783959994316101,0.47783866715431217
0.0001,1499.0,1.7839596452713011,0.47783700728416445
0.0001,1500.0,1.7839593124389646,0.47783540391921997
0.0001,1501.0,1.783959020614624,0.47783377695083623
0.0001,1502.0,1.7839586706161494,0.4778321416378022
0.0001,1503.0,1.783958372116089,0.4778305335044861
0.0001,1504.0,1.7839580783843991,0.47782892036437985
0.0001,1505.0,1.7839577255249024,0.4778273329734802
0.0001,1506.0,1.7839574403762821,0.47782570981979366
0.0001,1507.0,1.78395712184906,0.4778241305351257
0.0001,1508.0,1.783956806182862,0.4778225212097168
0.0001,1509.0,1.7839565162658686,0.47782093644142154
0.0001,1510.0,1.7839561967849733,0.4778193545341492
0.0001,1511.0,1.783955883026123,0.47781777191162106
0.0001,1512.0,1.783955570220947,0.4778162021636964
0.0001,1513.0,1.783955278396606,0.47781461548805243
0.0001,1514.0,1.7839549808502198,0.47781305885314934
0.0001,1515.0,1.7839546966552737,0.4778114986419677
0.0001,1516.0,1.783954359054566,0.47780993890762324
0.0001,1517.0,1.7839540710449222,0.47780839014053345
0.0001,1518.0,1.7839537572860718,0.477806848526001
0.0001,1519.0,1.7839534873962402,0.4778053240776063
0.0001,1520.0,1.7839532032012944,0.47780377221107484
0.0001,1521.0,1.7839528808593752,0.47780222082138063
0.0001,1522.0,1.7839525852203368,0.47780070853233336
0.0001,1523.0,1.7839523067474368,0.4777991883754731
0.0001,1524.0,1.7839520454406737,0.47779768896102903
0.0001,1525.0,1.7839517116546633,0.477796145915985
0.0001,1526.0,1.7839514389038087,0.4777946546077728
0.0001,1527.0,1.7839511480331423,0.4777931387424469
0.0001,1528.0,1.7839508705139158,0.4777916333675385
0.0001,1529.0,1.783950613021851,0.4777901339530945
0.0001,1530.0,1.783950290679932,0.4777886502742768
0.0001,1531.0,1.7839500169754028,0.4777871420383453
0.0001,1532.0,1.783949717521667,0.47778565216064456
0.0001,1533.0,1.7839494743347162,0.4777841718196869
0.0001,1534.0,1.7839491653442388,0.47778269147872926
0.0001,1535.0,1.7839488964080812,0.47778123307228093
0.0001,1536.0,1.7839486246109006,0.47777976584434506
0.0001,1537.0,1.78394834804535,0.4777783050537109
0.0001,1538.0,1.783948087692261,0.477776841878891
0.0001,1539.0,1.7839477987289438,0.477775378704071
0.0001,1540.0,1.7839475116729744,0.4777739369869232
0.0001,1541.0,1.7839472484588628,0.4777724859714508
0.0001,1542.0,1.7839469985961907,0.47777107095718385
0.0001,1543.0,1.783946699142457,0.47776958632469174
0.0001,1544.0,1.7839464321136482,0.47776817488670353
0.0001,1545.0,1.7839461803436272,0.47776675415039066
0.0001,1546.0,1.783945929527283,0.47776531243324283
0.0001,1547.0,1.7839456214904783,0.47776388931274416
0.0001,1548.0,1.7839453887939454,0.4777624914646149
0.0001,1549.0,1.7839451217651365,0.4777610678672791
0.0001,1550.0,1.7839448747634892,0.47775963377952585
0.0001,1551.0,1.7839445848464963,0.4777582297325135
0.0001,1552.0,1.7839443492889406,0.47775684571266186
0.0001,1553.0,1.783944086074829,0.4777554171085357
0.0001,1554.0,1.7839438323974612,0.47775403165817254
0.0001,1555.0,1.7839435606002807,0.47775264525413513
0.0001,1556.0,1.7839433078765865,0.47775127077102664
0.0001,1557.0,1.7839430675506591,0.4777498669624328
0.0001,1558.0,1.783942783355713,0.47774848008155824
0.0001,1559.0,1.7839425306320194,0.47774710488319405
0.0001,1560.0,1.783942281723022,0.47774573373794554
0.0001,1561.0,1.783942058563232,0.47774436020851135
0.0001,1562.0,1.7839417791366576,0.47774299430847167
0.0001,1563.0,1.7839415512084955,0.4777416269779206
0.0001,1564.0,1.7839413080215456,0.477740257024765
0.0001,1565.0,1.7839410562515254,0.4777388954162598
0.0001,1566.0,1.783940795898438,0.47773754835128784
0.0001,1567.0,1.7839405517578124,0.4777361948490142
0.0001,1568.0,1.7839403247833254,0.4777348380088806
0.0001,1569.0,1.7839400634765628,0.4777334942817687
0.0001,1570.0,1.783939833641052,0.47773216438293464
0.0001,1571.0,1.7839396095275875,0.47773084092140206
0.0001,1572.0,1.7839393434524535,0.4777294888496399
0.0001,1573.0,1.7839391193389893,0.47772817659378064
0.0001,1574.0,1.783938861846924,0.4777268519401551
0.0001,1575.0,1.7839386663436891,0.4777255265712738
0.0001,1576.0,1.7839384031295775,0.4777242262363434
0.0001,1577.0,1.7839381904602052,0.4777229056358338
0.0001,1578.0,1.7839379539489744,0.47772159194946295
0.0001,1579.0,1.7839377002716061,0.47772029638290403
0.0001,1580.0,1.783937489509583,0.47771899819374086
0.0001,1581.0,1.7839372577667234,0.47771768712997437
0.0001,1582.0,1.7839369935989378,0.4777164053916931
0.0001,1583.0,1.7839367866516112,0.477715129852295
0.0001,1584.0,1.7839365577697759,0.47771382141113283
0.0001,1585.0,1.7839363174438476,0.4777125551700593
0.0001,1586.0,1.783936117172241,0.4777112734317779
0.0001,1587.0,1.7839358730316164,0.477709995508194
0.0001,1588.0,1.7839356584548949,0.4777087252140045
0.0001,1589.0,1.7839354276657098,0.47770747208595277
0.0001,1590.0,1.7839351978301998,0.47770621109008793
0.0001,1591.0,1.7839349927902226,0.47770494222640997
0.0001,1592.0,1.7839347648620603,0.4777036900520325
0.0001,1593.0,1.7839345312118526,0.47770242857933043
0.0001,1594.0,1.7839343366622922,0.47770118355751034
0.0001,1595.0,1.78393409538269,0.4776999320983886
0.0001,1596.0,1.7839338846206663,0.4776986982822418
0.0001,1597.0,1.7839336853027343,0.47769745612144465
0.0001,1598.0,1.7839334478378297,0.4776961951255798
0.0001,1599.0,1.7839332294464112,0.47769498991966247
0.0001,1600.0,1.7839330396652215,0.4776937463283539
0.0001,1601.0,1.783932819366455,0.4776925332546234
0.0001,1602.0,1.7839325962066652,0.47769131469726556
0.0001,1603.0,1.7839323959350584,0.4776901037693023
0.0001,1604.0,1.7839321870803837,0.4776888673305511
0.0001,1605.0,1.783931962966919,0.47768768930435174
0.0001,1606.0,1.7839317598342894,0.47768647027015687
0.0001,1607.0,1.7839315547943113,0.47768527245521547
0.0001,1608.0,1.783931363105774,0.47768405318260193
0.0001,1609.0,1.7839311256408688,0.47768284249305726
0.0001,1610.0,1.7839309463500974,0.4776816482543946
0.0001,1611.0,1.7839307336807249,0.47768046784400947
0.0001,1612.0,1.7839305162429813,0.4776792855262757
0.0001,1613.0,1.7839303359985355,0.47767812490463263
0.0001,1614.0,1.7839301395416256,0.4776769242286683
0.0001,1615.0,1.78392989730835,0.4776757578849793
0.0001,1616.0,1.783929741859436,0.47767458581924443
0.0001,1617.0,1.783929520606995,0.4776734106540681
0.0001,1618.0,1.7839293117523196,0.47767224097251887
0.0001,1619.0,1.7839291114807132,0.47767107725143443
0.0001,1620.0,1.7839289226531982,0.47766992163658145
0.0001,1621.0,1.7839287376403818,0.47766875624656674
0.0001,1622.0,1.7839285469055177,0.47766760659217833
0.0001,1623.0,1.783928303718567,0.47766645860672
0.0001,1624.0,1.783928135871887,0.47766532564163205
0.0001,1625.0,1.78392795085907,0.47766417837142955
0.0001,1626.0,1.783927730560303,0.4776630229949951
0.0001,1627.0,1.7839275455474852,0.4776618666648865
0.0001,1628.0,1.7839273576736452,0.4776607546806336
0.0001,1629.0,1.7839271831512449,0.4776596052646637
0.0001,1630.0,1.7839269981384274,0.4776584906578064
0.0001,1631.0,1.783926794052124,0.4776573805809022
0.0001,1632.0,1.7839266242980953,0.47765623903274534
0.0001,1633.0,1.783926451683044,0.477655134677887
0.0001,1634.0,1.7839262371063234,0.4776540257930756
0.0001,1635.0,1.7839260530471799,0.4776529030799866
0.0001,1636.0,1.7839258317947393,0.4776517906188964
0.0001,1637.0,1.7839256877899166,0.47765068483352663
0.0001,1638.0,1.7839255094528206,0.47764957833290095
0.0001,1639.0,1.7839253244400028,0.4776484608650207
0.0001,1640.0,1.783925126075745,0.4776473729610443
0.0001,1641.0,1.7839249372482302,0.4776462860107422
0.0001,1642.0,1.78392477607727,0.477645185470581
0.0001,1643.0,1.7839245996475224,0.4776440825462341
0.0001,1644.0,1.7839244165420536,0.4776430113315582
0.0001,1645.0,1.7839242229461671,0.47764192223548896
0.0001,1646.0,1.7839240417480469,0.4776408615112305
0.0001,1647.0,1.7839238815307616,0.47763975930213926
0.0001,1648.0,1.7839236993789669,0.47763867044448854
0.0001,1649.0,1.7839235277175909,0.47763760137557987
0.0001,1650.0,1.7839233360290523,0.4776365389823915
0.0001,1651.0,1.7839231433868408,0.47763547921180727
0.0001,1652.0,1.7839230089187614,0.4776344072818757
0.0001,1653.0,1.7839228439331056,0.47763335061073303
0.0001,1654.0,1.78392264175415,0.47763228631019594
0.0001,1655.0,1.7839225091934199,0.47763122725486756
0.0001,1656.0,1.7839222898483276,0.47763016271591197
0.0001,1657.0,1.78392216873169,0.47762911057472235
0.0001,1658.0,1.7839219741821293,0.47762808632850645
0.0001,1659.0,1.783921820640564,0.47762703537940987
0.0001,1660.0,1.7839216547012329,0.4776260008811951
0.0001,1661.0,1.7839214572906492,0.47762496709823615
0.0001,1662.0,1.7839212970733644,0.4776239321231842
0.0001,1663.0,1.783921109199524,0.47762288069725034
0.0001,1664.0,1.7839209632873538,0.47762185883522035
0.0001,1665.0,1.783920828819275,0.477620840549469
0.0001,1666.0,1.7839206485748293,0.4776198115348816
0.0001,1667.0,1.7839204978942873,0.477618778705597
0.0001,1668.0,1.7839203014373775,0.4776177673339843
0.0001,1669.0,1.7839201431274412,0.47761674714088437
0.0001,1670.0,1.7839199762344362,0.477615736246109
0.0001,1671.0,1.7839198379516605,0.4776147570610047
0.0001,1672.0,1.783919664382934,0.47761372995376594
0.0001,1673.0,1.7839195127487182,0.4776127276420593
0.0001,1674.0,1.783919351577759,0.477611722946167
0.0001,1675.0,1.7839191913604737,0.47761074447631824
0.0001,1676.0,1.7839190368652347,0.4776097414493561
0.0001,1677.0,1.783918864250183,0.4776087384223939
0.0001,1678.0,1.7839187145233157,0.4776077597141266
0.0001,1679.0,1.783918528556824,0.47760677742958074
0.0001,1680.0,1.7839184179306034,0.4776057872772217
0.0001,1681.0,1.783918239593506,0.4776048104763032
0.0001,1682.0,1.7839180917739872,0.47760382485389713
0.0001,1683.0,1.7839179534912113,0.4776028361320495
0.0001,1684.0,1.7839177865982052,0.4776018719673157
0.0001,1685.0,1.7839176483154298,0.4776008853912354
0.0001,1686.0,1.7839174766540529,0.4775999202728272
0.0001,1687.0,1.7839173278808598,0.4775989763736725
0.0001,1688.0,1.7839171590805054,0.47759801721572875
0.0001,1689.0,1.7839170522689822,0.47759705519676204
0.0001,1690.0,1.7839168586730962,0.47759609246253965
0.0001,1691.0,1.7839167375564575,0.4775951464176178
0.0001,1692.0,1.7839165754318236,0.47759418678283694
0.0001,1693.0,1.7839164543151858,0.477593246459961
0.0001,1694.0,1.7839163036346444,0.47759230041503903
0.0001,1695.0,1.7839161558151244,0.4775913617610931
0.0001,1696.0,1.7839160137176517,0.4775904061794282
0.0001,1697.0,1.7839158515930174,0.4775894720554351
0.0001,1698.0,1.7839157190322878,0.47758852767944326
0.0001,1699.0,1.7839155521392822,0.477587604045868
0.0001,1700.0,1.7839154348373412,0.47758667755126943
0.0001,1701.0,1.7839152774810794,0.4775857377052308
0.0001,1702.0,1.7839151268005378,0.4775848288536071
0.0001,1703.0,1.7839149761199948,0.4775838930606843
0.0001,1704.0,1.7839148616790774,0.47758296775817877
0.0001,1705.0,1.7839146957397463,0.477582044839859
0.0001,1706.0,1.783914587974548,0.4775811553001404
0.0001,1707.0,1.783914405822754,0.47758023881912226
0.0001,1708.0,1.7839143028259274,0.4775793194770813
0.0001,1709.0,1.7839141340255738,0.47757842111587523
0.0001,1710.0,1.7839140233993527,0.47757752251625063
0.0001,1711.0,1.7839138708114624,0.47757661461830136
0.0001,1712.0,1.783913749694824,0.4775757255554199
0.0001,1713.0,1.7839135951995857,0.47757481384277356
0.0001,1714.0,1.7839134807586663,0.47757390809059136
0.0001,1715.0,1.7839133405685428,0.47757303261756895
0.0001,1716.0,1.7839132232666015,0.47757214784622193
0.0001,1717.0,1.7839130821228022,0.47757124853134164
0.0001,1718.0,1.783912940979004,0.47757036924362184
0.0001,1719.0,1.7839127960205081,0.4775694887638092
0.0001,1720.0,1.7839126739501958,0.4775686068534851
0.0001,1721.0,1.7839125518798824,0.4775677180290222
0.0001,1722.0,1.7839124155044555,0.4775668530464173
0.0001,1723.0,1.7839122982025148,0.47756598091125485
0.0001,1724.0,1.7839121570587158,0.4775651185512543
0.0001,1725.0,1.7839120426177981,0.47756426405906677
0.0001,1726.0,1.7839118900299067,0.47756337881088257
0.0001,1727.0,1.7839117679595944,0.4775625252723694
0.0001,1728.0,1.7839116439819331,0.47756165933609007
0.0001,1729.0,1.7839115123748777,0.4775608019828796
0.0001,1730.0,1.783911382675171,0.47755994987487793
0.0001,1731.0,1.7839112434387212,0.4775591027736664
0.0001,1732.0,1.7839111146926874,0.47755824494361865
0.0001,1733.0,1.7839109916687013,0.47755738282203675
0.0001,1734.0,1.78391086101532,0.4775565476417541
0.0001,1735.0,1.7839107370376592,0.4775556979179383
0.0001,1736.0,1.7839106264114373,0.477554860830307
0.0001,1737.0,1.7839104747772214,0.4775540182590485
0.0001,1738.0,1.78391037273407,0.47755316352844235
0.0001,1739.0,1.7839102230072021,0.47755234670639046
0.0001,1740.0,1.7839101276397702,0.4775515043735505
0.0001,1741.0,1.7839099617004395,0.477550663471222
0.0001,1742.0,1.7839098815917969,0.47754984331130984
0.0001,1743.0,1.7839097175598146,0.47754901337623584
0.0001,1744.0,1.7839096488952644,0.4775481810569763
0.0001,1745.0,1.783909488677978,0.477547376871109
0.0001,1746.0,1.783909404754638,0.47754655456542966
0.0001,1747.0,1.783909246444702,0.4775457463264466
0.0001,1748.0,1.783909148216247,0.4775449109077453
0.0001,1749.0,1.7839090290069584,0.4775440905094147
0.0001,1750.0,1.7839089202880862,0.4775433077812194
0.0001,1751.0,1.7839087982177741,0.47754248237609864
0.0001,1752.0,1.783908702850342,0.47754166650772095
0.0001,1753.0,1.7839085617065429,0.4775408532619477
0.0001,1754.0,1.7839084672927852,0.4775400447845459
0.0001,1755.0,1.7839083547592167,0.47753925323486324
0.0001,1756.0,1.7839082250595089,0.477538452386856
0.0001,1757.0,1.7839081115722657,0.47753765821456917
0.0001,1758.0,1.7839079914093021,0.4775368704795838
0.0001,1759.0,1.7839078779220583,0.477536084651947
0.0001,1760.0,1.7839077434539792,0.477535274028778
0.0001,1761.0,1.783907652854919,0.47753447747230526
0.0001,1762.0,1.783907524108887,0.47753371024131785
0.0001,1763.0,1.7839074325561524,0.4775329129695892
0.0001,1764.0,1.783907312393189,0.4775321249961853
0.0001,1765.0,1.783907214164734,0.47753133559226985
0.0001,1766.0,1.783907113075257,0.47753056192398063
0.0001,1767.0,1.783906988143921,0.47752978920936584
0.0001,1768.0,1.7839068927764885,0.4775290145874023
0.0001,1769.0,1.7839067459106446,0.47752823781967163
0.0001,1770.0,1.783906656265259,0.47752748274803164
0.0001,1771.0,1.7839065227508546,0.4775266931056976
0.0001,1772.0,1.783906455993653,0.477525957107544
0.0001,1773.0,1.7839063205719,0.4775251679420472
0.0001,1774.0,1.7839062204360965,0.4775244269371033
0.0001,1775.0,1.7839061002731325,0.47752364110946655
0.0001,1776.0,1.7839060192108152,0.477522863149643
0.0001,1777.0,1.783905905723572,0.4775221400260925
0.0001,1778.0,1.783905797958374,0.4775213809013367
0.0001,1779.0,1.7839057178497308,0.4775206201076508
0.0001,1780.0,1.783905568122864,0.4775198590755462
0.0001,1781.0,1.7839054899215696,0.4775191111564635
0.0001,1782.0,1.7839053611755378,0.47751837396621705
0.0001,1783.0,1.7839052715301515,0.47751764535903934
0.0001,1784.0,1.7839051685333258,0.4775168805122375
0.0001,1785.0,1.7839050893783568,0.47751613807678234
0.0001,1786.0,1.7839049873352049,0.47751540780067436
0.0001,1787.0,1.7839048690795896,0.47751464700698854
0.0001,1788.0,1.7839047851562506,0.4775139138698578
0.0001,1789.0,1.783904635429383,0.4775131890773773
0.0001,1790.0,1.7839045906066888,0.4775124628543853
0.0001,1791.0,1.7839044513702393,0.47751171135902404
0.0001,1792.0,1.7839043664932255,0.47751099038124084
0.0001,1793.0,1.7839042749404912,0.47751025819778437
0.0001,1794.0,1.783904163360596,0.477509527683258
0.0001,1795.0,1.783904085159301,0.4775088002681733
0.0001,1796.0,1.7839039411544797,0.4775081171989441
0.0001,1797.0,1.7839038801193237,0.4775073757171631
0.0001,1798.0,1.7839037628173833,0.4775066735744476
0.0001,1799.0,1.7839036893844604,0.47750593233108524
0.0001,1800.0,1.783903588294983,0.4775052394866943
0.0001,1801.0,1.783903479576111,0.4775045356750488
0.0001,1802.0,1.7839034070968622,0.4775038068294524
0.0001,1803.0,1.7839032840728761,0.4775030899047852
0.0001,1804.0,1.7839031915664676,0.4775024206638335
0.0001,1805.0,1.783903074264526,0.47750169324874875
0.0001,1806.0,1.7839030342102051,0.4775009882450104
0.0001,1807.0,1.7839029293060307,0.47750029802322386
0.0001,1808.0,1.7839027919769288,0.47749959325790403
0.0001,1809.0,1.783902726173401,0.4774989047050476
0.0001,1810.0,1.783902632713318,0.4774981961250304
0.0001,1811.0,1.78390253829956,0.47749751710891725
0.0001,1812.0,1.7839024581909184,0.4774968223571777
0.0001,1813.0,1.783902355194092,0.4774961533546449
0.0001,1814.0,1.7839022846221912,0.47749544501304636
0.0001,1815.0,1.7839021511077882,0.4774947640895844
0.0001,1816.0,1.7839020690917966,0.477494074344635
0.0001,1817.0,1.7839019804000853,0.4774933853149414
0.0001,1818.0,1.78390191936493,0.47749271583557124
0.0001,1819.0,1.783901819229126,0.47749202942848207
0.0001,1820.0,1.7839016723632815,0.4774913601875305
0.0001,1821.0,1.7839016437530508,0.4774906733036042
0.0001,1822.0,1.7839015436172485,0.47749001669883734
0.0001,1823.0,1.7839014539718632,0.4774893629550934
0.0001,1824.0,1.7839013757705686,0.4774886665344238
0.0001,1825.0,1.7839012413024897,0.4774879932403565
0.0001,1826.0,1.78390119934082,0.4774873254299164
0.0001,1827.0,1.7839011068344113,0.47748665428161624
0.0001,1828.0,1.7839010276794436,0.47748598480224613
0.0001,1829.0,1.7839009513854975,0.47748533654212955
0.0001,1830.0,1.783900812149048,0.4774846935272216
0.0001,1831.0,1.7839007854461668,0.47748403978347775
0.0001,1832.0,1.783900670051575,0.47748334121704106
0.0001,1833.0,1.7839005870819094,0.4774826912879943
0.0001,1834.0,1.783900506973267,0.47748204421997065
0.0001,1835.0,1.783900399208069,0.47748140764236446
0.0001,1836.0,1.783900341033936,0.4774807531833649
0.0001,1837.0,1.7839002475738523,0.4774800868034363
0.0001,1838.0,1.7839001598358157,0.47747944688796995
0.0001,1839.0,1.783900102615356,0.47747880935668946
0.0001,1840.0,1.7838999834060671,0.47747816109657293
0.0001,1841.0,1.7838999214172362,0.4774775109291076
0.0001,1842.0,1.7838998355865483,0.47747686815261847
0.0001,1843.0,1.7838997430801393,0.4774762289524079
0.0001,1844.0,1.7838996868133543,0.4774755821228028
0.0001,1845.0,1.7838995809555058,0.4774749429225922
0.0001,1846.0,1.7838995189666753,0.47747430658340456
0.0001,1847.0,1.7838994426727295,0.47747369432449344
0.0001,1848.0,1.7838993167877193,0.4774730515480041
0.0001,1849.0,1.7838993015289297,0.47747242951393126
0.0001,1850.0,1.7838991985321049,0.47747178101539606
0.0001,1851.0,1.783899129867553,0.4774711699485778
0.0001,1852.0,1.7838990421295164,0.47747054505348213
0.0001,1853.0,1.7838989410400385,0.4774699139595032
0.0001,1854.0,1.783898886680603,0.4774692876338959
0.0001,1855.0,1.783898820877075,0.4774686818122864
0.0001,1856.0,1.7838986921310427,0.4774680688381195
0.0001,1857.0,1.78389866065979,0.4774674515724182
0.0001,1858.0,1.7838985595703134,0.4774668297767639
0.0001,1859.0,1.7838984947204595,0.4774662225246429
0.0001,1860.0,1.783898439407349,0.4774655895233155
0.0001,1861.0,1.7838983287811276,0.4774649870395661
0.0001,1862.0,1.7838982572555553,0.4774643688201905
0.0001,1863.0,1.7838982009887694,0.47746379494667057
0.0001,1864.0,1.7838980789184569,0.47746315741538997
0.0001,1865.0,1.783898052215577,0.4774625723361968
0.0001,1866.0,1.7838979635238643,0.4774619731903076
0.0001,1867.0,1.7838978805541994,0.47746136331558225
0.0001,1868.0,1.783897829055786,0.4774607679843903
0.0001,1869.0,1.783897727966308,0.4774601693153381
0.0001,1870.0,1.7838976802825925,0.47745957541465767
0.0001,1871.0,1.7838976192474365,0.4774589841365814
0.0001,1872.0,1.7838975028991695,0.4774583888053894
0.0001,1873.0,1.7838974494934074,0.47745780348777767
0.0001,1874.0,1.783897392272949,0.47745719766616823
0.0001,1875.0,1.7838972816467282,0.4774566321372986
0.0001,1876.0,1.7838972473144525,0.47745602965354905
0.0001,1877.0,1.783897152900696,0.4774554505348205
0.0001,1878.0,1.7838970851898197,0.4774548754692078
0.0001,1879.0,1.7838970432281491,0.4774542803764344
0.0001,1880.0,1.7838969402313236,0.4774537224769592
0.0001,1881.0,1.7838968925476077,0.4774531364440918
0.0001,1882.0,1.7838968353271483,0.4774525465965272
0.0001,1883.0,1.783896722793579,0.4774519710540771
0.0001,1884.0,1.7838966732025143,0.47745141220092774
0.0001,1885.0,1.7838966102600096,0.47745083069801336
0.0001,1886.0,1.7838965158462525,0.47745026826858517
0.0001,1887.0,1.783896475791931,0.47744969964027406
0.0001,1888.0,1.7838964052200317,0.47744912385940547
0.0001,1889.0,1.7838963146209719,0.47744856429100035
0.0001,1890.0,1.7838962717056264,0.4774479861259461
0.0001,1891.0,1.783896197319031,0.4774474070072175
0.0001,1892.0,1.7838960876464847,0.4774468629360199
0.0001,1893.0,1.7838960819244385,0.47744631981849667
0.0001,1894.0,1.783895988464356,0.4774457354545594
0.0001,1895.0,1.7838959093093878,0.4774451880455017
0.0001,1896.0,1.7838958673477174,0.47744463944435117
0.0001,1897.0,1.7838957862854006,0.47744408202171323
0.0001,1898.0,1.7838957147598273,0.4774435229301453
0.0001,1899.0,1.7838956756591802,0.4774429757595062
0.0001,1900.0,1.7838955831527712,0.4774424300193787
0.0001,1901.0,1.7838955240249628,0.47744189214706423
0.0001,1902.0,1.7838954734802246,0.4774413371086121
0.0001,1903.0,1.7838953971862794,0.47744077134132396
0.0001,1904.0,1.7838953399658213,0.4774402482509613
0.0001,1905.0,1.7838952827453611,0.47743970513343814
0.0001,1906.0,1.7838952102661134,0.47743916702270495
0.0001,1907.0,1.78389514541626,0.47743859672546396
0.0001,1908.0,1.7838950939178464,0.4774380624294281
0.0001,1909.0,1.7838950147628791,0.47743755483627326
0.0001,1910.0,1.7838949537277224,0.47743699884414675
0.0001,1911.0,1.783894906997681,0.47743648743629463
0.0001,1912.0,1.7838948230743403,0.47743592834472653
0.0001,1913.0,1.7838947677612305,0.4774354071617126
0.0001,1914.0,1.7838947305679325,0.47743485450744627
0.0001,1915.0,1.7838946313858035,0.47743433141708386
0.0001,1916.0,1.7838945875167846,0.47743380522727974
0.0001,1917.0,1.783894540786743,0.47743327856063844
0.0001,1918.0,1.783894453048706,0.4774327509403229
0.0001,1919.0,1.783894407272339,0.4774322471618653
0.0001,1920.0,1.7838943510055547,0.4774317193031311
0.0001,1921.0,1.7838942699432374,0.4774311738014222
0.0001,1922.0,1.783894218444824,0.4774306714534759
0.0001,1923.0,1.783894170761109,0.4774301414489746
0.0001,1924.0,1.7838940896987918,0.47742963790893556
0.0001,1925.0,1.7838940143585207,0.47742912292480466
0.0001,1926.0,1.7838940019607548,0.4774285969734192
0.0001,1927.0,1.783893922805786,0.477428056716919
0.0001,1928.0,1.7838938331604002,0.47742757940292363
0.0001,1929.0,1.7838938331604004,0.47742706918716427
0.0001,1930.0,1.7838937587738035,0.4774265594482422
0.0001,1931.0,1.783893648147583,0.47742604780197145
0.0001,1932.0,1.7838936328887935,0.4774255411624908
0.0001,1933.0,1.7838935966491702,0.47742502617835997
0.0001,1934.0,1.7838935050964346,0.47742450904846184
0.0001,1935.0,1.7838934555053712,0.47742401075363156
0.0001,1936.0,1.7838934106826778,0.47742348623275754
0.0001,1937.0,1.783893337249756,0.4774230227470398
0.0001,1938.0,1.783893308639526,0.47742251062393193
0.0001,1939.0,1.7838932533264167,0.47742201256752015
0.0001,1940.0,1.7838931779861449,0.47742151451110837
0.0001,1941.0,1.7838931264877314,0.47742100477218624
0.0001,1942.0,1.783893080711365,0.47742052626609804
0.0001,1943.0,1.7838930025100708,0.4774200174808502
0.0001,1944.0,1.7838929405212403,0.477419517993927
0.0001,1945.0,1.7838929204940799,0.4774190249443055
0.0001,1946.0,1.7838928604125974,0.4774185521602631
0.0001,1947.0,1.783892756462097,0.4774180588722229
0.0001,1948.0,1.7838927488327034,0.47741755676269537
0.0001,1949.0,1.7838926916122437,0.4774170854091644
0.0001,1950.0,1.7838926134109496,0.47741659522056573
0.0001,1951.0,1.7838925933837886,0.4774160997867584
0.0001,1952.0,1.7838925447463994,0.47741560959815976
0.0001,1953.0,1.7838924522399904,0.47741513681411746
0.0001,1954.0,1.7838924331665047,0.47741466355323786
0.0001,1955.0,1.7838923826217645,0.4774141821861267
0.0001,1956.0,1.7838922996520998,0.4774136979579926
0.0001,1957.0,1.7838922538757325,0.4774131968021393
0.0001,1958.0,1.7838922090530396,0.4774127519130707
0.0001,1959.0,1.7838921632766727,0.47741228842735295
0.0001,1960.0,1.7838920688629154,0.4774118003845215
0.0001,1961.0,1.783892060279846,0.4774113237857819
0.0001,1962.0,1.783892007827759,0.4774108486175537
0.0001,1963.0,1.7838919219970701,0.477410358428955
0.0001,1964.0,1.783891897201538,0.4774099164009094
0.0001,1965.0,1.7838918571472167,0.4774094388484955
0.0001,1966.0,1.7838917894363404,0.4774089624881745
0.0001,1967.0,1.783891723632812,0.4774085025787354
0.0001,1968.0,1.7838917312622073,0.47740803527832026
0.0001,1969.0,1.7838916664123534,0.477407576084137
0.0001,1970.0,1.7838915662765502,0.47740713715553285
0.0001,1971.0,1.7838915557861326,0.4774066865444184
0.0001,1972.0,1.783891512870789,0.4774061980247497
0.0001,1973.0,1.7838914251327518,0.4774057421684265
0.0001,1974.0,1.7838913822174072,0.4774052979946137
0.0001,1975.0,1.783891374588013,0.4774048428535461
0.0001,1976.0,1.7838913040161135,0.47740437650680545
0.0001,1977.0,1.7838912143707275,0.47740394067764286
0.0001,1978.0,1.783891208648682,0.47740348458290105
0.0001,1979.0,1.7838911657333376,0.47740302872657775
0.0001,1980.0,1.7838910875320435,0.4774025685787201
0.0001,1981.0,1.78389106464386,0.4774021053314209
0.0001,1982.0,1.7838910350799564,0.47740168619155887
0.0001,1983.0,1.7838909702301025,0.4774012258052826
0.0001,1984.0,1.783890877723694,0.47740078568458555
0.0001,1985.0,1.7838908758163454,0.4774003388881683
0.0001,1986.0,1.783890853881836,0.47739990067482
0.0001,1987.0,1.7838907499313355,0.4773994500637055
0.0001,1988.0,1.7838907308578489,0.47739901733398443
0.0001,1989.0,1.7838906955718996,0.4773985595703126
0.0001,1990.0,1.7838906440734867,0.4773981320858002
0.0001,1991.0,1.78389056968689,0.4773976805210114
0.0001,1992.0,1.783890546798706,0.47739726448059094
0.0001,1993.0,1.7838905162811276,0.4773968312740326
0.0001,1994.0,1.7838904600143437,0.4773963944911957
0.0001,1995.0,1.783890392303467,0.47739596176147464
0.0001,1996.0,1.7838903989791868,0.4773955059051514
0.0001,1997.0,1.7838903493881224,0.4773950898647309
0.0001,1998.0,1.7838902521133426,0.47739465737342834
0.0001,1999.0,1.783890234947205,0.47739424085617066
0.0001,2000.0,1.7838901958465574,0.4773937814235688
0.0001,2001.0,1.7838901481628422,0.47739337944984434
0.0001,2002.0,1.7838900661468504,0.47739295768737794
0.0001,2003.0,1.7838900766372687,0.4773925452232361
0.0001,2004.0,1.783890039443969,0.47739209890365597
0.0001,2005.0,1.783889959335327,0.4773916985988617
0.0001,2006.0,1.7838899154663086,0.477391262292862
0.0001,2007.0,1.78388991355896,0.47739084434509277
0.0001,2008.0,1.783889840126037,0.4773904209136963
0.0001,2009.0,1.7838897686004638,0.477390016078949
0.0001,2010.0,1.7838897647857672,0.4773895678520203
0.0001,2011.0,1.7838897228240966,0.4773891544342041
0.0001,2012.0,1.7838896770477297,0.4773887438774109
0.0001,2013.0,1.7838896074295045,0.4773883166313172
0.0001,2014.0,1.783889602661133,0.47738792657852175
0.0001,2015.0,1.7838895702362068,0.4773874964714051
0.0001,2016.0,1.7838894958496099,0.47738709998130796
0.0001,2017.0,1.783889453887939,0.4773867018222809
0.0001,2018.0,1.7838894348144536,0.4773862824440003
0.0001,2019.0,1.783889405250549,0.4773858647346496
0.0001,2020.0,1.7838893213272093,0.4773854670524598
0.0001,2021.0,1.7838893108367917,0.4773850674629211
0.0001,2022.0,1.7838892688751213,0.477384642124176
0.0001,2023.0,1.7838892421722414,0.4773842525482178
0.0001,2024.0,1.783889143943787,0.47738385224342345
0.0001,2025.0,1.7838891439437863,0.47738343763351443
0.0001,2026.0,1.7838891115188602,0.47738302850723274
0.0001,2027.0,1.7838890562057497,0.4773826386928558
0.0001,2028.0,1.7838889865875243,0.47738224267959595
0.0001,2029.0,1.7838889942169185,0.47738183808326723
0.0001,2030.0,1.783888965606689,0.4773814339637757
0.0001,2031.0,1.783888894081116,0.47738104104995727
0.0001,2032.0,1.7838888435363771,0.47738064813613884
0.0001,2033.0,1.7838888339996335,0.47738026213645934
0.0001,2034.0,1.783888801574707,0.4773798632621765
0.0001,2035.0,1.7838887462615969,0.4773794684410096
0.0001,2036.0,1.7838886899948116,0.4773790740966796
0.0001,2037.0,1.7838886852264406,0.4773786926269531
0.0001,2038.0,1.7838886442184454,0.47737828397750853
0.0001,2039.0,1.7838885841369627,0.47737789559364324
0.0001,2040.0,1.7838885250091552,0.47737750792503364
0.0001,2041.0,1.7838885383605965,0.47737711715698244
0.0001,2042.0,1.783888505935669,0.47737675309181204
0.0001,2043.0,1.7838884239196777,0.4773763597011566
0.0001,2044.0,1.7838883838653563,0.4773759710788727
0.0001,2045.0,1.7838883953094482,0.4773755819797515
0.0001,2046.0,1.7838883514404296,0.47737520551681517
0.0001,2047.0,1.7838882894515986,0.4773748245239257
0.0001,2048.0,1.7838882408142096,0.47737445044517524
0.0001,2049.0,1.7838882322311405,0.47737405920028686
0.0001,2050.0,1.7838882074356082,0.477373676776886
0.0001,2051.0,1.7838881473541266,0.4773732905387879
0.0001,2052.0,1.7838880815505984,0.477372909784317
0.0001,2053.0,1.7838880939483643,0.47737255430221565
0.0001,2054.0,1.7838880605697633,0.4773721714019775
0.0001,2055.0,1.783887989997864,0.47737180352211
0.0001,2056.0,1.7838879404067987,0.4773714337348937
0.0001,2057.0,1.7838879556655889,0.477371042728424
0.0001,2058.0,1.7838879413604736,0.47737070131301884
0.0001,2059.0,1.7838878498077386,0.4773703303337097
0.0001,2060.0,1.7838878011703496,0.4773699417114258
0.0001,2061.0,1.7838878040313713,0.4773695867061614
0.0001,2062.0,1.7838877696990967,0.4773692173957825
0.0001,2063.0,1.7838877086639402,0.4773688659667969
0.0001,2064.0,1.783887662887573,0.47736846923828125
0.0001,2065.0,1.7838876562118526,0.47736811995506284
0.0001,2066.0,1.7838876352310185,0.47736775398254405
0.0001,2067.0,1.7838875808715822,0.4773673758506775
0.0001,2068.0,1.7838875169754032,0.4773670330047607
0.0001,2069.0,1.7838875265121459,0.47736665749549867
0.0001,2070.0,1.7838875007629393,0.4773662965297699
0.0001,2071.0,1.783887442588806,0.47736593842506403
0.0001,2072.0,1.7838873958587647,0.47736559152603153
0.0001,2073.0,1.7838873691558839,0.4773652377128601
0.0001,2074.0,1.783887382507324,0.4773648912906646
0.0001,2075.0,1.7838873443603516,0.477364543914795
0.0001,2076.0,1.7838872814178464,0.4773641848564148
0.0001,2077.0,1.7838872318267822,0.47736381959915164
0.0001,2078.0,1.7838872299194335,0.477363473892212
0.0001,2079.0,1.7838871974945072,0.47736310386657727
0.0001,2080.0,1.7838871450424196,0.4773627586364746
0.0001,2081.0,1.7838870944976806,0.47736241769790644
0.0001,2082.0,1.7838871030807495,0.47736203598976135
0.0001,2083.0,1.783887100219727,0.47736170411109924
0.0001,2084.0,1.783887027740479,0.4773613591194153
0.0001,2085.0,1.7838869590759283,0.4773610227108001
0.0001,2086.0,1.7838869886398312,0.4773606793880462
0.0001,2087.0,1.7838869609832766,0.4773603167533875
0.0001,2088.0,1.7838869056701654,0.477360000371933
0.0001,2089.0,1.7838868598937991,0.47735963821411137
0.0001,2090.0,1.7838868274688713,0.47735927557945246
0.0001,2091.0,1.7838868370056156,0.47735894608497614
0.0001,2092.0,1.7838868064880375,0.47735863542556767
0.0001,2093.0,1.7838867321014402,0.4773582749366761
0.0001,2094.0,1.7838866882324216,0.4773579602241516
0.0001,2095.0,1.7838866901397703,0.47735760331153876
0.0001,2096.0,1.7838866863250729,0.47735726523399347
0.0001,2097.0,1.783886633872986,0.4773569340705872
0.0001,2098.0,1.7838865795135497,0.4773565936088562
0.0001,2099.0,1.7838865652084352,0.47735626077651977
0.0001,2100.0,1.7838865652084355,0.47735592794418324
0.0001,2101.0,1.7838865251541138,0.4773555891513825
0.0001,2102.0,1.7838864727020267,0.47735525465011597
0.0001,2103.0,1.7838864059448247,0.4773549423217774
0.0001,2104.0,1.7838864250183113,0.47735459375381467
0.0001,2105.0,1.7838864097595217,0.4773542695045471
0.0001,2106.0,1.7838863639831541,0.47735395002365116
0.0001,2107.0,1.7838862991333009,0.47735361695289613
0.0001,2108.0,1.7838863105773919,0.4773532807826997
0.0001,2109.0,1.7838863096237183,0.47735295677185063
0.0001,2110.0,1.7838862628936765,0.47735262465476985
0.0001,2111.0,1.7838862152099606,0.4773523030281068
0.0001,2112.0,1.783886150360108,0.4773519802093506
0.0001,2113.0,1.7838861637115484,0.4773516507148743
0.0001,2114.0,1.78388615322113,0.47735133981704714
0.0001,2115.0,1.7838861074447632,0.4773510050773621
0.0001,2116.0,1.7838860492706294,0.47735070753097536
0.0001,2117.0,1.7838860206604004,0.4773503668308258
0.0001,2118.0,1.7838860263824465,0.47735005593299873
0.0001,2119.0,1.783885988235473,0.47734974312782286
0.0001,2120.0,1.783885959625244,0.47734942460060126
0.0001,2121.0,1.7838858985900878,0.47734911155700693
0.0001,2122.0,1.7838859214782716,0.4773487873077392
0.0001,2123.0,1.7838859090805057,0.47734847211837766
0.0001,2124.0,1.7838858709335321,0.4773481659889222
0.0001,2125.0,1.7838858108520506,0.4773478636741639
0.0001,2126.0,1.7838857669830324,0.4773475155830383
0.0001,2127.0,1.7838857698440558,0.47734724640846254
0.0001,2128.0,1.7838857650756834,0.47734691572189336
0.0001,2129.0,1.7838857488632205,0.47734662199020395
0.0001,2130.0,1.7838856754302974,0.47734629988670346
0.0001,2131.0,1.7838856353759764,0.4773459892272949
0.0001,2132.0,1.7838856658935551,0.47734567451477045
0.0001,2133.0,1.7838856277465827,0.47734538793563835
0.0001,2134.0,1.7838855915069578,0.47734508156776434
0.0001,2135.0,1.7838855342864997,0.4773447647094727
0.0001,2136.0,1.783885524749756,0.4773444695472717
0.0001,2137.0,1.7838855304718029,0.47734416580200195
0.0001,2138.0,1.7838855037689214,0.4773438684940338
0.0001,2139.0,1.7838854598999025,0.47734357428550717
0.0001,2140.0,1.7838854188919064,0.4773432614803314
0.0001,2141.0,1.783885405540467,0.47734295606613175
0.0001,2142.0,1.7838853998184205,0.4773426377773285
0.0001,2143.0,1.7838853797912597,0.47734235429763794
0.0001,2144.0,1.783885301589966,0.47734206366539
0.0001,2145.0,1.7838852920532227,0.47734176492691044
0.0001,2146.0,1.7838852806091312,0.477341471195221
0.0001,2147.0,1.7838852643966674,0.4773411593437195
0.0001,2148.0,1.7838852481842045,0.4773408532142639
0.0001,2149.0,1.783885202407837,0.4773405680656433
0.0001,2150.0,1.783885157585144,0.47734027290344244
0.0001,2151.0,1.7838851547241215,0.4773399882316589
0.0001,2152.0,1.7838851556777962,0.4773396744728089
0.0001,2153.0,1.7838851299285894,0.4773394072055817
0.0001,2154.0,1.783885075569153,0.47733909845352174
0.0001,2155.0,1.7838850259780883,0.47733880782127375
0.0001,2156.0,1.7838850307464598,0.47733850455284116
0.0001,2157.0,1.7838850421905514,0.47733820748329164
0.0001,2158.0,1.7838850078582764,0.4773379037380218
0.0001,2159.0,1.7838849630355842,0.4773376426696778
0.0001,2160.0,1.7838849143981932,0.47733733701705927
0.0001,2161.0,1.78388491821289,0.4773370511531829
0.0001,2162.0,1.7838849153518674,0.4773367764949799
0.0001,2163.0,1.7838848953247064,0.47733647894859316
0.0001,2164.0,1.783884841918946,0.47733618712425246
0.0001,2165.0,1.7838847999572758,0.4773359048366546
0.0001,2166.0,1.7838848123550417,0.47733560895919797
0.0001,2167.0,1.7838848056793222,0.4773353524208069
0.0001,2168.0,1.7838847646713254,0.4773350546360017
0.0001,2169.0,1.783884737014771,0.47733480238914494
0.0001,2170.0,1.7838846874237055,0.47733451414108274
0.0001,2171.0,1.78388466835022,0.4773342339992523
0.0001,2172.0,1.7838846855163573,0.4773339385986329
0.0001,2173.0,1.7838846492767328,0.47733366537094113
0.0001,2174.0,1.7838846254348755,0.4773333878517151
0.0001,2175.0,1.7838845825195309,0.4773331084251404
0.0001,2176.0,1.7838845520019533,0.47733281850814824
0.0001,2177.0,1.7838845653533932,0.4773325383663177
0.0001,2178.0,1.7838845424652099,0.4773322777748108
0.0001,2179.0,1.783884526252747,0.47733199930191034
0.0001,2180.0,1.7838844861984253,0.4773317084312439
0.0001,2181.0,1.783884440422058,0.4773314116001129
0.0001,2182.0,1.7838844680786135,0.47733118057250984
0.0001,2183.0,1.7838844470977786,0.47733090639114373
0.0001,2184.0,1.7838844223022463,0.4773306241035462
0.0001,2185.0,1.7838843803405762,0.47733034920692446
0.0001,2186.0,1.7838843250274663,0.4773300836086274
0.0001,2187.0,1.7838843307495127,0.4773298070430756
0.0001,2188.0,1.7838843383789063,0.47732954454422
0.0001,2189.0,1.7838843154907222,0.4773292696475982
0.0001,2190.0,1.7838842792510983,0.4773289985656738
0.0001,2191.0,1.7838842391967777,0.4773287529945374
0.0001,2192.0,1.7838842115402225,0.47732846093177794
0.0001,2193.0,1.7838842391967775,0.4773282110691071
0.0001,2194.0,1.7838842115402225,0.4773279724121094
0.0001,2195.0,1.7838841800689693,0.47732767438888546
0.0001,2196.0,1.7838841381073005,0.4773274137973786
0.0001,2197.0,1.7838841009140023,0.4773271555900573
0.0001,2198.0,1.7838841114044186,0.4773268892765045
0.0001,2199.0,1.7838841123580933,0.47732661223411554
0.0001,2200.0,1.7838841009140018,0.47732638335227967
0.0001,2201.0,1.78388404083252,0.47732610487937926
0.0001,2202.0,1.7838840103149411,0.47732584047317506
0.0001,2203.0,1.7838840084075929,0.477325565814972
0.0001,2204.0,1.7838840007781986,0.47732532668113703
0.0001,2205.0,1.7838839826583868,0.47732507324218754
0.0001,2206.0,1.7838839693069455,0.4773248119354248
0.0001,2207.0,1.7838839187622073,0.477324542760849
0.0001,2208.0,1.783883884429931,0.47732428026199347
0.0001,2209.0,1.7838838710784917,0.4773240225315094
0.0001,2210.0,1.783883891105651,0.4773237645626069
0.0001,2211.0,1.783883867263793,0.47732353997230537
0.0001,2212.0,1.7838838520050044,0.47732327818870546
0.0001,2213.0,1.7838838119506832,0.47732301163673396
0.0001,2214.0,1.7838837776184084,0.4773227708339692
0.0001,2215.0,1.7838837890625003,0.47732250738143917
0.0001,2216.0,1.7838837909698486,0.47732225203514095
0.0001,2217.0,1.78388376235962,0.47732202124595646
0.0001,2218.0,1.783883709907532,0.47732175850868225
0.0001,2219.0,1.7838836784362786,0.47732151031494147
0.0001,2220.0,1.7838836679458614,0.4773212552070618
0.0001,2221.0,1.7838836879730224,0.4773210034370422
0.0001,2222.0,1.7838836841583254,0.4773207612037659
0.0001,2223.0,1.7838836441040042,0.47732050490379335
0.0001,2224.0,1.7838836040496826,0.4773202590942382
0.0001,2225.0,1.7838835582733155,0.4773200376033783
0.0001,2226.0,1.7838835611343378,0.47731977057456976
0.0001,2227.0,1.7838835802078248,0.47731953287124634
0.0001,2228.0,1.7838835678100582,0.4773192803859711
0.0001,2229.0,1.7838835239410398,0.4773190534114838
0.0001,2230.0,1.7838834743499756,0.47731880211830147
0.0001,2231.0,1.7838834438323972,0.477318547964096
0.0001,2232.0,1.783883479118347,0.47731830596923824
0.0001,2233.0,1.783883474349976,0.47731804513931275
0.0001,2234.0,1.7838834524154665,0.47731780672073376
0.0001,2235.0,1.7838834161758426,0.47731757974624633
0.0001,2236.0,1.7838833818435669,0.4773173577785492
0.0001,2237.0,1.7838833627700807,0.47731711816787714
0.0001,2238.0,1.7838833770751963,0.4773168656826019
0.0001,2239.0,1.7838833885192866,0.4773166313171387
0.0001,2240.0,1.7838833503723142,0.4773163888454438
0.0001,2241.0,1.7838833131790157,0.4773161520957946
0.0001,2242.0,1.7838832921981806,0.4773159086704255
0.0001,2243.0,1.7838832426071165,0.47731569457054135
0.0001,2244.0,1.7838832597732535,0.4773154597282409
0.0001,2245.0,1.7838832597732546,0.47731521248817443
0.0001,2246.0,1.7838832483291627,0.47731496381759636
0.0001,2247.0,1.7838831920623777,0.47731472992897034
0.0001,2248.0,1.7838831701278686,0.47731449174880985
0.0001,2249.0,1.7838831596374511,0.47731428551673893
0.0001,2250.0,1.7838831663131713,0.4773140482902527
0.0001,2251.0,1.7838831777572628,0.47731381273269646
0.0001,2252.0,1.7838831405639646,0.477313583612442
0.0001,2253.0,1.7838831043243415,0.47731333947181703
0.0001,2254.0,1.7838830795288092,0.4773131084442138
0.0001,2255.0,1.783883053779602,0.47731286764144903
0.0001,2256.0,1.783883062362671,0.4773126509189606
0.0001,2257.0,1.783883069038391,0.47731240701675415
0.0001,2258.0,1.7838830490112298,0.47731219696998595
0.0001,2259.0,1.783883008003235,0.47731197690963745
0.0001,2260.0,1.7838829870223996,0.4773117313385009
0.0001,2261.0,1.7838829441070563,0.47731150197982797
0.0001,2262.0,1.7838829612731932,0.4773112788200379
0.0001,2263.0,1.783882992744446,0.4773110480308532
0.0001,2264.0,1.7838829498291013,0.47731082344055176
0.0001,2265.0,1.7838829345703129,0.47731060743331905
0.0001,2266.0,1.7838828945159908,0.47731037735939025
0.0001,2267.0,1.7838828516006464,0.47731014966964724
0.0001,2268.0,1.7838828668594362,0.47730990457534783
0.0001,2269.0,1.7838828716278072,0.4773096966743469
0.0001,2270.0,1.7838828659057624,0.47730947542190555
0.0001,2271.0,1.7838828468322758,0.47730925035476685
0.0001,2272.0,1.7838827991485597,0.4773090233802796
0.0001,2273.0,1.7838827800750738,0.4773088304996491
0.0001,2274.0,1.7838827476501462,0.47730858802795406
0.0001,2275.0,1.7838827762603762,0.4773083574771881
0.0001,2276.0,1.7838827686309817,0.47730815649032593
0.0001,2277.0,1.7838827724456792,0.4773079314231872
0.0001,2278.0,1.7838827018737786,0.47730771112442016
0.0001,2279.0,1.7838826885223396,0.47730747747421265
0.0001,2280.0,1.7838826503753662,0.47730727744102475
0.0001,2281.0,1.7838826770782468,0.4773070600032807
0.0001,2282.0,1.7838826789855953,0.47730684065818785
0.0001,2283.0,1.783882669448852,0.47730660295486455
0.0001,2284.0,1.7838826694488519,0.47730640244483946
0.0001,2285.0,1.7838826150894167,0.47730618882179265
0.0001,2286.0,1.7838825855255127,0.4773059613704681
0.0001,2287.0,1.7838825559616092,0.477305780172348
0.0001,2288.0,1.7838825778961187,0.47730556058883666
0.0001,2289.0,1.7838825874328617,0.4773053226470948
0.0001,2290.0,1.7838825836181642,0.4773051238059998
0.0001,2291.0,1.7838825416564945,0.47730491495132443
0.0001,2292.0,1.783882511138916,0.47730468535423276
0.0001,2293.0,1.7838824815750127,0.47730449247360235
0.0001,2294.0,1.7838824644088747,0.47730429244041445
0.0001,2295.0,1.7838824863433844,0.4773040564060211
0.0001,2296.0,1.7838824825286865,0.47730386304855354
0.0001,2297.0,1.7838824777603142,0.4773036675453187
0.0001,2298.0,1.7838824176788328,0.4773034536838531
0.0001,2299.0,1.783882398605347,0.4773032357692718
0.0001,2300.0,1.783882383346558,0.4773030302524568
0.0001,2301.0,1.7838824062347411,0.47730282187461853
0.0001,2302.0,1.7838824243545528,0.477302610874176
0.0001,2303.0,1.7838824024200435,0.47730241918563854
0.0001,2304.0,1.7838823671340944,0.4773022227287293
0.0001,2305.0,1.7838823356628422,0.4773020057678222
0.0001,2306.0,1.7838823251724245,0.47730180931091315
0.0001,2307.0,1.7838822917938237,0.4773016095161438
0.0001,2308.0,1.7838823127746586,0.4773013796806335
0.0001,2309.0,1.7838823051452632,0.4773012030124664
0.0001,2310.0,1.7838823013305662,0.47730098104476937
0.0001,2311.0,1.7838822889327999,0.4773007888793945
0.0001,2312.0,1.7838822498321536,0.4773005948066712
0.0001,2313.0,1.7838822183609007,0.4773003935813903
0.0001,2314.0,1.7838821983337398,0.47730018973350524
0.0001,2315.0,1.7838822202682498,0.4773000025749206
0.0001,2316.0,1.7838822383880615,0.4772997870445252
0.0001,2317.0,1.7838822164535526,0.47729957771301273
0.0001,2318.0,1.7838821878433226,0.47729938101768493
0.0001,2319.0,1.7838821516036987,0.4772992036342621
0.0001,2320.0,1.7838821268081668,0.4772990019321442
0.0001,2321.0,1.7838821048736577,0.47729879021644595
0.0001,2322.0,1.7838821353912349,0.4772986197471618
0.0001,2323.0,1.7838821315765376,0.47729840612411495
0.0001,2324.0,1.7838821144104,0.4772982199192048
0.0001,2325.0,1.7838820972442624,0.4772980136871338
0.0001,2326.0,1.7838820858001712,0.47729782080650324
0.0001,2327.0,1.7838820381164548,0.47729763793945307
0.0001,2328.0,1.7838820304870606,0.4772974472045898
0.0001,2329.0,1.7838820323944096,0.47729723882675174
0.0001,2330.0,1.7838820657730101,0.4772970597743988
0.0001,2331.0,1.7838820390701295,0.47729688477516174
0.0001,2332.0,1.7838820171356204,0.47729668259620667
0.0001,2333.0,1.7838819999694826,0.47729650497436527
0.0001,2334.0,1.7838819570541382,0.4772962951660157
0.0001,2335.0,1.7838819398880008,0.4772961106300355
0.0001,2336.0,1.7838819541931146,0.4772959265708924
0.0001,2337.0,1.7838819761276234,0.47729572105407714
0.0001,2338.0,1.7838819522857665,0.47729552865028385
0.0001,2339.0,1.7838819503784182,0.4772953391075135
0.0001,2340.0,1.7838819160461425,0.47729515790939325
0.0001,2341.0,1.7838818769454956,0.4772949585914613
0.0001,2342.0,1.783881861686707,0.4772947783470154
0.0001,2343.0,1.7838818569183352,0.47729460716247557
0.0001,2344.0,1.78388188457489,0.4772944064140319
0.0001,2345.0,1.7838818778991694,0.4772942237854004
0.0001,2346.0,1.7838818798065184,0.4772940466403961
0.0001,2347.0,1.7838818340301517,0.4772938446998596
0.0001,2348.0,1.783881810188294,0.4772936878204345
0.0001,2349.0,1.7838817958831794,0.47729349660873416
0.0001,2350.0,1.7838817739486694,0.477293308019638
0.0001,2351.0,1.7838818073272709,0.477293133020401
0.0001,2352.0,1.7838818140029913,0.477292930841446
0.0001,2353.0,1.7838817911148068,0.4772927513122559
0.0001,2354.0,1.7838817720413205,0.47729257750511184
0.0001,2355.0,1.783881743431091,0.47729239845275884
0.0001,2356.0,1.783881721496582,0.477292227268219
0.0001,2357.0,1.7838816890716553,0.4772920343875885
0.0001,2358.0,1.7838817100524902,0.47729186415672303
0.0001,2359.0,1.7838817195892331,0.4772916791439056
0.0001,2360.0,1.7838817195892338,0.4772915167808533
0.0001,2361.0,1.7838817071914679,0.47729133200645446
0.0001,2362.0,1.7838816795349128,0.4772911245822907
0.0001,2363.0,1.783881645202637,0.4772909722328186
0.0001,2364.0,1.7838816184997557,0.47729079580307
0.0001,2365.0,1.7838816127777104,0.47729063177108766
0.0001,2366.0,1.7838816280364986,0.47729044866561887
0.0001,2367.0,1.7838816356658942,0.47729026460647583
0.0001,2368.0,1.783881644248962,0.47729008817672736
0.0001,2369.0,1.7838816204071044,0.4772899041175842
0.0001,2370.0,1.7838815984725953,0.47728975510597227
0.0001,2371.0,1.7838815765380862,0.477289567708969
0.0001,2372.0,1.7838815383911133,0.47728937864303594
0.0001,2373.0,1.7838815460205077,0.47728924036025994
0.0001,2374.0,1.7838815698623662,0.47728903937339784
0.0001,2375.0,1.7838815717697145,0.47728887963294986
0.0001,2376.0,1.7838815555572516,0.4772886996269226
0.0001,2377.0,1.7838815317153929,0.47728852081298834
0.0001,2378.0,1.783881512641906,0.4772883532047272
0.0001,2379.0,1.7838814811706538,0.47728819870948797
0.0001,2380.0,1.7838814611434937,0.47728799772262565
0.0001,2381.0,1.783881441116333,0.4772878377437591
0.0001,2382.0,1.783881479263306,0.47728765892982483
0.0001,2383.0,1.783881482124328,0.47728751182556156
0.0001,2384.0,1.7838814725875856,0.47728733444213867
0.0001,2385.0,1.7838814601898199,0.4772871570587158
0.0001,2386.0,1.783881423950195,0.4772869853973388
0.0001,2387.0,1.7838814086914063,0.4772868330478669
0.0001,2388.0,1.783881398200989,0.4772866559028625
0.0001,2389.0,1.7838813877105715,0.4772865107059479
0.0001,2390.0,1.7838814029693608,0.47728633451461794
0.0001,2391.0,1.7838814086914059,0.477286180973053
0.0001,2392.0,1.7838813915252687,0.477286015033722
0.0001,2393.0,1.7838814020156857,0.47728581428527833
0.0001,2394.0,1.783881350517273,0.47728567171096803
0.0001,2395.0,1.7838813400268554,0.47728549551963806
0.0001,2396.0,1.7838813095092771,0.47728534102439885
0.0001,2397.0,1.7838812980651855,0.47728516149520883
0.0001,2398.0,1.7838813333511352,0.4772850136756897
0.0001,2399.0,1.7838813476562496,0.47728482985496523
0.0001,2400.0,1.7838813095092774,0.4772846732139588
0.0001,2401.0,1.7838813228607173,0.47728451395034793
0.0001,2402.0,1.7838812932968142,0.4772843441963196
0.0001,2403.0,1.7838812780380253,0.4772841894626617
0.0001,2404.0,1.783881256103516,0.477284004688263
0.0001,2405.0,1.7838812332153324,0.4772838597297668
0.0001,2406.0,1.7838812608718868,0.47728370070457454
0.0001,2407.0,1.7838812704086304,0.47728351974487304
0.0001,2408.0,1.7838812685012817,0.47728337883949273
0.0001,2409.0,1.7838812484741216,0.47728320479393005
0.0001,2410.0,1.7838812294006352,0.4772830367088318
0.0001,2411.0,1.7838812055587765,0.47728287506103517
0.0001,2412.0,1.783881180763245,0.47728273916244507
0.0001,2413.0,1.7838811578750609,0.4772825627326965
0.0001,2414.0,1.7838811702728268,0.47728241133689886
0.0001,2415.0,1.783881177902221,0.47728222680091864
0.0001,2416.0,1.7838811721801753,0.4772820837497711
0.0001,2417.0,1.7838811588287353,0.4772819066047668
0.0001,2418.0,1.7838811540603636,0.47728175759315494
0.0001,2419.0,1.7838811445236205,0.4772816052436829
0.0001,2420.0,1.7838811235427854,0.47728144073486334
0.0001,2421.0,1.7838810977935793,0.4772813012599945
0.0001,2422.0,1.7838810997009282,0.4772811450958252
0.0001,2423.0,1.7838811063766475,0.47728099107742317
0.0001,2424.0,1.7838811254501346,0.47728084015846245
0.0001,2425.0,1.7838811178207394,0.4772806820869446
0.0001,2426.0,1.7838811035156255,0.477280515909195
0.0001,2427.0,1.7838811016082767,0.4772803480625153
0.0001,2428.0,1.783881070137024,0.47728022241592416
0.0001,2429.0,1.7838810396194464,0.4772800467014313
0.0001,2430.0,1.7838810167312626,0.477279911518097
0.0001,2431.0,1.7838810338973998,0.4772797722816468
0.0001,2432.0,1.7838810539245604,0.4772795870304108
0.0001,2433.0,1.7838810367584228,0.4772794632911682
0.0001,2434.0,1.7838810443878177,0.4772793009281159
0.0001,2435.0,1.7838810482025147,0.47727915811538707
0.0001,2436.0,1.7838810052871712,0.4772789990901947
0.0001,2437.0,1.7838809947967527,0.4772788281440735
0.0001,2438.0,1.7838809690475457,0.47727870535850525
0.0001,2439.0,1.7838809700012208,0.4772785401344299
0.0001,2440.0,1.7838809375762945,0.47727841019630435
0.0001,2441.0,1.7838809757232668,0.47727824211120606
0.0001,2442.0,1.7838809852600106,0.47727810454368585
0.0001,2443.0,1.7838809623718253,0.47727794814109803
0.0001,2444.0,1.7838809680938712,0.47727780199050907
0.0001,2445.0,1.7838809490203853,0.4772776570320129
0.0001,2446.0,1.7838809127807616,0.4772774965763092
0.0001,2447.0,1.7838809032440182,0.4772773518562317
0.0001,2448.0,1.7838808803558346,0.4772772078514098
0.0001,2449.0,1.7838809013366705,0.477277055978775
0.0001,2450.0,1.7838809127807624,0.4772769124507904
0.0001,2451.0,1.7838809213638298,0.4772767565250397
0.0001,2452.0,1.7838809223175047,0.47727663469314574
0.0001,2453.0,1.783880893707275,0.47727648305892945
0.0001,2454.0,1.7838808879852293,0.4772763118743896
0.0001,2455.0,1.7838808631896976,0.4772761826515198
0.0001,2456.0,1.783880831718445,0.4772760329246521
0.0001,2457.0,1.783880811691284,0.477275894165039
0.0001,2458.0,1.7838808174133303,0.4772757432460785
0.0001,2459.0,1.783880840301514,0.4772756042480468
0.0001,2460.0,1.7838808498382568,0.4772754628658295
0.0001,2461.0,1.7838808317184445,0.47727532052993765
0.0001,2462.0,1.7838808355331421,0.4772751712799072
0.0001,2463.0,1.7838808135986333,0.477275018453598
0.0001,2464.0,1.7838808031082154,0.47727490568161
0.0001,2465.0,1.7838807830810546,0.477274736404419
0.0001,2466.0,1.7838807687759395,0.47727462410926824
0.0001,2467.0,1.7838807458877561,0.4772744693756103
0.0001,2468.0,1.783880784988404,0.4772743399143219
0.0001,2469.0,1.7838807926177986,0.4772741932868958
0.0001,2470.0,1.783880784988403,0.47727404570579524
0.0001,2471.0,1.7838807725906365,0.4772738881111145
0.0001,2472.0,1.783880757331848,0.4772737593650819
0.0001,2473.0,1.7838807544708248,0.4772736184597015
0.0001,2474.0,1.7838807182312009,0.47727348542213455
0.0001,2475.0,1.7838807058334352,0.4772733418941497
0.0001,2476.0,1.783880695343018,0.47727320861816397
0.0001,2477.0,1.7838807067871092,0.4772730946540833
0.0001,2478.0,1.7838807220458983,0.47727294111251833
0.0001,2479.0,1.7838807239532468,0.4772727894783021
0.0001,2480.0,1.7838807134628292,0.47727265954017645
0.0001,2481.0,1.783880712509155,0.477272518157959
0.0001,2482.0,1.7838806953430175,0.4772724041938782
0.0001,2483.0,1.7838806762695314,0.4772722587585449
0.0001,2484.0,1.7838806438446044,0.47727212691307064
0.0001,2485.0,1.7838806562423704,0.477272007226944
0.0001,2486.0,1.7838806171417236,0.4772718634605408
0.0001,2487.0,1.7838806409835812,0.4772717280387879
0.0001,2488.0,1.783880663871765,0.47727159881591785
0.0001,2489.0,1.7838806762695312,0.47727142310142523
0.0001,2490.0,1.7838806619644172,0.4772713415622711
0.0001,2491.0,1.783880649566651,0.47727119112014776
0.0001,2492.0,1.7838806219100947,0.47727107191085816
0.0001,2493.0,1.7838806285858155,0.47727093935012815
0.0001,2494.0,1.7838805961608895,0.4772707805633545
0.0001,2495.0,1.7838805799484254,0.477270670413971
0.0001,2496.0,1.783880563735962,0.47727054619789133
0.0001,2497.0,1.78388059425354,0.4772704043388367
0.0001,2498.0,1.7838805885314941,0.47727026534080513
0.0001,2499.0,1.7838806018829345,0.4772701261043549
0.0001,2500.0,1.7838805961608886,0.47726999998092656
0.0001,2501.0,1.7838805913925169,0.4772698647975922
0.0001,2502.0,1.7838805713653563,0.4772697410583497
0.0001,2503.0,1.7838805465698244,0.477269611120224
0.0001,2504.0,1.7838805427551274,0.47726947450637813
0.0001,2505.0,1.7838805294036864,0.4772693533897401
0.0001,2506.0,1.783880514144897,0.4772692112922669
0.0001,2507.0,1.7838805332183834,0.477269091129303
0.0001,2508.0,1.7838805475234987,0.47726897644996646
0.0001,2509.0,1.7838805351257327,0.47726883292198186
0.0001,2510.0,1.7838805484771727,0.47726870894432066
0.0001,2511.0,1.7838805208206172,0.4772685794830322
0.0001,2512.0,1.783880505561828,0.4772684519290924
0.0001,2513.0,1.783880495071411,0.47726833105087285
0.0001,2514.0,1.7838804845809944,0.47726820325851455
0.0001,2515.0,1.7838804569244384,0.4772680563926697
0.0001,2516.0,1.7838804588317876,0.47726792764663706
0.0001,2517.0,1.7838804779052737,0.47726780176162725
0.0001,2518.0,1.7838805007934573,0.47726767396926884
0.0001,2519.0,1.7838804883956918,0.4772675404548645
0.0001,2520.0,1.783880477905274,0.4772674355506897
0.0001,2521.0,1.783880464553833,0.4772673163414001
0.0001,2522.0,1.783880474090576,0.47726717996597284
0.0001,2523.0,1.7838804559707646,0.47726706862449647
0.0001,2524.0,1.783880434036255,0.47726693534851083
0.0001,2525.0,1.7838804149627685,0.4772668089866639
0.0001,2526.0,1.7838804016113279,0.47726671385765074
0.0001,2527.0,1.7838803920745856,0.47726657104492193
0.0001,2528.0,1.7838804206848142,0.4772664642333984
0.0001,2529.0,1.7838804330825808,0.4772663323879242
0.0001,2530.0,1.7838804349899284,0.47726618814468386
0.0001,2531.0,1.7838804216384891,0.47726609826087957
0.0001,2532.0,1.7838804130554196,0.47726597070693977
0.0001,2533.0,1.7838804140090943,0.4772658369541169
0.0001,2534.0,1.7838803730010984,0.477265718460083
0.0001,2535.0,1.783880378723145,0.47726559281349185
0.0001,2536.0,1.7838803634643554,0.47726547193527213
0.0001,2537.0,1.7838803348541261,0.47726535820961
0.0001,2538.0,1.7838803577423095,0.47726523208618166
0.0001,2539.0,1.7838803749084475,0.47726509499549863
0.0001,2540.0,1.7838803882598875,0.4772649731636048
0.0001,2541.0,1.78388038444519,0.47726485085487363
0.0001,2542.0,1.78388037776947,0.4772647423744202
0.0001,2543.0,1.7838803577423088,0.47726462006568904
0.0001,2544.0,1.78388035583496,0.4772645030021668
0.0001,2545.0,1.7838803367614746,0.4772643911838532
0.0001,2546.0,1.7838803262710565,0.477264259338379
0.0001,2547.0,1.7838802938461304,0.47726412558555603
0.0001,2548.0,1.7838802938461302,0.47726402497291565
0.0001,2549.0,1.7838802928924555,0.4772639183998108
0.0001,2550.0,1.7838803367614744,0.47726379418373105
0.0001,2551.0,1.7838803348541261,0.47726367044448853
0.0001,2552.0,1.7838803367614746,0.477263551235199
0.0001,2553.0,1.7838803215026853,0.47726344680786126
0.0001,2554.0,1.783880325317383,0.47726333832740786
0.0001,2555.0,1.7838802957534783,0.4772632069587707
0.0001,2556.0,1.7838802795410156,0.47726308846473703
0.0001,2557.0,1.7838802623748782,0.47726297616958613
0.0001,2558.0,1.783880242347717,0.4772628633975983
0.0001,2559.0,1.783880233764648,0.4772627432346344
0.0001,2560.0,1.7838802404403684,0.4772626385688782
0.0001,2561.0,1.7838802700042724,0.4772625234127044
0.0001,2562.0,1.7838802709579467,0.4772624149322511
0.0001,2563.0,1.7838802785873418,0.4772622988224029
0.0001,2564.0,1.7838802728652958,0.47726219511032103
0.0001,2565.0,1.7838802556991575,0.4772620768547058
0.0001,2566.0,1.7838802433013918,0.47726195764541635
0.0001,2567.0,1.7838802242279057,0.47726183104515085
0.0001,2568.0,1.7838802185058589,0.47726170516014105
0.0001,2569.0,1.7838802165985106,0.4772615990638733
0.0001,2570.0,1.783880184173584,0.47726149201393125
0.0001,2571.0,1.783880208969116,0.47726138854026795
0.0001,2572.0,1.7838802137374878,0.4772612822055816
0.0001,2573.0,1.7838802185058598,0.4772611732482911
0.0001,2574.0,1.7838802433013918,0.47726103162765504
0.0001,2575.0,1.783880215644837,0.47726094603538516
0.0001,2576.0,1.783880228042603,0.47726085066795343
0.0001,2577.0,1.7838801956176757,0.47726070976257334
0.0001,2578.0,1.7838801975250242,0.4772605974674225
0.0001,2579.0,1.7838801708221441,0.47726048278808586
0.0001,2580.0,1.7838801612854003,0.47726040506362916
0.0001,2581.0,1.7838801422119135,0.47726028847694396
0.0001,2582.0,1.7838801374435427,0.4772601923942566
0.0001,2583.0,1.7838801527023316,0.4772600517272949
0.0001,2584.0,1.7838801708221432,0.47725995206832894
0.0001,2585.0,1.7838801708221435,0.47725984978675845
0.0001,2586.0,1.783880167007446,0.47725974416732786
0.0001,2587.0,1.783880170822144,0.4772596249580383
0.0001,2588.0,1.7838801555633546,0.4772595119476319
0.0001,2589.0,1.7838801593780518,0.47725939035415643
0.0001,2590.0,1.7838801536560058,0.4772592871189117
0.0001,2591.0,1.7838801183700566,0.47725918984413146
0.0001,2592.0,1.7838801107406614,0.4772590939998627
0.0001,2593.0,1.7838800973892213,0.4772589874267578
0.0001,2594.0,1.7838800926208498,0.4772588925361633
0.0001,2595.0,1.7838800964355468,0.4772587714195251
0.0001,2596.0,1.783880114555359,0.47725868463516236
0.0001,2597.0,1.7838801374435425,0.4772585737705231
0.0001,2598.0,1.783880128860474,0.4772584614753723
0.0001,2599.0,1.7838800983428957,0.47725834465026856
0.0001,2600.0,1.783880117416382,0.4772582380771637
0.0001,2601.0,1.783880111694336,0.4772581543922425
0.0001,2602.0,1.7838800907135015,0.4772580375671387
0.0001,2603.0,1.7838800773620613,0.47725790953636166
0.0001,2604.0,1.7838800544738767,0.47725782346725465
0.0001,2605.0,1.783880054473877,0.47725773024559015
0.0001,2606.0,1.7838800430297852,0.47725760865211486
0.0001,2607.0,1.7838800611495973,0.4772575058937073
0.0001,2608.0,1.7838800735473632,0.47725741219520573
0.0001,2609.0,1.7838800697326664,0.4772573018074035
0.0001,2610.0,1.78388008594513,0.4772571997642517
0.0001,2611.0,1.783880088806153,0.4772570939064026
0.0001,2612.0,1.7838800754547122,0.47725699758529666
0.0001,2613.0,1.7838800678253177,0.4772569105625153
0.0001,2614.0,1.7838800621032718,0.4772567901611329
0.0001,2615.0,1.7838800344467167,0.47725670218467714
0.0001,2616.0,1.7838800315856933,0.4772565970420838
0.0001,2617.0,1.7838800182342527,0.47725647902488716
0.0001,2618.0,1.7838799982070923,0.477256395816803
0.0001,2619.0,1.7838799991607663,0.4772563078403472
0.0001,2620.0,1.7838800163269037,0.47725619149208065
0.0001,2621.0,1.7838800563812254,0.4772560849189758
0.0001,2622.0,1.783880033493042,0.47725599241256716
0.0001,2623.0,1.7838800382614135,0.4772558817863464
0.0001,2624.0,1.7838800354003914,0.47725579047203065
0.0001,2625.0,1.783880032539368,0.4772556972503661
0.0001,2626.0,1.7838800106048587,0.47725559639930726
0.0001,2627.0,1.7838800077438353,0.4772554950714112
0.0001,2628.0,1.7838800067901612,0.4772553939819335
0.0001,2629.0,1.7838799839019772,0.47725530266761784
0.0001,2630.0,1.7838799686431888,0.4772552127838135
0.0001,2631.0,1.7838799571990969,0.4772551026344299
0.0001,2632.0,1.7838799629211433,0.47725501632690437
0.0001,2633.0,1.7838799629211426,0.47725492811203013
0.0001,2634.0,1.7838799896240238,0.4772548291683196
0.0001,2635.0,1.7838799943923946,0.477254732131958
0.0001,2636.0,1.783879982948303,0.47725462174415584
0.0001,2637.0,1.7838799924850461,0.47725453758239744
0.0001,2638.0,1.7838799905776974,0.4772544157505036
0.0001,2639.0,1.7838799791336055,0.4772543530464172
0.0001,2640.0,1.783879977226257,0.4772542495727539
0.0001,2641.0,1.7838799467086794,0.4772541635036468
0.0001,2642.0,1.7838799304962154,0.47725405335426335
0.0001,2643.0,1.7838799200057984,0.47725393724441534
0.0001,2644.0,1.7838799400329588,0.47725385808944704
0.0001,2645.0,1.783879916191101,0.4772537763118744
0.0001,2646.0,1.7838799228668214,0.4772536602020263
0.0001,2647.0,1.7838799648284922,0.4772535800933838
0.0001,2648.0,1.7838799638748175,0.4772534809112549
0.0001,2649.0,1.7838799533843996,0.4772533717155457
0.0001,2650.0,1.7838799533844,0.4772532866001129
0.0001,2651.0,1.7838799552917475,0.4772531986236572
0.0001,2652.0,1.783879956245423,0.477253114938736
0.0001,2653.0,1.7838799362182618,0.4772530064582825
0.0001,2654.0,1.78387993144989,0.4772529311180115
0.0001,2655.0,1.7838799219131478,0.47725284743309027
0.0001,2656.0,1.7838798980712895,0.4772527468204498
0.0001,2657.0,1.783879888534546,0.4772526473999023
0.0001,2658.0,1.7838798780441283,0.4772525594234466
0.0001,2659.0,1.7838798894882202,0.4772524638175965
0.0001,2660.0,1.783879901885986,0.4772523732185364
0.0001,2661.0,1.7838799209594731,0.47725228643417356
0.0001,2662.0,1.783879926681519,0.4772521958351136
0.0001,2663.0,1.7838799190521242,0.4772521176338196
0.0001,2664.0,1.783879907608032,0.47725202560424806
0.0001,2665.0,1.7838799018859857,0.4772519361972809
0.0001,2666.0,1.7838798923492436,0.4772518367767334
0.0001,2667.0,1.7838798923492434,0.47725174474716187
0.0001,2668.0,1.783879874229432,0.47725164389610286
0.0001,2669.0,1.7838798599243169,0.4772515740394592
0.0001,2670.0,1.7838798599243175,0.47725148415565494
0.0001,2671.0,1.7838798360824581,0.47725139284133905
0.0001,2672.0,1.7838798274993894,0.4772512950897216
0.0001,2673.0,1.7838798465728756,0.4772512192726136
0.0001,2674.0,1.7838798408508298,0.4772511386871338
0.0001,2675.0,1.7838798656463626,0.47725102567672734
0.0001,2676.0,1.7838798856735232,0.47725094223022463
0.0001,2677.0,1.7838798751831053,0.47725086617469786
0.0001,2678.0,1.7838798761367796,0.47725078749656674
0.0001,2679.0,1.7838798618316647,0.4772506942749024
0.0001,2680.0,1.7838798542022702,0.4772506124973297
0.0001,2681.0,1.7838798427581788,0.47725051665306095
0.0001,2682.0,1.78387984085083,0.4772504096031189
0.0001,2683.0,1.7838798227310182,0.47725033545494083
0.0001,2684.0,1.7838798141479493,0.4772502403259278
0.0001,2685.0,1.7838798046112068,0.477250158071518
0.0001,2686.0,1.7838797960281372,0.47725007677078246
0.0001,2687.0,1.7838798084259042,0.47724999046325683
0.0001,2688.0,1.7838798046112057,0.47724990248680116
0.0001,2689.0,1.7838798418045039,0.4772498321533203
0.0001,2690.0,1.7838798465728762,0.4772497363090516
0.0001,2691.0,1.7838798360824581,0.47724965071678166
0.0001,2692.0,1.7838798332214354,0.4772495651245118
0.0001,2693.0,1.7838798446655273,0.47724946808815005
0.0001,2694.0,1.7838798255920407,0.47724938774108894
0.0001,2695.0,1.783879808425903,0.47724931144714355
0.0001,2696.0,1.7838798084259038,0.4772492175102233
0.0001,2697.0,1.783879804611206,0.477249137878418
0.0001,2698.0,1.7838797883987423,0.4772490477561951
0.0001,2699.0,1.7838797798156745,0.47724898314476016
0.0001,2700.0,1.7838797693252566,0.4772488901615143
0.0001,2701.0,1.7838797683715824,0.4772488055229187
0.0001,2702.0,1.7838797779083253,0.4772487218379975
0.0001,2703.0,1.783879782676697,0.47724862289428704
0.0001,2704.0,1.7838797922134404,0.47724855256080634
0.0001,2705.0,1.7838798027038576,0.47724847769737255
0.0001,2706.0,1.7838798036575307,0.47724837303161627
0.0001,2707.0,1.7838798036575314,0.47724831986427313
0.0001,2708.0,1.7838798046112059,0.4772482054233551
0.0001,2709.0,1.7838797826766968,0.4772481331825256
0.0001,2710.0,1.7838797683715824,0.4772480585575104
0.0001,2711.0,1.7838797750473023,0.4772479610443115
0.0001,2712.0,1.783879754066467,0.4772478964328765
0.0001,2713.0,1.783879755020141,0.4772478070259094
0.0001,2714.0,1.783879751205445,0.47724773025512696
0.0001,2715.0,1.7838797454833983,0.4772476634979248
0.0001,2716.0,1.783879734039307,0.4772475700378418
0.0001,2717.0,1.7838797283172605,0.47724749183654785
0.0001,2718.0,1.7838797340393064,0.4772474138736725
0.0001,2719.0,1.7838797645568851,0.47724731874465937
0.0001,2720.0,1.7838797760009768,0.477247251033783
0.0001,2721.0,1.7838797731399538,0.4772471585273743
0.0001,2722.0,1.7838797721862796,0.4772470850944519
0.0001,2723.0,1.783879776000977,0.4772470071315765
0.0001,2724.0,1.7838797597885132,0.4772469120025636
0.0001,2725.0,1.7838797569274902,0.4772468371391297
0.0001,2726.0,1.7838797378540034,0.47724676942825317
0.0001,2727.0,1.7838797330856329,0.47724668931961073
0.0001,2728.0,1.783879705429077,0.4772466149330139
0.0001,2729.0,1.7838797082901008,0.47724653816223145
0.0001,2730.0,1.7838797054290778,0.47724644899368296
0.0001,2731.0,1.7838797035217284,0.4772463660240173
0.0001,2732.0,1.7838796997070314,0.47724629259109497
0.0001,2733.0,1.783879707336426,0.47724619436264043
0.0001,2734.0,1.7838797454833983,0.47724612069129946
0.0001,2735.0,1.7838797340393064,0.4772460649013519
0.0001,2736.0,1.7838797454833983,0.4772459962368012
0.0001,2737.0,1.7838797349929805,0.47724591207504274
0.0001,2738.0,1.7838797597885128,0.47724582695961
0.0001,2739.0,1.7838797330856317,0.4772457389831542
0.0001,2740.0,1.7838797197341918,0.47724567937850954
0.0001,2741.0,1.7838797082901001,0.4772455859184266
0.0001,2742.0,1.7838797035217289,0.4772455134391785
0.0001,2743.0,1.7838796958923333,0.47724543738365177
0.0001,2744.0,1.7838796730041504,0.4772453694343567
0.0001,2745.0,1.7838796710968017,0.47724529266357424
0.0001,2746.0,1.783879676818848,0.477245225429535
0.0001,2747.0,1.7838796596527093,0.4772451441287994
0.0001,2748.0,1.7838796625137325,0.47724506735801697
0.0001,2749.0,1.7838796691894532,0.47724498701095586
0.0001,2750.0,1.7838796968460084,0.4772448976039886
0.0001,2751.0,1.7838797111511226,0.47724483299255366
0.0001,2752.0,1.7838797044754027,0.47724475049972537
0.0001,2753.0,1.7838797149658212,0.47724468469619746
0.0001,2754.0,1.7838797016143797,0.47724462080001834
0.0001,2755.0,1.7838797016143797,0.47724453973770137
0.0001,2756.0,1.7838797025680546,0.4772444710731506
0.0001,2757.0,1.7838796901702882,0.47724440193176265
0.0001,2758.0,1.783879674911499,0.4772443242073059
0.0001,2759.0,1.7838796606063843,0.4772442512512207
0.0001,2760.0,1.7838796691894532,0.47724417352676385
0.0001,2761.0,1.7838796453475954,0.47724411010742185
0.0001,2762.0,1.783879644393921,0.4772440359592437
0.0001,2763.0,1.7838796339035028,0.47724394989013674
0.0001,2764.0,1.783879638671875,0.47724388504028326
0.0001,2765.0,1.7838796463012698,0.47724380898475643
0.0001,2766.0,1.7838796386718752,0.4772437362670898
0.0001,2767.0,1.7838796854019163,0.4772436616420746
0.0001,2768.0,1.7838796796798708,0.47724359679222106
0.0001,2769.0,1.783879688262939,0.4772435116767883
0.0001,2770.0,1.7838796825408931,0.4772434401512146
0.0001,2771.0,1.7838796806335446,0.47724336981773385
0.0001,2772.0,1.7838796806335446,0.47724331450462343
0.0001,2773.0,1.7838796615600578,0.477243227481842
0.0001,2774.0,1.7838796663284302,0.4772431635856629
0.0001,2775.0,1.783879647254944,0.47724309539794924
0.0001,2776.0,1.7838796520233156,0.47724300789833074
0.0001,2777.0,1.7838796310424807,0.4772429444789886
0.0001,2778.0,1.7838796339035032,0.4772428855895996
0.0001,2779.0,1.7838796157836923,0.47724280953407294
0.0001,2780.0,1.7838796062469484,0.47724274802207944
0.0001,2781.0,1.783879608154297,0.4772426662445069
0.0001,2782.0,1.7838796091079714,0.4772425990104676
0.0001,2783.0,1.7838796405792237,0.4772425210475922
0.0001,2784.0,1.7838796482086188,0.47724246072769166
0.0001,2785.0,1.7838796539306645,0.47724240517616273
0.0001,2786.0,1.7838796548843385,0.4772423214912416
0.0001,2787.0,1.7838796539306645,0.4772422618865967
0.0001,2788.0,1.7838796539306647,0.4772421932220458
0.0001,2789.0,1.7838796339035037,0.4772421267032624
0.0001,2790.0,1.7838796520233149,0.47724206209182735
0.0001,2791.0,1.7838796329498294,0.47724199533462525
0.0001,2792.0,1.7838796310424803,0.4772419188022614
0.0001,2793.0,1.7838796224594116,0.47724184656143187
0.0001,2794.0,1.7838796100616459,0.4772417793273926
0.0001,2795.0,1.7838795948028567,0.4772417128086091
0.0001,2796.0,1.7838795976638797,0.4772416310310364
0.0001,2797.0,1.7838795986175542,0.47724158096313474
0.0001,2798.0,1.7838795661926272,0.47724151062965386
0.0001,2799.0,1.7838795814514157,0.4772414364814758
0.0001,2800.0,1.783879579544067,0.47724136686325075
0.0001,2801.0,1.783879585266113,0.4772413210868836
0.0001,2802.0,1.783879625320434,0.4772412474155426
0.0001,2803.0,1.7838796205520628,0.4772411885261536
0.0001,2804.0,1.7838796253204343,0.4772411150932313
0.0001,2805.0,1.7838796234130865,0.4772410490512848
0.0001,2806.0,1.783879619598389,0.47724097990989683
0.0001,2807.0,1.783879606246949,0.477240921497345
0.0001,2808.0,1.7838796081542976,0.47724084424972535
0.0001,2809.0,1.7838796014785774,0.4772407896518708
0.0001,2810.0,1.7838795986175537,0.4772407283782959
0.0001,2811.0,1.7838795843124386,0.4772406601905823
0.0001,2812.0,1.7838795747756961,0.47724060392379763
0.0001,2813.0,1.783879563331604,0.4772405302524568
0.0001,2814.0,1.7838795642852787,0.47724046373367307
0.0001,2815.0,1.7838795652389523,0.47724041414260865
0.0001,2816.0,1.7838795518875115,0.47724032568931574
0.0001,2817.0,1.783879558563232,0.4772402687072754
0.0001,2818.0,1.7838795509338377,0.4772402153015136
0.0001,2819.0,1.783879562377929,0.4772401506900788
0.0001,2820.0,1.7838795804977408,0.4772400815486908
0.0001,2821.0,1.783879603385925,0.47724002790451053
0.0001,2822.0,1.7838795909881588,0.4772399668693543
0.0001,2823.0,1.7838795795440672,0.4772398929595947
0.0001,2824.0,1.7838795948028556,0.4772398493289947
0.0001,2825.0,1.7838795957565303,0.47723976683616637
0.0001,2826.0,1.7838795948028563,0.47723969459533694
0.0001,2827.0,1.7838795814514157,0.4772396430969238
0.0001,2828.0,1.7838795824050906,0.47723958730697635
0.0001,2829.0,1.7838795604705813,0.4772395226955415
0.0001,2830.0,1.783879558563232,0.47723944282531744
0.0001,2831.0,1.7838795604705817,0.4772393717765808
0.0001,2832.0,1.7838795461654666,0.47723934149742137
0.0001,2833.0,1.7838795499801636,0.47723929977416996
0.0001,2834.0,1.7838795347213752,0.47723919510841367
0.0001,2835.0,1.7838795261383067,0.4772391531467438
0.0001,2836.0,1.7838795433044434,0.47723908281326294
0.0001,2837.0,1.783879547119141,0.47723902654647826
0.0001,2838.0,1.7838795433044436,0.47723895096778873
0.0001,2839.0,1.7838795747756961,0.4772388825416565
0.0001,2840.0,1.7838795728683472,0.4772388577461243
0.0001,2841.0,1.7838795928955078,0.4772387633323669
0.0001,2842.0,1.7838795757293695,0.4772387163639068
0.0001,2843.0,1.783879578590393,0.47723867249488827
0.0001,2844.0,1.7838795766830444,0.4772386205196381
0.0001,2845.0,1.7838795566558836,0.4772385420799255
0.0001,2846.0,1.783879566192627,0.47723846030235284
0.0001,2847.0,1.7838795499801638,0.47723840689659125
0.0001,2848.0,1.7838795433044439,0.47723834609985355
0.0001,2849.0,1.7838795442581181,0.477238294839859
0.0001,2850.0,1.7838795385360722,0.4772382283210754
0.0001,2851.0,1.7838795223236086,0.47723816347122194
0.0001,2852.0,1.78387952041626,0.47723811149597173
0.0001,2853.0,1.7838795089721677,0.4772380578517914
0.0001,2854.0,1.7838795080184935,0.4772380166053772
0.0001,2855.0,1.7838794898986816,0.47723793935775755
0.0001,2856.0,1.783879496574402,0.4772378785610199
0.0001,2857.0,1.7838795099258427,0.47723780608177185
0.0001,2858.0,1.783879541397095,0.47723773813247683
0.0001,2859.0,1.7838795394897464,0.4772376921176911
0.0001,2860.0,1.7838795595169066,0.47723765540122987
0.0001,2861.0,1.7838795528411868,0.4772375810146332
0.0001,2862.0,1.783879560470581,0.477237512588501
0.0001,2863.0,1.7838795452117917,0.477237453699112
0.0001,2864.0,1.7838795537948609,0.4772374074459075
0.0001,2865.0,1.783879542350769,0.47723735260963435
0.0001,2866.0,1.7838795394897455,0.47723728609085087
0.0001,2867.0,1.783879528045655,0.4772372183799743
0.0001,2868.0,1.7838795270919803,0.47723716211318973
0.0001,2869.0,1.7838795194625856,0.47723709678649906
0.0001,2870.0,1.7838795118331912,0.4772370398044586
0.0001,2871.0,1.7838795042037963,0.4772369821071625
0.0001,2872.0,1.7838794765472414,0.4772369389533996
0.0001,2873.0,1.7838794898986812,0.47723686170578
0.0001,2874.0,1.7838794746398925,0.47723681664466855
0.0001,2875.0,1.7838794870376593,0.4772367475032807
0.0001,2876.0,1.7838794775009161,0.4772366907596589
0.0001,2877.0,1.7838794946670529,0.47723663854598997
0.0001,2878.0,1.783879508972168,0.4772365841865539
0.0001,2879.0,1.7838795261383054,0.47723651647567755
0.0001,2880.0,1.7838795156478882,0.4772364592552184
0.0001,2881.0,1.7838795270919798,0.47723640227317815
0.0001,2882.0,1.7838795185089111,0.47723634767532347
0.0001,2883.0,1.7838795318603513,0.47723629927635197
0.0001,2884.0,1.783879529953003,0.4772362341880799
0.0001,2885.0,1.7838795318603515,0.4772361769676209
0.0001,2886.0,1.7838795242309564,0.4772361376285553
0.0001,2887.0,1.7838795232772826,0.47723608446121224
0.0001,2888.0,1.7838794927597048,0.47723600006103517
0.0001,2889.0,1.783879494667053,0.47723593163490297
0.0001,2890.0,1.783879487991333,0.477235910654068
0.0001,2891.0,1.7838794736862182,0.47723586130142215
0.0001,2892.0,1.783879479408264,0.47723581123352055
0.0001,2893.0,1.7838794803619387,0.47723572707176204
0.0001,2894.0,1.7838794641494748,0.47723567581176757
0.0001,2895.0,1.7838794536590574,0.47723564386367806
0.0001,2896.0,1.7838794517517091,0.47723560476303095
0.0001,2897.0,1.7838794689178465,0.4772355253696442
0.0001,2898.0,1.783879481315613,0.4772354753017426
0.0001,2899.0,1.7838794784545902,0.47723540258407604
0.0001,2900.0,1.7838795099258424,0.4772353415489196
0.0001,2901.0,1.7838795013427737,0.4772352850437165
0.0001,2902.0,1.7838794984817508,0.47723524689674374
0.0001,2903.0,1.7838795118331918,0.47723520278930665
0.0001,2904.0,1.783879512786866,0.47723514127731315
0.0001,2905.0,1.7838795156478886,0.4772350611686707
0.0001,2906.0,1.7838795061111454,0.47723503470420836
0.0001,2907.0,1.7838795118331912,0.4772349777221679
0.0001,2908.0,1.7838795089721684,0.47723492002487183
0.0001,2909.0,1.7838795003890988,0.47723486757278444
0.0001,2910.0,1.7838794908523554,0.4772348065376283
0.0001,2911.0,1.7838794841766354,0.4772347695827483
0.0001,2912.0,1.7838794708251955,0.47723470640182497
0.0001,2913.0,1.78387946510315,0.47723464608192445
0.0001,2914.0,1.7838794555664066,0.4772345960140228
0.0001,2915.0,1.783879455566406,0.4772345333099364
0.0001,2916.0,1.7838794460296628,0.4772345089912415
0.0001,2917.0,1.7838794441223145,0.4772344396114349
0.0001,2918.0,1.7838794527053827,0.47723439025878905
0.0001,2919.0,1.7838794574737549,0.47723433113098146
0.0001,2920.0,1.7838794584274291,0.4772342569828033
0.0001,2921.0,1.7838794612884517,0.477234233379364
0.0001,2922.0,1.7838794765472414,0.4772341802120209
0.0001,2923.0,1.7838794956207276,0.47723412513732916
0.0001,2924.0,1.7838795013427737,0.47723405098915106
0.0001,2925.0,1.7838795032501222,0.4772340168952942
0.0001,2926.0,1.7838794841766359,0.4772339572906494
0.0001,2927.0,1.783879493713379,0.4772339191436768
0.0001,2928.0,1.7838794975280756,0.4772338695526123
0.0001,2929.0,1.783879480361938,0.47723381233215323
0.0001,2930.0,1.783879483222961,0.4772337548732758
0.0001,2931.0,1.7838794860839844,0.4772336983680724
0.0001,2932.0,1.7838794765472408,0.47723366546630863
0.0001,2933.0,1.7838794727325433,0.47723359322547904
0.0001,2934.0,1.7838794784545902,0.47723355913162235
0.0001,2935.0,1.7838794574737549,0.47723349165916445
0.0001,2936.0,1.7838794393539428,0.4772334499359132
0.0001,2937.0,1.7838794441223145,0.4772334003448486
0.0001,2938.0,1.7838794422149657,0.47723335981369025
0.0001,2939.0,1.783879426956177,0.47723330140113834
0.0001,2940.0,1.7838794183731081,0.4772332363128662
0.0001,2941.0,1.783879441261292,0.477233205318451
0.0001,2942.0,1.783879435539245,0.47723313736915585
0.0001,2943.0,1.7838794450759885,0.47723308730125424
0.0001,2944.0,1.7838794422149655,0.4772330460548401
0.0001,2945.0,1.783879463195801,0.47723299980163575
0.0001,2946.0,1.7838794574737549,0.4772329485416413
0.0001,2947.0,1.7838794784545888,0.47723289704322813
0.0001,2948.0,1.7838794660568236,0.4772328450679779
0.0001,2949.0,1.7838794727325438,0.47723279738426205
0.0001,2950.0,1.7838794898986812,0.4772327480316162
0.0001,2951.0,1.7838794708251944,0.4772326867580414
0.0001,2952.0,1.783879480361938,0.4772326474189758
0.0001,2953.0,1.7838794631958002,0.4772326111793518
0.0001,2954.0,1.783879468917846,0.477232551574707
0.0001,2955.0,1.7838794651031498,0.47723252296447755
0.0001,2956.0,1.7838794574737558,0.47723244833946227
0.0001,2957.0,1.783879467010498,0.4772324223518371
0.0001,2958.0,1.783879444122314,0.47723236227035526
0.0001,2959.0,1.7838794384002683,0.4772323145866394
0.0001,2960.0,1.7838794374465947,0.4772322726249695
0.0001,2961.0,1.783879426956177,0.4772322251796722
0.0001,2962.0,1.7838794174194335,0.47723218727111816
0.0001,2963.0,1.7838794088363652,0.47723213815689086
0.0001,2964.0,1.783879419326782,0.4772321033477783
0.0001,2965.0,1.783879416465759,0.4772320232391357
0.0001,2966.0,1.7838794336318962,0.47723198294639585
0.0001,2967.0,1.7838794136047362,0.4772319264411926
0.0001,2968.0,1.7838794269561766,0.4772318940162659
0.0001,2969.0,1.7838794603347778,0.47723183870315555
0.0001,2970.0,1.7838794488906862,0.4772317867279053
0.0001,2971.0,1.7838794641494748,0.4772317507266997
0.0001,2972.0,1.7838794822692867,0.4772317008972169
0.0001,2973.0,1.7838794708251953,0.47723163747787484
0.0001,2974.0,1.7838794651031498,0.47723159933090215
0.0001,2975.0,1.7838794670104976,0.47723153853416445
0.0001,2976.0,1.783879466056824,0.47723148965835577
0.0001,2977.0,1.783879480361938,0.47723145914077764
0.0001,2978.0,1.7838794631958008,0.47723140501976014
0.0001,2979.0,1.783879450798035,0.4772313575744629
0.0001,2980.0,1.7838794422149666,0.4772313208580017
0.0001,2981.0,1.7838794317245488,0.4772312777042389
0.0001,2982.0,1.7838794345855715,0.4772312409877777
0.0001,2983.0,1.7838794326782226,0.4772311940193177
0.0001,2984.0,1.7838794231414798,0.47723110580444333
0.0001,2985.0,1.7838794164657596,0.47723107743263243
0.0001,2986.0,1.7838794059753422,0.47723103165626524
0.0001,2987.0,1.7838794221878052,0.47723099184036255
0.0001,2988.0,1.7838794136047367,0.47723095750808714
0.0001,2989.0,1.7838794202804569,0.4772309112548829
0.0001,2990.0,1.7838794050216678,0.4772308371067048
0.0001,2991.0,1.7838794012069705,0.47723079657554623
0.0001,2992.0,1.783879414558411,0.4772307736873627
0.0001,2993.0,1.7838794212341307,0.47723072195053096
0.0001,2994.0,1.7838794498443602,0.4772306845188141
0.0001,2995.0,1.7838794574737542,0.477230626821518
0.0001,2996.0,1.783879447937012,0.4772305872440338
0.0001,2997.0,1.7838794555664061,0.4772305378913879
0.0001,2998.0,1.783879446029663,0.47723048758506786
0.0001,2999.0,1.7838794631958008,0.4772304511070251
0.0001,3000.0,1.7838794603347776,0.4772303962707519
0.0001,3001.0,1.7838794422149655,0.4772303597927094
0.0001,3002.0,1.7838794488906857,0.4772303082942962
0.0001,3003.0,1.7838794536590568,0.47723025560379023
0.0001,3004.0,1.7838794469833368,0.4772302074432373
0.0001,3005.0,1.7838794555664057,0.4772301669120789
0.0001,3006.0,1.783879434585571,0.4772301144599915
0.0001,3007.0,1.7838794269561762,0.4772300794124603
0.0001,3008.0,1.7838794193267824,0.4772300086021423
0.0001,3009.0,1.7838794441223143,0.47722997879982
0.0001,3010.0,1.7838794260025026,0.47722993874549857
0.0001,3011.0,1.7838794116973877,0.47722989439964303
0.0001,3012.0,1.7838794126510622,0.4772298350334168
0.0001,3013.0,1.7838793888092046,0.4772298145294189
0.0001,3014.0,1.78387940120697,0.4772297549247742
0.0001,3015.0,1.7838794031143193,0.4772297098636628
0.0001,3016.0,1.7838793954849244,0.477229677438736
0.0001,3017.0,1.7838793830871578,0.4772296431064606
0.0001,3018.0,1.783879408836365,0.47722959756851197
0.0001,3019.0,1.7838794164657588,0.4772295432090759
0.0001,3020.0,1.7838794136047362,0.4772295305728913
0.0001,3021.0,1.7838794355392456,0.4772294600009918
0.0001,3022.0,1.783879448890686,0.4772294297218323
0.0001,3023.0,1.783879446029663,0.47722937726974496
0.0001,3024.0,1.7838794307708739,0.4772293243408203
0.0001,3025.0,1.78387943649292,0.47722927832603457
0.0001,3026.0,1.7838794536590576,0.477229246377945
0.0001,3027.0,1.7838794584274291,0.47722918939590453
0.0001,3028.0,1.7838794498443604,0.47722915124893184
0.0001,3029.0,1.7838794527053836,0.4772291331291199
0.0001,3030.0,1.783879431724548,0.47722908973693856
0.0001,3031.0,1.7838794422149655,0.47722904562950125
0.0001,3032.0,1.7838794374465945,0.477229015827179
0.0001,3033.0,1.783879417419434,0.4772289757728577
0.0001,3034.0,1.7838794107437128,0.4772289144992829
0.0001,3035.0,1.783879425048828,0.477228862285614
0.0001,3036.0,1.7838794164657594,0.4772288298606873
0.0001,3037.0,1.7838794088363648,0.4772287962436676
0.0001,3038.0,1.7838794059753413,0.4772287676334381
0.0001,3039.0,1.7838794088363648,0.4772287156581878
0.0001,3040.0,1.7838793973922726,0.47722866773605344
0.0001,3041.0,1.7838793907165522,0.47722862291336055
0.0001,3042.0,1.7838793888092037,0.47722859430313114
0.0001,3043.0,1.7838794059753416,0.47722855615615845
0.0001,3044.0,1.783879381179809,0.4772285380363464
0.0001,3045.0,1.7838793954849244,0.47722847509384153
0.0001,3046.0,1.7838794031143188,0.47722843575477597
0.0001,3047.0,1.783879414558411,0.4772283744812012
0.0001,3048.0,1.7838794193267824,0.47722834587097174
0.0001,3049.0,1.783879428863525,0.4772283129692077
0.0001,3050.0,1.783879438400269,0.47722826957702646
0.0001,3051.0,1.7838794403076175,0.47722824811935427
0.0001,3052.0,1.7838794250488286,0.4772281835079194
0.0001,3053.0,1.7838794269561769,0.47722815942764285
0.0001,3054.0,1.7838794612884528,0.4772281136512756
0.0001,3055.0,1.783879422187805,0.47722806024551384
0.0001,3056.0,1.78387943649292,0.477228034734726
0.0001,3057.0,1.7838794317245488,0.47722799110412606
0.0001,3058.0,1.7838794422149657,0.4772279467582703
0.0001,3059.0,1.7838794479370117,0.4772279188632965
0.0001,3060.0,1.7838794193267824,0.4772278618812561
0.0001,3061.0,1.7838794183731077,0.4772278232574463
0.0001,3062.0,1.783879405975342,0.4772277870178223
0.0001,3063.0,1.7838794221878058,0.47722776246070864
0.0001,3064.0,1.7838794183731077,0.47722771692276006
0.0001,3065.0,1.7838794059753418,0.47722768211364747
0.0001,3066.0,1.7838794136047367,0.47722763681411745
0.0001,3067.0,1.7838793983459473,0.4772276091575623
0.0001,3068.0,1.7838794069290163,0.4772275621891022
0.0001,3069.0,1.7838793859481812,0.4772275388240814
0.0001,3070.0,1.7838793783187874,0.4772274973392487
0.0001,3071.0,1.7838793869018559,0.4772274706363678
0.0001,3072.0,1.7838793878555297,0.4772274248600006
0.0001,3073.0,1.7838793840408322,0.47722735762596125
0.0001,3074.0,1.7838793897628786,0.4772273297309875
0.0001,3075.0,1.7838793983459482,0.4772272968292236
0.0001,3076.0,1.7838793926239016,0.4772272605895997
0.0001,3077.0,1.78387938785553,0.47722721052169803
0.0001,3078.0,1.7838794231414796,0.47722718811035164
0.0001,3079.0,1.7838794231414792,0.47722714638710023
0.0001,3080.0,1.7838794221878047,0.4772271077632904
0.0001,3081.0,1.7838794441223145,0.47722708487510684
0.0001,3082.0,1.7838794260025028,0.4772270352840423
0.0001,3083.0,1.7838794250488281,0.4772270104885102
0.0001,3084.0,1.783879447937011,0.4772269520759582
0.0001,3085.0,1.7838794422149662,0.47722693800926214
0.0001,3086.0,1.783879430770874,0.47722688341140734
0.0001,3087.0,1.7838794355392458,0.47722683334350585
0.0001,3088.0,1.7838794288635254,0.4772267889976502
0.0001,3089.0,1.7838794212341311,0.4772267630100251
0.0001,3090.0,1.783879440307617,0.4772267494201661
0.0001,3091.0,1.7838794174194335,0.4772267038822175
0.0001,3092.0,1.7838794240951537,0.47722665762901306
0.0001,3093.0,1.783879408836365,0.4772266290187836
0.0001,3094.0,1.7838794040679928,0.477226583480835
0.0001,3095.0,1.7838794021606448,0.4772265515327453
0.0001,3096.0,1.7838794097900388,0.4772265295982361
0.0001,3097.0,1.7838794097900397,0.47722650170326236
0.0001,3098.0,1.7838793964385988,0.47722647309303284
0.0001,3099.0,1.7838793869018563,0.4772264213562012
0.0001,3100.0,1.7838793811798097,0.4772263808250428
0.0001,3101.0,1.7838793954849248,0.4772263414859772
0.0001,3102.0,1.7838793869018559,0.4772263066768646
0.0001,3103.0,1.7838793811798095,0.47722626638412474
0.0001,3104.0,1.7838793649673461,0.47722624421119686
0.0001,3105.0,1.7838793830871584,0.47722620820999145
0.0001,3106.0,1.783879386901856,0.47722617149353036
0.0001,3107.0,1.7838793792724614,0.4772261385917664
0.0001,3108.0,1.7838794097900392,0.4772261102199554
0.0001,3109.0,1.7838794136047362,0.47722607612609863
0.0001,3110.0,1.7838794240951543,0.4772260415554047
0.0001,3111.0,1.7838794336318966,0.4772259960174561
0.0001,3112.0,1.7838794164657599,0.47722595357894904
0.0001,3113.0,1.783879415512085,0.47722592186927804
0.0001,3114.0,1.7838794326782235,0.47722589278221134
0.0001,3115.0,1.7838794202804567,0.4772258660793305
0.0001,3116.0,1.7838794317245485,0.47722582030296323
0.0001,3117.0,1.7838794345855706,0.4772257690429687
0.0001,3118.0,1.7838794488906862,0.4772257480621338
0.0001,3119.0,1.7838794240951537,0.47722570943832393
0.0001,3120.0,1.7838794345855717,0.477225667476654
0.0001,3121.0,1.783879434585572,0.47722564911842347
0.0001,3122.0,1.7838794345855713,0.4772256162166596
0.0001,3123.0,1.7838794240951539,0.4772255902290345
0.0001,3124.0,1.7838794031143188,0.47722556066513055
0.0001,3125.0,1.7838794116973877,0.4772255244255065
0.0001,3126.0,1.7838794136047365,0.4772254889011383
0.0001,3127.0,1.783879398345947,0.47722545385360715
0.0001,3128.0,1.7838794002532954,0.47722543168067927
0.0001,3129.0,1.7838793945312497,0.4772253880500794
0.0001,3130.0,1.7838793907165527,0.4772253377437592
0.0001,3131.0,1.7838793907165522,0.4772252883911132
0.0001,3132.0,1.783879379272461,0.4772252883911133
0.0001,3133.0,1.7838793811798097,0.477225246667862
0.0001,3134.0,1.7838793792724612,0.4772252218723297
0.0001,3135.0,1.783879372596741,0.4772251913547516
0.0001,3136.0,1.7838793849945067,0.4772251393795013
0.0001,3137.0,1.7838793792724612,0.4772251148223877
0.0001,3138.0,1.7838793888092044,0.4772250862121582
0.0001,3139.0,1.7838793735504157,0.47722505021095285
0.0001,3140.0,1.7838793916702276,0.47722501778602605
0.0001,3141.0,1.7838794088363654,0.47722499442100524
0.0001,3142.0,1.7838794307708739,0.47722495841979984
0.0001,3143.0,1.7838794269561762,0.4772249274253846
0.0001,3144.0,1.7838794384002683,0.47722489690780645
0.0001,3145.0,1.7838794403076175,0.47722485518455504
0.0001,3146.0,1.7838794364929198,0.477224817276001
0.0001,3147.0,1.7838794250488281,0.4772247829437256
0.0001,3148.0,1.7838794155120852,0.4772247543334961
0.0001,3149.0,1.7838794326782228,0.4772247505187988
0.0001,3150.0,1.7838794269561769,0.47722470879554746
0.0001,3151.0,1.7838794450759892,0.47722465729713437
0.0001,3152.0,1.783879412651062,0.4772246305942536
0.0001,3153.0,1.783879426956177,0.4772246091365814
0.0001,3154.0,1.7838794364929194,0.477224574804306
0.0001,3155.0,1.7838794279098502,0.47722454977035517
0.0001,3156.0,1.7838794403076168,0.47722452735900883
0.0001,3157.0,1.7838794288635251,0.477224479675293
0.0001,3158.0,1.783879404067993,0.47722445058822627
0.0001,3159.0,1.7838794250488286,0.47722441053390496
0.0001,3160.0,1.7838794040679933,0.4772243902683258
0.0001,3161.0,1.7838794040679928,0.4772243497371673
0.0001,3162.0,1.7838793935775752,0.47722434258461
0.0001,3163.0,1.7838794107437135,0.4772243008613586
0.0001,3164.0,1.7838794145584107,0.47722425317764283
0.0001,3165.0,1.7838793888092044,0.47722424316406253
0.0001,3166.0,1.7838793973922722,0.4772242007255554
0.0001,3167.0,1.7838793773651116,0.47722416901588444
0.0001,3168.0,1.7838793773651118,0.4772241690158844
0.0001,3169.0,1.7838793735504146,0.47722411751747135
0.0001,3170.0,1.7838793897628784,0.4772240946292877
0.0001,3171.0,1.7838793811798093,0.4772240314483643
0.0001,3172.0,1.7838793706893916,0.477224000453949
0.0001,3173.0,1.7838794012069696,0.4772239832878113
0.0001,3174.0,1.7838793907165522,0.47722395920753485
0.0001,3175.0,1.7838793802261348,0.4772239308357239
0.0001,3176.0,1.783879409790039,0.47722388505935676
0.0001,3177.0,1.7838794021606448,0.47722386550903323
0.0001,3178.0,1.7838794307708743,0.4772238249778748
0.0001,3179.0,1.7838794269561764,0.47722379326820374
0.0001,3180.0,1.78387944316864,0.47722375845909126
0.0001,3181.0,1.7838794231414792,0.47722372674942026
0.0001,3182.0,1.7838794403076166,0.4772237186431886
0.0001,3183.0,1.7838794384002685,0.47722369050979613
0.0001,3184.0,1.783879445075988,0.4772236404418945
0.0001,3185.0,1.7838794460296625,0.4772236022949219
0.0001,3186.0,1.7838794393539428,0.4772235944271088
0.0001,3187.0,1.7838794507980342,0.47722357010841365
0.0001,3188.0,1.783879440307617,0.477223525762558
0.0001,3189.0,1.7838794422149657,0.47722350931167606
0.0001,3190.0,1.7838794240951537,0.47722346925735476
0.0001,3191.0,1.7838794221878047,0.4772234435081482
0.0001,3192.0,1.783879427909851,0.4772234263420105
0.0001,3193.0,1.7838794240951539,0.4772233872413636
0.0001,3194.0,1.7838794307708734,0.47722336339950566
0.0001,3195.0,1.783879418373108,0.4772233412265778
0.0001,3196.0,1.7838794288635251,0.47722330689430226
0.0001,3197.0,1.7838794021606446,0.47722326636314394
0.0001,3198.0,1.783879405021668,0.477223249912262
0.0001,3199.0,1.783879406929016,0.47722321653366084
0.0001,3200.0,1.7838794002532965,0.4772231886386872
0.0001,3201.0,1.783879407882691,0.47722316503524786
0.0001,3202.0,1.7838793897628789,0.47722312951087964
0.0001,3203.0,1.7838793983459473,0.47722310042381294
0.0001,3204.0,1.783879384040832,0.47722307753562926
0.0001,3205.0,1.7838793888092042,0.47722305107116697
0.0001,3206.0,1.7838793830871584,0.47722301816940316
0.0001,3207.0,1.783879387855529,0.47722298812866215
0.0001,3208.0,1.783879384994507,0.47722297477722175
0.0001,3209.0,1.7838793811798095,0.47722292876243594
0.0001,3210.0,1.7838793802261355,0.4772229082584381
0.0001,3211.0,1.783879383087158,0.4772228810787201
0.0001,3212.0,1.783879392623901,0.47722286462783814
0.0001,3213.0,1.7838794002532954,0.4772228391170502
0.0001,3214.0,1.7838794374465943,0.4772228050231933
0.0001,3215.0,1.7838794288635251,0.477222789287567
0.0001,3216.0,1.783879430770874,0.47722276878356934
0.0001,3217.0,1.783879424095154,0.477222711801529
0.0001,3218.0,1.7838794384002687,0.4772226908206941
0.0001,3219.0,1.7838794384002685,0.47722265863418567
0.0001,3220.0,1.7838794422149657,0.4772226376533508
0.0001,3221.0,1.7838794364929194,0.4772226080894471
0.0001,3222.0,1.7838794260025017,0.4772225794792176
0.0001,3223.0,1.7838794279098507,0.4772225511074066
0.0001,3224.0,1.7838794384002679,0.477222517490387
0.0001,3225.0,1.7838794479370113,0.4772225079536438
0.0001,3226.0,1.783879442214966,0.47722248125076294
0.0001,3227.0,1.783879438400269,0.47722246360778803
0.0001,3228.0,1.7838794288635254,0.47722241926193243
0.0001,3229.0,1.783879428863525,0.4772223932743072
0.0001,3230.0,1.7838794155120852,0.47722237038612364
0.0001,3231.0,1.783879430770874,0.4772223417758942
0.0001,3232.0,1.7838794155120845,0.47722231650352487
0.0001,3233.0,1.7838794279098507,0.47722228479385376
0.0001,3234.0,1.783879421234131,0.4772222499847413
0.0001,3235.0,1.783879413604737,0.4772222228050232
0.0001,3236.0,1.7838794031143195,0.47722220444679264
0.0001,3237.0,1.7838794269561764,0.47722218155860907
0.0001,3238.0,1.7838794155120852,0.47722214865684515
0.0001,3239.0,1.783879405975342,0.4772221302986145
0.0001,3240.0,1.7838793926239012,0.47722209787368775
0.0001,3241.0,1.7838793973922729,0.47722207880020145
0.0001,3242.0,1.7838794012069705,0.4772220559120178
0.0001,3243.0,1.7838794021606446,0.4772220268249512
0.0001,3244.0,1.7838793983459473,0.47722201108932494
0.0001,3245.0,1.783879398345947,0.4772219660282135
0.0001,3246.0,1.7838793897628789,0.4772219507694245
0.0001,3247.0,1.7838793849945076,0.4772219297885895
0.0001,3248.0,1.7838793926239014,0.47722189116477975
0.0001,3249.0,1.7838793954849244,0.477221860408783
0.0001,3250.0,1.783879383087158,0.4772218422889709
0.0001,3251.0,1.7838793926239012,0.47722181892395027
0.0001,3252.0,1.7838793964385986,0.47722178792953496
0.0001,3253.0,1.783879424095154,0.4772217688560486
0.0001,3254.0,1.7838794250488283,0.4772217447757721
0.0001,3255.0,1.7838794345855709,0.47722171807289127
0.0001,3256.0,1.7838794479370117,0.4772217020988464
0.0001,3257.0,1.7838794345855709,0.477221650838852
0.0001,3258.0,1.7838794345855706,0.47722164702415465
0.0001,3259.0,1.783879451751708,0.47722163391113276
0.0001,3260.0,1.783879438400268,0.4772215995788574
0.0001,3261.0,1.7838794517517085,0.4772215671539306
0.0001,3262.0,1.7838794431686398,0.4772215399742126
0.0001,3263.0,1.7838794460296628,0.47722148752212523
0.0001,3264.0,1.7838794403076175,0.4772214837074279
0.0001,3265.0,1.7838794603347778,0.47722145605087285
0.0001,3266.0,1.7838794574737546,0.47722144460678106
0.0001,3267.0,1.7838794593811031,0.4772214140892028
0.0001,3268.0,1.7838794546127317,0.4772213957309723
0.0001,3269.0,1.7838794498443604,0.4772213740348815
0.0001,3270.0,1.783879432678223,0.47722134923934945
0.0001,3271.0,1.7838794612884523,0.477221328496933
0.0001,3272.0,1.7838794384002687,0.4772212941646576
0.0001,3273.0,1.7838794422149657,0.47722127127647407
0.0001,3274.0,1.7838794231414792,0.47722122621536256
0.0001,3275.0,1.7838794374465936,0.47722122383117677
0.0001,3276.0,1.7838794260025024,0.4772212085723877
0.0001,3277.0,1.7838794384002687,0.4772211782932282
0.0001,3278.0,1.7838794174194332,0.47722116279602045
0.0001,3279.0,1.7838794212341307,0.47722114586830133
0.0001,3280.0,1.783879408836364,0.47722110724449157
0.0001,3281.0,1.7838794021606446,0.4772210748195648
0.0001,3282.0,1.7838794012069699,0.47722105956077565
0.0001,3283.0,1.7838793907165529,0.4772210412025452
0.0001,3284.0,1.7838794002532956,0.4772209973335267
0.0001,3285.0,1.7838793983459473,0.47722096681594856
0.0001,3286.0,1.7838793926239012,0.4772209630012512
0.0001,3287.0,1.783879386901855,0.4772209339141846
0.0001,3288.0,1.7838794021606446,0.4772209112644195
0.0001,3289.0,1.783879389762878,0.47722090101242054
0.0001,3290.0,1.783879392623901,0.4772208731174469
0.0001,3291.0,1.7838793802261355,0.47722083640098567
0.0001,3292.0,1.7838793964385988,0.477220825433731
0.0001,3293.0,1.7838793907165522,0.4772207925319671
0.0001,3294.0,1.7838794059753418,0.4772207622528076
0.0001,3295.0,1.783879400253296,0.47722073793411257
0.0001,3296.0,1.783879409790039,0.4772207102775574
0.0001,3297.0,1.78387940788269,0.47722070264816285
0.0001,3298.0,1.7838794231414796,0.47722066855430606
0.0001,3299.0,1.7838794307708743,0.47722064805030817
0.0001,3300.0,1.7838794345855715,0.47722062110900887
0.0001,3301.0,1.7838794565200808,0.4772205903530121
0.0001,3302.0,1.7838794498443606,0.4772205600738525
0.0001,3303.0,1.783879454612732,0.47722054648399365
0.0001,3304.0,1.7838794384002683,0.47722053480148313
0.0001,3305.0,1.783879472732544,0.47722049164772035
0.0001,3306.0,1.7838794565200808,0.4772204756736755
0.0001,3307.0,1.783879459381103,0.47722045922279366
0.0001,3308.0,1.7838794498443604,0.47722043633461003
0.0001,3309.0,1.7838794450759878,0.4772203984260559
0.0001,3310.0,1.7838794546127315,0.4772203862667083
0.0001,3311.0,1.7838794603347772,0.4772203688621521
0.0001,3312.0,1.7838794593811034,0.4772203445434569
0.0001,3313.0,1.7838794469833372,0.47722031021118166
0.0001,3314.0,1.783879439353943,0.477220302581787
0.0001,3315.0,1.783879434585571,0.47722027540206907
0.0001,3316.0,1.783879450798035,0.4772202570438385
0.0001,3317.0,1.783879430770874,0.4772202391624451
0.0001,3318.0,1.7838794460296628,0.47722021079063415
0.0001,3319.0,1.7838794479370117,0.47722018027305607
0.0001,3320.0,1.7838794345855715,0.4772201669216157
0.0001,3321.0,1.78387944316864,0.47722014975547794
0.0001,3322.0,1.7838794250488277,0.47722013831138616
0.0001,3323.0,1.783879437446594,0.47722010660171515
0.0001,3324.0,1.7838794145584103,0.47722008681297307
0.0001,3325.0,1.7838794288635258,0.4772200508117675
0.0001,3326.0,1.7838794288635254,0.47722002553939824
0.0001,3327.0,1.7838794326782226,0.4772199952602387
0.0001,3328.0,1.7838794279098515,0.47721997237205516
0.0001,3329.0,1.783879417419434,0.4772199397087097
0.0001,3330.0,1.7838794260025024,0.4772199196815491
0.0001,3331.0,1.7838794031143188,0.47721991300582883
0.0001,3332.0,1.7838794097900383,0.47721988248825076
0.0001,3333.0,1.7838793992996216,0.4772198660373688
0.0001,3334.0,1.7838794021606437,0.47721985268592837
0.0001,3335.0,1.7838794078826907,0.4772198202610015
0.0001,3336.0,1.7838794040679933,0.47721980881690973
0.0001,3337.0,1.783879402160645,0.4772197880744934
0.0001,3338.0,1.7838793945312503,0.47721976470947264
0.0001,3339.0,1.7838794078826905,0.47721975111961357
0.0001,3340.0,1.78387939453125,0.47721972322463996
0.0001,3341.0,1.7838794126510622,0.47721969032287603
0.0001,3342.0,1.7838794097900397,0.47721966123580933
0.0001,3343.0,1.7838794155120854,0.4772196497917175
0.0001,3344.0,1.7838794260025026,0.47721964597702027
0.0001,3345.0,1.7838794307708743,0.47721962380409244
0.0001,3346.0,1.7838794422149662,0.47721960210800174
0.0001,3347.0,1.783879440307617,0.4772195932865143
0.0001,3348.0,1.7838794498443606,0.47721954870224
0.0001,3349.0,1.783879453659058,0.47721952962875364
0.0001,3350.0,1.783879466056823,0.4772195091247558
0.0001,3351.0,1.7838794670104978,0.4772194900512696
0.0001,3352.0,1.7838794460296632,0.4772194786071777
0.0001,3353.0,1.7838794574737553,0.47721945142745964
0.0001,3354.0,1.7838794536590579,0.4772194197177887
0.0001,3355.0,1.7838794660568242,0.47721940588951106
0.0001,3356.0,1.783879464149475,0.4772193944454193
0.0001,3357.0,1.7838794584274287,0.4772193734645843
0.0001,3358.0,1.7838794651031495,0.4772193582057953
0.0001,3359.0,1.7838794755935665,0.4772193276882172
0.0001,3360.0,1.7838794651031487,0.4772193069458007
0.0001,3361.0,1.7838794708251948,0.47721930313110345
0.0001,3362.0,1.7838794527053832,0.47721927046775825
0.0001,3363.0,1.7838794765472412,0.4772192518711091
0.0001,3364.0,1.7838794670104974,0.4772192311286927
0.0001,3365.0,1.783879457473754,0.4772192094326019
0.0001,3366.0,1.7838794651031487,0.47721920251846317
0.0001,3367.0,1.7838794555664061,0.4772191791534424
0.0001,3368.0,1.7838794612884514,0.47721915054321284
0.0001,3369.0,1.7838794450759887,0.47721913719177245
0.0001,3370.0,1.783879444122314,0.47721913528442383
0.0001,3371.0,1.783879455566406,0.4772191100120544
0.0001,3372.0,1.7838794450759892,0.47721908354759207
0.0001,3373.0,1.783879447937012,0.4772190546989441
0.0001,3374.0,1.783879434585571,0.4772190210819245
0.0001,3375.0,1.783879444122315,0.47721900963783265
0.0001,3376.0,1.7838794441223147,0.477218980550766
0.0001,3377.0,1.783879421234131,0.4772189748287201
0.0001,3378.0,1.7838794374465945,0.4772189691066742
0.0001,3379.0,1.7838794345855717,0.47721893644332886
0.0001,3380.0,1.783879426956177,0.47721891355514523
0.0001,3381.0,1.7838794221878056,0.47721889066696166
0.0001,3382.0,1.783879414558411,0.4772188658714295
0.0001,3383.0,1.7838794212341307,0.4772188608646393
0.0001,3384.0,1.7838794145584107,0.4772188284397125
0.0001,3385.0,1.7838794164657594,0.47721879982948306
0.0001,3386.0,1.7838794221878054,0.47721878790855404
0.0001,3387.0,1.783879414558411,0.4772187669277191
0.0001,3388.0,1.7838794231414794,0.4772187426090241
0.0001,3389.0,1.7838794136047367,0.47721872687339784
0.0001,3390.0,1.7838794126510624,0.4772187199592589
0.0001,3391.0,1.78387943649292,0.4772187061309815
0.0001,3392.0,1.7838794155120852,0.4772186772823334
0.0001,3393.0,1.783879440307618,0.47721866226196297
0.0001,3394.0,1.7838794307708743,0.47721864891052246
0.0001,3395.0,1.7838794450759892,0.4772186279296875
0.0001,3396.0,1.783879450798035,0.47721860647201536
0.0001,3397.0,1.7838794498443604,0.47721857619285585
0.0001,3398.0,1.7838794651031498,0.47721855711936956
0.0001,3399.0,1.7838794641494748,0.47721853804588316
0.0001,3400.0,1.783879460334778,0.47721851348876954
0.0001,3401.0,1.7838794670104978,0.47721848106384274
0.0001,3402.0,1.7838794574737546,0.4772184767723084
0.0001,3403.0,1.7838794727325438,0.47721845769882204
0.0001,3404.0,1.7838794870376584,0.47721845769882204
0.0001,3405.0,1.7838794784545897,0.47721841764450074
0.0001,3406.0,1.78387948513031,0.47721840620040895
0.0001,3407.0,1.783879470825195,0.4772183899879456
0.0001,3408.0,1.7838794765472408,0.47721836328506473
0.0001,3409.0,1.7838794755935667,0.4772183442115784
0.0001,3410.0,1.783879479408264,0.47721833276748654
0.0001,3411.0,1.783879488945007,0.4772183117866516
0.0001,3412.0,1.7838795051574698,0.4772182788848877
0.0001,3413.0,1.7838794822692867,0.4772182674407958
0.0001,3414.0,1.7838794832229614,0.4772182559967041
0.0001,3415.0,1.783879477500915,0.477218234539032
0.0001,3416.0,1.7838794765472412,0.4772182042598725
0.0001,3417.0,1.783879488945007,0.47721821427345273
0.0001,3418.0,1.7838794679641723,0.47721819257736214
0.0001,3419.0,1.7838794698715215,0.47721817183494575
0.0001,3420.0,1.7838794794082642,0.4772181553840637
0.0001,3421.0,1.7838794631958015,0.4772181172370911
0.0001,3422.0,1.7838794689178472,0.4772181153297425
0.0001,3423.0,1.7838794736862185,0.4772181029319764
0.0001,3424.0,1.7838794612884523,0.47721807622909546
0.0001,3425.0,1.783879469871521,0.4772180557250977
0.0001,3426.0,1.7838794517517096,0.4772180423736572
0.0001,3427.0,1.7838794536590585,0.4772180323600769
0.0001,3428.0,1.7838794603347783,0.4772180273532868
0.0001,3429.0,1.7838794574737553,0.47721800446510326
0.0001,3430.0,1.7838794555664068,0.47721798110008246
0.0001,3431.0,1.7838794631958015,0.4772179732322693
0.0001,3432.0,1.7838794546127317,0.4772179453372955
0.0001,3433.0,1.7838794498443602,0.47721791505813593
0.0001,3434.0,1.783879444122315,0.47721790289878846
0.0001,3435.0,1.7838794469833374,0.4772178723812103
0.0001,3436.0,1.7838794488906857,0.477217865228653
0.0001,3437.0,1.7838794431686404,0.4772178444862365
0.0001,3438.0,1.7838794364929196,0.477217830657959
0.0001,3439.0,1.7838794364929191,0.477217821598053
0.0001,3440.0,1.7838794269561766,0.4772177963256836
0.0001,3441.0,1.783879432678222,0.47721778297424317
0.0001,3442.0,1.7838794374465938,0.4772177710533142
0.0001,3443.0,1.7838794231414794,0.4772177410125732
0.0001,3444.0,1.7838794250488277,0.47721774101257325
0.0001,3445.0,1.7838794479370115,0.47721770620346077
0.0001,3446.0,1.7838794240951539,0.47721769547462467
0.0001,3447.0,1.7838794384002685,0.4772176859378815
0.0001,3448.0,1.783879452705383,0.47721765542030337
0.0001,3449.0,1.7838794479370113,0.4772176263332368
0.0001,3450.0,1.7838794527053827,0.4772176079750061
0.0001,3451.0,1.7838794593811034,0.4772175960540771
0.0001,3452.0,1.7838794488906857,0.47721758055686947
0.0001,3453.0,1.7838794651031489,0.477217574596405
0.0001,3454.0,1.7838794698715206,0.4772175445556641
0.0001,3455.0,1.7838794670104976,0.47721753120422367
0.0001,3456.0,1.7838794879913327,0.47721750783920286
0.0001,3457.0,1.783879486083984,0.4772175047397615
0.0001,3458.0,1.783879484176635,0.47721746230125417
0.0001,3459.0,1.7838794879913331,0.4772174439430237
0.0001,3460.0,1.7838794765472414,0.47721744203567495
0.0001,3461.0,1.7838794832229612,0.4772174305915833
0.0001,3462.0,1.7838794860839842,0.47721739816665654
0.0001,3463.0,1.7838794794082644,0.4772173743247986
0.0001,3464.0,1.7838794927597041,0.4772173769474029
0.0001,3465.0,1.7838794956207271,0.4772173514366149
0.0001,3466.0,1.783879482269287,0.47721734404563904
0.0001,3467.0,1.7838794956207276,0.47721731591224664
0.0001,3468.0,1.7838795089721682,0.4772173006534577
0.0001,3469.0,1.7838794765472414,0.4772172791957855
0.0001,3470.0,1.7838794956207278,0.47721726584434515
0.0001,3471.0,1.7838795042037963,0.47721725058555603
0.0001,3472.0,1.7838794860839844,0.47721723151206974
0.0001,3473.0,1.7838795003890993,0.47721722841262815
0.0001,3474.0,1.7838794994354248,0.47721720170974735
0.0001,3475.0,1.7838794918060297,0.47721719408035285
0.0001,3476.0,1.78387948513031,0.4772171730995179
0.0001,3477.0,1.783879499435424,0.4772171421051026
0.0001,3478.0,1.7838794832229605,0.47721713018417367
0.0001,3479.0,1.7838794879913322,0.4772171308994293
0.0001,3480.0,1.783879486083984,0.47721711373329156
0.0001,3481.0,1.7838794670104974,0.47721709656715394
0.0001,3482.0,1.7838794879913322,0.4772170774936676
0.0001,3483.0,1.783879487037658,0.47721707296371463
0.0001,3484.0,1.7838794727325435,0.47721704268455495
0.0001,3485.0,1.783879472732544,0.47721702933311455
0.0001,3486.0,1.7838794813156125,0.47721702051162723
0.0001,3487.0,1.7838794593811034,0.4772169857025147
0.0001,3488.0,1.7838794622421266,0.4772169785499572
0.0001,3489.0,1.7838794794082642,0.4772169690132141
0.0001,3490.0,1.7838794670104978,0.4772169399261475
0.0001,3491.0,1.783879453659057,0.47721693658828734
0.0001,3492.0,1.7838794651031498,0.477216905117035
0.0001,3493.0,1.7838794565200806,0.4772168917655945
0.0001,3494.0,1.7838794593811034,0.47721687293052667
0.0001,3495.0,1.7838794536590574,0.4772168486118316
0.0001,3496.0,1.7838794517517085,0.4772168467044831
0.0001,3497.0,1.783879451751709,0.47721682214736943
0.0001,3498.0,1.7838794479370117,0.4772168021202088
0.0001,3499.0,1.7838794498443595,0.4772167761325836
0.0001,3500.0,1.7838794460296632,0.4772167639732361
0.0001,3501.0,1.783879459381103,0.4772167601585388
0.0001,3502.0,1.7838794517517085,0.4772167451381684
0.0001,3503.0,1.7838794479370106,0.47721673035621653
0.0001,3504.0,1.7838794422149653,0.4772167134284974
0.0001,3505.0,1.7838794326782224,0.4772166962623597
0.0001,3506.0,1.7838794479370117,0.4772166879177094
0.0001,3507.0,1.7838794479370113,0.47721667337417606
0.0001,3508.0,1.7838794498443598,0.47721665573120114
0.0001,3509.0,1.7838794269561762,0.4772166285514831
0.0001,3510.0,1.7838794593811027,0.4772166266441345
0.0001,3511.0,1.7838794660568233,0.4772166113853455
0.0001,3512.0,1.783879446029663,0.47721660375595093
0.0001,3513.0,1.7838794593811038,0.4772165696620941
0.0001,3514.0,1.7838794670104983,0.47721657538414003
0.0001,3515.0,1.7838794631958008,0.4772165486812592
0.0001,3516.0,1.7838794689178465,0.47721653413772597
0.0001,3517.0,1.7838794784545904,0.4772165124416352
0.0001,3518.0,1.7838794851303108,0.4772164990901947
0.0001,3519.0,1.7838794956207271,0.4772164952754975
0.0001,3520.0,1.7838795061111457,0.47721648383140564
0.0001,3521.0,1.783879506111145,0.4772164647579193
0.0001,3522.0,1.783879505157471,0.4772164514064789
0.0001,3523.0,1.7838795070648195,0.47721643233299255
0.0001,3524.0,1.7838795032501227,0.47721639871597293
0.0001,3525.0,1.7838794984817505,0.4772163796424866
0.0001,3526.0,1.7838795013427735,0.4772163672447204
0.0001,3527.0,1.783879510879517,0.47721634054183965
0.0001,3528.0,1.7838794946670535,0.4772163505554199
0.0001,3529.0,1.7838795070648197,0.4772163290977478
0.0001,3530.0,1.7838795156478877,0.47721631073951726
0.0001,3531.0,1.7838795042037963,0.4772163102626801
0.0001,3532.0,1.7838795185089114,0.47721629118919373
0.0001,3533.0,1.783879509925842,0.4772162759304047
0.0001,3534.0,1.7838795270919796,0.4772162535190583
0.0001,3535.0,1.7838795099258415,0.4772162461280822
0.0001,3536.0,1.7838795137405397,0.4772162263393402
0.0001,3537.0,1.783879528045654,0.47721621561050415
0.0001,3538.0,1.7838794965744023,0.4772162003517151
0.0001,3539.0,1.7838795194625856,0.47721617555618284
0.0001,3540.0,1.7838795185089111,0.4772161693572997
0.0001,3541.0,1.783879499435425,0.47721613311767574
0.0001,3542.0,1.7838794994354246,0.47721613335609436
0.0001,3543.0,1.7838794946670535,0.4772161219120026
0.0001,3544.0,1.7838795194625854,0.47721609830856315
0.0001,3545.0,1.7838794879913331,0.47721609711647034
0.0001,3546.0,1.7838794946670535,0.4772160799503326
0.0001,3547.0,1.7838795061111454,0.477216050863266
0.0001,3548.0,1.7838794841766352,0.477216035604477
0.0001,3549.0,1.7838794994354246,0.4772160379886627
0.0001,3550.0,1.7838795051574703,0.4772160418033599
0.0001,3551.0,1.783879487991333,0.4772160184383393
0.0001,3552.0,1.7838794898986814,0.4772159974575042
0.0001,3553.0,1.7838794994354246,0.4772159790992737
0.0001,3554.0,1.783879489898681,0.47721595382690435
0.0001,3555.0,1.783879480361938,0.47721592378616345
0.0001,3556.0,1.7838794898986814,0.4772158968448639
0.0001,3557.0,1.7838794851303095,0.4772158887386322
0.0001,3558.0,1.7838794927597046,0.4772158720493317
0.0001,3559.0,1.7838794898986814,0.4772158682346344
0.0001,3560.0,1.7838794851303101,0.47721586942672733
0.0001,3561.0,1.7838795003890988,0.4772158567905426
0.0001,3562.0,1.7838794803619384,0.4772158410549164
0.0001,3563.0,1.783879482269287,0.4772158257961273
0.0001,3564.0,1.7838794841766352,0.4772158074378967
0.0001,3565.0,1.783879472732543,0.47721579551696786
0.0001,3566.0,1.7838794679641723,0.47721578574180606
0.0001,3567.0,1.7838794851303097,0.477215763092041
0.0001,3568.0,1.7838794794082642,0.47721575355529783
0.0001,3569.0,1.7838794651031489,0.4772157516479492
0.0001,3570.0,1.7838794679641723,0.4772157301902771
0.0001,3571.0,1.783879476547241,0.47721571493148807
0.0001,3572.0,1.7838794507980353,0.4772156958580017
0.0001,3573.0,1.7838794727325435,0.47721567678451543
0.0001,3574.0,1.783879476547241,0.4772156500816345
0.0001,3575.0,1.7838794727325435,0.4772156500816345
0.0001,3576.0,1.7838794593811038,0.47721563363075253
0.0001,3577.0,1.7838794555664073,0.4772156202793121
0.0001,3578.0,1.7838794651031493,0.47721560311317446
0.0001,3579.0,1.7838794708251957,0.4772155778408051
0.0001,3580.0,1.7838794622421266,0.4772155764102936
0.0001,3581.0,1.7838794755935672,0.4772155690193176
0.0001,3582.0,1.7838794698715212,0.4772155532836914
0.0001,3583.0,1.7838794679641725,0.4772155492305756
0.0001,3584.0,1.783879476547241,0.47721553397178657
0.0001,3585.0,1.7838794879913331,0.47721552324295036
0.0001,3586.0,1.7838795051574712,0.4772154822349548
0.0001,3587.0,1.7838794927597048,0.4772154765129089
0.0001,3588.0,1.78387949848175,0.4772154631614685
0.0001,3589.0,1.7838795166015626,0.4772154421806335
0.0001,3590.0,1.7838795137405399,0.4772154250144958
0.0001,3591.0,1.7838795242309573,0.4772154238224029
0.0001,3592.0,1.7838795280456552,0.4772154200077058
0.0001,3593.0,1.783879522323609,0.4772154123783112
0.0001,3594.0,1.7838795089721682,0.4772153933048249
0.0001,3595.0,1.783879532814026,0.47721538710594186
0.0001,3596.0,1.7838795261383058,0.47721536231040956
0.0001,3597.0,1.7838795328140258,0.4772153573036194
0.0001,3598.0,1.7838795242309575,0.47721533393859855
0.0001,3599.0,1.783879534721374,0.47721530389785777
0.0001,3600.0,1.783879545211792,0.4772152962684632
0.0001,3601.0,1.7838795337677,0.47721529054641726
0.0001,3602.0,1.783879519462585,0.4772152805328369
0.0001,3603.0,1.783879534721374,0.47721524763107304
0.0001,3604.0,1.7838795185089105,0.47721523308753966
0.0001,3605.0,1.7838795280456543,0.4772152254581451
0.0001,3606.0,1.7838795375823975,0.47721520948410034
0.0001,3607.0,1.7838795375823973,0.4772151942253112
0.0001,3608.0,1.7838795490264898,0.47721517968177796
0.0001,3609.0,1.7838795289993281,0.4772151808738708
0.0001,3610.0,1.7838795270919798,0.47721517205238345
0.0001,3611.0,1.7838795337676998,0.47721514558792116
0.0001,3612.0,1.783879532814026,0.4772151200771332
0.0001,3613.0,1.7838795337676998,0.47721512007713324
0.0001,3614.0,1.7838795242309569,0.47721511101722724
0.0001,3615.0,1.7838795366287235,0.47721508383750916
0.0001,3616.0,1.7838795251846307,0.47721507883071906
0.0001,3617.0,1.7838795223236081,0.47721506285667425
0.0001,3618.0,1.7838795299530033,0.4772150557041169
0.0001,3619.0,1.7838795242309569,0.47721503686904904
0.0001,3620.0,1.7838795261383051,0.4772150273323059
0.0001,3621.0,1.783879515647888,0.477215003490448
0.0001,3622.0,1.7838795270919792,0.4772149958610535
0.0001,3623.0,1.7838795223236088,0.4772149889469147
0.0001,3624.0,1.7838795156478882,0.47721497368812565
0.0001,3625.0,1.7838795089721677,0.47721498322486877
0.0001,3626.0,1.7838795337677003,0.47721495795249935
0.0001,3627.0,1.7838795204162596,0.4772149431705474
0.0001,3628.0,1.78387950515747,0.4772149274349213
0.0001,3629.0,1.7838795127868647,0.47721491217613227
0.0001,3630.0,1.7838795194625852,0.4772149090766907
0.0001,3631.0,1.78387949848175,0.47721489882469176
0.0001,3632.0,1.7838795013427733,0.4772148854732513
0.0001,3633.0,1.7838795061111452,0.4772148747444152
0.0001,3634.0,1.7838795137405394,0.47721487236022947
0.0001,3635.0,1.783879518508911,0.4772148432731629
0.0001,3636.0,1.7838794994354248,0.4772148222923278
0.0001,3637.0,1.7838794975280765,0.4772148284912109
0.0001,3638.0,1.7838795070648195,0.4772148051261901
0.0001,3639.0,1.7838794994354246,0.477214795589447
0.0001,3640.0,1.7838794946670535,0.47721479940414435
0.0001,3641.0,1.7838794975280763,0.47721478104591375
0.0001,3642.0,1.7838795108795165,0.477214763879776
0.0001,3643.0,1.783879501342774,0.47721474432945254
0.0001,3644.0,1.7838794889450074,0.47721474242210393
0.0001,3645.0,1.7838794860839842,0.4772147421836852
0.0001,3646.0,1.7838794927597044,0.47721471619606015
0.0001,3647.0,1.7838794889450067,0.4772146890163421
0.0001,3648.0,1.7838794784545902,0.4772146911621094
0.0001,3649.0,1.7838794889450071,0.4772146744728088
0.0001,3650.0,1.7838794946670529,0.4772146565914154
0.0001,3651.0,1.78387949180603,0.47721464014053355
0.0001,3652.0,1.7838794784545893,0.4772146286964417
0.0001,3653.0,1.7838794870376584,0.47721462798118597
0.0001,3654.0,1.7838794832229612,0.4772145998477936
0.0001,3655.0,1.7838794927597053,0.47721458005905154
0.0001,3656.0,1.7838794918060306,0.47721458005905154
0.0001,3657.0,1.7838794813156127,0.47721456098556525
0.0001,3658.0,1.7838794879913331,0.4772145533561707
0.0001,3659.0,1.78387947845459,0.47721452736854547
0.0001,3660.0,1.7838794879913333,0.4772145256996154
0.0001,3661.0,1.7838794889450074,0.4772145161628723
0.0001,3662.0,1.7838794937133788,0.47721451044082647
0.0001,3663.0,1.7838795061111448,0.47721449255943305
0.0001,3664.0,1.7838794946670533,0.47721449446678155
0.0001,3665.0,1.7838794956207278,0.47721448373794556
0.0001,3666.0,1.783879506111145,0.47721446847915655
0.0001,3667.0,1.7838795127868656,0.477214448928833
0.0001,3668.0,1.7838795280456545,0.4772144455909729
0.0001,3669.0,1.7838795118331914,0.4772144279479981
0.0001,3670.0,1.7838795232772828,0.47721440839767465
0.0001,3671.0,1.7838795375823975,0.4772143931388855
0.0001,3672.0,1.783879537582398,0.47721439170837415
0.0001,3673.0,1.7838795223236084,0.4772143721580505
0.0001,3674.0,1.7838795270919796,0.47721436071395884
0.0001,3675.0,1.7838795499801636,0.4772143568992614
0.0001,3676.0,1.783879535675049,0.4772143461704254
0.0001,3677.0,1.7838795394897453,0.47721433663368223
0.0001,3678.0,1.7838795413970943,0.477214327096939
0.0001,3679.0,1.7838795356750485,0.4772143225669861
0.0001,3680.0,1.7838795547485347,0.47721429014205935
0.0001,3681.0,1.7838795490264887,0.4772142889499664
0.0001,3682.0,1.7838795413970947,0.47721427369117736
0.0001,3683.0,1.7838795614242549,0.47721426224708563
0.0001,3684.0,1.7838795490264892,0.4772142429351808
0.0001,3685.0,1.783879564285278,0.47721423530578616
0.0001,3686.0,1.7838795404434207,0.4772142162322998
0.0001,3687.0,1.7838795452117922,0.4772141909599304
0.0001,3688.0,1.7838795585632325,0.4772142066955566
0.0001,3689.0,1.7838795528411862,0.4772141909599304
0.0001,3690.0,1.78387954044342,0.47721417951583855
0.0001,3691.0,1.7838795471191404,0.4772141630649568
0.0001,3692.0,1.7838795471191402,0.47721417450904846
0.0001,3693.0,1.783879549980163,0.4772141454219818
0.0001,3694.0,1.7838795766830438,0.4772141404151916
0.0001,3695.0,1.7838795576095583,0.4772141320705414
0.0001,3696.0,1.7838795633316031,0.4772141263484956
0.0001,3697.0,1.7838795652389527,0.4772140901088715
0.0001,3698.0,1.783879574775696,0.47721409583091745
0.0001,3699.0,1.7838795623779296,0.4772140717506409
0.0001,3700.0,1.7838795499801634,0.4772140526771546
0.0001,3701.0,1.7838795680999757,0.47721406412124634
0.0001,3702.0,1.783879556655884,0.4772140386104584
0.0001,3703.0,1.783879566192627,0.4772140412330627
0.0001,3704.0,1.7838795461654666,0.47721400976181033
0.0001,3705.0,1.7838795652389527,0.47721400213241577
0.0001,3706.0,1.7838795585632323,0.4772139945030212
0.0001,3707.0,1.7838795547485353,0.4772139914035798
0.0001,3708.0,1.7838795413970945,0.47721397614479066
0.0001,3709.0,1.7838795576095587,0.47721396970748897
0.0001,3710.0,1.783879547119141,0.47721394562721253
0.0001,3711.0,1.7838795423507694,0.4772139372825622
0.0001,3712.0,1.7838795480728151,0.4772139317989349
0.0001,3713.0,1.7838795280456545,0.4772139258384704
0.0001,3714.0,1.7838795490264898,0.4772139165401458
0.0001,3715.0,1.7838795480728153,0.47721389746665954
0.0001,3716.0,1.7838795547485355,0.4772138917446137
0.0001,3717.0,1.7838795185089118,0.4772138879299165
0.0001,3718.0,1.7838795289993292,0.47721387147903443
0.0001,3719.0,1.7838795242309573,0.4772138650417328
0.0001,3720.0,1.7838795404434202,0.4772138533592224
0.0001,3721.0,1.7838795433044434,0.47721382474899293
0.0001,3722.0,1.7838795318603518,0.477213819026947
0.0001,3723.0,1.7838795242309566,0.47721382331848144
0.0001,3724.0,1.7838795309066775,0.47721380615234366
0.0001,3725.0,1.7838795223236081,0.4772138004302979
0.0001,3726.0,1.7838795337677003,0.4772137908935547
0.0001,3727.0,1.7838795213699343,0.4772137808799744
0.0001,3728.0,1.7838795213699339,0.47721376371383667
0.0001,3729.0,1.7838795318603518,0.4772137486934663
0.0001,3730.0,1.783879528045654,0.4772137446403503
0.0001,3731.0,1.7838795232772828,0.4772137262821197
0.0001,3732.0,1.7838795261383058,0.4772137181758881
0.0001,3733.0,1.783879514694214,0.47721372270584106
0.0001,3734.0,1.7838795309066775,0.4772136979103088
0.0001,3735.0,1.7838795251846318,0.4772136859893798
0.0001,3736.0,1.783879508972168,0.47721368741989134
0.0001,3737.0,1.7838795194625856,0.47721367835998535
0.0001,3738.0,1.7838795194625854,0.47721368026733396
0.0001,3739.0,1.7838795108795171,0.47721365499496454
0.0001,3740.0,1.7838795251846318,0.47721364831924434
0.0001,3741.0,1.7838795223236086,0.4772136363983155
0.0001,3742.0,1.7838795166015624,0.47721362829208375
0.0001,3743.0,1.7838795175552364,0.47721360158920284
0.0001,3744.0,1.7838795166015622,0.4772135925292969
0.0001,3745.0,1.7838795146942137,0.47721358323097235
0.0001,3746.0,1.7838795156478882,0.47721357727050784
0.0001,3747.0,1.7838795042037965,0.47721354651451114
0.0001,3748.0,1.7838795261383058,0.47721353507041925
0.0001,3749.0,1.7838795108795167,0.47721352362632746
0.0001,3750.0,1.7838795022964475,0.4772135255336762
0.0001,3751.0,1.7838795013427735,0.477213508605957
0.0001,3752.0,1.7838795166015626,0.477213493824005
0.0001,3753.0,1.7838795242309569,0.47721350264549256
0.0001,3754.0,1.783879507064819,0.47721350264549256
0.0001,3755.0,1.7838795127868652,0.4772134892940521
0.0001,3756.0,1.783879514694213,0.47721347427368166
0.0001,3757.0,1.7838795166015622,0.47721348166465766
0.0001,3758.0,1.783879523277282,0.47721347093582156
0.0001,3759.0,1.7838795423507687,0.47721345329284676
0.0001,3760.0,1.7838795108795162,0.4772134413719178
0.0001,3761.0,1.783879534721375,0.47721344041824343
0.0001,3762.0,1.783879541397094,0.477213436126709
0.0001,3763.0,1.7838795404434207,0.4772134056091309
0.0001,3764.0,1.7838795518875121,0.47721338653564455
0.0001,3765.0,1.7838795156478884,0.4772133848667145
0.0001,3766.0,1.7838795318603518,0.47721337151527404
0.0001,3767.0,1.7838795557022094,0.4772133593559265
0.0001,3768.0,1.7838795528411866,0.47721334981918334
0.0001,3769.0,1.7838795633316038,0.4772133402824402
0.0001,3770.0,1.7838795604705804,0.4772133440971375
0.0001,3771.0,1.7838795690536497,0.4772133238315583
0.0001,3772.0,1.7838795595169066,0.47721331381797794
0.0001,3773.0,1.783879568099975,0.4772133126258851
0.0001,3774.0,1.7838795680999753,0.47721330451965327
0.0001,3775.0,1.783879545211792,0.47721329545974733
0.0001,3776.0,1.783879558563232,0.47721326494216915
0.0001,3777.0,1.783879563331604,0.47721327400207525
0.0001,3778.0,1.7838795795440674,0.4772132744789124
0.0001,3779.0,1.783879571914673,0.47721325492858885
0.0001,3780.0,1.7838795642852783,0.47721324920654296
0.0001,3781.0,1.783879572868347,0.4772132544517517
0.0001,3782.0,1.7838795633316045,0.4772132360935211
0.0001,3783.0,1.7838795833587646,0.47721321320533755
0.0001,3784.0,1.7838795795440672,0.4772132165431977
0.0001,3785.0,1.7838795747756957,0.47721319556236264
0.0001,3786.0,1.7838795680999753,0.47721318602561946
0.0001,3787.0,1.783879577636719,0.477213178396225
0.0001,3788.0,1.78387957572937,0.47721316504478456
0.0001,3789.0,1.7838795776367184,0.47721316146850595
0.0001,3790.0,1.7838795890808106,0.4772131252288818
0.0001,3791.0,1.7838795824050906,0.477213129043579
0.0001,3792.0,1.7838795719146723,0.47721310997009275
0.0001,3793.0,1.783879590988159,0.47721309661865235
0.0001,3794.0,1.7838795852661131,0.47721310281753543
0.0001,3795.0,1.783879592895508,0.4772130908966064
0.0001,3796.0,1.7838795652389525,0.47721309661865235
0.0001,3797.0,1.783879585266114,0.47721308565139775
0.0001,3798.0,1.783879581451416,0.4772130875587464
0.0001,3799.0,1.7838795919418335,0.4772130589485169
0.0001,3800.0,1.7838795852661133,0.4772130665779114
0.0001,3801.0,1.7838795785903934,0.4772130455970764
0.0001,3802.0,1.7838795757293702,0.4772130360603333
0.0001,3803.0,1.7838795700073244,0.47721304297447203
0.0001,3804.0,1.783879584312439,0.477213026046753
0.0001,3805.0,1.7838795680999755,0.4772130188941956
0.0001,3806.0,1.7838795785903931,0.4772130219936371
0.0001,3807.0,1.7838795557022091,0.4772130131721497
0.0001,3808.0,1.7838795547485347,0.4772129936218262
0.0001,3809.0,1.7838795862197878,0.47721299028396613
0.0001,3810.0,1.783879577636719,0.4772129778862
0.0001,3811.0,1.783879581451417,0.47721296119689943
0.0001,3812.0,1.7838795652389532,0.4772129397392273
0.0001,3813.0,1.7838795566558838,0.4772129263877869
0.0001,3814.0,1.7838795661926272,0.47721292257308956
0.0001,3815.0,1.7838795700073242,0.47721290993690485
0.0001,3816.0,1.783879566192627,0.47721290373802183
0.0001,3817.0,1.7838795690536502,0.47721289610862727
0.0001,3818.0,1.783879549026489,0.47721290755271917
0.0001,3819.0,1.783879561424255,0.47721289682388307
0.0001,3820.0,1.7838795700073247,0.4772128930091858
0.0001,3821.0,1.7838795652389527,0.47721286368370064
0.0001,3822.0,1.7838795728683479,0.4772128643989564
0.0001,3823.0,1.7838795680999755,0.4772128510475159
0.0001,3824.0,1.7838795604705813,0.47721284914016726
0.0001,3825.0,1.7838795700073242,0.47721283578872686
0.0001,3826.0,1.7838795690536495,0.47721283769607536
0.0001,3827.0,1.7838795671463017,0.47721281862258924
0.0001,3828.0,1.7838795700073244,0.4772127990722657
0.0001,3829.0,1.783879548072815,0.477212802886963
0.0001,3830.0,1.7838795471191404,0.4772127990722657
0.0001,3831.0,1.7838795595169064,0.4772127718925476
0.0001,3832.0,1.7838795528411862,0.47721275734901436
0.0001,3833.0,1.7838795661926268,0.47721275472640995
0.0001,3834.0,1.7838795604705813,0.47721274328231816
0.0001,3835.0,1.7838795547485342,0.47721274709701533
0.0001,3836.0,1.783879551887512,0.4772127413749695
0.0001,3837.0,1.7838795585632323,0.4772127211093902
0.0001,3838.0,1.783879554748534,0.47721273064613345
0.0001,3839.0,1.7838795747756953,0.4772127058506012
0.0001,3840.0,1.7838795471191398,0.47721271347999583
