lr,epoch,train_loss,val_loss
0.0001,0.0,14.064657363891603,2.2982521533966063
0.0001,1.0,14.060852813720706,2.2948167610168455
0.0001,2.0,14.057295303344727,2.2914082336425783
0.0001,3.0,14.053772315979003,2.2880152225494386
0.0001,4.0,14.050270156860352,2.284633855819702
0.0001,5.0,14.046782569885252,2.2812639141082762
0.0001,6.0,14.043308143615725,2.27790283203125
0.0001,7.0,14.03984573364258,2.274551439285278
0.0001,8.0,14.036394996643066,2.271209077835083
0.0001,9.0,14.03295539855957,2.2678753185272216
0.0001,10.0,14.029527015686034,2.2645500755310057
0.0001,11.0,14.026109161376953,2.2612336921691893
0.0001,12.0,14.022701721191407,2.257925148010254
0.0001,13.0,14.01930519104004,2.254624967575073
0.0001,14.0,14.015917472839357,2.2513324546813966
0.0001,15.0,14.01254077911377,2.2480481338500975
0.0001,16.0,14.009174957275391,2.24477165222168
0.0001,17.0,14.005817680358884,2.2415028858184813
0.0001,18.0,14.002471466064453,2.2382413291931154
0.0001,19.0,13.999133834838867,2.2349879837036135
0.0001,20.0,13.995806617736818,2.23174165725708
0.0001,21.0,13.992489318847658,2.2285031509399413
0.0001,22.0,13.989180679321288,2.2252722072601316
0.0001,23.0,13.985881576538086,2.2220484542846677
0.0001,24.0,13.982592391967774,2.2188314151763917
0.0001,25.0,13.979312667846681,2.2156223487854003
0.0001,26.0,13.9760408782959,2.2124206256866454
0.0001,27.0,13.972779846191406,2.2092255115509034
0.0001,28.0,13.96952781677246,2.2060379123687746
0.0001,29.0,13.966284255981446,2.2028571796417236
0.0001,30.0,13.963050079345702,2.1996836185455324
0.0001,31.0,13.959824676513673,2.1965168380737303
0.0001,32.0,13.956608428955079,2.193357229232788
0.0001,33.0,13.95340148925781,2.190204658508301
0.0001,34.0,13.95020290374756,2.187058868408203
0.0001,35.0,13.94701358795166,2.1839200973510744
0.0001,36.0,13.9438330078125,2.1807882595062256
0.0001,37.0,13.940661506652832,2.1776632022857667
0.0001,38.0,13.937498245239258,2.174544906616211
0.0001,39.0,13.934343719482422,2.171433210372925
0.0001,40.0,13.931198081970212,2.168328561782837
0.0001,41.0,13.928061332702638,2.165230646133423
0.0001,42.0,13.924932708740236,2.1621393394470214
0.0001,43.0,13.921812782287597,2.159054489135742
0.0001,44.0,13.918701515197755,2.1559771347045897
0.0001,45.0,13.915598564147949,2.152905387878418
0.0001,46.0,13.912504692077638,2.1498409652709958
0.0001,47.0,13.90941909790039,2.146782999038696
0.0001,48.0,13.906341857910157,2.1437313556671143
0.0001,49.0,13.903273086547852,2.1406869506835937
0.0001,50.0,13.900212745666503,2.1376485443115234
0.0001,51.0,13.897160415649415,2.134616813659668
0.0001,52.0,13.894116821289064,2.13159140586853
0.0001,53.0,13.891081199645999,2.128573169708252
0.0001,54.0,13.888054237365722,2.125560998916626
0.0001,55.0,13.885035629272462,2.1225551319122316
0.0001,56.0,13.882025299072266,2.1195562839508058
0.0001,57.0,13.879022903442383,2.1165638065338133
0.0001,58.0,13.876028823852542,2.113577308654785
0.0001,59.0,13.873042907714845,2.110597696304321
0.0001,60.0,13.870065460205078,2.1076243495941163
0.0001,61.0,13.86709583282471,2.1046574115753174
0.0001,62.0,13.86413471221924,2.1016968441009523
0.0001,63.0,13.861181411743164,2.0987427330017088
0.0001,64.0,13.85823616027832,2.0957950115203854
0.0001,65.0,13.855299758911132,2.0928535079956054
0.0001,66.0,13.85237106323242,2.0899185276031496
0.0001,67.0,13.849449844360352,2.0869900226593017
0.0001,68.0,13.846537132263183,2.0840675830841064
0.0001,69.0,13.843632507324218,2.081151361465454
0.0001,70.0,13.840735359191894,2.0782418346405027
0.0001,71.0,13.837847023010251,2.0753384590148922
0.0001,72.0,13.834965972900392,2.0724410438537597
0.0001,73.0,13.832093391418457,2.069550647735596
0.0001,74.0,13.829228324890138,2.0666657066345215
0.0001,75.0,13.826371002197265,2.063787269592285
0.0001,76.0,13.823522148132325,2.060915460586548
0.0001,77.0,13.82068119049072,2.0580494117736814
0.0001,78.0,13.817848052978515,2.0551897811889646
0.0001,79.0,13.815022468566896,2.0523361682891847
0.0001,80.0,13.812205467224123,2.0494892501831057
0.0001,81.0,13.809395370483399,2.0466482257843017
0.0001,82.0,13.806593246459963,2.0438136577606203
0.0001,83.0,13.80379878997803,2.040984659194946
0.0001,84.0,13.801012268066406,2.038162393569946
0.0001,85.0,13.798233489990235,2.035346088409424
0.0001,86.0,13.795463104248046,2.032535762786865
0.0001,87.0,13.792700271606448,2.0297318077087403
0.0001,88.0,13.789944610595702,2.0269340038299557
0.0001,89.0,13.787196922302247,2.024142265319824
0.0001,90.0,13.784456481933594,2.0213564872741703
0.0001,91.0,13.78172439575195,2.018576946258545
0.0001,92.0,13.778999214172364,2.0158032989501953
0.0001,93.0,13.776282234191893,2.0130358695983888
0.0001,94.0,13.773572502136231,2.010274591445923
0.0001,95.0,13.77087116241455,2.007519359588623
0.0001,96.0,13.768176803588869,2.0047701930999757
0.0001,97.0,13.765490341186524,2.0020269632339476
0.0001,98.0,13.762810859680176,1.9992897987365723
0.0001,99.0,13.760138969421387,1.9965585279464722
0.0001,100.0,13.757475013732911,1.9938335609436035
0.0001,101.0,13.754818458557128,1.9911143350601197
0.0001,102.0,13.752169799804689,1.9884014892578126
0.0001,103.0,13.74952835083008,1.9856943321228027
0.0001,104.0,13.746894149780273,1.9829933261871338
0.0001,105.0,13.744267616271973,1.9802980947494506
0.0001,106.0,13.741648178100585,1.9776086473464964
0.0001,107.0,13.739036483764648,1.9749256896972658
0.0001,108.0,13.73643253326416,1.9722480821609496
0.0001,109.0,13.73383571624756,1.9695768547058106
0.0001,110.0,13.73124584197998,1.966911096572876
0.0001,111.0,13.72866413116455,1.9642518520355225
0.0001,112.0,13.726089057922364,1.9615979766845704
0.0001,113.0,13.72352199554443,1.958950128555298
0.0001,114.0,13.720961608886718,1.9563082885742187
0.0001,115.0,13.718409271240235,1.953671941757202
0.0001,116.0,13.715863685607909,1.951042094230652
0.0001,117.0,13.71332508087158,1.9484174919128416
0.0001,118.0,13.710794143676758,1.9457990837097168
0.0001,119.0,13.708270645141601,1.9431864166259765
0.0001,120.0,13.705754051208498,1.9405793714523316
0.0001,121.0,13.703245086669922,1.9379787635803223
0.0001,122.0,13.700742988586425,1.935383243560791
0.0001,123.0,13.698248481750488,1.9327938985824584
0.0001,124.0,13.69576110839844,1.9302101230621338
0.0001,125.0,13.693280258178712,1.9276323795318604
0.0001,126.0,13.69080718994141,1.9250604438781738
0.0001,127.0,13.68834125518799,1.9224939680099487
0.0001,128.0,13.685881271362303,1.919933557510376
0.0001,129.0,13.683430213928224,1.9173784542083743
0.0001,130.0,13.680985412597657,1.9148294067382812
0.0001,131.0,13.678547744750977,1.912285852432251
0.0001,132.0,13.676116790771482,1.9097480916976928
0.0001,133.0,13.67369327545166,1.9072160530090332
0.0001,134.0,13.67127685546875,1.9046897745132447
0.0001,135.0,13.668866996765138,1.9021691942214964
0.0001,136.0,13.66646453857422,1.8996540975570677
0.0001,137.0,13.664069175720215,1.8971445655822754
0.0001,138.0,13.66168056488037,1.8946408081054686
0.0001,139.0,13.65929916381836,1.892142848968506
0.0001,140.0,13.656924476623535,1.8896503591537475
0.0001,141.0,13.654556808471682,1.8871633911132812
0.0001,142.0,13.652196655273437,1.8846823740005494
0.0001,143.0,13.649842453002927,1.8822066307067873
0.0001,144.0,13.647495422363281,1.8797368669509888
0.0001,145.0,13.64515522003174,1.8772721052169798
0.0001,146.0,13.642822074890136,1.874813175201416
0.0001,147.0,13.640495681762696,1.8723600721359253
0.0001,148.0,13.638176345825197,1.8699121999740602
0.0001,149.0,13.635862998962404,1.867469701766968
0.0001,150.0,13.633557624816893,1.8650330209732058
0.0001,151.0,13.631258697509763,1.8626019287109374
0.0001,152.0,13.628966484069824,1.8601763200759889
0.0001,153.0,13.626680183410643,1.857756028175354
0.0001,154.0,13.624402122497559,1.8553412818908692
0.0001,155.0,13.622130165100097,1.8529321479797365
0.0001,156.0,13.619864501953124,1.8505282449722291
0.0001,157.0,13.61760612487793,1.8481298017501833
0.0001,158.0,13.615354080200195,1.8457370138168336
0.0001,159.0,13.613108711242676,1.8433498382568358
0.0001,160.0,13.610870132446289,1.8409678077697753
0.0001,161.0,13.608638191223147,1.838591170310974
0.0001,162.0,13.60641242980957,1.836219778060913
0.0001,163.0,13.604194259643556,1.8338541460037232
0.0001,164.0,13.601981658935548,1.8314935207366942
0.0001,165.0,13.59977653503418,1.8291385698318483
0.0001,166.0,13.59757740020752,1.8267891025543213
0.0001,167.0,13.595384941101075,1.8244445610046387
0.0001,168.0,13.593199081420897,1.8221057748794556
0.0001,169.0,13.591020011901856,1.8197721099853514
0.0001,170.0,13.588846855163574,1.8174438524246215
0.0001,171.0,13.5866809463501,1.8151208686828613
0.0001,172.0,13.584520530700683,1.8128032684326172
0.0001,173.0,13.582367706298827,1.8104907274246216
0.0001,174.0,13.580221061706546,1.808183765411377
0.0001,175.0,13.578080673217775,1.8058819723129274
0.0001,176.0,13.575946235656739,1.8035854530334472
0.0001,177.0,13.573818817138672,1.8012941122055053
0.0001,178.0,13.571697998046874,1.799007968902588
0.0001,179.0,13.56958354949951,1.79672730922699
0.0001,180.0,13.567474212646486,1.7944519138336181
0.0001,181.0,13.565372467041017,1.7921813058853149
0.0001,182.0,13.563276824951172,1.789916310310364
0.0001,183.0,13.561187782287599,1.7876562309265136
0.0001,184.0,13.55910457611084,1.7854015350341796
0.0001,185.0,13.557028007507324,1.7831518459320068
0.0001,186.0,13.55495792388916,1.7809074640274047
0.0001,187.0,13.552893447875975,1.7786681938171387
0.0001,188.0,13.550835990905762,1.776434450149536
0.0001,189.0,13.548784370422364,1.7742051696777343
0.0001,190.0,13.546738815307618,1.771981258392334
0.0001,191.0,13.544699707031251,1.7697625827789305
0.0001,192.0,13.542666931152343,1.76754873752594
0.0001,193.0,13.540640029907227,1.7653404378890993
0.0001,194.0,13.538619499206543,1.7631369590759276
0.0001,195.0,13.536604309082032,1.7609385824203492
0.0001,196.0,13.534596786499023,1.7587451457977297
0.0001,197.0,13.532594070434568,1.756557126045227
0.0001,198.0,13.530598754882812,1.7543738603591919
0.0001,199.0,13.528608551025389,1.7521957302093507
0.0001,200.0,13.526624450683594,1.7500227451324464
0.0001,201.0,13.524646759033205,1.747854537963867
0.0001,202.0,13.522675056457519,1.7456911706924438
0.0001,203.0,13.520709571838378,1.7435333824157717
0.0001,204.0,13.518749694824221,1.7413802766799926
0.0001,205.0,13.516796226501464,1.7392320442199707
0.0001,206.0,13.514848442077636,1.7370887708663942
0.0001,207.0,13.512907104492188,1.734950375556946
0.0001,208.0,13.510971603393553,1.7328172969818114
0.0001,209.0,13.509041862487793,1.7306889533996581
0.0001,210.0,13.507117996215822,1.7285656452178957
0.0001,211.0,13.505200462341309,1.7264472675323486
0.0001,212.0,13.503288383483886,1.724333372116089
0.0001,213.0,13.501382598876955,1.7222250795364382
0.0001,214.0,13.499482498168945,1.7201210546493533
0.0001,215.0,13.497588882446292,1.718022131919861
0.0001,216.0,13.495699768066405,1.7159280395507812
0.0001,217.0,13.493818016052245,1.7138386487960817
0.0001,218.0,13.491941070556642,1.711754641532898
0.0001,219.0,13.490070533752444,1.7096749687194825
0.0001,220.0,13.488205299377443,1.7076004505157472
0.0001,221.0,13.486346511840821,1.705530548095703
0.0001,222.0,13.484492683410645,1.7034655618667602
0.0001,223.0,13.482645683288574,1.7014053249359131
0.0001,224.0,13.48080352783203,1.6993499040603637
0.0001,225.0,13.478967666625977,1.6972992706298828
0.0001,226.0,13.477137069702147,1.6952532863616945
0.0001,227.0,13.475312385559082,1.6932121229171753
0.0001,228.0,13.473493537902833,1.691175799369812
0.0001,229.0,13.471680412292482,1.689144320487976
0.0001,230.0,13.469872550964354,1.6871175527572633
0.0001,231.0,13.4680708694458,1.6850951290130616
0.0001,232.0,13.466274070739747,1.6830775690078734
0.0001,233.0,13.46448341369629,1.6810651111602781
0.0001,234.0,13.462698516845704,1.6790568447113037
0.0001,235.0,13.460919380187988,1.6770534324645996
0.0001,236.0,13.459145622253418,1.6750546455383302
0.0001,237.0,13.457376747131347,1.6730605268478391
0.0001,238.0,13.455614929199218,1.671071262359619
0.0001,239.0,13.453857307434083,1.6690865993499755
0.0001,240.0,13.45210594177246,1.6671066284179688
0.0001,241.0,13.450359840393066,1.6651308488845826
0.0001,242.0,13.448619384765626,1.6631602048873901
0.0001,243.0,13.446884346008304,1.6611937427520753
0.0001,244.0,13.445154762268066,1.6592323398590088
0.0001,245.0,13.443430557250977,1.6572750186920167
0.0001,246.0,13.44171199798584,1.6553226709365845
0.0001,247.0,13.439998817443849,1.6533746004104615
0.0001,248.0,13.438290634155274,1.651431450843811
0.0001,249.0,13.436589012145998,1.6494923925399783
0.0001,250.0,13.434891395568847,1.647558135986328
0.0001,251.0,13.433200302124025,1.6456284046173097
0.0001,252.0,13.431514015197756,1.6437033653259276
0.0001,253.0,13.429833030700683,1.6417825317382813
0.0001,254.0,13.42815814971924,1.6398662328720093
0.0001,255.0,13.426487426757815,1.6379545402526856
0.0001,256.0,13.424822807312012,1.6360472011566163
0.0001,257.0,13.423163146972655,1.634144597053528
0.0001,258.0,13.421509094238282,1.632246150970459
0.0001,259.0,13.419859848022464,1.6303523206710815
0.0001,260.0,13.418216514587401,1.6284630298614502
0.0001,261.0,13.416577911376951,1.6265777349472046
0.0001,262.0,13.414945030212401,1.6246972513198852
0.0001,263.0,13.413317070007324,1.6228211307525635
0.0001,264.0,13.411694450378418,1.6209497261047363
0.0001,265.0,13.41007713317871,1.619082293510437
0.0001,266.0,13.408464927673338,1.6172193145751952
0.0001,267.0,13.40685733795166,1.6153606796264648
0.0001,268.0,13.405255737304687,1.6135068321228028
0.0001,269.0,13.403658905029296,1.6116568517684935
0.0001,270.0,13.402066650390626,1.6098113679885864
0.0001,271.0,13.400480499267578,1.6079702377319336
0.0001,272.0,13.398899307250979,1.6061335182189942
0.0001,273.0,13.397322349548341,1.6043010425567625
0.0001,274.0,13.395751037597657,1.6024730110168455
0.0001,275.0,13.394185485839845,1.6006489753723145
0.0001,276.0,13.392623977661131,1.5988295650482178
0.0001,277.0,13.391068191528323,1.5970141744613646
0.0001,278.0,13.38951717376709,1.5952033329010011
0.0001,279.0,13.387971076965332,1.5933966398239134
0.0001,280.0,13.38643020629883,1.5915938472747801
0.0001,281.0,13.384894294738773,1.5897960805892946
0.0001,282.0,13.383363075256346,1.5880018568038943
0.0001,283.0,13.381837120056153,1.5862122583389282
0.0001,284.0,13.38031562805176,1.5844266366958617
0.0001,285.0,13.378799629211425,1.5826452589035034
0.0001,286.0,13.377288436889648,1.5808684110641478
0.0001,287.0,13.375782699584963,1.5790953874588012
0.0001,288.0,13.37428108215332,1.5773266839981077
0.0001,289.0,13.372784042358397,1.5755621528625487
0.0001,290.0,13.371292686462402,1.573801965713501
0.0001,291.0,13.369806060791015,1.5720457220077515
0.0001,292.0,13.368324356079102,1.5702937889099122
0.0001,293.0,13.36684726715088,1.5685459184646606
0.0001,294.0,13.365375022888184,1.5668019247055054
0.0001,295.0,13.363907279968261,1.5650622653961181
0.0001,296.0,13.36244468688965,1.5633267545700074
0.0001,297.0,13.360987434387209,1.561595458984375
0.0001,298.0,13.35953369140625,1.5598681926727294
0.0001,299.0,13.35808578491211,1.5581449127197264
0.0001,300.0,13.356642570495607,1.5564257383346556
0.0001,301.0,13.355204315185546,1.5547107553482054
0.0001,302.0,13.353769721984863,1.5529998254776
0.0001,303.0,13.35234043121338,1.5512926864624021
0.0001,304.0,13.35091548919678,1.5495897817611695
0.0001,305.0,13.349495849609374,1.5478908443450927
0.0001,306.0,13.34808048248291,1.546195945739746
0.0001,307.0,13.346669960021973,1.5445050764083863
0.0001,308.0,13.345263786315916,1.5428183031082154
0.0001,309.0,13.34386249542236,1.5411353635787963
0.0001,310.0,13.342465972900392,1.5394567823410035
0.0001,311.0,13.341073722839356,1.5377817726135254
0.0001,312.0,13.339686584472656,1.5361109352111817
0.0001,313.0,13.338303222656252,1.5344440507888795
0.0001,314.0,13.336925354003906,1.5327811527252198
0.0001,315.0,13.335551795959471,1.5311218833923341
0.0001,316.0,13.334182472229006,1.5294671440124512
0.0001,317.0,13.332817687988282,1.5278158807754516
0.0001,318.0,13.33145782470703,1.526168670654297
0.0001,319.0,13.330102577209475,1.5245253801345826
0.0001,320.0,13.328750915527344,1.5228858804702758
0.0001,321.0,13.327404327392577,1.5212503242492676
0.0001,322.0,13.326062622070312,1.5196187019348144
0.0001,323.0,13.3247253036499,1.517991056442261
0.0001,324.0,13.323392028808593,1.5163672542572022
0.0001,325.0,13.322063446044922,1.514747223854065
0.0001,326.0,13.320738983154298,1.513131036758423
0.0001,327.0,13.319419174194335,1.5115187835693358
0.0001,328.0,13.318103637695312,1.5099100399017336
0.0001,329.0,13.316792488098143,1.5083057498931884
0.0001,330.0,13.315485992431642,1.5067047834396363
0.0001,331.0,13.314183654785158,1.5051077508926392
0.0001,332.0,13.312886276245116,1.5035147047042847
0.0001,333.0,13.31159278869629,1.5019252109527588
0.0001,334.0,13.310303459167478,1.5003395318984984
0.0001,335.0,13.30901782989502,1.4987577629089355
0.0001,336.0,13.307737731933596,1.4971796989440918
0.0001,337.0,13.306461563110352,1.4956052637100221
0.0001,338.0,13.305189285278322,1.4940348148345948
0.0001,339.0,13.3039217376709,1.492467942237854
0.0001,340.0,13.302658653259277,1.4909049034118653
0.0001,341.0,13.301399307250978,1.4893454837799072
0.0001,342.0,13.300144882202149,1.487789626121521
0.0001,343.0,13.298894004821776,1.4862377786636354
0.0001,344.0,13.29764705657959,1.4846896362304687
0.0001,345.0,13.296405143737793,1.4831452417373656
0.0001,346.0,13.295166664123535,1.4816042804718017
0.0001,347.0,13.293932495117186,1.4800671339035034
0.0001,348.0,13.292703361511231,1.4785337018966676
0.0001,349.0,13.291477813720704,1.4770039987564085
0.0001,350.0,13.29025634765625,1.475477662086487
0.0001,351.0,13.289039154052734,1.4739551734924317
0.0001,352.0,13.287826118469239,1.4724362468719483
0.0001,353.0,13.2866170501709,1.4709210586547852
0.0001,354.0,13.285412178039552,1.469409327507019
0.0001,355.0,13.284211311340332,1.4679012441635133
0.0001,356.0,13.283014678955078,1.4663969230651857
0.0001,357.0,13.281822013854981,1.4648959159851074
0.0001,358.0,13.280633506774905,1.463398962020874
0.0001,359.0,13.27944881439209,1.4619050693511964
0.0001,360.0,13.278268356323244,1.4604148960113525
0.0001,361.0,13.277091445922851,1.4589284706115722
0.0001,362.0,13.275919494628907,1.457445707321167
0.0001,363.0,13.274750595092776,1.455966010093689
0.0001,364.0,13.27358627319336,1.4544903421401978
0.0001,365.0,13.272425994873046,1.4530178260803224
0.0001,366.0,13.271269073486327,1.4515491151809692
0.0001,367.0,13.27011646270752,1.4500836944580078
0.0001,368.0,13.268967781066893,1.4486219692230224
0.0001,369.0,13.267823333740235,1.4471638298034666
0.0001,370.0,13.266682739257812,1.4457089948654174
0.0001,371.0,13.265545501708987,1.4442578315734864
0.0001,372.0,13.264413070678712,1.442809886932373
0.0001,373.0,13.263284072875978,1.4413654088974
0.0001,374.0,13.262158546447754,1.4399246025085448
0.0001,375.0,13.261037254333496,1.438487057685852
0.0001,376.0,13.259919929504393,1.4370529794692994
0.0001,377.0,13.258806533813477,1.4356223678588869
0.0001,378.0,13.257696151733398,1.4341952562332154
0.0001,379.0,13.25659019470215,1.4327716541290283
0.0001,380.0,13.255488243103027,1.4313511180877685
0.0001,381.0,13.254389686584473,1.4299345588684083
0.0001,382.0,13.253295097351074,1.4285208892822265
0.0001,383.0,13.252204055786134,1.427110915184021
0.0001,384.0,13.251117553710937,1.4257041168212892
0.0001,385.0,13.250034484863283,1.424300708770752
0.0001,386.0,13.24895481109619,1.4229008340835572
0.0001,387.0,13.247878532409668,1.4215044021606444
0.0001,388.0,13.24680778503418,1.4201110363006593
0.0001,389.0,13.24573875427246,1.4187210941314699
0.0001,390.0,13.244674491882325,1.4173344564437866
0.0001,391.0,13.243613090515138,1.4159512853622438
0.0001,392.0,13.242556343078615,1.4145715284347533
0.0001,393.0,13.241502456665039,1.4131948137283326
0.0001,394.0,13.240452499389647,1.411821665763855
0.0001,395.0,13.23940647125244,1.4104515266418458
0.0001,396.0,13.23836338043213,1.409084987640381
0.0001,397.0,13.237324295043944,1.4077215003967285
0.0001,398.0,13.236289291381835,1.4063613605499268
0.0001,399.0,13.235257415771484,1.4050045824050903
0.0001,400.0,13.234229049682618,1.403651008605957
0.0001,401.0,13.233204841613768,1.402300567626953
0.0001,402.0,13.23218402862549,1.40095374584198
0.0001,403.0,13.231166877746583,1.3996098136901856
0.0001,404.0,13.230152626037599,1.398269100189209
0.0001,405.0,13.22914234161377,1.3969316482543945
0.0001,406.0,13.228135147094727,1.395597620010376
0.0001,407.0,13.227131919860842,1.3942666912078856
0.0001,408.0,13.226132583618163,1.3929387712478638
0.0001,409.0,13.2251362991333,1.3916144943237305
0.0001,410.0,13.22414337158203,1.3902932071685792
0.0001,411.0,13.223153915405273,1.3889749956130981
0.0001,412.0,13.222168350219727,1.3876600456237793
0.0001,413.0,13.221185874938968,1.3863482809066774
0.0001,414.0,13.220207023620606,1.3850395393371582
0.0001,415.0,13.219231719970704,1.3837341117858886
0.0001,416.0,13.218259925842286,1.3824318504333495
0.0001,417.0,13.217290916442872,1.3811325550079345
0.0001,418.0,13.21632583618164,1.3798364448547362
0.0001,419.0,13.215363693237308,1.3785434770584106
0.0001,420.0,13.214405670166016,1.3772536182403563
0.0001,421.0,13.213450622558595,1.3759668922424317
0.0001,422.0,13.212499122619631,1.374683198928833
0.0001,423.0,13.211550750732421,1.373402853012085
0.0001,424.0,13.210605888366699,1.3721256399154664
0.0001,425.0,13.209664115905762,1.3708511543273927
0.0001,426.0,13.208725814819337,1.3695798873901368
0.0001,427.0,13.207790908813477,1.3683116006851197
0.0001,428.0,13.20685935974121,1.3670465850830078
0.0001,429.0,13.20593132019043,1.3657844734191895
0.0001,430.0,13.205006217956543,1.3645255470275879
0.0001,431.0,13.20408428192139,1.3632694482803345
0.0001,432.0,13.203165855407715,1.3620166540145875
0.0001,433.0,13.202250518798827,1.3607666873931885
0.0001,434.0,13.201338996887205,1.3595197105407715
0.0001,435.0,13.200429573059083,1.3582757997512818
0.0001,436.0,13.199524345397949,1.3570350217819214
0.0001,437.0,13.198622283935546,1.355797243118286
0.0001,438.0,13.197723579406738,1.3545624446868896
0.0001,439.0,13.196827468872069,1.3533305931091308
0.0001,440.0,13.195934829711916,1.3521016883850097
0.0001,441.0,13.195045166015625,1.350875720977783
0.0001,442.0,13.194158973693849,1.3496526765823365
0.0001,443.0,13.193275527954102,1.3484327220916748
0.0001,444.0,13.192396240234375,1.3472156381607054
0.0001,445.0,13.191518859863281,1.346001434326172
0.0001,446.0,13.190645179748536,1.3447904062271117
0.0001,447.0,13.189774551391602,1.3435821199417115
0.0001,448.0,13.188907127380373,1.3423769664764404
0.0001,449.0,13.188042945861817,1.3411745834350586
0.0001,450.0,13.187181701660158,1.33997510433197
0.0001,451.0,13.186323165893555,1.3387784767150879
0.0001,452.0,13.185468368530273,1.3375848150253296
0.0001,453.0,13.184616355895995,1.3363942003250122
0.0001,454.0,13.183767623901366,1.3352062940597533
0.0001,455.0,13.18292152404785,1.334021258354187
0.0001,456.0,13.182078781127931,1.3328391695022583
0.0001,457.0,13.181238632202149,1.3316599082946778
0.0001,458.0,13.180402145385742,1.3304833030700682
0.0001,459.0,13.179568328857423,1.329309902191162
0.0001,460.0,13.178737182617187,1.3281392765045166
0.0001,461.0,13.177909317016601,1.326971435546875
0.0001,462.0,13.1770845413208,1.325806293487549
0.0001,463.0,13.176262626647949,1.3246441936492919
0.0001,464.0,13.175444297790527,1.3234848260879517
0.0001,465.0,13.174628486633301,1.3223282527923583
0.0001,466.0,13.173815078735354,1.3211745929718017
0.0001,467.0,13.17300533294678,1.3200236225128172
0.0001,468.0,13.172198028564452,1.3188753271102907
0.0001,469.0,13.17139389038086,1.317730097770691
0.0001,470.0,13.170592422485353,1.3165876960754395
0.0001,471.0,13.16979419708252,1.3154477882385254
0.0001,472.0,13.168998908996583,1.3143106842041017
0.0001,473.0,13.168205871582032,1.3131765174865722
0.0001,474.0,13.167416343688966,1.3120449829101564
0.0001,475.0,13.166629447937012,1.3109162998199462
0.0001,476.0,13.165845489501955,1.3097902059555053
0.0001,477.0,13.165064620971679,1.3086669921875
0.0001,478.0,13.1642858505249,1.3075465536117554
0.0001,479.0,13.163510284423829,1.306428508758545
0.0001,480.0,13.162738075256346,1.305313606262207
0.0001,481.0,13.161968421936036,1.304201283454895
0.0001,482.0,13.161201171874998,1.3030916357040405
0.0001,483.0,13.160436973571777,1.3019846534729005
0.0001,484.0,13.159675216674804,1.3008802509307862
0.0001,485.0,13.158916473388672,1.299778685569763
0.0001,486.0,13.15816017150879,1.2986799812316894
0.0001,487.0,13.157407608032226,1.2975835752487184
0.0001,488.0,13.156656913757324,1.2964901161193847
0.0001,489.0,13.155909233093261,1.2953995704650878
0.0001,490.0,13.15516460418701,1.2943110847473145
0.0001,491.0,13.154422492980958,1.293225555419922
0.0001,492.0,13.153683013916018,1.2921427583694458
0.0001,493.0,13.152946395874022,1.2910624408721925
0.0001,494.0,13.152212524414063,1.2899847793579102
0.0001,495.0,13.151480979919432,1.2889095973968505
0.0001,496.0,13.150751762390136,1.2878373861312866
0.0001,497.0,13.150025901794432,1.2867677307128906
0.0001,498.0,13.149302711486817,1.2857005453109742
0.0001,499.0,13.148581848144532,1.2846359729766845
0.0001,500.0,13.14786407470703,1.2835741090774537
0.0001,501.0,13.147148208618164,1.2825145959854125
0.0001,502.0,13.146435737609863,1.2814580631256103
0.0001,503.0,13.145725898742677,1.2804036855697631
0.0001,504.0,13.145018005371094,1.279352331161499
0.0001,505.0,13.144313430786134,1.2783032846450806
0.0001,506.0,13.143610763549804,1.2772567081451416
0.0001,507.0,13.142910537719727,1.2762127542495727
0.0001,508.0,13.142213516235351,1.2751713132858276
0.0001,509.0,13.141519241333008,1.2741325187683106
0.0001,510.0,13.140827331542967,1.2730962038040161
0.0001,511.0,13.140137672424316,1.272062520980835
0.0001,512.0,13.139451065063476,1.271031255722046
0.0001,513.0,13.138766517639164,1.2700026559829711
0.0001,514.0,13.138084602355956,1.268976559638977
0.0001,515.0,13.137405853271483,1.267952823638916
0.0001,516.0,13.136728248596192,1.2669317436218261
0.0001,517.0,13.136054267883301,1.265913133621216
0.0001,518.0,13.135382308959962,1.264896984100342
0.0001,519.0,13.134712677001952,1.263883228302002
0.0001,520.0,13.134046401977539,1.2628721809387207
0.0001,521.0,13.1333821105957,1.2618633127212524
0.0001,522.0,13.13272003173828,1.2608573150634765
0.0001,523.0,13.132060546875,1.2598533773422242
0.0001,524.0,13.131403579711915,1.2588520288467406
0.0001,525.0,13.130749130249022,1.2578533124923705
0.0001,526.0,13.130096893310547,1.2568570899963378
0.0001,527.0,13.129447441101075,1.255862946510315
0.0001,528.0,13.128800163269043,1.2548715448379517
0.0001,529.0,13.128155250549316,1.2538823413848876
0.0001,530.0,13.127512397766115,1.2528957414627075
0.0001,531.0,13.126872901916505,1.251911425590515
0.0001,532.0,13.126235046386718,1.2509298849105834
0.0001,533.0,13.125599594116213,1.2499503374099732
0.0001,534.0,13.124967155456543,1.2489734554290772
0.0001,535.0,13.124336509704587,1.2479988050460815
0.0001,536.0,13.123708419799804,1.247026572227478
0.0001,537.0,13.123082580566408,1.2460569190979005
0.0001,538.0,13.122458953857421,1.245089430809021
0.0001,539.0,13.121837730407716,1.2441242408752442
0.0001,540.0,13.121218948364257,1.2431616401672363
0.0001,541.0,13.120601959228514,1.2422014236450196
0.0001,542.0,13.119988441467285,1.24124342918396
0.0001,543.0,13.119375915527344,1.2402878379821778
0.0001,544.0,13.118766555786133,1.2393346214294434
0.0001,545.0,13.118159523010252,1.2383838224411012
0.0001,546.0,13.117554512023926,1.237435221672058
0.0001,547.0,13.11695156097412,1.2364891242980955
0.0001,548.0,13.116351203918457,1.2355450201034546
0.0001,549.0,13.11575309753418,1.23460364818573
0.0001,550.0,13.11515724182129,1.2336645412445069
0.0001,551.0,13.114562797546387,1.2327274894714355
0.0001,552.0,13.113971748352052,1.2317930412292482
0.0001,553.0,13.113382301330565,1.2308607053756713
0.0001,554.0,13.112795257568358,1.2299305152893065
0.0001,555.0,13.11221046447754,1.2290030765533446
0.0001,556.0,13.111627731323244,1.2280775356292726
0.0001,557.0,13.111047554016112,1.227154507637024
0.0001,558.0,13.110468864440918,1.2262335395812989
0.0001,559.0,13.109893226623534,1.2253150510787965
0.0001,560.0,13.109319267272948,1.224398741722107
0.0001,561.0,13.108747787475584,1.2234848499298097
0.0001,562.0,13.108177871704104,1.222572994232178
0.0001,563.0,13.107610893249511,1.2216634464263916
0.0001,564.0,13.107045135498046,1.2207561206817628
0.0001,565.0,13.106482467651366,1.2198511791229247
0.0001,566.0,13.105920791625978,1.2189484357833862
0.0001,567.0,13.105362396240233,1.2180476760864258
0.0001,568.0,13.10480583190918,1.2171493864059448
0.0001,569.0,13.104250717163085,1.2162533760070802
0.0001,570.0,13.103698425292968,1.2153592681884766
0.0001,571.0,13.103148231506347,1.2144677305221556
0.0001,572.0,13.102599983215335,1.2135782957077026
0.0001,573.0,13.102053527832032,1.2126909828186034
0.0001,574.0,13.101509284973144,1.2118057298660279
0.0001,575.0,13.10096740722656,1.210923023223877
0.0001,576.0,13.100427055358889,1.2100423431396485
0.0001,577.0,13.099888877868652,1.2091639184951783
0.0001,578.0,13.099352874755859,1.208287410736084
0.0001,579.0,13.09881935119629,1.207413339614868
0.0001,580.0,13.098287582397463,1.2065413284301758
0.0001,581.0,13.097757301330565,1.2056714963912964
0.0001,582.0,13.097229766845704,1.2048040914535523
0.0001,583.0,13.096704254150392,1.2039385175704955
0.0001,584.0,13.09618019104004,1.203074893951416
0.0001,585.0,13.095658264160155,1.2022137832641602
0.0001,586.0,13.095139160156252,1.2013549280166627
0.0001,587.0,13.094620513916015,1.2004978275299072
0.0001,588.0,13.094105224609375,1.1996430253982544
0.0001,589.0,13.093591270446778,1.1987904548645019
0.0001,590.0,13.093079109191894,1.197939715385437
0.0001,591.0,13.092569313049317,1.1970912408828736
0.0001,592.0,13.092061309814454,1.196244945526123
0.0001,593.0,13.091555252075196,1.1954005670547485
0.0001,594.0,13.09105094909668,1.1945586061477662
0.0001,595.0,13.09054901123047,1.193718400001526
0.0001,596.0,13.090048866271973,1.1928806543350219
0.0001,597.0,13.089550476074217,1.192044620513916
0.0001,598.0,13.089054374694827,1.1912110567092895
0.0001,599.0,13.088559799194336,1.1903791952133178
0.0001,600.0,13.088067359924317,1.1895495223999024
0.0001,601.0,13.087576179504396,1.1887220382690429
0.0001,602.0,13.087087593078614,1.1878965044021605
0.0001,603.0,13.08660057067871,1.187073073387146
0.0001,604.0,13.086115493774416,1.1862517786026001
0.0001,605.0,13.085632209777833,1.185432367324829
0.0001,606.0,13.085150985717773,1.1846152639389038
0.0001,607.0,13.084671173095703,1.1837998962402343
0.0001,608.0,13.084194412231446,1.1829867601394652
0.0001,609.0,13.083718452453615,1.1821754121780397
0.0001,610.0,13.08324417114258,1.1813663291931151
0.0001,611.0,13.082772254943848,1.1805591630935668
0.0001,612.0,13.082301597595213,1.1797539377212525
0.0001,613.0,13.081832923889161,1.1789511299133302
0.0001,614.0,13.081366233825683,1.178149847984314
0.0001,615.0,13.080901679992678,1.1773509311676027
0.0001,616.0,13.080438461303713,1.1765536594390869
0.0001,617.0,13.079977226257322,1.1757586431503295
0.0001,618.0,13.079517974853516,1.1749655866622923
0.0001,619.0,13.079059982299805,1.1741745138168334
0.0001,620.0,13.078604240417478,1.1733853387832642
0.0001,621.0,13.0781502532959,1.1725981998443604
0.0001,622.0,13.07769775390625,1.1718130445480346
0.0001,623.0,13.077247009277343,1.1710297203063964
0.0001,624.0,13.076797714233397,1.170248475074768
0.0001,625.0,13.076350936889648,1.1694692373275757
0.0001,626.0,13.075905456542968,1.1686918306350709
0.0001,627.0,13.075461616516113,1.1679165363311768
0.0001,628.0,13.075019454956056,1.1671431064605713
0.0001,629.0,13.074579315185549,1.1663716697692872
0.0001,630.0,13.074140777587889,1.1656019353866578
0.0001,631.0,13.073704223632813,1.164834704399109
0.0001,632.0,13.073268890380861,1.1640687847137452
0.0001,633.0,13.072835426330565,1.163304934501648
0.0001,634.0,13.072403717041016,1.162543306350708
0.0001,635.0,13.071973838806155,1.1617832374572754
0.0001,636.0,13.071544876098633,1.161025218963623
0.0001,637.0,13.071118774414062,1.1602692461013793
0.0001,638.0,13.070693664550781,1.1595150518417359
0.0001,639.0,13.070269737243654,1.1587626457214355
0.0001,640.0,13.069847984313967,1.158012309074402
0.0001,641.0,13.069427871704102,1.1572638368606567
0.0001,642.0,13.069009323120117,1.1565170764923096
0.0001,643.0,13.068592262268067,1.1557724952697754
0.0001,644.0,13.068177566528322,1.1550296258926391
0.0001,645.0,13.06776351928711,1.1542885541915893
0.0001,646.0,13.067352027893067,1.153549575805664
0.0001,647.0,13.066941375732421,1.1528120374679567
0.0001,648.0,13.066532669067382,1.1520767974853516
0.0001,649.0,13.066125488281248,1.151343388557434
0.0001,650.0,13.06571964263916,1.1506116056442262
0.0001,651.0,13.065316009521483,1.1498818063735963
0.0001,652.0,13.064913558959962,1.1491537618637084
0.0001,653.0,13.064512634277344,1.148427700996399
0.0001,654.0,13.064113845825197,1.147703275680542
0.0001,655.0,13.063715362548828,1.1469809103012085
0.0001,656.0,13.06331974029541,1.1462600612640381
0.0001,657.0,13.06292495727539,1.1455413484573365
0.0001,658.0,13.062532119750976,1.1448243904113768
0.0001,659.0,13.06214054107666,1.1441091775894165
0.0001,660.0,13.061750411987305,1.1433957195281983
0.0001,661.0,13.06136219024658,1.1426843214035034
0.0001,662.0,13.060975074768065,1.1419745826721193
0.0001,663.0,13.06059005737305,1.1412666511535643
0.0001,664.0,13.060205879211427,1.1405604124069213
0.0001,665.0,13.059823417663576,1.1398560905456543
0.0001,666.0,13.059442749023438,1.139153437614441
0.0001,667.0,13.059063529968263,1.1384527254104615
0.0001,668.0,13.058685569763185,1.1377536058425903
0.0001,669.0,13.058309059143067,1.1370565128326415
0.0001,670.0,13.057934494018557,1.1363610458374023
0.0001,671.0,13.057560958862304,1.13566725730896
0.0001,672.0,13.057189292907715,1.1349753665924074
0.0001,673.0,13.05681858062744,1.134285068511963
0.0001,674.0,13.0564501953125,1.133596830368042
0.0001,675.0,13.056082344055177,1.132910099029541
0.0001,676.0,13.055715866088867,1.1322252416610716
0.0001,677.0,13.055351371765136,1.13154194355011
0.0001,678.0,13.054988555908205,1.1308605432510377
0.0001,679.0,13.054626846313477,1.1301809644699097
0.0001,680.0,13.054266242980958,1.1295029878616334
0.0001,681.0,13.053907051086425,1.1288267135620116
0.0001,682.0,13.05354995727539,1.1281523036956786
0.0001,683.0,13.05319351196289,1.1274795961380004
0.0001,684.0,13.052839431762695,1.1268084478378295
0.0001,685.0,13.052485542297362,1.1261390876770019
0.0001,686.0,13.052133750915528,1.1254716253280639
0.0001,687.0,13.051783523559571,1.1248055601119995
0.0001,688.0,13.051434631347655,1.124141478538513
0.0001,689.0,13.051086654663086,1.1234787940979003
0.0001,690.0,13.050740623474121,1.1228180503845215
0.0001,691.0,13.050395088195803,1.1221588563919067
0.0001,692.0,13.050051612854004,1.1215014505386351
0.0001,693.0,13.049709434509278,1.1208455181121826
0.0001,694.0,13.04936855316162,1.1201916027069092
0.0001,695.0,13.049029388427735,1.1195392036437988
0.0001,696.0,13.048690605163573,1.1188883876800537
0.0001,697.0,13.0483544921875,1.118239402770996
0.0001,698.0,13.04801918029785,1.1175920867919922
0.0001,699.0,13.047684707641599,1.116946244239807
0.0001,700.0,13.047351837158205,1.116302342414856
0.0001,701.0,13.047020416259766,1.1156597518920899
0.0001,702.0,13.046690597534178,1.1150190687179564
0.0001,703.0,13.04636157989502,1.1143799686431886
0.0001,704.0,13.046033782958984,1.1137423944473266
0.0001,705.0,13.045707817077636,1.1131066656112671
0.0001,706.0,13.045382652282715,1.112472343444824
0.0001,707.0,13.045059547424318,1.1118398427963256
0.0001,708.0,13.044736671447755,1.1112089681625366
0.0001,709.0,13.04441593170166,1.1105795669555665
0.0001,710.0,13.044095916748049,1.1099520301818848
0.0001,711.0,13.043777160644531,1.1093258905410766
0.0001,712.0,13.043460159301757,1.1087014770507813
0.0001,713.0,13.04314380645752,1.1080786323547365
0.0001,714.0,13.042829513549805,1.1074572610855102
0.0001,715.0,13.042516059875487,1.1068377017974853
0.0001,716.0,13.042203903198242,1.1062195825576784
0.0001,717.0,13.041892967224122,1.10560320854187
0.0001,718.0,13.041583518981932,1.1049884510040284
0.0001,719.0,13.041274528503418,1.104374990463257
0.0001,720.0,13.040967483520507,1.1037634086608885
0.0001,721.0,13.04066173553467,1.103153395652771
0.0001,722.0,13.040356826782228,1.102544846534729
0.0001,723.0,13.040053253173827,1.1019379997253418
0.0001,724.0,13.039750976562502,1.1013325929641724
0.0001,725.0,13.039449768066406,1.1007288885116577
0.0001,726.0,13.039149742126465,1.1001266813278199
0.0001,727.0,13.03885139465332,1.0995258378982544
0.0001,728.0,13.038553314208984,1.0989268255233764
0.0001,729.0,13.038257179260253,1.0983293104171752
0.0001,730.0,13.03796184539795,1.0977333116531371
0.0001,731.0,13.037668075561523,1.0971387672424318
0.0001,732.0,13.0373751449585,1.0965459871292116
0.0001,733.0,13.037083549499512,1.095954432487488
0.0001,734.0,13.036793479919433,1.0953648281097412
0.0001,735.0,13.036503791809082,1.0947765350341796
0.0001,736.0,13.036215362548829,1.0941895866394042
0.0001,737.0,13.035928840637208,1.0936044597625731
0.0001,738.0,13.035643119812013,1.0930208492279052
0.0001,739.0,13.03535820007324,1.0924385499954223
0.0001,740.0,13.035074577331544,1.0918578433990478
0.0001,741.0,13.034792556762694,1.091278829574585
0.0001,742.0,13.034511070251463,1.0907011795043946
0.0001,743.0,13.03423110961914,1.0901249504089356
0.0001,744.0,13.033952140808106,1.0895502805709838
0.0001,745.0,13.033674430847167,1.0889771842956544
0.0001,746.0,13.03339725494385,1.0884054946899415
0.0001,747.0,13.033121681213377,1.0878354120254516
0.0001,748.0,13.032847023010254,1.087266812324524
0.0001,749.0,13.032574157714844,1.0866997289657594
0.0001,750.0,13.032301445007326,1.0861339807510375
0.0001,751.0,13.032030029296875,1.0855697059631348
0.0001,752.0,13.031760063171387,1.0850069475173951
0.0001,753.0,13.031491012573243,1.0844457387924193
0.0001,754.0,13.03122314453125,1.0838859844207764
0.0001,755.0,13.030956306457519,1.083327703475952
0.0001,756.0,13.030690383911136,1.0827707862854004
0.0001,757.0,13.030426139831542,1.0822153997421264
0.0001,758.0,13.03016216278076,1.0816615724563599
0.0001,759.0,13.029899368286133,1.0811090135574342
0.0001,760.0,13.029637603759765,1.0805579948425295
0.0001,761.0,13.02937786102295,1.0800083827972413
0.0001,762.0,13.029118156433107,1.0794603443145752
0.0001,763.0,13.028859901428225,1.0789137029647828
0.0001,764.0,13.028602409362794,1.0783682870864868
0.0001,765.0,13.02834560394287,1.077824625968933
0.0001,766.0,13.028090438842773,1.0772820281982423
0.0001,767.0,13.02783676147461,1.0767411088943482
0.0001,768.0,13.02758316040039,1.0762016105651857
0.0001,769.0,13.027331314086917,1.0756634664535523
0.0001,770.0,13.027079963684082,1.0751267433166505
0.0001,771.0,13.026829719543457,1.0745915794372558
0.0001,772.0,13.026580772399901,1.0740577936172486
0.0001,773.0,13.026332473754884,1.07352520942688
0.0001,774.0,13.026084976196291,1.0729942846298217
0.0001,775.0,13.025839195251466,1.0724646043777466
0.0001,776.0,13.025593605041504,1.071936411857605
0.0001,777.0,13.025349807739257,1.0714095830917358
0.0001,778.0,13.025106620788574,1.0708839893341064
0.0001,779.0,13.024864997863771,1.0703600120544434
0.0001,780.0,13.024623336791992,1.0698373460769655
0.0001,781.0,13.024383354187012,1.069316120147705
0.0001,782.0,13.024143981933594,1.0687961435317992
0.0001,783.0,13.02390567779541,1.0682776927948
0.0001,784.0,13.023668251037599,1.06776047706604
0.0001,785.0,13.023432273864744,1.0672447156906129
0.0001,786.0,13.023196220397951,1.066730275154114
0.0001,787.0,13.022961730957032,1.0662173652648925
0.0001,788.0,13.02272846221924,1.0657055473327637
0.0001,789.0,13.022496643066406,1.0651952695846558
0.0001,790.0,13.022264900207519,1.0646861839294433
0.0001,791.0,13.022033767700194,1.0641787672042846
0.0001,792.0,13.021804389953614,1.063672456741333
0.0001,793.0,13.021575622558595,1.0631674242019653
0.0001,794.0,13.021347732543946,1.0626638984680175
0.0001,795.0,13.021120300292969,1.062161750793457
0.0001,796.0,13.020894775390625,1.0616606855392456
0.0001,797.0,13.020669555664062,1.061161289215088
0.0001,798.0,13.020445327758791,1.0606630754470825
0.0001,799.0,13.020222053527831,1.0601661729812624
0.0001,800.0,13.019999732971192,1.0596705055236817
0.0001,801.0,13.01977813720703,1.0591763544082642
0.0001,802.0,13.019558029174803,1.0586834621429444
0.0001,803.0,13.019338264465333,1.0581919240951538
0.0001,804.0,13.019119377136231,1.057701644897461
0.0001,805.0,13.018901100158693,1.0572126531600952
0.0001,806.0,13.01868434906006,1.0567249631881714
0.0001,807.0,13.018467979431152,1.056238498687744
0.0001,808.0,13.018252944946289,1.0557535839080812
0.0001,809.0,13.018038597106933,1.0552698612213134
0.0001,810.0,13.017824668884279,1.054787459373474
0.0001,811.0,13.017612495422366,1.054306240081787
0.0001,812.0,13.017400474548337,1.0538262557983398
0.0001,813.0,13.017189559936522,1.0533478450775147
0.0001,814.0,13.016979789733885,1.0528705167770385
0.0001,815.0,13.01677032470703,1.0523944568634034
0.0001,816.0,13.016561965942381,1.0519197511672975
0.0001,817.0,13.016354637145996,1.0514463472366333
0.0001,818.0,13.016147689819334,1.0509741783142088
0.0001,819.0,13.015942115783691,1.0505032014846802
0.0001,820.0,13.01573715209961,1.0500335693359375
0.0001,821.0,13.015533485412599,1.0495652914047242
0.0001,822.0,13.015329322814942,1.0490981197357176
0.0001,823.0,13.01512752532959,1.0486322593688964
0.0001,824.0,13.014925460815432,1.048167634010315
0.0001,825.0,13.01472511291504,1.0477043104171753
0.0001,826.0,13.014524841308594,1.0472422647476196
0.0001,827.0,13.014325790405277,1.0467813682556153
0.0001,828.0,13.01412712097168,1.046321816444397
0.0001,829.0,13.013930053710935,1.0458634662628175
0.0001,830.0,13.01373275756836,1.0454063749313356
0.0001,831.0,13.013536987304688,1.0449505186080932
0.0001,832.0,13.013341789245603,1.0444956922531128
0.0001,833.0,13.013147239685058,1.0440424156188965
0.0001,834.0,13.012953796386718,1.0435900926589965
0.0001,835.0,13.012760963439941,1.0431393098831176
0.0001,836.0,13.0125687789917,1.0426895666122435
0.0001,837.0,13.012377700805663,1.042240972518921
0.0001,838.0,13.012187156677246,1.0417937660217285
0.0001,839.0,13.01199729919434,1.0413476753234863
0.0001,840.0,13.011808815002443,1.040902919769287
0.0001,841.0,13.011620597839354,1.040459213256836
0.0001,842.0,13.011432952880861,1.0400167322158813
0.0001,843.0,13.011246910095215,1.0395754432678221
0.0001,844.0,13.011061096191407,1.039135456085205
0.0001,845.0,13.010875701904297,1.0386966276168823
0.0001,846.0,13.010691337585449,1.0382589054107667
0.0001,847.0,13.010508041381835,1.0378224515914916
0.0001,848.0,13.010324745178224,1.0373872756958007
0.0001,849.0,13.010142936706545,1.0369531726837158
0.0001,850.0,13.00996154785156,1.0365202856063842
0.0001,851.0,13.00978054046631,1.0360886001586915
0.0001,852.0,13.009601097106934,1.0356579780578614
0.0001,853.0,13.009421844482423,1.0352287530899047
0.0001,854.0,13.009243354797363,1.034800362586975
0.0001,855.0,13.009065704345703,1.0343735218048096
0.0001,856.0,13.008888511657714,1.0339477777481079
0.0001,857.0,13.00871234893799,1.0335229539871216
0.0001,858.0,13.008536567687988,1.0330995178222655
0.0001,859.0,13.008362464904785,1.0326771211624144
0.0001,860.0,13.00818801879883,1.0322560691833496
0.0001,861.0,13.008014831542967,1.031835961341858
0.0001,862.0,13.007842140197752,1.0314169359207153
0.0001,863.0,13.007670135498048,1.0309992551803588
0.0001,864.0,13.007499046325686,1.030582766532898
0.0001,865.0,13.007328491210938,1.030167384147644
0.0001,866.0,13.007158012390137,1.0297529554367064
0.0001,867.0,13.006989364624024,1.0293398046493532
0.0001,868.0,13.006820869445802,1.0289277172088622
0.0001,869.0,13.006653175354005,1.0285168647766114
0.0001,870.0,13.006485939025879,1.0281071615219117
0.0001,871.0,13.006319389343263,1.0276984977722168
0.0001,872.0,13.006153450012208,1.0272909736633302
0.0001,873.0,13.005988464355468,1.0268845987319946
0.0001,874.0,13.005824470520018,1.0264793395996095
0.0001,875.0,13.005660324096679,1.0260752296447753
0.0001,876.0,13.005497245788575,1.0256722354888916
0.0001,877.0,13.005335350036622,1.0252703380584716
0.0001,878.0,13.005173263549803,1.0248694896697998
0.0001,879.0,13.005012168884278,1.0244697809219359
0.0001,880.0,13.004851837158204,1.0240711879730224
0.0001,881.0,13.004691734313965,1.0236738967895507
0.0001,882.0,13.00453300476074,1.0232774925231933
0.0001,883.0,13.00437461853027,1.0228821516036988
0.0001,884.0,13.004216270446777,1.0224880027770995
0.0001,885.0,13.00405975341797,1.022094850540161
0.0001,886.0,13.003902854919435,1.0217028713226317
0.0001,887.0,13.003747215270998,1.021312017440796
0.0001,888.0,13.00359188079834,1.0209221506118773
0.0001,889.0,13.00343704223633,1.0205333995819093
0.0001,890.0,13.003283157348633,1.020145797729492
0.0001,891.0,13.00312961578369,1.0197590732574462
0.0001,892.0,13.002976837158204,1.0193736934661866
0.0001,893.0,13.002824592590331,1.0189892148971558
0.0001,894.0,13.002673568725587,1.0186058616638183
0.0001,895.0,13.002522735595704,1.0182236051559448
0.0001,896.0,13.002372283935546,1.017842354774475
0.0001,897.0,13.002222404479982,1.0174622535705566
0.0001,898.0,13.002073516845703,1.0170830965042115
0.0001,899.0,13.00192539215088,1.0167050981521606
0.0001,900.0,13.001776809692386,1.0163280534744263
0.0001,901.0,13.001629829406737,1.0159520721435547
0.0001,902.0,13.001483535766603,1.015577163696289
0.0001,903.0,13.001337203979492,1.015203447341919
0.0001,904.0,13.001191978454589,1.0148304796218872
0.0001,905.0,13.001047286987305,1.0144588327407837
0.0001,906.0,13.00090274810791,1.0140881633758545
0.0001,907.0,13.000758781433106,1.0137184572219848
0.0001,908.0,13.000615997314451,1.0133498907089233
0.0001,909.0,13.00047351837158,1.0129821348190307
0.0001,910.0,13.00033187866211,1.0126157569885255
0.0001,911.0,13.000190238952639,1.0122500944137574
0.0001,912.0,13.000049400329592,1.0118856143951416
0.0001,913.0,12.999909439086913,1.011522216796875
0.0001,914.0,12.999769287109375,1.0111597633361817
0.0001,915.0,12.999630508422852,1.0107982301712035
0.0001,916.0,12.99949203491211,1.0104376840591431
0.0001,917.0,12.99935390472412,1.0100782871246339
0.0001,918.0,12.999216613769534,1.0097199296951294
0.0001,919.0,12.999080047607423,1.0093624734878541
0.0001,920.0,12.998943862915041,1.009006209373474
0.0001,921.0,12.998807640075682,1.008650779724121
0.0001,922.0,12.998673057556154,1.0082963562011718
0.0001,923.0,12.998537979125977,1.0079430961608886
0.0001,924.0,12.998404159545899,1.0075907325744629
0.0001,925.0,12.998270568847657,1.0072391939163208
0.0001,926.0,12.99813762664795,1.0068887948989869
0.0001,927.0,12.998005294799805,1.0065394020080567
0.0001,928.0,12.997873229980467,1.0061909532546998
0.0001,929.0,12.997742347717285,1.0058435773849488
0.0001,930.0,12.997611160278321,1.0054970359802247
0.0001,931.0,12.99748119354248,1.005151720046997
0.0001,932.0,12.997351608276368,1.0048071193695067
0.0001,933.0,12.997222175598145,1.00446368932724
0.0001,934.0,12.997093849182129,1.0041211795806884
0.0001,935.0,12.99696537017822,1.0037794184684754
0.0001,936.0,12.996837844848633,1.003438904285431
0.0001,937.0,12.996710815429688,1.003099365234375
0.0001,938.0,12.996583938598633,1.002760694026947
0.0001,939.0,12.996458015441895,1.00242290019989
0.0001,940.0,12.996332473754885,1.0020862221717834
0.0001,941.0,12.996207351684571,1.0017503690719605
0.0001,942.0,12.996082572937013,1.0014156651496888
0.0001,943.0,12.995958595275878,1.0010818934440613
0.0001,944.0,12.995834922790529,1.000748815536499
0.0001,945.0,12.995712242126464,1.000416874885559
0.0001,946.0,12.99558925628662,1.000085802078247
0.0001,947.0,12.99546733856201,0.9997556614875793
0.0001,948.0,12.995345916748049,0.9994265389442445
0.0001,949.0,12.995224838256837,0.9990984368324279
0.0001,950.0,12.995103950500487,0.9987710928916931
0.0001,951.0,12.994983978271486,0.9984448647499085
0.0001,952.0,12.994864463806154,0.9981193852424621
0.0001,953.0,12.994744873046876,0.9977949905395508
0.0001,954.0,12.994626655578614,0.9974713969230652
0.0001,955.0,12.994508972167969,0.9971488261222841
0.0001,956.0,12.994390602111816,0.9968270826339722
0.0001,957.0,12.994273376464845,0.9965064215660095
0.0001,958.0,12.99415714263916,0.996186556816101
0.0001,959.0,12.994040412902834,0.9958676075935363
0.0001,960.0,12.993924484252931,0.9955495429039001
0.0001,961.0,12.993809776306152,0.9952325129508972
0.0001,962.0,12.993694801330566,0.9949163722991943
0.0001,963.0,12.993580513000488,0.994600989818573
0.0001,964.0,12.99346664428711,0.9942866539955139
0.0001,965.0,12.993353118896485,0.9939732336997986
0.0001,966.0,12.993239974975586,0.993660659790039
0.0001,967.0,12.99312744140625,0.9933490061759949
0.0001,968.0,12.993015136718752,0.9930382466316223
0.0001,969.0,12.992903747558595,0.9927282357215882
0.0001,970.0,12.992792434692385,0.9924193143844604
0.0001,971.0,12.99268180847168,0.9921112442016602
0.0001,972.0,12.992571983337402,0.9918040132522583
0.0001,973.0,12.992461700439453,0.9914977264404297
0.0001,974.0,12.992352218627929,0.9911924028396607
0.0001,975.0,12.992243499755858,0.990887839794159
0.0001,976.0,12.99213478088379,0.9905841755867004
0.0001,977.0,12.992026481628418,0.9902813243865967
0.0001,978.0,12.991918716430664,0.9899794864654541
0.0001,979.0,12.991811981201174,0.9896784138679504
0.0001,980.0,12.991704673767089,0.9893782019615174
0.0001,981.0,12.991598892211915,0.9890788960456848
0.0001,982.0,12.991492767333984,0.9887805271148682
0.0001,983.0,12.991387596130371,0.9884829759597779
0.0001,984.0,12.991282272338866,0.9881861901283264
0.0001,985.0,12.991177749633792,0.9878903245925903
0.0001,986.0,12.991073608398438,0.9875954151153564
0.0001,987.0,12.990969886779784,0.9873012566566468
0.0001,988.0,12.990866508483888,0.9870080494880676
0.0001,989.0,12.990763549804687,0.9867155766487121
0.0001,990.0,12.990660705566407,0.9864240264892579
0.0001,991.0,12.990559234619141,0.986133451461792
0.0001,992.0,12.990456962585451,0.9858434247970581
0.0001,993.0,12.990355834960939,0.9855543899536133
0.0001,994.0,12.990255050659178,0.9852661991119385
0.0001,995.0,12.990155029296876,0.9849788713455201
0.0001,996.0,12.990054359436035,0.9846923351287842
0.0001,997.0,12.989954566955564,0.9844067788124085
0.0001,998.0,12.989855194091797,0.9841218519210816
0.0001,999.0,12.989756431579591,0.9838378190994262
0.0001,1000.0,12.989658050537109,0.9835546970367431
0.0001,1001.0,12.989559631347657,0.9832723236083984
0.0001,1002.0,12.989462203979492,0.9829907679557801
0.0001,1003.0,12.989364624023438,0.9827102255821228
0.0001,1004.0,12.989267539978027,0.9824303889274597
0.0001,1005.0,12.989170761108399,0.9821512985229492
0.0001,1006.0,12.989074592590331,0.9818729782104492
0.0001,1007.0,12.988979072570803,0.9815955424308778
0.0001,1008.0,12.988883934020993,0.9813188219070434
0.0001,1009.0,12.9887894821167,0.9810431742668151
0.0001,1010.0,12.988694229125976,0.9807682037353516
0.0001,1011.0,12.988600730895998,0.9804939365386963
0.0001,1012.0,12.98850643157959,0.9802205181121826
0.0001,1013.0,12.988413162231446,0.9799479222297669
0.0001,1014.0,12.988320083618165,0.9796760630607605
0.0001,1015.0,12.988227615356445,0.9794052171707154
0.0001,1016.0,12.988134841918948,0.97913498878479
0.0001,1017.0,12.988043098449706,0.9788655757904052
0.0001,1018.0,12.98795139312744,0.97859699010849
0.0001,1019.0,12.987860107421875,0.9783291912078858
0.0001,1020.0,12.987769279479979,0.978062252998352
0.0001,1021.0,12.98767864227295,0.9777959775924683
0.0001,1022.0,12.987588310241698,0.9775305461883546
0.0001,1023.0,12.987498855590818,0.9772658848762512
0.0001,1024.0,12.987409477233888,0.9770020270347595
0.0001,1025.0,12.987320251464844,0.9767388606071472
0.0001,1026.0,12.98723201751709,0.9764767146110536
0.0001,1027.0,12.98714298248291,0.9762150192260741
0.0001,1028.0,12.987055168151855,0.975954201221466
0.0001,1029.0,12.986967582702636,0.9756942820549012
0.0001,1030.0,12.986880111694337,0.975435106754303
0.0001,1031.0,12.98679313659668,0.9751765871047974
0.0001,1032.0,12.986706504821779,0.9749188208580017
0.0001,1033.0,12.986620063781741,0.9746620178222656
0.0001,1034.0,12.986534500122072,0.9744057154655457
0.0001,1035.0,12.986448822021483,0.9741503071784973
0.0001,1036.0,12.986363525390624,0.9738957595825195
0.0001,1037.0,12.986278762817381,0.9736417770385742
0.0001,1038.0,12.986194190979003,0.9733887147903442
0.0001,1039.0,12.986109962463377,0.9731362056732178
0.0001,1040.0,12.986026077270507,0.9728845691680907
0.0001,1041.0,12.985942459106447,0.9726336979866028
0.0001,1042.0,12.985859069824219,0.9723836112022399
0.0001,1043.0,12.985776596069336,0.9721342086791993
0.0001,1044.0,12.985694274902345,0.9718854880332947
0.0001,1045.0,12.9856111907959,0.9716375374794006
0.0001,1046.0,12.98552967071533,0.9713904166221619
0.0001,1047.0,12.985448188781739,0.9711439132690429
0.0001,1048.0,12.9853670501709,0.9708981037139893
0.0001,1049.0,12.985285835266112,0.970653200149536
0.0001,1050.0,12.985204887390136,0.9704089784622192
0.0001,1051.0,12.985125427246093,0.9701655101776123
0.0001,1052.0,12.98504539489746,0.9699225306510926
0.0001,1053.0,12.984965629577637,0.9696805524826051
0.0001,1054.0,12.98488609313965,0.9694391989707947
0.0001,1055.0,12.984807052612306,0.9691985392570495
0.0001,1056.0,12.984728126525882,0.9689587402343749
0.0001,1057.0,12.984649848937988,0.9687195277214051
0.0001,1058.0,12.98457202911377,0.9684810948371887
0.0001,1059.0,12.984494247436524,0.9682432103157044
0.0001,1060.0,12.98441677093506,0.9680061388015747
0.0001,1061.0,12.984338989257813,0.9677698516845703
0.0001,1062.0,12.984262466430664,0.9675342178344727
0.0001,1063.0,12.98418601989746,0.9672992420196533
0.0001,1064.0,12.984110107421875,0.9670650815963745
0.0001,1065.0,12.984034118652342,0.9668315052986145
0.0001,1066.0,12.983957939147949,0.9665988612174987
0.0001,1067.0,12.983883399963378,0.9663666200637817
0.0001,1068.0,12.983807983398439,0.9661352229118347
0.0001,1069.0,12.983733253479006,0.9659044599533082
0.0001,1070.0,12.983658714294435,0.965674352645874
0.0001,1071.0,12.983584480285646,0.9654450702667237
0.0001,1072.0,12.983510360717773,0.9652164101600647
0.0001,1073.0,12.98343692779541,0.9649884724617005
0.0001,1074.0,12.983363342285157,0.9647611618041992
0.0001,1075.0,12.983290252685546,0.9645345783233642
0.0001,1076.0,12.983218040466308,0.9643086671829224
0.0001,1077.0,12.983145294189454,0.9640833950042724
0.0001,1078.0,12.983073463439942,0.963858871459961
0.0001,1079.0,12.983001441955567,0.963635106086731
0.0001,1080.0,12.982929954528807,0.9634118723869324
0.0001,1081.0,12.982858314514159,0.9631892776489258
0.0001,1082.0,12.982787895202637,0.9629675292968751
0.0001,1083.0,12.982717170715333,0.9627462744712829
0.0001,1084.0,12.98264663696289,0.9625258207321167
0.0001,1085.0,12.98257625579834,0.9623058724403382
0.0001,1086.0,12.982506103515625,0.96208664894104
0.0001,1087.0,12.982436523437501,0.9618681311607361
0.0001,1088.0,12.982367668151857,0.96165034532547
0.0001,1089.0,12.982298469543458,0.9614332103729248
0.0001,1090.0,12.982229690551758,0.9612166213989257
0.0001,1091.0,12.982161064147949,0.9610007810592651
0.0001,1092.0,12.982092514038085,0.9607855629920959
0.0001,1093.0,12.982024688720703,0.9605709862709045
0.0001,1094.0,12.981957054138185,0.9603570866584777
0.0001,1095.0,12.981889228820801,0.9601438808441163
0.0001,1096.0,12.981822242736815,0.9599311351776123
0.0001,1097.0,12.981755104064941,0.9597191977500916
0.0001,1098.0,12.981688690185546,0.9595078730583191
0.0001,1099.0,12.981622543334963,0.9592971873283386
0.0001,1100.0,12.981555709838867,0.959087038040161
0.0001,1101.0,12.981490325927734,0.9588777136802673
0.0001,1102.0,12.98142463684082,0.9586689305305481
0.0001,1103.0,12.981359062194823,0.9584608030319214
0.0001,1104.0,12.981294174194336,0.9582532024383545
0.0001,1105.0,12.981229133605957,0.9580463480949402
0.0001,1106.0,12.981164169311525,0.9578400754928589
0.0001,1107.0,12.981099929809572,0.9576344203948974
0.0001,1108.0,12.981035842895508,0.9574295020103455
0.0001,1109.0,12.980972213745117,0.9572252178192139
0.0001,1110.0,12.98090877532959,0.9570214390754699
0.0001,1111.0,12.980844993591308,0.9568183422088623
0.0001,1112.0,12.980781898498535,0.9566158199310303
0.0001,1113.0,12.98071891784668,0.9564138388633727
0.0001,1114.0,12.98065658569336,0.956212682723999
0.0001,1115.0,12.980593757629393,0.9560119605064392
0.0001,1116.0,12.980532112121582,0.9558120012283324
0.0001,1117.0,12.980470085144043,0.955612440109253
0.0001,1118.0,12.980408859252929,0.955413749217987
0.0001,1119.0,12.980346717834472,0.9552155208587646
0.0001,1120.0,12.980285720825195,0.9550180125236511
0.0001,1121.0,12.98022499084473,0.9548209691047669
0.0001,1122.0,12.980164299011232,0.9546245503425598
0.0001,1123.0,12.980103607177734,0.9544286417961121
0.0001,1124.0,12.980043640136717,0.9542336273193359
0.0001,1125.0,12.97998344421387,0.9540389537811279
0.0001,1126.0,12.979923706054686,0.9538449907302857
0.0001,1127.0,12.979864120483398,0.9536516237258912
0.0001,1128.0,12.979804878234862,0.9534587931632995
0.0001,1129.0,12.979745712280273,0.9532665157318116
0.0001,1130.0,12.979686660766601,0.9530750298500061
0.0001,1131.0,12.979628181457521,0.952883939743042
0.0001,1132.0,12.97956985473633,0.9526935482025147
0.0001,1133.0,12.979511451721192,0.952503628730774
0.0001,1134.0,12.979453773498536,0.9523143815994263
0.0001,1135.0,12.979395790100096,0.9521255898475647
0.0001,1136.0,12.979338340759279,0.9519374752044678
0.0001,1137.0,12.979281311035155,0.9517499566078187
0.0001,1138.0,12.979223976135252,0.9515629863739014
0.0001,1139.0,12.97916748046875,0.9513767957687378
0.0001,1140.0,12.97911045074463,0.9511908769607544
0.0001,1141.0,12.979054298400879,0.9510056352615357
0.0001,1142.0,12.978998489379881,0.9508209633827209
0.0001,1143.0,12.978942222595215,0.9506368708610535
0.0001,1144.0,12.97888599395752,0.9504533743858338
0.0001,1145.0,12.978830795288086,0.950270311832428
0.0001,1146.0,12.97877586364746,0.9500881290435791
0.0001,1147.0,12.978720474243165,0.9499061489105225
0.0001,1148.0,12.97866539001465,0.9497249627113342
0.0001,1149.0,12.978611145019531,0.9495441770553589
0.0001,1150.0,12.978556518554688,0.9493640899658203
0.0001,1151.0,12.978501815795898,0.9491845297813415
0.0001,1152.0,12.978447914123535,0.9490054249763489
0.0001,1153.0,12.978394088745116,0.9488269090652466
0.0001,1154.0,12.978340339660646,0.9486489915847778
0.0001,1155.0,12.978287200927735,0.9484717130661011
0.0001,1156.0,12.978233718872069,0.9482949495315551
0.0001,1157.0,12.97818088531494,0.9481186580657959
0.0001,1158.0,12.978127975463869,0.9479428148269654
0.0001,1159.0,12.978074645996095,0.9477675914764404
0.0001,1160.0,12.978023071289062,0.9475929689407347
0.0001,1161.0,12.97797061920166,0.9474188995361328
0.0001,1162.0,12.977918434143065,0.9472453236579895
0.0001,1163.0,12.97786678314209,0.9470722889900207
0.0001,1164.0,12.97781494140625,0.9468998289108276
0.0001,1165.0,12.977763710021971,0.9467278361320495
0.0001,1166.0,12.977712020874023,0.9465563678741455
0.0001,1167.0,12.977661743164063,0.9463855075836182
0.0001,1168.0,12.97761074066162,0.9462151408195496
0.0001,1169.0,12.977560043334963,0.9460453701019287
0.0001,1170.0,12.977509460449218,0.9458761191368104
0.0001,1171.0,12.977459259033203,0.9457073616981506
0.0001,1172.0,12.97740921020508,0.9455391359329224
0.0001,1173.0,12.977359085083007,0.9453712892532349
0.0001,1174.0,12.97730968475342,0.9452041578292847
0.0001,1175.0,12.977260093688965,0.9450374555587768
0.0001,1176.0,12.977210807800292,0.9448712992668152
0.0001,1177.0,12.977161903381347,0.9447055792808533
0.0001,1178.0,12.977112617492676,0.9445406317710876
0.0001,1179.0,12.977063865661622,0.9443759131431579
0.0001,1180.0,12.977015380859374,0.9442118501663208
0.0001,1181.0,12.97696689605713,0.9440482044219971
0.0001,1182.0,12.976918487548827,0.9438851881027222
0.0001,1183.0,12.976870346069338,0.9437227296829224
0.0001,1184.0,12.976822814941407,0.9435604882240296
0.0001,1185.0,12.976775054931641,0.9433990430831909
0.0001,1186.0,12.976728286743164,0.9432380700111389
0.0001,1187.0,12.97668067932129,0.9430775094032289
0.0001,1188.0,12.976633377075196,0.9429172515869141
0.0001,1189.0,12.976586799621582,0.9427579593658447
0.0001,1190.0,12.976539611816406,0.9425987958908081
0.0001,1191.0,12.97649311065674,0.9424402141571044
0.0001,1192.0,12.976446571350099,0.9422821354866028
0.0001,1193.0,12.976400680541992,0.9421246695518494
0.0001,1194.0,12.976354827880858,0.9419674754142761
0.0001,1195.0,12.976308898925781,0.9418110561370849
0.0001,1196.0,12.976263198852537,0.9416549396514893
0.0001,1197.0,12.976217651367186,0.9414993715286255
0.0001,1198.0,12.976172142028808,0.9413442254066466
0.0001,1199.0,12.976127166748046,0.9411896538734437
0.0001,1200.0,12.97608226776123,0.9410355329513549
0.0001,1201.0,12.976037406921385,0.9408817648887634
0.0001,1202.0,12.975992279052734,0.940728678703308
0.0001,1203.0,12.975947875976564,0.9405759072303772
0.0001,1204.0,12.975903320312499,0.9404236936569214
0.0001,1205.0,12.975859451293946,0.9402721428871155
0.0001,1206.0,12.975815391540527,0.9401207637786866
0.0001,1207.0,12.975772056579588,0.9399700474739074
0.0001,1208.0,12.97572841644287,0.9398197102546691
0.0001,1209.0,12.975684814453126,0.9396697902679443
0.0001,1210.0,12.975640563964845,0.9395204877853394
0.0001,1211.0,12.975597763061522,0.9393717551231384
0.0001,1212.0,12.975554656982423,0.9392232179641724
0.0001,1213.0,12.975511932373045,0.9390752053260802
0.0001,1214.0,12.975469131469726,0.9389277625083924
0.0001,1215.0,12.97542678833008,0.9387807106971741
0.0001,1216.0,12.975384635925293,0.9386342549324036
0.0001,1217.0,12.975342140197753,0.9384879779815674
0.0001,1218.0,12.97529983520508,0.9383423995971679
0.0001,1219.0,12.975258445739746,0.9381971693038941
0.0001,1220.0,12.97521614074707,0.938052523136139
0.0001,1221.0,12.97517505645752,0.9379081702232361
0.0001,1222.0,12.975133361816406,0.9377643489837647
0.0001,1223.0,12.975092315673828,0.9376211071014404
0.0001,1224.0,12.975051078796387,0.9374780559539795
0.0001,1225.0,12.975010070800781,0.93733562707901
0.0001,1226.0,12.974969367980957,0.9371936106681824
0.0001,1227.0,12.974928359985354,0.9370520496368409
0.0001,1228.0,12.974887619018553,0.9369110202789307
0.0001,1229.0,12.974847526550294,0.9367702889442444
0.0001,1230.0,12.974807434082031,0.9366302132606505
0.0001,1231.0,12.974767684936522,0.9364903974533081
0.0001,1232.0,12.974727897644044,0.9363509726524353
0.0001,1233.0,12.974687728881836,0.9362120461463929
0.0001,1234.0,12.974648323059084,0.9360735368728638
0.0001,1235.0,12.974608955383303,0.9359355592727661
0.0001,1236.0,12.974569549560547,0.9357979941368103
0.0001,1237.0,12.974529876708983,0.9356607913970947
0.0001,1238.0,12.97449073791504,0.9355241084098815
0.0001,1239.0,12.974452552795409,0.9353876543045044
0.0001,1240.0,12.974412994384766,0.9352518892288209
0.0001,1241.0,12.974374961853028,0.93511638879776
0.0001,1242.0,12.974336395263673,0.9349814581871032
0.0001,1243.0,12.974297943115236,0.9348468351364135
0.0001,1244.0,12.974260253906248,0.9347127604484559
0.0001,1245.0,12.974221801757812,0.9345790004730224
0.0001,1246.0,12.974183883666992,0.9344457340240478
0.0001,1247.0,12.974146003723144,0.9343128299713135
0.0001,1248.0,12.974108734130859,0.9341804194450378
0.0001,1249.0,12.974071197509767,0.9340483832359314
0.0001,1250.0,12.974033203125,0.9339168238639831
0.0001,1251.0,12.973996696472168,0.9337855577468872
0.0001,1252.0,12.973959388732911,0.9336547946929932
0.0001,1253.0,12.973922195434572,0.9335243630409241
0.0001,1254.0,12.973885841369627,0.9333944034576416
0.0001,1255.0,12.97384925842285,0.9332650017738342
0.0001,1256.0,12.973812866210938,0.9331357192993164
0.0001,1257.0,12.973776092529297,0.9330070114135742
0.0001,1258.0,12.973740158081053,0.9328787159919738
0.0001,1259.0,12.973704261779785,0.9327507877349854
0.0001,1260.0,12.973667793273925,0.9326232624053955
0.0001,1261.0,12.973632049560548,0.9324961757659912
0.0001,1262.0,12.97359645843506,0.9323694896697998
0.0001,1263.0,12.973560791015625,0.9322431564331055
0.0001,1264.0,12.973525390625,0.9321172666549682
0.0001,1265.0,12.973489990234373,0.9319916939735413
0.0001,1266.0,12.973454780578614,0.9318667531013488
0.0001,1267.0,12.973419532775878,0.9317420125007629
0.0001,1268.0,12.973384704589844,0.9316177725791932
0.0001,1269.0,12.973350143432617,0.9314937591552734
0.0001,1270.0,12.973315544128416,0.9313703918457031
0.0001,1271.0,12.973280525207521,0.9312472128868103
0.0001,1272.0,12.973246231079102,0.9311244630813599
0.0001,1273.0,12.973212585449218,0.9310020756721497
0.0001,1274.0,12.973177871704102,0.9308801937103272
0.0001,1275.0,12.973143730163573,0.9307585811614991
0.0001,1276.0,12.973109779357912,0.9306375122070313
0.0001,1277.0,12.97307628631592,0.9305167031288147
0.0001,1278.0,12.973042068481444,0.9303962349891663
0.0001,1279.0,12.973009071350099,0.9302762985229492
0.0001,1280.0,12.972975616455077,0.9301565957069396
0.0001,1281.0,12.972941818237304,0.9300373363494874
0.0001,1282.0,12.97290885925293,0.9299184894561767
0.0001,1283.0,12.972875595092773,0.9297999143600464
0.0001,1284.0,12.97284320831299,0.9296818590164184
0.0001,1285.0,12.97281021118164,0.9295640087127686
0.0001,1286.0,12.972777595520018,0.9294467616081238
0.0001,1287.0,12.972744941711424,0.9293297195434571
0.0001,1288.0,12.97271209716797,0.9292131066322327
0.0001,1289.0,12.972679901123046,0.9290969109535216
0.0001,1290.0,12.97264789581299,0.9289809370040893
0.0001,1291.0,12.97261589050293,0.9288655066490173
0.0001,1292.0,12.972583618164062,0.9287503504753113
0.0001,1293.0,12.972552185058593,0.9286356019973755
0.0001,1294.0,12.972520065307615,0.9285211086273193
0.0001,1295.0,12.97248821258545,0.9284069347381592
0.0001,1296.0,12.972456474304199,0.92829341173172
0.0001,1297.0,12.972425155639648,0.9281801533699037
0.0001,1298.0,12.972394256591796,0.9280672049522399
0.0001,1299.0,12.972362747192385,0.927954592704773
0.0001,1300.0,12.972331848144531,0.9278423595428467
0.0001,1301.0,12.972300987243653,0.9277305936813355
0.0001,1302.0,12.972270202636718,0.9276188969612122
0.0001,1303.0,12.972239379882813,0.927507791519165
0.0001,1304.0,12.972208976745604,0.927397038936615
0.0001,1305.0,12.972177772521972,0.9272865724563598
0.0001,1306.0,12.972147712707521,0.9271763563156128
0.0001,1307.0,12.972117614746093,0.9270666551589966
0.0001,1308.0,12.97208740234375,0.9269570565223694
0.0001,1309.0,12.972056999206544,0.9268482875823976
0.0001,1310.0,12.97202693939209,0.9267394161224365
0.0001,1311.0,12.971997146606444,0.9266311240196228
0.0001,1312.0,12.971967544555666,0.9265231251716615
0.0001,1313.0,12.971937675476077,0.9264155220985413
0.0001,1314.0,12.971908645629885,0.926308183670044
0.0001,1315.0,12.971878814697266,0.9262011289596557
0.0001,1316.0,12.971849365234377,0.9260944843292236
0.0001,1317.0,12.971819801330568,0.925988187789917
0.0001,1318.0,12.971791000366212,0.9258822226524352
0.0001,1319.0,12.971762199401857,0.9257766246795655
0.0001,1320.0,12.97173294067383,0.9256713032722472
0.0001,1321.0,12.971704444885253,0.9255663299560547
0.0001,1322.0,12.971675186157228,0.9254619526863098
0.0001,1323.0,12.971646881103515,0.9253575420379638
0.0001,1324.0,12.971618576049805,0.9252536034584045
0.0001,1325.0,12.971590270996094,0.9251499462127686
0.0001,1326.0,12.971562118530272,0.9250466966629028
0.0001,1327.0,12.971534004211424,0.9249438047409058
0.0001,1328.0,12.97150535583496,0.9248411512374879
0.0001,1329.0,12.971477432250975,0.9247388935089111
0.0001,1330.0,12.971449775695802,0.9246368408203125
0.0001,1331.0,12.971422233581544,0.9245352172851562
0.0001,1332.0,12.971394424438477,0.9244339680671692
0.0001,1333.0,12.971366310119627,0.9243329238891602
0.0001,1334.0,12.971339416503906,0.9242322444915771
0.0001,1335.0,12.971312065124513,0.9241319704055786
0.0001,1336.0,12.97128475189209,0.924032027721405
0.0001,1337.0,12.971256942749026,0.9239322638511658
0.0001,1338.0,12.971230392456054,0.923832938671112
0.0001,1339.0,12.971203079223631,0.92373375415802
0.0001,1340.0,12.971176376342772,0.9236350154876709
0.0001,1341.0,12.971149215698242,0.9235366010665893
0.0001,1342.0,12.971122856140136,0.9234384846687316
0.0001,1343.0,12.971095695495604,0.9233407974243164
0.0001,1344.0,12.971069145202637,0.9232432126998902
0.0001,1345.0,12.97104290008545,0.9231459808349609
0.0001,1346.0,12.9710168838501,0.9230491709709168
0.0001,1347.0,12.970990371704104,0.9229525351524352
0.0001,1348.0,12.970964775085449,0.9228563976287842
0.0001,1349.0,12.970938262939454,0.9227604293823242
0.0001,1350.0,12.97091251373291,0.9226649141311646
0.0001,1351.0,12.97088619232178,0.9225694608688354
0.0001,1352.0,12.97086093902588,0.9224745225906372
0.0001,1353.0,12.970835189819336,0.9223797512054444
0.0001,1354.0,12.970809478759767,0.9222852611541748
0.0001,1355.0,12.970784225463866,0.9221912431716919
0.0001,1356.0,12.970759010314941,0.922097351551056
0.0001,1357.0,12.97073299407959,0.9220039415359497
0.0001,1358.0,12.970707893371582,0.9219106340408325
0.0001,1359.0,12.970682792663576,0.9218177771568299
0.0001,1360.0,12.97065788269043,0.921725206375122
0.0001,1361.0,12.970632629394533,0.9216328859329224
0.0001,1362.0,12.97060775756836,0.9215407228469848
0.0001,1363.0,12.970583114624024,0.9214491724967956
0.0001,1364.0,12.970558433532716,0.9213576531410217
0.0001,1365.0,12.970533638000488,0.9212665581703187
0.0001,1366.0,12.970509071350095,0.9211757230758667
0.0001,1367.0,12.970484733581543,0.9210851645469665
0.0001,1368.0,12.970460510253906,0.9209948444366456
0.0001,1369.0,12.970436210632323,0.9209049153327942
0.0001,1370.0,12.970411987304686,0.9208150935173034
0.0001,1371.0,12.970387535095218,0.9207257390022279
0.0001,1372.0,12.970364189147949,0.920636682510376
0.0001,1373.0,12.970339775085451,0.9205479454994201
0.0001,1374.0,12.970316047668458,0.9204592514038086
0.0001,1375.0,12.970292243957521,0.9203710842132569
0.0001,1376.0,12.970268592834472,0.9202829265594483
0.0001,1377.0,12.970244979858398,0.9201954698562622
0.0001,1378.0,12.970221328735352,0.9201079630851745
0.0001,1379.0,12.970197868347169,0.9200208306312561
0.0001,1380.0,12.970174560546877,0.9199338555335999
0.0001,1381.0,12.970151100158692,0.9198474502563476
0.0001,1382.0,12.970127983093262,0.9197610878944398
0.0001,1383.0,12.970105133056643,0.9196749806404114
0.0001,1384.0,12.97008186340332,0.9195891880989074
0.0001,1385.0,12.97005912780762,0.9195037460327149
0.0001,1386.0,12.970035896301269,0.919418592453003
0.0001,1387.0,12.97001304626465,0.9193337273597717
0.0001,1388.0,12.96999053955078,0.9192490291595459
0.0001,1389.0,12.969967880249024,0.9191645431518555
0.0001,1390.0,12.969945259094239,0.9190804576873779
0.0001,1391.0,12.969922752380372,0.9189965724945068
0.0001,1392.0,12.969900436401366,0.9189130830764771
0.0001,1393.0,12.969878044128418,0.91882976770401
0.0001,1394.0,12.969856185913086,0.9187466859817506
0.0001,1395.0,12.969833908081053,0.9186638307571411
0.0001,1396.0,12.969811820983889,0.9185814642906189
0.0001,1397.0,12.969789810180664,0.9184991741180419
0.0001,1398.0,12.969767646789549,0.9184171366691589
0.0001,1399.0,12.969745941162111,0.9183353781700134
0.0001,1400.0,12.969723968505859,0.918254041671753
0.0001,1401.0,12.969702262878421,0.9181728839874268
0.0001,1402.0,12.969680404663086,0.9180918025970459
0.0001,1403.0,12.96965950012207,0.9180110883712769
0.0001,1404.0,12.969637870788574,0.9179307222366333
0.0001,1405.0,12.969616432189941,0.9178504109382629
0.0001,1406.0,12.969595108032225,0.9177706623077393
0.0001,1407.0,12.969573554992675,0.9176909685134887
0.0001,1408.0,12.969552841186523,0.9176115894317627
0.0001,1409.0,12.969531784057617,0.9175323176383973
0.0001,1410.0,12.969510154724121,0.91745356798172
0.0001,1411.0,12.969489822387697,0.917374849319458
0.0001,1412.0,12.969468803405762,0.9172964191436768
0.0001,1413.0,12.96944766998291,0.9172182869911194
0.0001,1414.0,12.969427375793458,0.9171404194831848
0.0001,1415.0,12.969406318664552,0.9170628452301026
0.0001,1416.0,12.96938575744629,0.9169854068756104
0.0001,1417.0,12.969365539550783,0.9169083094596864
0.0001,1418.0,12.969344635009767,0.9168313217163087
0.0001,1419.0,12.969324417114258,0.9167546916007996
0.0001,1420.0,12.969304313659666,0.9166782331466674
0.0001,1421.0,12.969284057617188,0.916602020263672
0.0001,1422.0,12.969263648986816,0.9165261054039001
0.0001,1423.0,12.96924388885498,0.9164504718780517
0.0001,1424.0,12.969223327636719,0.9163751268386842
0.0001,1425.0,12.969203414916993,0.9162997913360595
0.0001,1426.0,12.969183349609377,0.916224889755249
0.0001,1427.0,12.969164047241213,0.9161501026153565
0.0001,1428.0,12.969144134521484,0.9160757064819336
0.0001,1429.0,12.96912452697754,0.916001434326172
0.0001,1430.0,12.969104614257812,0.915927345752716
0.0001,1431.0,12.969085350036622,0.91585364818573
0.0001,1432.0,12.969065246582032,0.9157800316810609
0.0001,1433.0,12.969046783447265,0.9157067942619324
0.0001,1434.0,12.969027481079102,0.9156337642669679
0.0001,1435.0,12.96900791168213,0.9155608797073365
0.0001,1436.0,12.968988494873047,0.9154882764816284
0.0001,1437.0,12.968969345092773,0.9154159951210021
0.0001,1438.0,12.96895038604736,0.9153438091278077
0.0001,1439.0,12.968931121826174,0.9152717876434326
0.0001,1440.0,12.968912162780763,0.9152002263069152
0.0001,1441.0,12.968893547058105,0.9151289033889771
0.0001,1442.0,12.968874588012696,0.9150575637817383
0.0001,1443.0,12.96885581970215,0.914986538887024
0.0001,1444.0,12.968837165832518,0.9149156880378724
0.0001,1445.0,12.96881809234619,0.9148451948165893
0.0001,1446.0,12.968799591064453,0.9147748208045958
0.0001,1447.0,12.968781433105466,0.914704852104187
0.0001,1448.0,12.968762397766113,0.9146349287033082
0.0001,1449.0,12.968744468688964,0.9145653080940246
0.0001,1450.0,12.968726043701173,0.9144958877563476
0.0001,1451.0,12.96870788574219,0.9144265389442443
0.0001,1452.0,12.96868942260742,0.9143575954437255
0.0001,1453.0,12.96867141723633,0.9142887783050537
0.0001,1454.0,12.968653259277346,0.9142203879356385
0.0001,1455.0,12.968635444641114,0.9141518783569336
0.0001,1456.0,12.968617782592775,0.9140838956832885
0.0001,1457.0,12.96859962463379,0.9140159940719605
0.0001,1458.0,12.968581314086913,0.9139482545852661
0.0001,1459.0,12.968564033508303,0.9138808512687684
0.0001,1460.0,12.968546485900879,0.913813545703888
0.0001,1461.0,12.968528785705566,0.9137464952468872
0.0001,1462.0,12.968511009216309,0.9136796665191651
0.0001,1463.0,12.96849334716797,0.9136130833625793
0.0001,1464.0,12.968475837707519,0.9135467147827149
0.0001,1465.0,12.968458786010741,0.9134805750846863
0.0001,1466.0,12.968441467285155,0.9134145331382753
0.0001,1467.0,12.96842414855957,0.9133487296104431
0.0001,1468.0,12.968406753540037,0.9132831859588623
0.0001,1469.0,12.968389282226564,0.9132178592681884
0.0001,1470.0,12.968372306823731,0.9131527280807495
0.0001,1471.0,12.968355522155761,0.913087797164917
0.0001,1472.0,12.968338356018066,0.9130229640007019
0.0001,1473.0,12.968321380615233,0.9129583644866943
0.0001,1474.0,12.968304061889649,0.9128942084312439
0.0001,1475.0,12.968287811279296,0.9128300857543945
0.0001,1476.0,12.96827075958252,0.9127661418914794
0.0001,1477.0,12.968254585266113,0.9127024149894715
0.0001,1478.0,12.968237228393555,0.9126389312744141
0.0001,1479.0,12.968221435546877,0.9125756859779358
0.0001,1480.0,12.968204612731933,0.9125124263763428
0.0001,1481.0,12.968187637329104,0.9124496150016785
0.0001,1482.0,12.96817184448242,0.9123868966102601
0.0001,1483.0,12.968155326843263,0.912324378490448
0.0001,1484.0,12.968138961791992,0.9122621631622314
0.0001,1485.0,12.968122596740722,0.9122000098228454
0.0001,1486.0,12.968105888366699,0.9121379947662354
0.0001,1487.0,12.968089714050295,0.9120763063430786
0.0001,1488.0,12.968073654174805,0.9120146989822389
0.0001,1489.0,12.968057746887206,0.9119534277915955
0.0001,1490.0,12.968041992187498,0.9118922710418701
0.0001,1491.0,12.968025970458985,0.9118314337730409
0.0001,1492.0,12.96801025390625,0.9117705965042114
0.0001,1493.0,12.967994613647463,0.9117099809646606
0.0001,1494.0,12.967978553771973,0.9116496968269348
0.0001,1495.0,12.967962684631347,0.9115896129608154
0.0001,1496.0,12.967946815490722,0.9115295839309692
0.0001,1497.0,12.967931518554689,0.9114696407318115
0.0001,1498.0,12.967915534973145,0.9114099478721618
0.0001,1499.0,12.967900390625001,0.9113507747650147
0.0001,1500.0,12.96788528442383,0.9112915802001953
0.0001,1501.0,12.967869300842285,0.9112324452400208
0.0001,1502.0,12.967854156494141,0.911173586845398
0.0001,1503.0,12.967838287353516,0.9111149668693543
0.0001,1504.0,12.967823638916016,0.9110564064979554
0.0001,1505.0,12.967808227539063,0.910998079776764
0.0001,1506.0,12.967793655395509,0.9109399747848511
0.0001,1507.0,12.967778053283691,0.9108820438385009
0.0001,1508.0,12.967762985229495,0.9108242750167845
0.0001,1509.0,12.967747917175293,0.9107668209075928
0.0001,1510.0,12.967732849121097,0.9107092690467834
0.0001,1511.0,12.967718048095705,0.910652129650116
0.0001,1512.0,12.967703285217285,0.9105951738357544
0.0001,1513.0,12.967688522338868,0.9105382513999939
0.0001,1514.0,12.967673912048339,0.9104815673828124
0.0001,1515.0,12.967658805847167,0.9104250621795654
0.0001,1516.0,12.967644348144532,0.9103687620162964
0.0001,1517.0,12.967629776000978,0.9103124904632569
0.0001,1518.0,12.96761531829834,0.9102567601203919
0.0001,1519.0,12.96760040283203,0.9102010035514831
0.0001,1520.0,12.967585983276367,0.9101453328132629
0.0001,1521.0,12.967572174072265,0.9100898790359497
0.0001,1522.0,12.967557373046875,0.9100346755981445
0.0001,1523.0,12.96754280090332,0.9099796009063721
0.0001,1524.0,12.967528800964356,0.9099246573448181
0.0001,1525.0,12.967514533996583,0.909869909286499
0.0001,1526.0,12.96750026702881,0.9098152947425843
0.0001,1527.0,12.967486000061037,0.9097609806060791
0.0001,1528.0,12.967472038269044,0.909706768989563
0.0001,1529.0,12.967457733154298,0.9096526050567627
0.0001,1530.0,12.967444076538087,0.9095986914634705
0.0001,1531.0,12.967430114746094,0.9095451045036316
0.0001,1532.0,12.96741600036621,0.9094914555549622
0.0001,1533.0,12.96740234375,0.9094381380081178
0.0001,1534.0,12.96738857269287,0.9093849563598633
0.0001,1535.0,12.967374954223633,0.909331932067871
0.0001,1536.0,12.967360839843748,0.9092790317535401
0.0001,1537.0,12.96734764099121,0.9092262625694275
0.0001,1538.0,12.967333946228027,0.9091737747192383
0.0001,1539.0,12.96732021331787,0.9091214394569396
0.0001,1540.0,12.96730640411377,0.909069173336029
0.0001,1541.0,12.967293090820313,0.909017140865326
0.0001,1542.0,12.967280044555665,0.9089652228355407
0.0001,1543.0,12.96726623535156,0.9089134287834167
0.0001,1544.0,12.967252922058107,0.9088618421554565
0.0001,1545.0,12.96723976135254,0.9088104915618898
0.0001,1546.0,12.96722660064697,0.9087591910362244
0.0001,1547.0,12.96721332550049,0.9087080812454222
0.0001,1548.0,12.967199668884277,0.9086572194099426
0.0001,1549.0,12.967186698913572,0.9086065268516541
0.0001,1550.0,12.967173690795898,0.9085559368133544
0.0001,1551.0,12.967160987854005,0.9085054874420166
0.0001,1552.0,12.967147941589356,0.9084551692008972
0.0001,1553.0,12.967134971618654,0.9084049582481384
0.0001,1554.0,12.967122001647947,0.9083549857139588
0.0001,1555.0,12.967109184265137,0.9083051657676697
0.0001,1556.0,12.96709617614746,0.9082555794715881
0.0001,1557.0,12.967083320617677,0.9082060289382935
0.0001,1558.0,12.967070846557617,0.9081566596031189
0.0001,1559.0,12.967057800292968,0.9081074905395508
0.0001,1560.0,12.96704502105713,0.9080584287643433
0.0001,1561.0,12.967032623291018,0.9080093789100647
0.0001,1562.0,12.967020149230956,0.907960810661316
0.0001,1563.0,12.967007293701174,0.9079121446609497
0.0001,1564.0,12.966995239257812,0.9078637790679932
0.0001,1565.0,12.966982727050782,0.907815432548523
0.0001,1566.0,12.966970252990722,0.9077672886848449
0.0001,1567.0,12.96695770263672,0.9077194142341614
0.0001,1568.0,12.96694538116455,0.9076715564727783
0.0001,1569.0,12.966933441162112,0.90762366771698
0.0001,1570.0,12.96692066192627,0.9075762271881103
0.0001,1571.0,12.96690845489502,0.9075288033485414
0.0001,1572.0,12.96689640045166,0.9074815368652345
0.0001,1573.0,12.966884231567382,0.907434470653534
0.0001,1574.0,12.966872329711917,0.9073875832557678
0.0001,1575.0,12.966859970092774,0.9073406648635864
0.0001,1576.0,12.966847991943359,0.9072940874099732
0.0001,1577.0,12.966836051940918,0.9072474217414856
0.0001,1578.0,12.966824188232424,0.9072011637687682
0.0001,1579.0,12.966812210083008,0.9071549606323241
0.0001,1580.0,12.96680061340332,0.9071087622642517
0.0001,1581.0,12.966788444519041,0.9070629596710205
0.0001,1582.0,12.966776885986327,0.9070170164108277
0.0001,1583.0,12.966765136718752,0.9069713544845581
0.0001,1584.0,12.966753463745118,0.9069259357452393
0.0001,1585.0,12.96674114227295,0.9068805408477782
0.0001,1586.0,12.966730155944825,0.906835253238678
0.0001,1587.0,12.96671817779541,0.9067901277542114
0.0001,1588.0,12.966706924438476,0.9067451834678649
0.0001,1589.0,12.966695251464841,0.9067003726959229
0.0001,1590.0,12.966683807373048,0.9066557025909424
0.0001,1591.0,12.966672592163087,0.9066111469268798
0.0001,1592.0,12.966660919189453,0.9065667390823364
0.0001,1593.0,12.96664981842041,0.9065225625038147
0.0001,1594.0,12.96663860321045,0.9064783000946044
0.0001,1595.0,12.966626739501953,0.9064343571662903
0.0001,1596.0,12.966615829467774,0.9063904142379762
0.0001,1597.0,12.96660442352295,0.9063467741012574
0.0001,1598.0,12.96659366607666,0.9063030648231507
0.0001,1599.0,12.966581993103029,0.9062596535682679
0.0001,1600.0,12.966570777893066,0.9062163829803467
0.0001,1601.0,12.966559677124025,0.906173210144043
0.0001,1602.0,12.966548767089844,0.906130063533783
0.0001,1603.0,12.966537590026856,0.9060872220993043
0.0001,1604.0,12.966527252197265,0.9060444235801697
0.0001,1605.0,12.966516036987304,0.9060019230842591
0.0001,1606.0,12.966504783630372,0.9059592485427856
0.0001,1607.0,12.966494255065918,0.9059168624877929
0.0001,1608.0,12.966483459472656,0.9058745670318604
0.0001,1609.0,12.966472396850586,0.9058324408531189
0.0001,1610.0,12.966462135314943,0.9057903957366944
0.0001,1611.0,12.96645122528076,0.9057486319541932
0.0001,1612.0,12.96644050598145,0.9057067775726318
0.0001,1613.0,12.966429710388182,0.9056651329994201
0.0001,1614.0,12.966419143676756,0.9056237816810608
0.0001,1615.0,12.96640884399414,0.9055823445320129
0.0001,1616.0,12.966398124694823,0.9055411505699158
0.0001,1617.0,12.966387710571288,0.9054999995231627
0.0001,1618.0,12.966376953125003,0.9054589033126831
0.0001,1619.0,12.966366539001466,0.9054181981086731
0.0001,1620.0,12.96635597229004,0.905377426147461
0.0001,1621.0,12.966345405578613,0.9053368782997131
0.0001,1622.0,12.966335411071778,0.9052963185310363
0.0001,1623.0,12.966324844360352,0.905255856513977
0.0001,1624.0,12.966314735412597,0.9052157306671142
0.0001,1625.0,12.966304321289064,0.9051755452156067
0.0001,1626.0,12.966294326782227,0.9051356792449952
0.0001,1627.0,12.966284217834472,0.9050956249237061
0.0001,1628.0,12.966273651123046,0.9050559163093568
0.0001,1629.0,12.966263732910157,0.9050164461135864
0.0001,1630.0,12.966253929138187,0.9049768471717834
0.0001,1631.0,12.966243476867676,0.9049374747276306
0.0001,1632.0,12.966233558654785,0.9048982214927673
0.0001,1633.0,12.96622371673584,0.9048591208457946
0.0001,1634.0,12.966213493347169,0.9048199820518493
0.0001,1635.0,12.966203536987305,0.9047810649871826
0.0001,1636.0,12.966193923950197,0.9047424030303954
0.0001,1637.0,12.966184158325195,0.904703643321991
0.0001,1638.0,12.966174201965332,0.904665138721466
0.0001,1639.0,12.96616439819336,0.9046266889572143
0.0001,1640.0,12.966154174804688,0.904588325023651
0.0001,1641.0,12.96614501953125,0.9045501303672789
0.0001,1642.0,12.96613521575928,0.9045119881629944
0.0001,1643.0,12.966125297546386,0.9044740581512452
0.0001,1644.0,12.966115798950197,0.9044363021850585
0.0001,1645.0,12.966105880737304,0.9043984699249268
0.0001,1646.0,12.966096267700195,0.9043608760833739
0.0001,1647.0,12.966086769104004,0.9043232655525208
0.0001,1648.0,12.966077651977539,0.9042859268188477
0.0001,1649.0,12.966068344116211,0.9042487025260926
0.0001,1650.0,12.966058387756348,0.9042114233970642
0.0001,1651.0,12.966049270629883,0.9041744518280028
0.0001,1652.0,12.96603946685791,0.9041374659538269
0.0001,1653.0,12.966030464172364,0.904100615978241
0.0001,1654.0,12.966021194458008,0.9040639543533325
0.0001,1655.0,12.966011428833006,0.9040273261070251
0.0001,1656.0,12.966002273559571,0.90399094581604
0.0001,1657.0,12.965993270874026,0.9039544320106505
0.0001,1658.0,12.965984115600586,0.9039180850982667
0.0001,1659.0,12.965974845886233,0.9038819503784179
0.0001,1660.0,12.96596549987793,0.9038460636138916
0.0001,1661.0,12.965956230163574,0.9038100528717041
0.0001,1662.0,12.965947265624997,0.903774254322052
0.0001,1663.0,12.965938224792483,0.9037382936477661
0.0001,1664.0,12.965929107666017,0.9037027001380921
0.0001,1665.0,12.965920295715332,0.9036672639846802
0.0001,1666.0,12.965911293029787,0.9036318612098694
0.0001,1667.0,12.965902214050292,0.9035965824127197
0.0001,1668.0,12.965893020629883,0.9035613250732422
0.0001,1669.0,12.965884208679201,0.9035263776779174
0.0001,1670.0,12.965875244140623,0.9034912943840026
0.0001,1671.0,12.965866584777833,0.9034563851356506
0.0001,1672.0,12.965857734680176,0.9034215831756591
0.0001,1673.0,12.96584903717041,0.9033869886398316
0.0001,1674.0,12.965840415954592,0.9033524250984192
0.0001,1675.0,12.965831604003908,0.9033179545402527
0.0001,1676.0,12.96582290649414,0.9032836246490479
0.0001,1677.0,12.965813789367676,0.9032492899894715
0.0001,1678.0,12.965805587768555,0.9032152199745178
0.0001,1679.0,12.965796508789065,0.9031811237335206
0.0001,1680.0,12.96578811645508,0.9031471681594849
0.0001,1681.0,12.965779495239259,0.9031134080886841
0.0001,1682.0,12.965771102905274,0.9030796861648559
0.0001,1683.0,12.96576259613037,0.9030459523200989
0.0001,1684.0,12.96575397491455,0.9030123925209046
0.0001,1685.0,12.965745315551759,0.9029789304733276
0.0001,1686.0,12.965736923217774,0.9029455280303955
0.0001,1687.0,12.965729064941407,0.9029123640060425
0.0001,1688.0,12.965720291137695,0.9028791832923888
0.0001,1689.0,12.965711898803711,0.9028462147712708
0.0001,1690.0,12.965703926086423,0.9028133487701415
0.0001,1691.0,12.965695724487304,0.9027803802490235
0.0001,1692.0,12.96568691253662,0.9027475690841674
0.0001,1693.0,12.965678710937501,0.9027150344848632
0.0001,1694.0,12.965670547485354,0.9026824283599852
0.0001,1695.0,12.965662193298341,0.9026499962806702
0.0001,1696.0,12.965654373168945,0.9026176738739013
0.0001,1697.0,12.965646171569823,0.9025854206085204
0.0001,1698.0,12.965637969970704,0.9025532102584839
0.0001,1699.0,12.965629806518555,0.90252117395401
0.0001,1700.0,12.96562194824219,0.9024892020225526
0.0001,1701.0,12.965613899230958,0.9024573135375977
0.0001,1702.0,12.9656058883667,0.902425537109375
0.0001,1703.0,12.965597877502441,0.9023937940597534
0.0001,1704.0,12.965589866638183,0.9023622512817383
0.0001,1705.0,12.965581817626955,0.90233078956604
0.0001,1706.0,12.965573997497557,0.902299382686615
0.0001,1707.0,12.965565795898437,0.9022680950164795
0.0001,1708.0,12.965557937622071,0.902236909866333
0.0001,1709.0,12.965549926757813,0.9022057247161865
0.0001,1710.0,12.965542068481446,0.9021747136116027
0.0001,1711.0,12.96553466796875,0.9021438264846802
0.0001,1712.0,12.965526504516601,0.9021129298210144
0.0001,1713.0,12.965519065856935,0.9020821404457092
0.0001,1714.0,12.965511245727539,0.902051465511322
0.0001,1715.0,12.965503540039062,0.9020209193229676
0.0001,1716.0,12.965495948791505,0.9019904232025147
0.0001,1717.0,12.96548797607422,0.9019600629806519
0.0001,1718.0,12.965480422973634,0.9019297504425049
0.0001,1719.0,12.965472946166994,0.901899607181549
0.0001,1720.0,12.965465507507325,0.9018693923950195
0.0001,1721.0,12.965457801818847,0.9018393635749816
0.0001,1722.0,12.965450248718264,0.9018093919754029
0.0001,1723.0,12.96544273376465,0.9017795467376708
0.0001,1724.0,12.965435485839842,0.9017497611045837
0.0001,1725.0,12.965427627563477,0.9017200827598572
0.0001,1726.0,12.965420570373535,0.9016905570030213
0.0001,1727.0,12.965412864685058,0.9016610312461852
0.0001,1728.0,12.9654056930542,0.9016315817832946
0.0001,1729.0,12.965397682189941,0.9016022944450378
0.0001,1730.0,12.965390930175781,0.9015731430053711
0.0001,1731.0,12.965383529663086,0.901543915271759
0.0001,1732.0,12.965376281738282,0.9015147423744201
0.0001,1733.0,12.965369415283202,0.9014857530593872
0.0001,1734.0,12.965361251831055,0.9014569044113159
0.0001,1735.0,12.965354652404786,0.9014280676841736
0.0001,1736.0,12.965347137451174,0.9013993549346924
0.0001,1737.0,12.965340042114258,0.9013706541061401
0.0001,1738.0,12.965333137512205,0.901342158317566
0.0001,1739.0,12.965325622558595,0.9013136196136475
0.0001,1740.0,12.965318832397463,0.9012852382659913
0.0001,1741.0,12.965311508178711,0.9012568283081055
0.0001,1742.0,12.96530445098877,0.9012287616729737
0.0001,1743.0,12.965297203063965,0.9012005639076233
0.0001,1744.0,12.965289840698242,0.9011725187301636
0.0001,1745.0,12.965283393859863,0.9011445975303649
0.0001,1746.0,12.96527629852295,0.9011165904998779
0.0001,1747.0,12.965269165039064,0.9010888266563415
0.0001,1748.0,12.965262222290038,0.9010610198974609
0.0001,1749.0,12.965255355834962,0.901033353805542
0.0001,1750.0,12.965248260498045,0.9010058617591858
0.0001,1751.0,12.965241355895996,0.9009783577919006
0.0001,1752.0,12.9652347946167,0.9009510111808777
0.0001,1753.0,12.96522789001465,0.9009235787391663
0.0001,1754.0,12.965221138000489,0.9008963847160338
0.0001,1755.0,12.965214080810547,0.9008692932128907
0.0001,1756.0,12.965207328796385,0.9008421802520752
0.0001,1757.0,12.965200614929199,0.9008150887489319
0.0001,1758.0,12.96519401550293,0.9007881927490234
0.0001,1759.0,12.965187110900878,0.9007612919807435
0.0001,1760.0,12.96517993927002,0.9007344388961792
0.0001,1761.0,12.965173645019531,0.9007078194618225
0.0001,1762.0,12.965167350769043,0.9006812763214112
0.0001,1763.0,12.965160484313966,0.9006546783447265
0.0001,1764.0,12.965154304504393,0.9006282377243042
0.0001,1765.0,12.965147171020508,0.9006017208099366
0.0001,1766.0,12.965140876770022,0.9005754542350769
0.0001,1767.0,12.96513385772705,0.9005491709709167
0.0001,1768.0,12.965127296447752,0.9005231904983522
0.0001,1769.0,12.965121307373046,0.9004970097541809
0.0001,1770.0,12.965114707946778,0.9004710793495179
0.0001,1771.0,12.96510814666748,0.9004449796676636
0.0001,1772.0,12.965101585388185,0.900419282913208
0.0001,1773.0,12.965095443725588,0.9003935194015502
0.0001,1774.0,12.965089187622068,0.9003677296638488
0.0001,1775.0,12.96508232116699,0.9003420972824097
0.0001,1776.0,12.965076065063474,0.9003165078163147
0.0001,1777.0,12.965069770812988,0.900291097164154
0.0001,1778.0,12.9650630569458,0.9002656483650208
0.0001,1779.0,12.965057258605954,0.9002402925491333
0.0001,1780.0,12.965050354003907,0.9002151155471801
0.0001,1781.0,12.965044593811035,0.900189905166626
0.0001,1782.0,12.965037994384764,0.9001647877693177
0.0001,1783.0,12.965031776428223,0.9001396107673645
0.0001,1784.0,12.965025787353516,0.9001147150993347
0.0001,1785.0,12.965019226074219,0.900089635848999
0.0001,1786.0,12.965013732910156,0.9000649189949036
0.0001,1787.0,12.965007057189942,0.9000402784347534
0.0001,1788.0,12.965000915527344,0.9000155186653138
0.0001,1789.0,12.9649946975708,0.8999908351898194
0.0001,1790.0,12.964988708496096,0.8999663949012756
0.0001,1791.0,12.964982490539551,0.8999418354034423
0.0001,1792.0,12.964976539611817,0.8999174070358277
0.0001,1793.0,12.964970855712892,0.8998931837081909
0.0001,1794.0,12.964964790344236,0.8998687767982483
0.0001,1795.0,12.964958992004396,0.8998446726799012
0.0001,1796.0,12.964952392578127,0.8998205471038818
0.0001,1797.0,12.964946632385255,0.8997965145111084
0.0001,1798.0,12.964940567016603,0.8997725677490235
0.0001,1799.0,12.964934730529786,0.8997485780715943
0.0001,1800.0,12.964928512573243,0.8997247719764709
0.0001,1801.0,12.96492301940918,0.8997010326385497
0.0001,1802.0,12.964917068481446,0.8996772480010986
0.0001,1803.0,12.964910850524904,0.899653594493866
0.0001,1804.0,12.964905242919922,0.8996300601959228
0.0001,1805.0,12.964899444580078,0.8996064448356629
0.0001,1806.0,12.964893798828124,0.8995830130577087
0.0001,1807.0,12.964888153076172,0.8995597386360168
0.0001,1808.0,12.964881896972656,0.8995363664627074
0.0001,1809.0,12.964875946044922,0.8995132064819336
0.0001,1810.0,12.964870223999025,0.8994899702072143
0.0001,1811.0,12.964864883422852,0.89946692943573
0.0001,1812.0,12.96485927581787,0.8994437742233277
0.0001,1813.0,12.964853668212891,0.8994208478927612
0.0001,1814.0,12.964847526550292,0.8993980073928833
0.0001,1815.0,12.964841918945314,0.8993751072883606
0.0001,1816.0,12.96483627319336,0.8993522238731384
0.0001,1817.0,12.964830665588378,0.899329571723938
0.0001,1818.0,12.9648250579834,0.8993069815635681
0.0001,1819.0,12.964819412231444,0.8992844772338867
0.0001,1820.0,12.964813499450683,0.8992618536949158
0.0001,1821.0,12.964808197021483,0.8992393064498903
0.0001,1822.0,12.964802856445313,0.899216992855072
0.0001,1823.0,12.964797096252445,0.899194688796997
0.0001,1824.0,12.964791793823242,0.8991724443435669
0.0001,1825.0,12.964786491394044,0.8991501903533936
0.0001,1826.0,12.964780731201174,0.8991279673576356
0.0001,1827.0,12.964775276184083,0.8991059136390687
0.0001,1828.0,12.964769821166994,0.8990838646888732
0.0001,1829.0,12.964764366149902,0.8990619349479675
0.0001,1830.0,12.964759025573732,0.8990401029586792
0.0001,1831.0,12.964753532409667,0.8990182447433471
0.0001,1832.0,12.964748382568361,0.8989965534210205
0.0001,1833.0,12.964742660522463,0.8989748454093933
0.0001,1834.0,12.964737358093261,0.8989532041549682
0.0001,1835.0,12.964732170104977,0.8989315724372864
0.0001,1836.0,12.96472686767578,0.8989100337028504
0.0001,1837.0,12.964721412658692,0.8988885974884033
0.0001,1838.0,12.964716300964355,0.8988671946525574
0.0001,1839.0,12.964710922241213,0.8988458609580994
0.0001,1840.0,12.964705963134765,0.8988245820999146
0.0001,1841.0,12.964700813293458,0.8988034391403199
0.0001,1842.0,12.964695243835449,0.898782045841217
0.0001,1843.0,12.964690093994141,0.8987610602378846
0.0001,1844.0,12.964685249328612,0.8987400150299072
0.0001,1845.0,12.96467990875244,0.8987191104888916
0.0001,1846.0,12.964674453735352,0.8986981892585755
0.0001,1847.0,12.964669189453126,0.8986773657798768
0.0001,1848.0,12.964664001464845,0.8986564993858337
0.0001,1849.0,12.964659042358399,0.8986356377601623
0.0001,1850.0,12.96465404510498,0.8986148357391357
0.0001,1851.0,12.964648628234862,0.8985942888259888
0.0001,1852.0,12.964644088745118,0.898573763370514
0.0001,1853.0,12.964639244079587,0.8985533094406128
0.0001,1854.0,12.96463352203369,0.8985328221321105
0.0001,1855.0,12.964628791809083,0.8985124111175538
0.0001,1856.0,12.964623832702639,0.8984920048713684
0.0001,1857.0,12.964618263244631,0.8984717178344727
0.0001,1858.0,12.964613723754882,0.8984515404701232
0.0001,1859.0,12.964609031677249,0.8984313559532164
0.0001,1860.0,12.96460376739502,0.8984113025665283
0.0001,1861.0,12.9645987701416,0.8983911085128784
0.0001,1862.0,12.964594078063964,0.8983711957931518
0.0001,1863.0,12.964588775634764,0.8983512783050537
0.0001,1864.0,12.964584426879883,0.8983313655853271
0.0001,1865.0,12.96457962036133,0.8983114647865296
0.0001,1866.0,12.96457462310791,0.8982917356491089
0.0001,1867.0,12.964569473266604,0.8982720184326172
0.0001,1868.0,12.964564666748046,0.8982523775100708
0.0001,1869.0,12.964559516906737,0.8982327580451965
0.0001,1870.0,12.964555282592777,0.8982131862640381
0.0001,1871.0,12.964550170898438,0.8981936216354369
0.0001,1872.0,12.964545516967773,0.898174283504486
0.0001,1873.0,12.964540672302245,0.8981548261642456
0.0001,1874.0,12.964535903930663,0.8981354999542237
0.0001,1875.0,12.964531211853028,0.8981161403656006
0.0001,1876.0,12.964526863098147,0.8980968570709229
0.0001,1877.0,12.964521980285646,0.8980777740478516
0.0001,1878.0,12.964517211914064,0.8980585765838622
0.0001,1879.0,12.964512557983399,0.8980395150184632
0.0001,1880.0,12.96450786590576,0.898020486831665
0.0001,1881.0,12.96450351715088,0.8980014753341674
0.0001,1882.0,12.964498672485352,0.8979825925827027
0.0001,1883.0,12.96449405670166,0.8979637098312377
0.0001,1884.0,12.964489059448242,0.8979448008537293
0.0001,1885.0,12.964484558105466,0.8979261350631714
0.0001,1886.0,12.964480209350587,0.8979074478149414
0.0001,1887.0,12.96447536468506,0.8978887939453125
0.0001,1888.0,12.964471321105957,0.8978701066970824
0.0001,1889.0,12.964466514587402,0.8978515553474427
0.0001,1890.0,12.964461975097658,0.8978330683708191
0.0001,1891.0,12.964457626342776,0.8978145551681519
0.0001,1892.0,12.9644527053833,0.8977960586547851
0.0001,1893.0,12.964448204040528,0.8977778315544128
0.0001,1894.0,12.964443664550785,0.897759518623352
0.0001,1895.0,12.964439315795898,0.8977412438392639
0.0001,1896.0,12.964434967041017,0.8977231311798095
0.0001,1897.0,12.964430923461913,0.8977049160003663
0.0001,1898.0,12.964426269531248,0.8976868462562562
0.0001,1899.0,12.964421958923339,0.8976687622070313
0.0001,1900.0,12.964417572021484,0.897650752067566
0.0001,1901.0,12.96441261291504,0.8976327919960021
0.0001,1902.0,12.96440860748291,0.8976148533821106
0.0001,1903.0,12.964404640197753,0.8975971150398254
0.0001,1904.0,12.964399986267091,0.8975791215896607
0.0001,1905.0,12.964395828247069,0.897561502456665
0.0001,1906.0,12.964391326904295,0.89754376411438
0.0001,1907.0,12.964387130737306,0.8975260639190674
0.0001,1908.0,12.964382781982422,0.897508623600006
0.0001,1909.0,12.96437889099121,0.8974908423423766
0.0001,1910.0,12.96437412261963,0.8974733805656432
0.0001,1911.0,12.964370231628418,0.8974560165405274
0.0001,1912.0,12.964365692138674,0.8974385499954224
0.0001,1913.0,12.96436122894287,0.8974211859703065
0.0001,1914.0,12.96435718536377,0.897403826713562
0.0001,1915.0,12.96435329437256,0.8973865222930908
0.0001,1916.0,12.964349098205568,0.897369201183319
0.0001,1917.0,12.964344749450682,0.8973521518707275
0.0001,1918.0,12.964340553283689,0.8973349285125732
0.0001,1919.0,12.964336700439455,0.8973178029060364
0.0001,1920.0,12.96433204650879,0.897300877571106
0.0001,1921.0,12.964328002929689,0.8972838616371155
0.0001,1922.0,12.964324111938476,0.8972669196128844
0.0001,1923.0,12.964319801330566,0.8972499895095825
0.0001,1924.0,12.964316253662108,0.8972330808639526
0.0001,1925.0,12.964311408996583,0.8972162914276123
0.0001,1926.0,12.964307670593263,0.8971996760368347
0.0001,1927.0,12.964303665161133,0.8971826910972596
0.0001,1928.0,12.964299659729004,0.8971661400794984
0.0001,1929.0,12.96429542541504,0.897149384021759
0.0001,1930.0,12.964291610717774,0.8971328711509704
0.0001,1931.0,12.964287223815917,0.8971163630485535
0.0001,1932.0,12.96428337097168,0.8970997905731202
0.0001,1933.0,12.964279594421386,0.8970833969116212
0.0001,1934.0,12.964275283813475,0.8970669221878051
0.0001,1935.0,12.964271125793458,0.8970505499839783
0.0001,1936.0,12.964267539978028,0.8970343303680419
0.0001,1937.0,12.964263534545898,0.8970179796218871
0.0001,1938.0,12.964259948730467,0.8970017218589783
0.0001,1939.0,12.96425579071045,0.8969855833053588
0.0001,1940.0,12.964251937866209,0.8969693470001221
0.0001,1941.0,12.964247589111327,0.8969533443450928
0.0001,1942.0,12.96424369812012,0.8969373297691345
0.0001,1943.0,12.964239807128907,0.8969213485717773
0.0001,1944.0,12.96423641204834,0.8969052100181579
0.0001,1945.0,12.964232521057127,0.8968894243240357
0.0001,1946.0,12.964228820800782,0.8968733167648315
0.0001,1947.0,12.96422481536865,0.8968575739860534
0.0001,1948.0,12.964221267700198,0.8968418097496034
0.0001,1949.0,12.964217529296876,0.8968260288238525
0.0001,1950.0,12.964213180541991,0.8968103075027465
0.0001,1951.0,12.964209175109865,0.8967947053909302
0.0001,1952.0,12.964205169677733,0.8967789793014527
0.0001,1953.0,12.964201889038087,0.8967634153366089
0.0001,1954.0,12.964198493957518,0.8967478561401367
0.0001,1955.0,12.9641943359375,0.8967323684692383
0.0001,1956.0,12.96419059753418,0.8967168521881104
0.0001,1957.0,12.964187049865721,0.8967014408111573
0.0001,1958.0,12.964183197021484,0.896686131954193
0.0001,1959.0,12.964179611206054,0.8966708660125733
0.0001,1960.0,12.9641760635376,0.896655421257019
0.0001,1961.0,12.96417221069336,0.8966402101516724
0.0001,1962.0,12.964168357849122,0.8966249871253967
0.0001,1963.0,12.964164924621583,0.8966097164154052
0.0001,1964.0,12.964160919189451,0.8965946507453919
0.0001,1965.0,12.964157371520997,0.896579508781433
0.0001,1966.0,12.964153785705566,0.896564531326294
0.0001,1967.0,12.964150199890138,0.8965494441986084
0.0001,1968.0,12.964146728515626,0.8965344333648682
0.0001,1969.0,12.964143142700195,0.8965195035934448
0.0001,1970.0,12.964139404296873,0.8965046668052674
0.0001,1971.0,12.964135856628419,0.8964897918701171
0.0001,1972.0,12.96413230895996,0.896474986076355
0.0001,1973.0,12.964128761291507,0.8964601159095764
0.0001,1974.0,12.964125633239746,0.8964453816413879
0.0001,1975.0,12.964121475219727,0.8964307498931885
0.0001,1976.0,12.96411808013916,0.8964161348342896
0.0001,1977.0,12.964114685058593,0.8964013743400574
0.0001,1978.0,12.964111137390137,0.8963868284225464
0.0001,1979.0,12.964107589721678,0.8963723278045654
0.0001,1980.0,12.964104042053224,0.8963577938079834
0.0001,1981.0,12.964100952148438,0.8963433742523192
0.0001,1982.0,12.964097137451173,0.8963288831710816
0.0001,1983.0,12.964093704223634,0.8963144636154176
0.0001,1984.0,12.964090461730956,0.896300163269043
0.0001,1985.0,12.964086608886719,0.8962858676910401
0.0001,1986.0,12.964083633422852,0.8962713980674744
0.0001,1987.0,12.964080238342286,0.8962572550773621
0.0001,1988.0,12.964076881408692,0.896243052482605
0.0001,1989.0,12.964073143005368,0.8962288761138917
0.0001,1990.0,12.964070091247558,0.8962148356437682
0.0001,1991.0,12.96406635284424,0.8962006759643555
0.0001,1992.0,12.96406349182129,0.8961866307258606
0.0001,1993.0,12.964059562683104,0.8961725902557374
0.0001,1994.0,12.96405632019043,0.8961586689949036
0.0001,1995.0,12.964052963256837,0.8961445689201355
0.0001,1996.0,12.96404956817627,0.8961307120323181
0.0001,1997.0,12.964046516418458,0.8961168622970581
0.0001,1998.0,12.964042968749999,0.8961030220985413
0.0001,1999.0,12.964039535522463,0.8960892963409424
0.0001,2000.0,12.964036102294923,0.8960754728317261
0.0001,2001.0,12.964033470153808,0.8960617518424987
0.0001,2002.0,12.964029846191407,0.8960480046272278
0.0001,2003.0,12.96402660369873,0.8960343599319458
0.0001,2004.0,12.964023475646975,0.896020770072937
0.0001,2005.0,12.964019927978518,0.8960071516036987
0.0001,2006.0,12.964016876220702,0.8959936594963074
0.0001,2007.0,12.964013481140137,0.8959800362586976
0.0001,2008.0,12.964010391235353,0.8959665656089782
0.0001,2009.0,12.964007301330568,0.8959530568122864
0.0001,2010.0,12.964003791809082,0.8959397101402282
0.0001,2011.0,12.964000549316408,0.8959263205528258
0.0001,2012.0,12.963997764587402,0.8959130835533142
0.0001,2013.0,12.963994331359864,0.8958996486663818
0.0001,2014.0,12.963991584777833,0.8958864164352417
0.0001,2015.0,12.963988037109376,0.89587317943573
0.0001,2016.0,12.963984832763671,0.8958600330352783
0.0001,2017.0,12.96398204803467,0.8958468651771545
0.0001,2018.0,12.963978652954102,0.8958337688446045
0.0001,2019.0,12.963975448608398,0.8958206176757812
0.0001,2020.0,12.96397232055664,0.8958074879646302
0.0001,2021.0,12.96396957397461,0.8957944393157959
0.0001,2022.0,12.963966484069825,0.8957814884185791
0.0001,2023.0,12.96396327972412,0.8957685542106628
0.0001,2024.0,12.963959846496582,0.8957555770874024
0.0001,2025.0,12.963957405090332,0.895742690563202
0.0001,2026.0,12.963954010009767,0.8957298231124878
0.0001,2027.0,12.963951110839844,0.89571697473526
0.0001,2028.0,12.963947868347168,0.8957042026519776
0.0001,2029.0,12.96394477844238,0.8956914472579955
0.0001,2030.0,12.963942031860352,0.8956786274909974
0.0001,2031.0,12.963938941955567,0.8956659317016602
0.0001,2032.0,12.963935508728026,0.895653338432312
0.0001,2033.0,12.963932800292968,0.8956406044960022
0.0001,2034.0,12.963929710388184,0.8956280875205994
0.0001,2035.0,12.963926963806152,0.8956155443191528
0.0001,2036.0,12.963923835754397,0.8956029891967774
0.0001,2037.0,12.963920936584474,0.8955904293060303
0.0001,2038.0,12.963917579650877,0.8955780100822448
0.0001,2039.0,12.963914909362796,0.8955654549598694
0.0001,2040.0,12.963912048339843,0.8955532145500182
0.0001,2041.0,12.963909149169922,0.8955406975746154
0.0001,2042.0,12.963906135559082,0.8955284190177917
0.0001,2043.0,12.96390308380127,0.8955160164833069
0.0001,2044.0,12.963900451660157,0.8955037760734559
0.0001,2045.0,12.963897094726565,0.8954915308952331
0.0001,2046.0,12.963894500732424,0.8954793071746826
0.0001,2047.0,12.963891716003417,0.8954671478271484
0.0001,2048.0,12.963889122009277,0.895455048084259
0.0001,2049.0,12.963885612487791,0.8954428076744081
0.0001,2050.0,12.963882942199707,0.8954306864738464
0.0001,2051.0,12.963879928588868,0.8954186153411865
0.0001,2052.0,12.963877601623537,0.8954066181182861
0.0001,2053.0,12.96387409210205,0.8953946375846863
0.0001,2054.0,12.963871726989746,0.8953827285766601
0.0001,2055.0,12.963868865966798,0.8953706789016724
0.0001,2056.0,12.963865776062013,0.8953588771820068
0.0001,2057.0,12.9638631439209,0.8953469133377074
0.0001,2058.0,12.963860397338868,0.8953351283073425
0.0001,2059.0,12.96385795593262,0.8953232669830322
0.0001,2060.0,12.96385486602783,0.8953115105628968
0.0001,2061.0,12.9638521194458,0.8952998065948485
0.0001,2062.0,12.963849487304689,0.8952879238128661
0.0001,2063.0,12.963846435546877,0.8952762579917908
0.0001,2064.0,12.96384365081787,0.8952647066116333
0.0001,2065.0,12.963841247558594,0.895252959728241
0.0001,2066.0,12.963838119506836,0.8952412128448487
0.0001,2067.0,12.963835220336914,0.8952297687530517
0.0001,2068.0,12.963832931518555,0.895218152999878
0.0001,2069.0,12.963830032348632,0.8952067637443543
0.0001,2070.0,12.963827552795408,0.8951951575279236
0.0001,2071.0,12.963824691772462,0.8951836323738098
0.0001,2072.0,12.963822212219236,0.8951723194122314
0.0001,2073.0,12.963819122314455,0.8951609420776367
0.0001,2074.0,12.963816528320313,0.8951494979858399
0.0001,2075.0,12.963813896179198,0.8951381206512451
0.0001,2076.0,12.963811264038089,0.8951268339157104
0.0001,2077.0,12.963808364868166,0.8951154398918153
0.0001,2078.0,12.963805618286132,0.8951042938232421
0.0001,2079.0,12.963803138732906,0.8950929975509643
0.0001,2080.0,12.963800544738769,0.8950817489624023
0.0001,2081.0,12.963797645568846,0.89507061958313
0.0001,2082.0,12.963795356750488,0.8950595188140869
0.0001,2083.0,12.963792610168458,0.895048406124115
0.0001,2084.0,12.963790130615237,0.8950372338294983
0.0001,2085.0,12.963787422180175,0.895026159286499
0.0001,2086.0,12.963785095214844,0.8950151824951171
0.0001,2087.0,12.963782806396488,0.8950041675567627
0.0001,2088.0,12.963779678344727,0.894993131160736
0.0001,2089.0,12.963777427673337,0.894982099533081
0.0001,2090.0,12.963774681091309,0.8949712038040161
0.0001,2091.0,12.963772239685058,0.8949603629112244
0.0001,2092.0,12.963769607543945,0.8949493479728698
0.0001,2093.0,12.963767166137698,0.8949386143684388
0.0001,2094.0,12.963764419555664,0.8949276423454284
0.0001,2095.0,12.963762092590333,0.8949170351028443
0.0001,2096.0,12.963759536743163,0.8949062037467956
0.0001,2097.0,12.96375675201416,0.8948954010009765
0.0001,2098.0,12.963754615783692,0.8948847103118895
0.0001,2099.0,12.963752059936523,0.894874005317688
0.0001,2100.0,12.963749275207519,0.894863429069519
0.0001,2101.0,12.963747100830078,0.8948526740074159
0.0001,2102.0,12.963744354248048,0.8948421478271484
0.0001,2103.0,12.963742027282713,0.8948315453529359
0.0001,2104.0,12.963739776611327,0.8948209691047668
0.0001,2105.0,12.96373733520508,0.8948105239868164
0.0001,2106.0,12.963735046386718,0.8947999262809754
0.0001,2107.0,12.963732147216795,0.8947895121574402
0.0001,2108.0,12.963729820251466,0.8947790884971618
0.0001,2109.0,12.963727378845217,0.8947686433792115
0.0001,2110.0,12.963724975585937,0.894758186340332
0.0001,2111.0,12.963722496032712,0.8947477412223815
0.0001,2112.0,12.963719902038576,0.8947374415397644
0.0001,2113.0,12.963717575073241,0.8947271800041199
0.0001,2114.0,12.963715476989748,0.8947168803215027
0.0001,2115.0,12.963712844848633,0.8947066473960876
0.0001,2116.0,12.963710403442382,0.8946962666511535
0.0001,2117.0,12.963708114624025,0.894685971736908
0.0001,2118.0,12.9637056350708,0.894675862789154
0.0001,2119.0,12.963703231811524,0.8946657586097717
0.0001,2120.0,12.963700942993166,0.8946555304527283
0.0001,2121.0,12.963698196411132,0.8946454691886901
0.0001,2122.0,12.963695907592774,0.894635398387909
0.0001,2123.0,12.963693580627442,0.8946252393722534
0.0001,2124.0,12.963691291809083,0.8946152591705323
0.0001,2125.0,12.963689155578614,0.8946052479743958
0.0001,2126.0,12.963687171936037,0.8945951819419861
0.0001,2127.0,12.963684577941896,0.8945851588249206
0.0001,2128.0,12.96368259429932,0.8945753049850464
0.0001,2129.0,12.963680038452148,0.8945653247833252
0.0001,2130.0,12.963677825927736,0.8945553946495057
0.0001,2131.0,12.963675117492675,0.8945453715324403
0.0001,2132.0,12.963673133850097,0.8945357561111451
0.0001,2133.0,12.96367069244385,0.8945259070396423
0.0001,2134.0,12.963668823242188,0.8945161390304566
0.0001,2135.0,12.963666267395022,0.8945063757896423
0.0001,2136.0,12.963663825988771,0.8944965386390686
0.0001,2137.0,12.963661804199218,0.894486699104309
0.0001,2138.0,12.963659553527835,0.8944771218299865
0.0001,2139.0,12.963657112121583,0.894467396736145
0.0001,2140.0,12.96365493774414,0.8944577097892761
0.0001,2141.0,12.963652687072756,0.8944481587409973
0.0001,2142.0,12.963650665283202,0.8944385051727295
0.0001,2143.0,12.963648262023929,0.8944289875030518
0.0001,2144.0,12.96364631652832,0.8944194030761718
0.0001,2145.0,12.963643531799317,0.8944098353385925
0.0001,2146.0,12.963641891479496,0.8944002842903138
0.0001,2147.0,12.963639297485352,0.894390869140625
0.0001,2148.0,12.963637428283693,0.8943813395500183
0.0001,2149.0,12.963634872436524,0.8943718266487122
0.0001,2150.0,12.963633155822755,0.8943624925613404
0.0001,2151.0,12.963630599975586,0.8943529844284057
0.0001,2152.0,12.963628730773927,0.894343752861023
0.0001,2153.0,12.963626441955565,0.8943342566490173
0.0001,2154.0,12.96362449645996,0.8943249821662902
0.0001,2155.0,12.96362174987793,0.8943156480789185
0.0001,2156.0,12.963620376586913,0.8943063735961915
0.0001,2157.0,12.963618087768554,0.8942970991134643
0.0001,2158.0,12.963615531921388,0.8942879056930542
0.0001,2159.0,12.963613395690917,0.894278609752655
0.0001,2160.0,12.963611526489258,0.8942694163322449
0.0001,2161.0,12.963609390258787,0.8942602229118347
0.0001,2162.0,12.963607406616212,0.8942509531974792
0.0001,2163.0,12.963605270385743,0.894241874217987
0.0001,2164.0,12.963602981567384,0.8942326807975769
0.0001,2165.0,12.963600921630858,0.8942236018180847
0.0001,2166.0,12.963598747253421,0.89421462059021
0.0001,2167.0,12.963596763610841,0.8942056274414063
0.0001,2168.0,12.96359436035156,0.8941964721679687
0.0001,2169.0,12.963592071533203,0.8941875505447388
0.0001,2170.0,12.963590393066408,0.894178535938263
0.0001,2171.0,12.963588409423828,0.894169614315033
0.0001,2172.0,12.963586273193357,0.8941606593132019
0.0001,2173.0,12.96358428955078,0.894151644706726
0.0001,2174.0,12.963582000732423,0.8941429233551026
0.0001,2175.0,12.963580284118652,0.8941339421272277
0.0001,2176.0,12.963578033447265,0.8941250252723694
0.0001,2177.0,12.963576545715334,0.8941161346435547
0.0001,2178.0,12.963574409484863,0.8941074681282044
0.0001,2179.0,12.963572463989259,0.8940986657142639
0.0001,2180.0,12.963570098876954,0.894089846611023
0.0001,2181.0,12.96356830596924,0.8940811133384705
0.0001,2182.0,12.963566360473633,0.8940723490715026
0.0001,2183.0,12.963564376831057,0.8940636491775513
0.0001,2184.0,12.963562202453613,0.8940549063682557
0.0001,2185.0,12.963560104370119,0.8940463304519652
0.0001,2186.0,12.96355846405029,0.8940377020835877
0.0001,2187.0,12.963555831909181,0.8940290832519531
0.0001,2188.0,12.963554496765136,0.8940203833580017
0.0001,2189.0,12.963552703857422,0.8940118026733398
0.0001,2190.0,12.96355052947998,0.8940033698081971
0.0001,2191.0,12.963548431396484,0.8939946794509888
0.0001,2192.0,12.963546295166015,0.8939860558509827
0.0001,2193.0,12.96354461669922,0.8939777731895446
0.0001,2194.0,12.963542633056642,0.8939691543579101
0.0001,2195.0,12.963540534973145,0.893960726261139
0.0001,2196.0,12.963538970947265,0.8939523029327392
0.0001,2197.0,12.963536720275878,0.8939438247680664
0.0001,2198.0,12.963534393310546,0.8939354777336121
0.0001,2199.0,12.963533058166501,0.8939270710945129
0.0001,2200.0,12.963531074523926,0.8939186525344849
0.0001,2201.0,12.963529396057128,0.8939103651046754
0.0001,2202.0,12.963527297973632,0.8939020228385925
0.0001,2203.0,12.963525466918947,0.8938937735557556
0.0001,2204.0,12.96352363586426,0.8938854312896729
0.0001,2205.0,12.963521385192871,0.8938771438598633
0.0001,2206.0,12.96351936340332,0.8938690185546875
0.0001,2207.0,12.963518028259276,0.8938607859611511
0.0001,2208.0,12.963516082763675,0.8938525676727295
0.0001,2209.0,12.963513946533205,0.8938443064689636
0.0001,2210.0,12.963512115478517,0.8938360571861268
0.0001,2211.0,12.963510742187498,0.8938279700279237
0.0001,2212.0,12.963508605957033,0.8938198447227479
0.0001,2213.0,12.963506698608398,0.8938117575645448
0.0001,2214.0,12.963504676818847,0.893803632259369
0.0001,2215.0,12.963502883911135,0.8937956595420837
0.0001,2216.0,12.963501052856445,0.8937875723838806
0.0001,2217.0,12.963499679565428,0.8937795233726502
0.0001,2218.0,12.963497848510743,0.8937713980674744
0.0001,2219.0,12.963495903015136,0.8937635111808777
0.0001,2220.0,12.963494033813475,0.8937555003166199
0.0001,2221.0,12.963492240905763,0.893747434616089
0.0001,2222.0,12.963490409851074,0.8937397050857545
0.0001,2223.0,12.963488769531251,0.8937316942214966
0.0001,2224.0,12.963486633300782,0.8937237644195557
0.0001,2225.0,12.963485107421876,0.8937158226966857
0.0001,2226.0,12.963483276367187,0.8937080073356629
0.0001,2227.0,12.963481788635255,0.8937001371383666
0.0001,2228.0,12.963479652404786,0.8936922883987426
0.0001,2229.0,12.96347801208496,0.8936844992637634
0.0001,2230.0,12.963475608825684,0.8936766457557678
0.0001,2231.0,12.963473777770998,0.8936689376831055
0.0001,2232.0,12.963472213745119,0.8936611652374267
0.0001,2233.0,12.963471031188964,0.8936534786224366
0.0001,2234.0,12.963469200134275,0.8936456632614136
0.0001,2235.0,12.963467254638672,0.8936379981040955
0.0001,2236.0,12.963465461730955,0.8936302638053893
0.0001,2237.0,12.963463935852051,0.8936225938796998
0.0001,2238.0,12.963462409973145,0.8936149191856384
0.0001,2239.0,12.96346031188965,0.8936073637008668
0.0001,2240.0,12.963458518981934,0.8935997867584229
0.0001,2241.0,12.963456802368166,0.8935921382904053
0.0001,2242.0,12.963455467224122,0.8935845494270325
0.0001,2243.0,12.96345317840576,0.8935769605636597
0.0001,2244.0,12.963451843261717,0.8935694432258606
0.0001,2245.0,12.963450164794923,0.8935619258880616
0.0001,2246.0,12.963448028564455,0.8935544133186342
0.0001,2247.0,12.963447151184083,0.8935469055175781
0.0001,2248.0,12.963444709777832,0.8935393881797791
0.0001,2249.0,12.96344367980957,0.8935318756103515
0.0001,2250.0,12.963441543579103,0.8935245203971862
0.0001,2251.0,12.96344017028809,0.8935171484947204
0.0001,2252.0,12.963438682556154,0.8935096311569213
0.0001,2253.0,12.963436698913574,0.8935023140907288
0.0001,2254.0,12.963435249328612,0.8934949469566346
0.0001,2255.0,12.963433532714848,0.8934877014160156
0.0001,2256.0,12.963431777954103,0.8934802317619324
0.0001,2257.0,12.963430213928223,0.8934728932380676
0.0001,2258.0,12.963428230285643,0.8934656190872192
0.0001,2259.0,12.963426780700683,0.893458366394043
0.0001,2260.0,12.963425254821775,0.8934510111808777
0.0001,2261.0,12.963423385620118,0.8934437918663025
0.0001,2262.0,12.963421630859376,0.8934365773200988
0.0001,2263.0,12.963420257568359,0.8934293031692504
0.0001,2264.0,12.96341857910156,0.8934220457077027
0.0001,2265.0,12.963417091369628,0.893414945602417
0.0001,2266.0,12.963415412902831,0.8934076714515686
0.0001,2267.0,12.963413734436037,0.8934006094932556
0.0001,2268.0,12.963412208557129,0.8933934760093689
0.0001,2269.0,12.963410606384278,0.8933862733840943
0.0001,2270.0,12.963409233093262,0.8933792042732238
0.0001,2271.0,12.963407402038575,0.8933721208572387
0.0001,2272.0,12.96340572357178,0.8933649063110352
0.0001,2273.0,12.963404388427735,0.8933579635620117
0.0001,2274.0,12.96340259552002,0.8933509874343872
0.0001,2275.0,12.963401222229002,0.8933439350128174
0.0001,2276.0,12.963399276733398,0.8933368730545044
0.0001,2277.0,12.963398208618162,0.8933299350738525
0.0001,2278.0,12.963396530151368,0.893322868347168
0.0001,2279.0,12.963394699096678,0.8933160066604614
0.0001,2280.0,12.963393096923825,0.893309051990509
0.0001,2281.0,12.963391876220701,0.8933020329475403
0.0001,2282.0,12.963390197753908,0.8932951331138611
0.0001,2283.0,12.96338851928711,0.8932882332801819
0.0001,2284.0,12.963387184143066,0.8932813549041748
0.0001,2285.0,12.963385696411132,0.8932744979858398
0.0001,2286.0,12.963384017944335,0.8932676267623901
0.0001,2287.0,12.963382492065428,0.8932608342170715
0.0001,2288.0,12.96338134765625,0.8932539343833923
0.0001,2289.0,12.963379669189454,0.8932471108436585
0.0001,2290.0,12.963378143310546,0.8932403635978698
0.0001,2291.0,12.963376350402832,0.8932336091995239
0.0001,2292.0,12.963375015258787,0.8932268071174622
0.0001,2293.0,12.963373832702638,0.8932201457023621
0.0001,2294.0,12.963372116088868,0.8932132673263551
0.0001,2295.0,12.963370475769045,0.8932066059112549
0.0001,2296.0,12.963368949890137,0.8931999182701111
0.0001,2297.0,12.963367614746094,0.8931931972503662
0.0001,2298.0,12.963366279602052,0.8931866550445556
0.0001,2299.0,12.963364753723145,0.8931798148155212
0.0001,2300.0,12.963363075256348,0.893173246383667
0.0001,2301.0,12.963361740112303,0.8931667041778564
0.0001,2302.0,12.96336009979248,0.8931600642204285
0.0001,2303.0,12.963358840942382,0.8931533765792846
0.0001,2304.0,12.963357543945314,0.8931468558311462
0.0001,2305.0,12.963355751037597,0.8931401777267456
0.0001,2306.0,12.963354644775391,0.8931337666511535
0.0001,2307.0,12.963353157043457,0.8931271433830261
0.0001,2308.0,12.963351364135741,0.8931206226348877
0.0001,2309.0,12.963350296020508,0.8931141948699951
0.0001,2310.0,12.963348808288575,0.8931077170372008
0.0001,2311.0,12.96334716796875,0.8931011104583741
0.0001,2312.0,12.963345794677734,0.8930947041511537
0.0001,2313.0,12.963344459533689,0.8930882167816161
0.0001,2314.0,12.963342781066894,0.8930818581581116
0.0001,2315.0,12.963341598510741,0.8930754470825195
0.0001,2316.0,12.963340225219728,0.8930689692497253
0.0001,2317.0,12.963338584899901,0.8930626010894775
0.0001,2318.0,12.963337364196775,0.8930562543869018
0.0001,2319.0,12.963335876464845,0.8930497717857362
0.0001,2320.0,12.963334350585939,0.8930435228347778
0.0001,2321.0,12.963332901000978,0.8930372142791747
0.0001,2322.0,12.963331985473634,0.8930307745933532
0.0001,2323.0,12.963330497741701,0.8930244874954224
0.0001,2324.0,12.963328819274903,0.8930181789398193
0.0001,2325.0,12.963327598571777,0.8930119347572327
0.0001,2326.0,12.963326416015624,0.8930056428909301
0.0001,2327.0,12.963324890136722,0.8929994535446166
0.0001,2328.0,12.963323402404786,0.8929932475090027
0.0001,2329.0,12.963322029113769,0.8929869771003722
0.0001,2330.0,12.963320846557618,0.8929807376861572
0.0001,2331.0,12.963319511413575,0.8929746294021607
0.0001,2332.0,12.963317832946778,0.8929684019088745
0.0001,2333.0,12.963316764831543,0.8929622721672059
0.0001,2334.0,12.963315124511718,0.8929560494422912
0.0001,2335.0,12.963313980102539,0.8929499793052673
0.0001,2336.0,12.963312606811524,0.8929437732696534
0.0001,2337.0,12.963310585021972,0.8929376649856566
0.0001,2338.0,12.963309783935548,0.8929316329956054
0.0001,2339.0,12.963308410644531,0.8929255247116089
0.0001,2340.0,12.963307380676271,0.8929195094108582
0.0001,2341.0,12.963305854797364,0.8929133582115173
0.0001,2342.0,12.963304481506347,0.8929072165489198
0.0001,2343.0,12.963303451538087,0.8929013037681579
0.0001,2344.0,12.963301506042479,0.8928952813148499
0.0001,2345.0,12.963300628662111,0.8928892111778259
0.0001,2346.0,12.963299255371096,0.8928831839561462
0.0001,2347.0,12.96329792022705,0.8928771948814392
0.0001,2348.0,12.963296546936036,0.892871277332306
0.0001,2349.0,12.963295516967772,0.8928652501106262
0.0001,2350.0,12.963293991088868,0.8928594613075256
0.0001,2351.0,12.963292617797851,0.8928533911705018
0.0001,2352.0,12.9632914352417,0.8928475642204285
0.0001,2353.0,12.963290061950683,0.8928416728973388
0.0001,2354.0,12.963288879394533,0.8928356957435608
0.0001,2355.0,12.963287506103516,0.892829864025116
0.0001,2356.0,12.963286323547365,0.8928239774703979
0.0001,2357.0,12.963284988403322,0.8928181886672973
0.0001,2358.0,12.963283805847169,0.8928123569488525
0.0001,2359.0,12.963282737731934,0.8928065586090088
0.0001,2360.0,12.96328140258789,0.8928006672859192
0.0001,2361.0,12.963279914855958,0.8927948832511902
0.0001,2362.0,12.963278274536131,0.8927890682220458
0.0001,2363.0,12.963277206420898,0.8927833557128906
0.0001,2364.0,12.963276023864747,0.89277756690979
0.0001,2365.0,12.963274536132813,0.8927718281745911
0.0001,2366.0,12.963273811340333,0.8927660393714905
0.0001,2367.0,12.963272590637207,0.8927603483200074
0.0001,2368.0,12.963271255493163,0.892754602432251
0.0001,2369.0,12.963269729614257,0.8927489447593688
0.0001,2370.0,12.963268508911135,0.8927431511878967
0.0001,2371.0,12.963267478942873,0.892737421989441
0.0001,2372.0,12.96326629638672,0.8927319264411926
0.0001,2373.0,12.963265075683594,0.8927263712882996
0.0001,2374.0,12.96326343536377,0.8927205991744995
0.0001,2375.0,12.963262557983398,0.8927149629592896
0.0001,2376.0,12.963261375427246,0.8927093482017516
0.0001,2377.0,12.963260307312012,0.8927036237716675
0.0001,2378.0,12.96325866699219,0.8926981663703919
0.0001,2379.0,12.963257522583008,0.8926925683021545
0.0001,2380.0,12.963256416320801,0.8926870012283326
0.0001,2381.0,12.963255538940428,0.8926814579963684
0.0001,2382.0,12.963253898620605,0.892675929069519
0.0001,2383.0,12.963252830505372,0.8926703572273255
0.0001,2384.0,12.963251800537112,0.8926649546623231
0.0001,2385.0,12.963250160217287,0.8926593446731568
0.0001,2386.0,12.963249549865724,0.892653968334198
0.0001,2387.0,12.963247909545899,0.8926484727859496
0.0001,2388.0,12.963246841430664,0.8926429343223572
0.0001,2389.0,12.96324596405029,0.8926374816894531
0.0001,2390.0,12.96324417114258,0.8926320672035217
0.0001,2391.0,12.96324359893799,0.8926266527175903
0.0001,2392.0,12.963241653442383,0.8926210808753967
0.0001,2393.0,12.963241157531737,0.8926156663894653
0.0001,2394.0,12.963239707946776,0.8926103234291076
0.0001,2395.0,12.963238945007324,0.8926049733161927
0.0001,2396.0,12.963237762451172,0.8925994777679443
0.0001,2397.0,12.963236427307129,0.8925941777229309
0.0001,2398.0,12.963235244750976,0.8925888061523437
0.0001,2399.0,12.963234176635742,0.892583429813385
0.0001,2400.0,12.963232994079588,0.8925781297683716
0.0001,2401.0,12.963232078552245,0.8925728130340576
0.0001,2402.0,12.963230476379394,0.8925675177574157
0.0001,2403.0,12.963229217529296,0.8925622177124024
0.0001,2404.0,12.963228340148923,0.8925569605827333
0.0001,2405.0,12.963227462768552,0.8925517249107362
0.0001,2406.0,12.963226280212403,0.8925464677810668
0.0001,2407.0,12.96322463989258,0.8925411128997802
0.0001,2408.0,12.963223571777345,0.8925358939170838
0.0001,2409.0,12.963222808837891,0.8925307178497315
0.0001,2410.0,12.963221054077149,0.8925254392623903
0.0001,2411.0,12.963219985961915,0.8925202631950379
0.0001,2412.0,12.963219375610352,0.8925151038169861
0.0001,2413.0,12.963218078613282,0.8925098896026611
0.0001,2414.0,12.963217468261721,0.8925046873092651
0.0001,2415.0,12.963216133117676,0.8924993920326232
0.0001,2416.0,12.963214912414552,0.8924944281578064
0.0001,2417.0,12.9632137298584,0.8924891757965088
0.0001,2418.0,12.963212699890136,0.8924841737747191
0.0001,2419.0,12.963211517333985,0.8924789333343506
0.0001,2420.0,12.96321029663086,0.8924739146232604
0.0001,2421.0,12.963209114074708,0.8924688363075256
0.0001,2422.0,12.963208541870118,0.8924637317657471
0.0001,2423.0,12.963207359313966,0.8924586200714111
0.0001,2424.0,12.963206138610841,0.8924535369873048
0.0001,2425.0,12.963205070495606,0.8924483823776245
0.0001,2426.0,12.963203735351563,0.8924434185028076
0.0001,2427.0,12.963202743530275,0.892438383102417
0.0001,2428.0,12.96320182800293,0.8924333977699279
0.0001,2429.0,12.963200798034668,0.8924283623695374
0.0001,2430.0,12.963199920654297,0.8924233984947205
0.0001,2431.0,12.963198699951171,0.8924184775352478
0.0001,2432.0,12.96319766998291,0.8924134755134583
0.0001,2433.0,12.963196449279783,0.8924084448814392
0.0001,2434.0,12.963195419311521,0.8924034810066224
0.0001,2435.0,12.96319404602051,0.8923984837532043
0.0001,2436.0,12.96319362640381,0.8923935794830322
0.0001,2437.0,12.963192176818849,0.8923887181282043
0.0001,2438.0,12.963190994262693,0.8923837327957154
0.0001,2439.0,12.963190383911133,0.892378854751587
0.0001,2440.0,12.96318920135498,0.8923739171028137
0.0001,2441.0,12.96318801879883,0.8923690342903137
0.0001,2442.0,12.963187103271485,0.8923641562461853
0.0001,2443.0,12.963185958862304,0.8923592734336853
0.0001,2444.0,12.963184700012206,0.8923544716835022
0.0001,2445.0,12.963184127807617,0.8923496317863464
0.0001,2446.0,12.963182792663574,0.8923447322845459
0.0001,2447.0,12.963181724548342,0.8923398923873902
0.0001,2448.0,12.963180694580078,0.8923351240158082
0.0001,2449.0,12.9631799697876,0.8923303604125976
0.0001,2450.0,12.963178749084474,0.8923255968093873
0.0001,2451.0,12.963177909851076,0.892320740222931
0.0001,2452.0,12.963176727294922,0.8923158955574035
0.0001,2453.0,12.963175506591796,0.8923113322257996
0.0001,2454.0,12.963174743652344,0.8923064708709717
0.0001,2455.0,12.963173904418944,0.8923017072677613
0.0001,2456.0,12.96317253112793,0.8922969436645508
0.0001,2457.0,12.963171653747558,0.8922922611236572
0.0001,2458.0,12.963171081542967,0.892287518978119
0.0001,2459.0,12.963169746398929,0.8922827982902527
0.0001,2460.0,12.963168830871584,0.8922781372070313
0.0001,2461.0,12.963167457580568,0.8922735524177552
0.0001,2462.0,12.963166770935057,0.8922687125205994
0.0001,2463.0,12.963165740966796,0.8922641277313232
0.0001,2464.0,12.963164520263673,0.8922594451904298
0.0001,2465.0,12.963163795471191,0.8922547459602357
0.0001,2466.0,12.963162574768067,0.8922501778602601
0.0001,2467.0,12.96316246032715,0.8922455930709838
0.0001,2468.0,12.963160820007323,0.892240982055664
0.0001,2469.0,12.963159904479978,0.8922363305091858
0.0001,2470.0,12.963159217834471,0.8922317576408385
0.0001,2471.0,12.96315757751465,0.8922271394729615
0.0001,2472.0,12.963156814575196,0.8922225546836853
0.0001,2473.0,12.963156089782714,0.8922180247306823
0.0001,2474.0,12.963154754638671,0.892213363647461
0.0001,2475.0,12.96315414428711,0.8922088980674743
0.0001,2476.0,12.963153114318848,0.892204351425171
0.0001,2477.0,12.963152351379396,0.8921997499465942
0.0001,2478.0,12.963151016235352,0.8921953272819518
0.0001,2479.0,12.96315029144287,0.8921906995773314
0.0001,2480.0,12.963149108886718,0.8921862721443177
0.0001,2481.0,12.963148231506347,0.8921817302703857
0.0001,2482.0,12.963147315979002,0.892177345752716
0.0001,2483.0,12.963146286010744,0.8921727776527405
0.0001,2484.0,12.96314525604248,0.8921684312820435
0.0001,2485.0,12.96314464569092,0.8921639275550842
0.0001,2486.0,12.963143806457518,0.8921593475341798
0.0001,2487.0,12.963142395019533,0.8921548771858216
0.0001,2488.0,12.963142166137697,0.8921505308151245
0.0001,2489.0,12.963140830993654,0.8921461033821105
0.0001,2490.0,12.963140106201173,0.8921417236328126
0.0001,2491.0,12.963139190673829,0.8921373009681701
0.0001,2492.0,12.963138008117676,0.8921328735351562
0.0001,2493.0,12.963137283325196,0.8921284842491151
0.0001,2494.0,12.96313621520996,0.8921240997314454
0.0001,2495.0,12.96313533782959,0.8921197485923766
0.0001,2496.0,12.963134002685546,0.8921154069900512
0.0001,2497.0,12.963133735656738,0.8921109795570374
0.0001,2498.0,12.96313220977783,0.8921067476272584
0.0001,2499.0,12.963131790161135,0.8921024990081787
0.0001,2500.0,12.96313056945801,0.8920980763435364
0.0001,2501.0,12.96313003540039,0.892093734741211
0.0001,2502.0,12.963128814697265,0.8920893502235412
0.0001,2503.0,12.963128089904787,0.8920851945877075
0.0001,2504.0,12.963127403259278,0.8920808696746827
0.0001,2505.0,12.963126640319825,0.8920765399932862
0.0001,2506.0,12.963125267028808,0.8920722150802612
0.0001,2507.0,12.96312454223633,0.8920680689811706
0.0001,2508.0,12.963123474121094,0.8920637559890747
0.0001,2509.0,12.963122596740723,0.8920594787597657
0.0001,2510.0,12.96312187194824,0.892055311203003
0.0001,2511.0,12.963121299743653,0.8920510959625245
0.0001,2512.0,12.963119316101075,0.892046890258789
0.0001,2513.0,12.96311923980713,0.8920427393913268
0.0001,2514.0,12.963118171691896,0.892038609981537
0.0001,2515.0,12.963117446899416,0.8920342683792115
0.0001,2516.0,12.963116531372071,0.8920300579071045
0.0001,2517.0,12.963115844726563,0.8920258736610412
0.0001,2518.0,12.963114776611329,0.8920217227935792
0.0001,2519.0,12.96311408996582,0.8920175170898438
0.0001,2520.0,12.963113021850585,0.8920134425163269
0.0001,2521.0,12.963112335205077,0.8920092797279359
0.0001,2522.0,12.963111724853515,0.8920051884651184
0.0001,2523.0,12.963110847473144,0.8920010805130005
0.0001,2524.0,12.963109779357909,0.8919969081878661
0.0001,2525.0,12.963108558654785,0.8919927668571472
0.0001,2526.0,12.963108139038084,0.8919887137413025
0.0001,2527.0,12.963107261657719,0.8919845247268676
0.0001,2528.0,12.963106727600099,0.8919804811477661
0.0001,2529.0,12.963105354309082,0.891976466178894
0.0001,2530.0,12.963104476928711,0.8919724178314209
0.0001,2531.0,12.963103713989257,0.8919683480262757
0.0001,2532.0,12.963102493286131,0.8919642233848573
0.0001,2533.0,12.963102264404295,0.8919601535797119
0.0001,2534.0,12.963101081848144,0.8919562196731567
0.0001,2535.0,12.963100662231447,0.8919522523880006
0.0001,2536.0,12.963099746704103,0.8919481182098389
0.0001,2537.0,12.963098907470703,0.891944227218628
0.0001,2538.0,12.963097991943359,0.8919401836395264
0.0001,2539.0,12.963096771240235,0.8919360661506652
0.0001,2540.0,12.96309669494629,0.8919322228431701
0.0001,2541.0,12.963095321655274,0.8919281315803527
0.0001,2542.0,12.963094749450683,0.8919242024421692
0.0001,2543.0,12.963093719482423,0.8919201970100403
0.0001,2544.0,12.963092803955078,0.8919163227081299
0.0001,2545.0,12.963092536926268,0.8919123458862305
0.0001,2546.0,12.963091049194338,0.8919083404541015
0.0001,2547.0,12.963090476989747,0.8919044065475463
0.0001,2548.0,12.963089752197268,0.8919006824493408
0.0001,2549.0,12.963088684082033,0.8918966293334961
0.0001,2550.0,12.963088417053221,0.8918927764892577
0.0001,2551.0,12.963087234497072,0.8918888473510742
0.0001,2552.0,12.963086662292481,0.8918849945068359
0.0001,2553.0,12.9630859375,0.8918809843063353
0.0001,2554.0,12.963085021972656,0.8918771696090698
0.0001,2555.0,12.963084335327148,0.8918732404708862
0.0001,2556.0,12.963083267211916,0.8918694686889649
0.0001,2557.0,12.96308219909668,0.8918656158447267
0.0001,2558.0,12.96308193206787,0.8918618059158325
0.0001,2559.0,12.963080596923831,0.8918580293655396
0.0001,2560.0,12.96308002471924,0.8918541646003724
0.0001,2561.0,12.963079452514648,0.8918503499031067
0.0001,2562.0,12.963078689575195,0.891846420764923
0.0001,2563.0,12.963078155517579,0.891842691898346
0.0001,2564.0,12.963077087402345,0.8918389534950256
0.0001,2565.0,12.963075866699219,0.8918349862098693
0.0001,2566.0,12.963075485229492,0.8918312358856202
0.0001,2567.0,12.963074569702147,0.8918275022506714
0.0001,2568.0,12.96307403564453,0.8918236064910889
0.0001,2569.0,12.963073310852051,0.8918200349807739
0.0001,2570.0,12.963072204589842,0.8918161821365357
0.0001,2571.0,12.963071479797364,0.8918125081062318
0.0001,2572.0,12.963071098327637,0.8918087458610535
0.0001,2573.0,12.963070182800294,0.8918050074577333
0.0001,2574.0,12.963069114685059,0.8918013286590576
0.0001,2575.0,12.96306842803955,0.8917975616455078
0.0001,2576.0,12.963067665100098,0.8917938280105591
0.0001,2577.0,12.96306713104248,0.8917901539802551
0.0001,2578.0,12.963066215515136,0.8917864966392517
0.0001,2579.0,12.963065643310546,0.8917827892303467
0.0001,2580.0,12.963064727783202,0.8917790985107421
0.0001,2581.0,12.963064346313475,0.8917754292488098
0.0001,2582.0,12.963063278198241,0.8917717337608337
0.0001,2583.0,12.963062400817874,0.8917680811882018
0.0001,2584.0,12.963062286376951,0.8917644453048705
0.0001,2585.0,12.963061065673825,0.8917608308792114
0.0001,2586.0,12.963060188293458,0.891757173538208
0.0001,2587.0,12.963059654235842,0.8917535853385925
0.0001,2588.0,12.963059043884279,0.8917499160766602
0.0001,2589.0,12.963057823181153,0.891746416091919
0.0001,2590.0,12.963057746887205,0.8917428612709045
0.0001,2591.0,12.963056526184083,0.8917391109466553
0.0001,2592.0,12.963056106567382,0.891735496520996
0.0001,2593.0,12.963054733276369,0.8917319416999816
0.0001,2594.0,12.963054504394533,0.891728446483612
0.0001,2595.0,12.96305377960205,0.8917247724533082
0.0001,2596.0,12.963052711486815,0.8917212224006653
0.0001,2597.0,12.963052444458008,0.8917177271842958
0.0001,2598.0,12.963051376342772,0.8917142105102538
0.0001,2599.0,12.963051109313966,0.8917106175422669
0.0001,2600.0,12.963049736022949,0.891707079410553
0.0001,2601.0,12.963049507141113,0.8917035293579101
0.0001,2602.0,12.963048591613768,0.89170001745224
0.0001,2603.0,12.963047714233397,0.8916965174674988
0.0001,2604.0,12.963047485351561,0.8916929292678832
0.0001,2605.0,12.96304656982422,0.8916894888877869
0.0001,2606.0,12.963045997619629,0.8916859006881714
0.0001,2607.0,12.963044929504393,0.8916825199127197
0.0001,2608.0,12.963044700622557,0.89167888879776
0.0001,2609.0,12.963043632507325,0.8916755294799805
0.0001,2610.0,12.963043212890627,0.8916720509529114
0.0001,2611.0,12.963042144775391,0.8916686153411866
0.0001,2612.0,12.963041725158691,0.8916651844978333
0.0001,2613.0,12.963040885925292,0.8916617870330811
0.0001,2614.0,12.96304012298584,0.891658296585083
0.0001,2615.0,12.96303955078125,0.8916547417640686
0.0001,2616.0,12.963038787841796,0.8916514682769775
0.0001,2617.0,12.96303840637207,0.8916479516029358
0.0001,2618.0,12.963037338256838,0.8916447067260742
0.0001,2619.0,12.963036727905276,0.8916411995887756
0.0001,2620.0,12.963035697937013,0.8916378402709961
0.0001,2621.0,12.963035430908205,0.8916343665122985
0.0001,2622.0,12.963034896850587,0.891630973815918
0.0001,2623.0,12.963034133911133,0.8916275763511657
0.0001,2624.0,12.963033065795898,0.8916242551803589
0.0001,2625.0,12.963032531738282,0.8916207814216615
0.0001,2626.0,12.96303207397461,0.8916175079345703
0.0001,2627.0,12.963031539916992,0.8916141486167908
0.0001,2628.0,12.96303062438965,0.8916107130050659
0.0001,2629.0,12.963029861450195,0.8916074013710021
0.0001,2630.0,12.963029327392578,0.8916041231155396
0.0001,2631.0,12.963028602600097,0.8916007637977601
0.0001,2632.0,12.963027992248534,0.8915974855422975
0.0001,2633.0,12.963027267456054,0.8915942668914796
0.0001,2634.0,12.963026847839355,0.8915907001495362
0.0001,2635.0,12.963026275634768,0.8915875959396362
0.0001,2636.0,12.963025054931641,0.8915843176841736
0.0001,2637.0,12.963024787902834,0.8915810060501099
0.0001,2638.0,12.96302391052246,0.8915776848793029
0.0001,2639.0,12.963023147583007,0.891574432849884
0.0001,2640.0,12.963023223876952,0.8915711927413941
0.0001,2641.0,12.96302219390869,0.8915678048133849
0.0001,2642.0,12.96302127838135,0.8915646409988403
0.0001,2643.0,12.963020515441896,0.8915613627433777
0.0001,2644.0,12.963020095825195,0.8915581107139587
0.0001,2645.0,12.963019561767577,0.8915548706054688
0.0001,2646.0,12.963018951416014,0.8915515923500061
0.0001,2647.0,12.963018226623534,0.8915484929084778
0.0001,2648.0,12.963017311096193,0.8915451002120972
0.0001,2649.0,12.963017082214357,0.8915419363975525
0.0001,2650.0,12.963016204833984,0.8915388035774232
0.0001,2651.0,12.96301544189453,0.8915355253219603
0.0001,2652.0,12.96301486968994,0.8915324091911316
0.0001,2653.0,12.963014106750489,0.891529130935669
0.0001,2654.0,12.9630135345459,0.8915259170532226
0.0001,2655.0,12.9630131149292,0.8915228295326232
0.0001,2656.0,12.963012580871581,0.8915196537971497
0.0001,2657.0,12.963011970520018,0.8915163803100586
0.0001,2658.0,12.96301124572754,0.8915132808685302
0.0001,2659.0,12.963010330200195,0.8915100884437561
0.0001,2660.0,12.963009605407713,0.8915071034431459
0.0001,2661.0,12.963008995056152,0.8915039491653443
0.0001,2662.0,12.963008728027344,0.8915006542205811
0.0001,2663.0,12.963008041381837,0.8914977288246155
0.0001,2664.0,12.963007774353029,0.8914944767951966
0.0001,2665.0,12.963006858825684,0.8914914274215698
0.0001,2666.0,12.963005981445315,0.8914881920814515
0.0001,2667.0,12.963005218505861,0.8914852166175843
0.0001,2668.0,12.96300464630127,0.8914821600914001
0.0001,2669.0,12.963004226684571,0.8914788818359376
0.0001,2670.0,12.963003959655762,0.891475977897644
0.0001,2671.0,12.9630029296875,0.8914728236198425
0.0001,2672.0,12.963002014160157,0.8914696860313416
0.0001,2673.0,12.963001747131347,0.891466646194458
0.0001,2674.0,12.963001022338869,0.8914636659622193
0.0001,2675.0,12.963000411987306,0.8914604902267456
0.0001,2676.0,12.962999534606933,0.8914576292037963
0.0001,2677.0,12.962999229431151,0.8914544272422791
0.0001,2678.0,12.962998352050782,0.8914513325691222
0.0001,2679.0,12.962998275756837,0.8914484500885009
0.0001,2680.0,12.962997665405274,0.8914453506469726
0.0001,2681.0,12.962996940612792,0.8914423704147338
0.0001,2682.0,12.962996063232424,0.8914392924308777
0.0001,2683.0,12.962995605468752,0.8914362692832947
0.0001,2684.0,12.96299488067627,0.8914333748817445
0.0001,2685.0,12.96299415588379,0.891430356502533
0.0001,2686.0,12.96299388885498,0.8914272618293761
0.0001,2687.0,12.962993469238281,0.8914243364334107
0.0001,2688.0,12.96299304962158,0.8914213991165161
0.0001,2689.0,12.962992324829099,0.8914183712005614
0.0001,2690.0,12.96299175262451,0.8914153575897217
0.0001,2691.0,12.96299102783203,0.8914124965667725
0.0001,2692.0,12.962990722656249,0.8914094185829162
0.0001,2693.0,12.962989997863769,0.8914065623283387
0.0001,2694.0,12.962989234924315,0.8914035391807557
0.0001,2695.0,12.962988815307614,0.8914007210731507
0.0001,2696.0,12.962987747192383,0.8913976645469666
0.0001,2697.0,12.962987174987793,0.8913946962356567
0.0001,2698.0,12.962987098693848,0.8913918018341065
0.0001,2699.0,12.962986221313477,0.8913888597488404
0.0001,2700.0,12.96298595428467,0.8913859605789185
0.0001,2701.0,12.96298553466797,0.8913830995559693
0.0001,2702.0,12.962985038757326,0.8913801622390747
0.0001,2703.0,12.962983856201172,0.8913772583007813
0.0001,2704.0,12.962983283996582,0.8913743257522583
0.0001,2705.0,12.962983016967772,0.8913714170455932
0.0001,2706.0,12.962982444763185,0.8913685607910156
0.0001,2707.0,12.962981719970703,0.8913656949996949
0.0001,2708.0,12.962981567382812,0.8913628768920898
0.0001,2709.0,12.962980194091795,0.8913599443435669
0.0001,2710.0,12.962979927062987,0.8913571596145631
0.0001,2711.0,12.962979698181151,0.8913542938232422
0.0001,2712.0,12.962979202270507,0.8913513612747193
0.0001,2713.0,12.96297882080078,0.8913485383987427
0.0001,2714.0,12.962977943420412,0.8913457584381104
0.0001,2715.0,12.962977371215821,0.8913429307937623
0.0001,2716.0,12.962977104187013,0.8913400697708129
0.0001,2717.0,12.96297649383545,0.891337251663208
0.0001,2718.0,12.962975463867188,0.8913343858718872
0.0001,2719.0,12.962975044250488,0.8913316702842712
0.0001,2720.0,12.96297477722168,0.8913288044929505
0.0001,2721.0,12.962974166870119,0.8913259863853455
0.0001,2722.0,12.962973442077637,0.8913232398033142
0.0001,2723.0,12.962972869873047,0.8913204598426818
0.0001,2724.0,12.962972564697266,0.8913177442550659
0.0001,2725.0,12.962971534729004,0.891314878463745
0.0001,2726.0,12.962970962524414,0.8913120603561402
0.0001,2727.0,12.962970809936524,0.8913092803955078
0.0001,2728.0,12.962970542907714,0.8913065767288209
0.0001,2729.0,12.962969512939454,0.8913037967681885
0.0001,2730.0,12.962968940734862,0.8913010382652282
0.0001,2731.0,12.96296848297119,0.8912983250617981
0.0001,2732.0,12.962967758178712,0.891295554637909
0.0001,2733.0,12.962967834472657,0.8912928295135498
0.0001,2734.0,12.962967224121094,0.8912900876998902
0.0001,2735.0,12.962966842651369,0.8912873888015748
0.0001,2736.0,12.962966117858887,0.8912846851348877
0.0001,2737.0,12.96296501159668,0.8912818837165832
0.0001,2738.0,12.962964935302734,0.8912792229652404
0.0001,2739.0,12.96296459197998,0.8912765955924988
0.0001,2740.0,12.962963905334474,0.8912738370895386
0.0001,2741.0,12.962963333129885,0.8912710952758789
0.0001,2742.0,12.962963180541992,0.8912683916091919
0.0001,2743.0,12.962962341308597,0.8912657475471496
0.0001,2744.0,12.96296184539795,0.8912629675865174
0.0001,2745.0,12.962961463928224,0.8912602901458739
0.0001,2746.0,12.962960739135744,0.891257700920105
0.0001,2747.0,12.962960433959962,0.8912551116943359
0.0001,2748.0,12.962959594726565,0.8912523365020751
0.0001,2749.0,12.962959594726565,0.8912496924400328
0.0001,2750.0,12.962958717346192,0.891247091293335
0.0001,2751.0,12.96295837402344,0.8912443161010742
0.0001,2752.0,12.962957382202148,0.8912416553497314
0.0001,2753.0,12.962957077026367,0.8912390494346618
0.0001,2754.0,12.962956848144533,0.8912364649772644
0.0001,2755.0,12.96295612335205,0.8912338209152222
0.0001,2756.0,12.96295581817627,0.8912312412261962
0.0001,2757.0,12.962955284118653,0.8912284779548645
0.0001,2758.0,12.962954177856444,0.8912260127067566
0.0001,2759.0,12.962954101562499,0.8912233686447144
0.0001,2760.0,12.962953605651856,0.8912206697463989
0.0001,2761.0,12.96295310974121,0.8912181401252747
0.0001,2762.0,12.962952308654785,0.8912156200408936
0.0001,2763.0,12.962952232360841,0.8912130355834961
0.0001,2764.0,12.962951316833497,0.8912103199958801
0.0001,2765.0,12.962951049804689,0.8912078547477722
0.0001,2766.0,12.962950134277346,0.89120521068573
0.0001,2767.0,12.962950210571291,0.8912026691436767
0.0001,2768.0,12.962949142456052,0.8912001013755799
0.0001,2769.0,12.962949142456054,0.8911975383758544
0.0001,2770.0,12.962948150634764,0.8911948776245118
0.0001,2771.0,12.962948455810546,0.8911924290657044
0.0001,2772.0,12.962947425842286,0.891189887523651
0.0001,2773.0,12.962947158813476,0.8911872053146362
0.0001,2774.0,12.962946739196777,0.8911847233772278
0.0001,2775.0,12.962946128845216,0.8911822414398194
0.0001,2776.0,12.962945709228517,0.8911797332763671
0.0001,2777.0,12.962944831848146,0.8911772131919862
0.0001,2778.0,12.962944869995118,0.8911746287345885
0.0001,2779.0,12.962943992614747,0.8911721801757813
0.0001,2780.0,12.962943840026856,0.8911696553230286
0.0001,2781.0,12.962943267822267,0.8911672163009643
0.0001,2782.0,12.962942543029785,0.8911646318435669
0.0001,2783.0,12.962942581176756,0.8911621928215027
0.0001,2784.0,12.962941703796385,0.89115966796875
0.0001,2785.0,12.962941436767576,0.8911571812629699
0.0001,2786.0,12.962940635681154,0.8911547374725342
0.0001,2787.0,12.96293975830078,0.891152114868164
0.0001,2788.0,12.962939796447753,0.8911497902870178
0.0001,2789.0,12.962939491271971,0.8911471509933472
0.0001,2790.0,12.962938652038575,0.8911447834968567
0.0001,2791.0,12.962938194274903,0.8911423397064209
0.0001,2792.0,12.962938079833986,0.8911399126052857
0.0001,2793.0,12.962937507629395,0.8911374258995055
0.0001,2794.0,12.962937393188477,0.8911350250244141
0.0001,2795.0,12.962936630249024,0.8911327052116393
0.0001,2796.0,12.962936096191406,0.8911301755905151
0.0001,2797.0,12.962935333251952,0.8911276936531067
0.0001,2798.0,12.962935676574707,0.8911252665519716
0.0001,2799.0,12.962934646606445,0.891122784614563
0.0001,2800.0,12.962934532165526,0.8911204552650451
0.0001,2801.0,12.96293357849121,0.8911179351806641
0.0001,2802.0,12.9629333114624,0.8911156105995179
0.0001,2803.0,12.962932624816892,0.8911130094528199
0.0001,2804.0,12.962932167053223,0.8911106848716736
0.0001,2805.0,12.962932357788086,0.8911084365844726
0.0001,2806.0,12.962931594848635,0.8911059498786926
0.0001,2807.0,12.962930908203127,0.891103630065918
0.0001,2808.0,12.962930946350099,0.8911011815071106
0.0001,2809.0,12.962930335998536,0.8910988521575929
0.0001,2810.0,12.962929725646974,0.8910964131355286
0.0001,2811.0,12.962929039001466,0.8910940456390382
0.0001,2812.0,12.962928123474121,0.8910917210578918
0.0001,2813.0,12.962928314208986,0.891089277267456
0.0001,2814.0,12.962927703857423,0.8910869693756103
0.0001,2815.0,12.962927284240722,0.891084623336792
0.0001,2816.0,12.962926864624025,0.8910821843147277
0.0001,2817.0,12.962926445007325,0.89107985496521
0.0001,2818.0,12.962926177978517,0.8910776543617249
0.0001,2819.0,12.962925872802735,0.8910752487182618
0.0001,2820.0,12.96292495727539,0.8910730004310607
0.0001,2821.0,12.962924613952637,0.8910705995559691
0.0001,2822.0,12.96292366027832,0.8910682702064514
0.0001,2823.0,12.962923545837402,0.8910659074783325
0.0001,2824.0,12.962923583984374,0.8910636043548584
0.0001,2825.0,12.962923126220701,0.8910613346099854
0.0001,2826.0,12.962922554016114,0.8910590314865112
0.0001,2827.0,12.962922019958496,0.891056706905365
0.0001,2828.0,12.962921447753905,0.8910545015335083
0.0001,2829.0,12.962921447753905,0.8910520529747009
0.0001,2830.0,12.962920684814453,0.8910498428344726
0.0001,2831.0,12.962920570373536,0.8910475230216981
0.0001,2832.0,12.962919692993163,0.8910452365875244
0.0001,2833.0,12.962919387817383,0.8910429286956787
0.0001,2834.0,12.962918815612793,0.8910406851768493
0.0001,2835.0,12.962918434143067,0.8910384368896485
0.0001,2836.0,12.962918167114257,0.8910361766815185
0.0001,2837.0,12.962917861938475,0.8910339713096618
0.0001,2838.0,12.962917404174803,0.8910316419601441
0.0001,2839.0,12.962916679382326,0.8910293936729431
0.0001,2840.0,12.962916564941407,0.8910270738601684
0.0001,2841.0,12.962915954589844,0.8910249018669127
0.0001,2842.0,12.962915687561036,0.8910225772857666
0.0001,2843.0,12.962915267944336,0.8910203933715821
0.0001,2844.0,12.962914810180663,0.891018145084381
0.0001,2845.0,12.962914390563965,0.8910159397125244
0.0001,2846.0,12.962913627624511,0.8910137939453124
0.0001,2847.0,12.962913246154784,0.8910114312171937
0.0001,2848.0,12.962912979125978,0.8910092854499816
0.0001,2849.0,12.96291255950928,0.8910071516036988
0.0001,2850.0,12.96291229248047,0.8910049510002136
0.0001,2851.0,12.962912025451661,0.8910026216506958
0.0001,2852.0,12.962911071777347,0.8910004711151124
0.0001,2853.0,12.962910804748535,0.8909982967376708
0.0001,2854.0,12.962910385131838,0.8909961032867431
0.0001,2855.0,12.96291027069092,0.8909938383102416
0.0001,2856.0,12.962910003662111,0.8909916281700134
0.0001,2857.0,12.962909584045411,0.8909895753860473
0.0001,2858.0,12.962908821105957,0.8909871578216553
0.0001,2859.0,12.962908248901368,0.8909852290153504
0.0001,2860.0,12.962908248901368,0.8909829425811767
0.0001,2861.0,12.962907524108887,0.8909808015823364
0.0001,2862.0,12.962906951904298,0.8909786510467529
0.0001,2863.0,12.962906684875488,0.8909764790534973
0.0001,2864.0,12.962906570434571,0.8909743213653565
0.0001,2865.0,12.962905960083008,0.8909721660614014
0.0001,2866.0,12.962905540466307,0.8909700417518616
0.0001,2867.0,12.962905120849609,0.8909677982330322
0.0001,2868.0,12.962904663085938,0.8909657287597657
0.0001,2869.0,12.962904205322266,0.8909636640548706
0.0001,2870.0,12.962903938293456,0.8909615397453308
0.0001,2871.0,12.962903671264648,0.8909593892097474
0.0001,2872.0,12.96290309906006,0.8909572649002075
0.0001,2873.0,12.962902984619143,0.8909551572799683
0.0001,2874.0,12.962902565002443,0.8909530663490296
0.0001,2875.0,12.96290195465088,0.8909508442878724
0.0001,2876.0,12.962901687622072,0.8909487581253052
0.0001,2877.0,12.962901420593262,0.8909467267990112
0.0001,2878.0,12.962901153564454,0.8909446024894714
0.0001,2879.0,12.962900276184081,0.8909425330162049
0.0001,2880.0,12.962900009155273,0.8909403705596923
0.0001,2881.0,12.962899665832518,0.8909381818771362
0.0001,2882.0,12.96289924621582,0.8909362697601317
0.0001,2883.0,12.96289882659912,0.8909341883659363
0.0001,2884.0,12.962898559570315,0.8909320759773255
0.0001,2885.0,12.962898292541505,0.8909299516677855
0.0001,2886.0,12.962897834777833,0.890927882194519
0.0001,2887.0,12.962897567749025,0.890925817489624
0.0001,2888.0,12.962896842956543,0.8909238076210022
0.0001,2889.0,12.962896537780761,0.890921700000763
0.0001,2890.0,12.962896575927733,0.89091965675354
0.0001,2891.0,12.962895812988283,0.8909175872802735
0.0001,2892.0,12.962895393371584,0.8909155178070068
0.0001,2893.0,12.962895431518556,0.8909134650230408
0.0001,2894.0,12.962894859313966,0.8909114003181458
0.0001,2895.0,12.962893905639648,0.890909378528595
0.0001,2896.0,12.962893981933593,0.8909074020385742
0.0001,2897.0,12.962893524169921,0.8909053802490234
0.0001,2898.0,12.962892990112303,0.8909032726287842
0.0001,2899.0,12.962893180847168,0.8909013438224793
0.0001,2900.0,12.962892379760742,0.8908993172645568
0.0001,2901.0,12.962891654968264,0.8908972859382629
0.0001,2902.0,12.962891540527343,0.8908952808380127
0.0001,2903.0,12.962891273498535,0.8908931732177734
0.0001,2904.0,12.962891159057616,0.8908914232254028
0.0001,2905.0,12.962890548706055,0.8908891582489014
0.0001,2906.0,12.962890129089356,0.8908871150016785
0.0001,2907.0,12.962890014648439,0.8908852744102478
0.0001,2908.0,12.96288959503174,0.890883138179779
0.0001,2909.0,12.962889480590821,0.8908812046051026
0.0001,2910.0,12.962888374328614,0.8908792805671691
0.0001,2911.0,12.962887954711913,0.8908772706985474
0.0001,2912.0,12.962888031005859,0.8908753204345703
0.0001,2913.0,12.96288776397705,0.8908733701705932
0.0001,2914.0,12.962887115478514,0.8908713054656983
0.0001,2915.0,12.962886695861817,0.890869436264038
0.0001,2916.0,12.962886581420898,0.8908674693107606
0.0001,2917.0,12.962886466979981,0.8908653569221496
0.0001,2918.0,12.962885551452636,0.8908635306358338
0.0001,2919.0,12.962885284423828,0.8908615040779114
0.0001,2920.0,12.96288501739502,0.8908596515655518
0.0001,2921.0,12.96288475036621,0.8908576250076294
0.0001,2922.0,12.96288429260254,0.8908556795120239
0.0001,2923.0,12.962884025573732,0.890853729248047
0.0001,2924.0,12.962883911132813,0.8908518171310424
0.0001,2925.0,12.96288314819336,0.8908498764038086
0.0001,2926.0,12.962883224487305,0.8908480024337768
0.0001,2927.0,12.96288230895996,0.8908459758758545
0.0001,2928.0,12.962881851196288,0.8908441114425658
0.0001,2929.0,12.962881736755369,0.8908421993255615
0.0001,2930.0,12.962881813049314,0.890840253829956
0.0001,2931.0,12.962880706787107,0.8908383631706238
0.0001,2932.0,12.96288059234619,0.8908365273475647
0.0001,2933.0,12.962880783081054,0.8908345818519592
0.0001,2934.0,12.9628800201416,0.8908326745033264
0.0001,2935.0,12.962879447937013,0.890830729007721
0.0001,2936.0,12.962879333496094,0.8908289361000061
0.0001,2937.0,12.96287872314453,0.8908269524574279
0.0001,2938.0,12.962878456115721,0.8908251214027405
0.0001,2939.0,12.962878036499022,0.890823175907135
0.0001,2940.0,12.962877883911132,0.890821225643158
0.0001,2941.0,12.962877655029299,0.8908193945884705
0.0001,2942.0,12.96287754058838,0.8908176064491271
0.0001,2943.0,12.962876739501954,0.8908158135414124
0.0001,2944.0,12.962876663208009,0.8908137226104735
0.0001,2945.0,12.962876663208009,0.8908119988441467
0.0001,2946.0,12.962875442504885,0.8908100867271423
0.0001,2947.0,12.96287567138672,0.8908082604408265
0.0001,2948.0,12.962874755859376,0.8908063530921936
0.0001,2949.0,12.962874946594237,0.8908044838905335
0.0001,2950.0,12.962874526977538,0.8908026528358459
0.0001,2951.0,12.962873764038088,0.8908008599281312
0.0001,2952.0,12.96287399291992,0.8907990550994873
0.0001,2953.0,12.962873497009275,0.8907971644401551
0.0001,2954.0,12.962873077392576,0.8907953333854675
0.0001,2955.0,12.962873268127439,0.8907934260368348
0.0001,2956.0,12.962872543334958,0.8907915949821472
0.0001,2957.0,12.96287208557129,0.8907897853851319
0.0001,2958.0,12.962871360778808,0.8907880401611328
0.0001,2959.0,12.962871551513672,0.8907862043380738
0.0001,2960.0,12.962871093750003,0.8907843017578125
0.0001,2961.0,12.96287082672119,0.8907825088500977
0.0001,2962.0,12.962870674133299,0.8907806825637816
0.0001,2963.0,12.962870292663576,0.8907789278030396
0.0001,2964.0,12.962870178222657,0.8907770586013793
0.0001,2965.0,12.962869262695312,0.890775330066681
0.0001,2966.0,12.962869453430176,0.890773537158966
0.0001,2967.0,12.962868652343749,0.8907717108726502
0.0001,2968.0,12.962868423461913,0.89076984167099
0.0001,2969.0,12.96286781311035,0.8907680535316467
0.0001,2970.0,12.962867736816404,0.8907663416862488
0.0001,2971.0,12.962867698669433,0.8907644939422608
0.0001,2972.0,12.962867164611819,0.8907627010345458
0.0001,2973.0,12.962866706848146,0.8907609939575196
0.0001,2974.0,12.962866783142092,0.8907592391967774
0.0001,2975.0,12.962865982055664,0.8907574939727783
0.0001,2976.0,12.962865905761719,0.8907556247711181
0.0001,2977.0,12.962865104675293,0.8907538962364197
0.0001,2978.0,12.962865028381348,0.8907520651817322
0.0001,2979.0,12.962864723205566,0.8907503914833069
0.0001,2980.0,12.962864608764647,0.8907485485076905
0.0001,2981.0,12.962864303588866,0.8907468318939209
0.0001,2982.0,12.962863922119139,0.8907450866699218
0.0001,2983.0,12.962863769531252,0.8907432985305787
0.0001,2984.0,12.962863693237306,0.8907416629791259
0.0001,2985.0,12.96286273956299,0.8907398915290832
0.0001,2986.0,12.962862815856935,0.890738184452057
0.0001,2987.0,12.962862014770508,0.8907365322113037
0.0001,2988.0,12.962862243652344,0.8907347822189331
0.0001,2989.0,12.962861633300781,0.8907329559326173
0.0001,2990.0,12.962861633300781,0.8907312393188476
0.0001,2991.0,12.9628609085083,0.8907294940948487
0.0001,2992.0,12.962860641479491,0.8907278418540954
0.0001,2993.0,12.962860527038574,0.8907260155677795
0.0001,2994.0,12.96285976409912,0.8907243633270263
0.0001,2995.0,12.962859954833986,0.8907226562499999
0.0001,2996.0,12.962859535217284,0.8907209396362306
0.0001,2997.0,12.962859230041506,0.8907191896438598
0.0001,2998.0,12.962858963012696,0.8907175803184509
0.0001,2999.0,12.962858390808105,0.8907159328460694
0.0001,3000.0,12.962858085632327,0.8907141399383545
0.0001,3001.0,12.962857818603515,0.8907125091552734
0.0001,3002.0,12.96285827636719,0.8907107210159302
0.0001,3003.0,12.962857246398926,0.8907090687751771
0.0001,3004.0,12.962856979370118,0.8907072854042053
0.0001,3005.0,12.962856864929199,0.8907056498527527
0.0001,3006.0,12.962856254577638,0.8907039213180541
0.0001,3007.0,12.962856407165527,0.8907024049758911
0.0001,3008.0,12.96285572052002,0.8907006001472473
0.0001,3009.0,12.962855262756348,0.89069904088974
0.0001,3010.0,12.962855300903321,0.8906973552703857
0.0001,3011.0,12.962855033874511,0.8906956481933593
0.0001,3012.0,12.962854843139649,0.8906940007209778
0.0001,3013.0,12.962854461669924,0.8906922888755798
0.0001,3014.0,12.962854042053223,0.8906907343864441
0.0001,3015.0,12.962854461669924,0.890689082145691
0.0001,3016.0,12.962853622436525,0.8906873750686646
0.0001,3017.0,12.962852897644042,0.8906856894493103
0.0001,3018.0,12.96285285949707,0.8906842112541199
0.0001,3019.0,12.962852478027344,0.8906825160980224
0.0001,3020.0,12.962852058410643,0.8906808090209961
0.0001,3021.0,12.962852020263671,0.8906792116165161
0.0001,3022.0,12.962851638793945,0.8906774830818176
0.0001,3023.0,12.962851524353027,0.8906759548187255
0.0001,3024.0,12.962851181030274,0.8906743669509888
0.0001,3025.0,12.962850799560547,0.8906727147102356
0.0001,3026.0,12.962850379943847,0.8906711268424987
0.0001,3027.0,12.962850646972656,0.8906693935394288
0.0001,3028.0,12.96285011291504,0.8906678390502929
0.0001,3029.0,12.962849197387698,0.8906661581993103
0.0001,3030.0,12.962849349975587,0.8906646800041198
0.0001,3031.0,12.962849426269534,0.890662989616394
0.0001,3032.0,12.96284866333008,0.8906613969802857
0.0001,3033.0,12.96284824371338,0.8906597876548767
0.0001,3034.0,12.962848701477052,0.8906581950187682
0.0001,3035.0,12.962847366333008,0.8906565380096436
0.0001,3036.0,12.962847557067871,0.8906549930572509
0.0001,3037.0,12.962848052978515,0.8906533455848693
0.0001,3038.0,12.96284698486328,0.8906518125534058
0.0001,3039.0,12.962846717834472,0.89065025806427
0.0001,3040.0,12.962846107482909,0.8906485295295716
0.0001,3041.0,12.96284641265869,0.8906469798088074
0.0001,3042.0,12.962845878601074,0.890645408630371
0.0001,3043.0,12.962845268249511,0.8906438541412354
0.0001,3044.0,12.962845153808592,0.8906422877311706
0.0001,3045.0,12.962845458984374,0.8906405925750733
0.0001,3046.0,12.962844581604003,0.8906392335891724
0.0001,3047.0,12.962844314575193,0.8906377482414246
0.0001,3048.0,12.962844200134276,0.890636019706726
0.0001,3049.0,12.962843856811523,0.8906345033645631
0.0001,3050.0,12.962843475341796,0.890632975101471
0.0001,3051.0,12.962843170166012,0.8906314086914062
0.0001,3052.0,12.962842597961428,0.8906298756599426
0.0001,3053.0,12.96284339904785,0.8906283640861511
0.0001,3054.0,12.962842483520506,0.8906267070770264
0.0001,3055.0,12.96284206390381,0.8906251454353333
0.0001,3056.0,12.962842102050782,0.8906236243247986
0.0001,3057.0,12.96284149169922,0.8906220912933349
0.0001,3058.0,12.962841835021974,0.8906205677986145
0.0001,3059.0,12.962841415405274,0.8906188893318177
0.0001,3060.0,12.96284080505371,0.8906174802780151
0.0001,3061.0,12.962840690612794,0.890615963935852
0.0001,3062.0,12.962840080261232,0.8906144785881043
0.0001,3063.0,12.962840423583984,0.8906129026412963
0.0001,3064.0,12.962840347290038,0.8906113362312316
0.0001,3065.0,12.962839393615724,0.8906099224090576
0.0001,3066.0,12.962839126586914,0.8906083297729492
0.0001,3067.0,12.962838668823242,0.890606882572174
0.0001,3068.0,12.962839012145997,0.8906054210662842
0.0001,3069.0,12.962838859558108,0.8906037950515747
0.0001,3070.0,12.9628381729126,0.8906023859977723
0.0001,3071.0,12.962838363647462,0.890600814819336
0.0001,3072.0,12.962837562561038,0.8905993962287903
0.0001,3073.0,12.962837295532228,0.8905978465080261
0.0001,3074.0,12.96283760070801,0.8905963230133056
0.0001,3075.0,12.962836875915528,0.89059490442276
0.0001,3076.0,12.962836952209475,0.8905934524536133
0.0001,3077.0,12.962836189270021,0.8905919241905212
0.0001,3078.0,12.962835922241212,0.8905903697013855
0.0001,3079.0,12.96283576965332,0.8905889177322388
0.0001,3080.0,12.96283546447754,0.8905874276161194
0.0001,3081.0,12.962835807800293,0.8905859756469726
0.0001,3082.0,12.962835655212402,0.8905845618247986
0.0001,3083.0,12.962834930419922,0.8905829954147338
0.0001,3084.0,12.962834548950195,0.890581512451172
0.0001,3085.0,12.962834091186524,0.8905799841880799
0.0001,3086.0,12.962833824157714,0.8905786466598511
0.0001,3087.0,12.962833518981933,0.890577199459076
0.0001,3088.0,12.962833404541016,0.8905757093429566
0.0001,3089.0,12.962833862304688,0.8905742311477661
0.0001,3090.0,12.962833099365236,0.8905727672576904
0.0001,3091.0,12.962832984924317,0.8905712556838989
0.0001,3092.0,12.962832260131837,0.8905698370933532
0.0001,3093.0,12.962832298278808,0.8905683803558351
0.0001,3094.0,12.962832183837891,0.8905669379234313
0.0001,3095.0,12.962831726074219,0.890565528869629
0.0001,3096.0,12.962831153869628,0.8905640888214112
0.0001,3097.0,12.962830848693848,0.8905626583099364
0.0001,3098.0,12.962830886840822,0.8905612277984619
0.0001,3099.0,12.96283042907715,0.8905596995353698
0.0001,3100.0,12.962830772399903,0.8905583572387696
0.0001,3101.0,12.962830467224121,0.8905569911003113
0.0001,3102.0,12.962829895019532,0.890555419921875
0.0001,3103.0,12.962829933166503,0.8905540442466736
0.0001,3104.0,12.96282932281494,0.8905524730682373
0.0001,3105.0,12.962829360961914,0.8905512595176697
0.0001,3106.0,12.96282897949219,0.890549807548523
0.0001,3107.0,12.962828521728518,0.8905483174324036
0.0001,3108.0,12.9628284072876,0.8905469465255738
0.0001,3109.0,12.962827796936036,0.8905455875396728
0.0001,3110.0,12.9628279876709,0.8905440974235534
0.0001,3111.0,12.962827529907228,0.8905427598953247
0.0001,3112.0,12.962827262878418,0.8905413508415223
0.0001,3113.0,12.962826652526855,0.8905398988723754
0.0001,3114.0,12.962826690673829,0.8905385661125182
0.0001,3115.0,12.962826271057128,0.8905370378494263
0.0001,3116.0,12.962826271057128,0.8905358195304871
0.0001,3117.0,12.962826004028319,0.890534291267395
0.0001,3118.0,12.962825698852537,0.8905330348014833
0.0001,3119.0,12.96282558441162,0.8905315446853639
0.0001,3120.0,12.962825279235838,0.8905301737785339
0.0001,3121.0,12.962825469970701,0.8905287981033325
0.0001,3122.0,12.962824554443358,0.8905275416374205
0.0001,3123.0,12.962824592590332,0.8905259370803833
0.0001,3124.0,12.962824630737304,0.8905246424674989
0.0001,3125.0,12.962823867797852,0.8905233311653138
0.0001,3126.0,12.962824058532716,0.8905218791961671
0.0001,3127.0,12.962823448181153,0.8905206394195557
0.0001,3128.0,12.962823791503906,0.8905191111564636
0.0001,3129.0,12.962823028564452,0.8905178165435792
0.0001,3130.0,12.962823066711426,0.8905165052413941
0.0001,3131.0,12.962822799682616,0.8905151295661926
0.0001,3132.0,12.962822341918944,0.8905137968063355
0.0001,3133.0,12.962822074890136,0.8905124640464783
0.0001,3134.0,12.962821464538575,0.8905110216140747
0.0001,3135.0,12.962821502685546,0.8905097603797912
0.0001,3136.0,12.962821502685545,0.8905084323883057
0.0001,3137.0,12.96282096862793,0.8905070185661316
0.0001,3138.0,12.96282096862793,0.8905058002471924
0.0001,3139.0,12.962820854187013,0.8905043315887451
0.0001,3140.0,12.962820739746094,0.8905030155181886
0.0001,3141.0,12.962820587158204,0.8905016613006591
0.0001,3142.0,12.962820320129396,0.8905002689361572
0.0001,3143.0,12.962819671630859,0.8904989576339721
0.0001,3144.0,12.962819862365723,0.8904976630210877
0.0001,3145.0,12.96281925201416,0.8904963302612305
0.0001,3146.0,12.962819290161132,0.8904949975013733
0.0001,3147.0,12.962819023132324,0.8904937028884887
0.0001,3148.0,12.962819061279296,0.890492353439331
0.0001,3149.0,12.962819061279296,0.8904910588264465
0.0001,3150.0,12.962818489074706,0.8904896831512451
0.0001,3151.0,12.962817878723145,0.8904882740974427
0.0001,3152.0,12.962818069458006,0.890487174987793
0.0001,3153.0,12.962817649841309,0.8904856848716736
0.0001,3154.0,12.962817192077638,0.890484471321106
0.0001,3155.0,12.962816925048829,0.8904831981658936
0.0001,3156.0,12.962816963195802,0.8904819464683533
0.0001,3157.0,12.962817001342774,0.8904805755615234
0.0001,3158.0,12.96281635284424,0.8904792809486389
0.0001,3159.0,12.962816390991211,0.8904779052734375
0.0001,3160.0,12.96281623840332,0.8904767942428589
0.0001,3161.0,12.962816162109375,0.8904753804206849
0.0001,3162.0,12.96281524658203,0.8904742097854614
0.0001,3163.0,12.962815437316893,0.890472753047943
0.0001,3164.0,12.96281482696533,0.8904715013504028
0.0001,3165.0,12.962814712524414,0.8904702663421631
0.0001,3166.0,12.962814750671386,0.8904689335823059
0.0001,3167.0,12.962814254760742,0.8904676389694214
0.0001,3168.0,12.962814750671386,0.8904664254188538
0.0001,3169.0,12.962814178466797,0.8904650807380676
0.0001,3170.0,12.962813911437987,0.8904638195037842
0.0001,3171.0,12.962813606262205,0.8904625296592712
0.0001,3172.0,12.9628133392334,0.8904612398147582
0.0001,3173.0,12.962812919616699,0.8904599833488465
0.0001,3174.0,12.962812728881836,0.8904587268829345
0.0001,3175.0,12.962812767028808,0.890457410812378
0.0001,3176.0,12.962812805175782,0.8904561591148377
0.0001,3177.0,12.96281234741211,0.8904549074172974
0.0001,3178.0,12.962812271118164,0.8904537916183471
0.0001,3179.0,12.962811660766603,0.8904524588584899
0.0001,3180.0,12.962811546325684,0.8904511642456054
0.0001,3181.0,12.96281105041504,0.8904498314857483
0.0001,3182.0,12.962811279296876,0.8904487538337706
0.0001,3183.0,12.962811126708985,0.8904475450515748
0.0001,3184.0,12.962810859680175,0.8904462122917175
0.0001,3185.0,12.962810249328614,0.8904449939727783
0.0001,3186.0,12.962810134887699,0.890443687438965
0.0001,3187.0,12.962809677124026,0.8904424691200257
0.0001,3188.0,12.96281002044678,0.8904412770271302
0.0001,3189.0,12.962810173034667,0.8904400587081909
0.0001,3190.0,12.962809448242192,0.8904388117790222
0.0001,3191.0,12.962809028625491,0.8904376149177551
0.0001,3192.0,12.962809028625491,0.8904364061355591
0.0001,3193.0,12.962809181213382,0.8904350733757018
0.0001,3194.0,12.962808761596683,0.8904339146614075
0.0001,3195.0,12.962808341979983,0.8904326581954956
0.0001,3196.0,12.962807922363284,0.8904314494132997
0.0001,3197.0,12.962808265686038,0.8904302906990051
0.0001,3198.0,12.962807922363284,0.8904290390014649
0.0001,3199.0,12.962807960510256,0.8904277491569519
0.0001,3200.0,12.962807388305666,0.8904265522956847
0.0001,3201.0,12.962806777954103,0.890425410270691
0.0001,3202.0,12.962806968688966,0.8904241251945495
0.0001,3203.0,12.962806968688966,0.8904229712486267
0.0001,3204.0,12.962806396484375,0.8904218292236328
0.0001,3205.0,12.962805938720702,0.8904205226898193
0.0001,3206.0,12.962805862426757,0.8904194235801697
0.0001,3207.0,12.962806129455567,0.8904182147979736
0.0001,3208.0,12.962806015014648,0.890416898727417
0.0001,3209.0,12.962805252075194,0.8904158091545105
0.0001,3210.0,12.962805175781249,0.8904145789146424
0.0001,3211.0,12.962805137634277,0.8904133224487305
0.0001,3212.0,12.962805023193358,0.8904121851921081
0.0001,3213.0,12.962804298400878,0.890410873889923
0.0001,3214.0,12.96280433654785,0.8904097366333008
0.0001,3215.0,12.962803535461427,0.8904086375236511
0.0001,3216.0,12.962804222106932,0.8904074883461
0.0001,3217.0,12.962803611755373,0.890406198501587
0.0001,3218.0,12.962803649902344,0.8904050445556642
0.0001,3219.0,12.962803039550783,0.8904039454460144
0.0001,3220.0,12.962803535461427,0.8904027533531189
0.0001,3221.0,12.962802772521973,0.890401577949524
0.0001,3222.0,12.96280269622803,0.8904003810882568
0.0001,3223.0,12.962802200317384,0.8903992915153504
0.0001,3224.0,12.96280269622803,0.8903980946540833
0.0001,3225.0,12.962802124023439,0.8903969621658325
0.0001,3226.0,12.96280185699463,0.8903958082199097
0.0001,3227.0,12.962801818847657,0.8903945136070252
0.0001,3228.0,12.962801895141602,0.8903934574127197
0.0001,3229.0,12.962800979614258,0.8903923034667969
0.0001,3230.0,12.962801246643068,0.8903910517692566
0.0001,3231.0,12.962801017761233,0.8903898978233338
0.0001,3232.0,12.962801055908205,0.8903888630867005
0.0001,3233.0,12.962800445556642,0.8903876447677612
0.0001,3234.0,12.962800750732423,0.8903865337371826
0.0001,3235.0,12.962800025939943,0.8903853583335877
0.0001,3236.0,12.96280025482178,0.8903841495513917
0.0001,3237.0,12.962799911499024,0.8903830671310425
0.0001,3238.0,12.962800064086915,0.8903818964958191
0.0001,3239.0,12.962799377441407,0.8903808236122132
0.0001,3240.0,12.962799339294435,0.8903796315193175
0.0001,3241.0,12.962799377441407,0.8903785753250122
0.0001,3242.0,12.962798652648926,0.8903773784637452
0.0001,3243.0,12.962798538208007,0.890376250743866
0.0001,3244.0,12.962798233032226,0.89037517786026
0.0001,3245.0,12.96279842376709,0.8903740310668946
0.0001,3246.0,12.962797622680663,0.890372920036316
0.0001,3247.0,12.96279815673828,0.890371744632721
0.0001,3248.0,12.962797546386717,0.8903705954551697
0.0001,3249.0,12.962797317504883,0.8903694581985473
0.0001,3250.0,12.962797279357908,0.8903683853149413
0.0001,3251.0,12.96279716491699,0.8903672313690185
0.0001,3252.0,12.96279670715332,0.8903661799430846
0.0001,3253.0,12.962797012329101,0.8903651404380799
0.0001,3254.0,12.962796630859373,0.8903639268875121
0.0001,3255.0,12.962796440124512,0.8903628540039062
0.0001,3256.0,12.962796363830567,0.890361738204956
0.0001,3257.0,12.962795753479005,0.890360643863678
0.0001,3258.0,12.962795753479005,0.8903595280647277
0.0001,3259.0,12.962795639038088,0.8903583574295044
0.0001,3260.0,12.962795219421388,0.890357313156128
0.0001,3261.0,12.962794914245606,0.8903562068939208
0.0001,3262.0,12.962795410156252,0.8903551506996155
0.0001,3263.0,12.96279483795166,0.8903540515899658
0.0001,3264.0,12.962794647216798,0.8903529453277588
0.0001,3265.0,12.962794418334962,0.8903518629074096
0.0001,3266.0,12.962794456481934,0.8903507137298584
0.0001,3267.0,12.962794265747071,0.8903496956825256
0.0001,3268.0,12.962793998718261,0.890348584651947
0.0001,3269.0,12.96279354095459,0.890347511768341
0.0001,3270.0,12.962793884277344,0.8903464126586913
0.0001,3271.0,12.962793159484862,0.890345220565796
0.0001,3272.0,12.962793006896973,0.8903442788124084
0.0001,3273.0,12.962793350219728,0.890343210697174
0.0001,3274.0,12.962792587280275,0.8903421115875245
0.0001,3275.0,12.962792587280275,0.890341076850891
0.0001,3276.0,12.962792358398438,0.8903400039672852
0.0001,3277.0,12.962792472839356,0.8903389310836792
0.0001,3278.0,12.96279224395752,0.8903378748893738
0.0001,3279.0,12.962791442871094,0.8903368401527405
0.0001,3280.0,12.96279182434082,0.8903356862068177
0.0001,3281.0,12.96279136657715,0.8903346300125122
0.0001,3282.0,12.96279151916504,0.890333514213562
0.0001,3283.0,12.96279109954834,0.8903325223922729
0.0001,3284.0,12.962791213989258,0.8903314661979675
0.0001,3285.0,12.96279083251953,0.8903304314613343
0.0001,3286.0,12.962790603637696,0.8903293585777283
0.0001,3287.0,12.962790565490721,0.8903282642364503
0.0001,3288.0,12.962790145874024,0.8903273439407349
0.0001,3289.0,12.962790145874024,0.8903262281417847
0.0001,3290.0,12.96278968811035,0.8903251719474792
0.0001,3291.0,12.962789688110352,0.8903240227699281
0.0001,3292.0,12.962789421081542,0.8903230643272401
0.0001,3293.0,12.962789497375487,0.8903220725059509
0.0001,3294.0,12.962789306640627,0.8903210115432739
0.0001,3295.0,12.962788887023926,0.890319938659668
0.0001,3296.0,12.962788925170898,0.8903187894821167
0.0001,3297.0,12.962788467407226,0.8903178095817565
0.0001,3298.0,12.96278865814209,0.8903167414665223
0.0001,3299.0,12.962788200378418,0.8903158473968507
0.0001,3300.0,12.962788124084472,0.8903148627281188
0.0001,3301.0,12.96278823852539,0.8903136873245239
0.0001,3302.0,12.962788009643553,0.8903127002716065
0.0001,3303.0,12.962787513732913,0.8903117036819458
0.0001,3304.0,12.962787246704101,0.8903105878829956
0.0001,3305.0,12.962787399291994,0.8903095531463623
0.0001,3306.0,12.962787132263186,0.8903085613250732
0.0001,3307.0,12.96278678894043,0.8903075051307678
0.0001,3308.0,12.962786712646485,0.8903065896034241
0.0001,3309.0,12.962786712646485,0.8903055500984192
0.0001,3310.0,12.962786750793459,0.8903045749664307
0.0001,3311.0,12.962785835266114,0.8903035402297974
0.0001,3312.0,12.962786331176758,0.890302505493164
0.0001,3313.0,12.962785606384278,0.8903014326095581
0.0001,3314.0,12.96278591156006,0.8903004789352417
0.0001,3315.0,12.962785301208497,0.8902995204925537
0.0001,3316.0,12.962785339355468,0.8902984690666199
0.0001,3317.0,12.96278491973877,0.8902975535392761
0.0001,3318.0,12.962785530090333,0.890296437740326
0.0001,3319.0,12.962785263061523,0.8902954196929931
0.0001,3320.0,12.96278480529785,0.8902944660186768
0.0001,3321.0,12.962784690856934,0.8902935123443604
0.0001,3322.0,12.962784538269043,0.890292477607727
0.0001,3323.0,12.962783966064451,0.8902914810180664
0.0001,3324.0,12.962784271240233,0.8902905654907227
0.0001,3325.0,12.962783546447753,0.8902894544601441
0.0001,3326.0,12.962783851623534,0.8902884745597839
0.0001,3327.0,12.962783279418945,0.8902875542640686
0.0001,3328.0,12.962783584594726,0.8902865242958069
0.0001,3329.0,12.962783164978028,0.8902856135368347
0.0001,3330.0,12.962783317565918,0.8902844977378845
0.0001,3331.0,12.962783012390139,0.8902833986282349
0.0001,3332.0,12.962782745361329,0.8902826619148254
0.0001,3333.0,12.962782554626466,0.8902816057205201
0.0001,3334.0,12.962782478332521,0.890280613899231
0.0001,3335.0,12.96278232574463,0.8902796506881714
0.0001,3336.0,12.962782211303711,0.8902787446975708
0.0001,3337.0,12.962781600952148,0.8902777051925659
0.0001,3338.0,12.962782287597657,0.8902767086029053
0.0001,3339.0,12.962781486511231,0.8902757167816162
0.0001,3340.0,12.96278106689453,0.8902746987342834
0.0001,3341.0,12.96278106689453,0.890273826122284
0.0001,3342.0,12.962780952453613,0.8902727913856506
0.0001,3343.0,12.962781143188476,0.8902719569206239
0.0001,3344.0,12.962780685424804,0.8902710366249085
0.0001,3345.0,12.962780990600585,0.8902699255943298
0.0001,3346.0,12.962780570983888,0.8902689719200134
0.0001,3347.0,12.962780570983885,0.8902680897712708
0.0001,3348.0,12.962779998779299,0.8902670979499817
0.0001,3349.0,12.962779998779299,0.8902662587165833
0.0001,3350.0,12.962779693603517,0.8902651524543763
0.0001,3351.0,12.962779617309572,0.8902642917633057
0.0001,3352.0,12.96277988433838,0.8902632141113281
0.0001,3353.0,12.962779655456544,0.8902624177932739
0.0001,3354.0,12.962779197692873,0.8902614307403565
0.0001,3355.0,12.96277900695801,0.8902604722976685
0.0001,3356.0,12.962779083251956,0.8902595949172973
0.0001,3357.0,12.962778320312502,0.8902585172653199
0.0001,3358.0,12.962778663635255,0.8902576446533204
0.0001,3359.0,12.962778358459474,0.8902566814422608
0.0001,3360.0,12.9627787399292,0.8902557277679444
0.0001,3361.0,12.962778244018557,0.890254774093628
0.0001,3362.0,12.962777366638184,0.8902539396286011
0.0001,3363.0,12.962778015136719,0.8902529859542847
0.0001,3364.0,12.962777366638184,0.890251989364624
0.0001,3365.0,12.96277759552002,0.8902511882781983
0.0001,3366.0,12.962777442932127,0.8902502012252809
0.0001,3367.0,12.962776985168457,0.8902492213249207
0.0001,3368.0,12.96277717590332,0.8902482247352601
0.0001,3369.0,12.96277671813965,0.8902475309371948
0.0001,3370.0,12.962777252197265,0.8902464962005616
0.0001,3371.0,12.962776756286623,0.8902455592155457
0.0001,3372.0,12.962776489257815,0.8902446269989014
0.0001,3373.0,12.962776527404786,0.8902437663078309
0.0001,3374.0,12.962775878906251,0.8902427697181702
0.0001,3375.0,12.962775611877442,0.890241994857788
0.0001,3376.0,12.962775802612306,0.8902409648895264
0.0001,3377.0,12.962775497436525,0.8902401423454285
0.0001,3378.0,12.962775688171387,0.8902391719818115
0.0001,3379.0,12.962775230407715,0.8902382349967957
0.0001,3380.0,12.962774772644043,0.8902373576164245
0.0001,3381.0,12.962775115966798,0.8902363991737365
0.0001,3382.0,12.962774658203125,0.8902355480194092
0.0001,3383.0,12.962775344848634,0.8902345347404481
0.0001,3384.0,12.962774696350097,0.8902337336540223
0.0001,3385.0,12.96277442932129,0.8902328777313233
0.0001,3386.0,12.962774467468261,0.8902320003509521
0.0001,3387.0,12.962773971557619,0.890230987071991
0.0001,3388.0,12.962774200439453,0.890230016708374
0.0001,3389.0,12.962773895263673,0.8902291941642761
0.0001,3390.0,12.962773437500001,0.8902284145355225
0.0001,3391.0,12.962773780822754,0.8902274656295777
0.0001,3392.0,12.962773475646973,0.8902264738082886
0.0001,3393.0,12.962772712707519,0.8902256679534912
0.0001,3394.0,12.962773246765137,0.8902248001098632
0.0001,3395.0,12.96277275085449,0.8902239179611207
0.0001,3396.0,12.96277328491211,0.8902229261398316
0.0001,3397.0,12.962772674560547,0.890222086906433
0.0001,3398.0,12.962772064208984,0.890221209526062
0.0001,3399.0,12.96277240753174,0.8902203369140624
0.0001,3400.0,12.962772254943848,0.8902195024490356
0.0001,3401.0,12.962772102355958,0.890218620300293
0.0001,3402.0,12.962772178649903,0.890217628479004
0.0001,3403.0,12.962771530151366,0.890216875076294
0.0001,3404.0,12.962771377563476,0.8902159166336059
0.0001,3405.0,12.962771453857421,0.8902151799201965
0.0001,3406.0,12.962771606445312,0.8902142262458801
0.0001,3407.0,12.96277114868164,0.8902133917808532
0.0001,3408.0,12.962770881652832,0.8902125096321105
0.0001,3409.0,12.962770881652832,0.8902116370201111
0.0001,3410.0,12.962770462036133,0.8902106785774231
0.0001,3411.0,12.962770462036131,0.8902098011970521
0.0001,3412.0,12.962770462036133,0.8902090859413148
0.0001,3413.0,12.962770195007325,0.8902081322669984
0.0001,3414.0,12.962770080566406,0.8902072978019715
0.0001,3415.0,12.962770233154297,0.8902064204216003
0.0001,3416.0,12.962769622802734,0.8902056407928467
0.0001,3417.0,12.962769508361818,0.8902048015594483
0.0001,3418.0,12.96276985168457,0.8902038526535034
0.0001,3419.0,12.9627693939209,0.8902031373977661
0.0001,3420.0,12.962769355773926,0.8902020645141602
0.0001,3421.0,12.962769126892093,0.8902013397216797
0.0001,3422.0,12.96276912689209,0.8902004337310792
0.0001,3423.0,12.962768974304199,0.8901995563507079
0.0001,3424.0,12.962768745422368,0.8901987171173096
0.0001,3425.0,12.962769012451172,0.8901980137825012
0.0001,3426.0,12.962768287658692,0.8901970648765565
0.0001,3427.0,12.962768173217773,0.8901962351799011
0.0001,3428.0,12.962768325805664,0.8901953959465028
0.0001,3429.0,12.962768058776856,0.8901945900917054
0.0001,3430.0,12.962767753601074,0.8901937007904053
0.0001,3431.0,12.962767906188965,0.8901929426193237
0.0001,3432.0,12.962767791748046,0.8901921033859254
0.0001,3433.0,12.962767333984374,0.8901912307739257
0.0001,3434.0,12.96276756286621,0.890190396308899
0.0001,3435.0,12.962767372131347,0.8901895570755005
0.0001,3436.0,12.962766761779786,0.890188684463501
0.0001,3437.0,12.962766761779786,0.8901878070831298
0.0001,3438.0,12.96276668548584,0.8901870059967041
0.0001,3439.0,12.962766990661622,0.8901861500740051
0.0001,3440.0,12.962766571044922,0.8901853156089783
0.0001,3441.0,12.96276626586914,0.8901846218109131
0.0001,3442.0,12.962766571044922,0.8901836681365967
0.0001,3443.0,12.962766151428223,0.8901829433441162
0.0001,3444.0,12.962765846252442,0.8901821136474609
0.0001,3445.0,12.962766075134276,0.8901813125610352
0.0001,3446.0,12.962766075134276,0.8901804018020629
0.0001,3447.0,12.962765274047852,0.8901796817779541
0.0001,3448.0,12.962765426635741,0.8901787662506103
0.0001,3449.0,12.962765350341796,0.8901780295372008
0.0001,3450.0,12.962765045166016,0.8901771569252015
0.0001,3451.0,12.962765197753907,0.8901763176918029
0.0001,3452.0,12.962764930725097,0.8901755213737488
0.0001,3453.0,12.962764663696289,0.8901747798919678
0.0001,3454.0,12.96276481628418,0.8901739835739135
0.0001,3455.0,12.962764358520507,0.8901731157302857
0.0001,3456.0,12.962764053344726,0.8901722717285157
0.0001,3457.0,12.962764282226562,0.890171480178833
0.0001,3458.0,12.962764129638673,0.8901706624031067
0.0001,3459.0,12.962764129638671,0.8901699900627136
0.0001,3460.0,12.962763824462892,0.8901690697669983
0.0001,3461.0,12.962763404846191,0.8901682353019713
0.0001,3462.0,12.962763862609863,0.8901674985885619
0.0001,3463.0,12.962763595581055,0.8901667785644531
0.0001,3464.0,12.962763137817383,0.8901659393310547
0.0001,3465.0,12.962763671875,0.8901651692390442
0.0001,3466.0,12.962763214111328,0.8901642537117005
0.0001,3467.0,12.962762603759765,0.8901635336875916
0.0001,3468.0,12.962762870788573,0.8901628565788269
0.0001,3469.0,12.962762756347656,0.8901619410514832
0.0001,3470.0,12.962762184143065,0.8901612043380738
0.0001,3471.0,12.962762336730956,0.8901604127883911
0.0001,3472.0,12.962762222290038,0.8901595735549928
0.0001,3473.0,12.962762069702148,0.8901587986946107
0.0001,3474.0,12.96276237487793,0.8901580786705017
0.0001,3475.0,12.962762145996093,0.8901572060585021
0.0001,3476.0,12.962761497497556,0.890156409740448
0.0001,3477.0,12.962761802673338,0.8901557612419129
0.0001,3478.0,12.96276168823242,0.8901549577713013
0.0001,3479.0,12.962761268615724,0.8901541519165039
0.0001,3480.0,12.962761764526366,0.8901533222198486
0.0001,3481.0,12.962761154174808,0.8901525855064392
0.0001,3482.0,12.962760696411136,0.8901517462730408
0.0001,3483.0,12.962760848999027,0.8901509881019593
0.0001,3484.0,12.962760925292972,0.8901502132415771
0.0001,3485.0,12.96276062011719,0.8901494216918946
0.0001,3486.0,12.96276062011719,0.8901486635208131
0.0001,3487.0,12.9627604675293,0.8901480031013489
0.0001,3488.0,12.962760009765628,0.8901471304893493
0.0001,3489.0,12.962760391235355,0.8901464104652405
0.0001,3490.0,12.962759933471682,0.8901457166671753
0.0001,3491.0,12.962759780883792,0.8901448726654053
0.0001,3492.0,12.962760086059573,0.8901440811157226
0.0001,3493.0,12.962759666442873,0.8901433610916138
0.0001,3494.0,12.9627592086792,0.8901425480842591
0.0001,3495.0,12.962759590148927,0.8901417946815491
0.0001,3496.0,12.962759437561036,0.8901411342620851
0.0001,3497.0,12.962758941650392,0.8901402235031128
0.0001,3498.0,12.962758789062502,0.8901395845413208
0.0001,3499.0,12.962758979797364,0.8901388645172119
0.0001,3500.0,12.962758712768556,0.890138008594513
0.0001,3501.0,12.962758750915528,0.8901373696327209
0.0001,3502.0,12.962758750915528,0.8901365184783936
0.0001,3503.0,12.962758293151856,0.8901357603073121
0.0001,3504.0,12.962758445739745,0.8901350784301758
0.0001,3505.0,12.962758178710938,0.8901343250274658
0.0001,3506.0,12.962758026123048,0.8901334691047669
0.0001,3507.0,12.962758255004882,0.8901327157020569
0.0001,3508.0,12.96275779724121,0.8901320338249207
0.0001,3509.0,12.962757492065428,0.8901313400268556
0.0001,3510.0,12.96275779724121,0.8901306152343751
0.0001,3511.0,12.9627575302124,0.8901298117637635
0.0001,3512.0,12.962757225036619,0.8901291298866272
0.0001,3513.0,12.96275695800781,0.8901283717155457
0.0001,3514.0,12.962757110595701,0.8901276779174805
0.0001,3515.0,12.96275695800781,0.8901268815994263
0.0001,3516.0,12.9627571105957,0.8901261448860169
0.0001,3517.0,12.962756690979003,0.890125322341919
0.0001,3518.0,12.962756385803221,0.890124671459198
0.0001,3519.0,12.96275608062744,0.890123929977417
0.0001,3520.0,12.962756462097166,0.8901232576370239
0.0001,3521.0,12.962756156921385,0.8901225757598876
0.0001,3522.0,12.962756156921385,0.8901217627525331
0.0001,3523.0,12.962756042480468,0.8901210474967958
0.0001,3524.0,12.962755889892577,0.8901203060150147
0.0001,3525.0,12.962755584716799,0.8901196718215942
0.0001,3526.0,12.962755889892577,0.8901188325881959
0.0001,3527.0,12.962755470275878,0.8901181769371033
0.0001,3528.0,12.962755203247069,0.8901174187660217
0.0001,3529.0,12.962755699157718,0.8901165843009949
0.0001,3530.0,12.962755241394042,0.8901160430908204
0.0001,3531.0,12.962754783630373,0.890115213394165
0.0001,3532.0,12.962755088806155,0.890114586353302
0.0001,3533.0,12.962754821777345,0.890113799571991
0.0001,3534.0,12.962754516601564,0.8901130628585816
0.0001,3535.0,12.962754402160646,0.8901125001907348
0.0001,3536.0,12.9627547454834,0.890111665725708
0.0001,3537.0,12.962754440307618,0.8901110911369323
0.0001,3538.0,12.962754592895509,0.8901102352142334
0.0001,3539.0,12.962754325866701,0.8901096010208129
0.0001,3540.0,12.96275417327881,0.8901088809967042
0.0001,3541.0,12.962753715515138,0.8901081395149231
0.0001,3542.0,12.962753562927247,0.8901074242591858
0.0001,3543.0,12.96275390625,0.8901068067550659
0.0001,3544.0,12.962753295898438,0.8901060104370118
0.0001,3545.0,12.962753677368164,0.8901053547859192
0.0001,3546.0,12.962753524780275,0.8901046395301819
0.0001,3547.0,12.962753219604494,0.8901039576530456
0.0001,3548.0,12.962753219604494,0.8901032590866089
0.0001,3549.0,12.962753105163577,0.8901025104522705
0.0001,3550.0,12.962752647399904,0.8901017689704895
0.0001,3551.0,12.962752952575686,0.8901010918617248
0.0001,3552.0,12.962752685546876,0.8901004314422607
0.0001,3553.0,12.962752685546876,0.8900997209548951
0.0001,3554.0,12.962752227783204,0.8900990343093871
0.0001,3555.0,12.962752380371095,0.8900983500480653
0.0001,3556.0,12.96275230407715,0.8900976848602296
0.0001,3557.0,12.962751998901368,0.8900969696044922
0.0001,3558.0,12.962752151489259,0.890096275806427
0.0001,3559.0,12.96275188446045,0.8900956320762634
0.0001,3560.0,12.962751579284669,0.8900948405265808
0.0001,3561.0,12.96275188446045,0.8900942230224609
0.0001,3562.0,12.96275146484375,0.8900935077667236
0.0001,3563.0,12.96275146484375,0.8900928473472596
0.0001,3564.0,12.962751007080078,0.8900922083854674
0.0001,3565.0,12.96275146484375,0.890091438293457
0.0001,3566.0,12.962751197814942,0.8900909733772278
0.0001,3567.0,12.96275074005127,0.8900901055335999
0.0001,3568.0,12.962751350402833,0.8900895214080811
0.0001,3569.0,12.962750816345213,0.8900886869430542
0.0001,3570.0,12.962750663757323,0.8900879716873169
0.0001,3571.0,12.962750358581541,0.8900874733924866
0.0001,3572.0,12.962750701904296,0.8900867366790771
0.0001,3573.0,12.962750396728515,0.8900861406326294
0.0001,3574.0,12.962750396728515,0.8900853776931763
0.0001,3575.0,12.962750434875487,0.8900846838951111
0.0001,3576.0,12.962750015258788,0.8900840449333192
0.0001,3577.0,12.962749862670897,0.8900833129882812
0.0001,3578.0,12.962749710083006,0.8900827503204346
0.0001,3579.0,12.962749748229978,0.8900820136070251
0.0001,3580.0,12.962749595642087,0.8900813364982605
0.0001,3581.0,12.962748985290528,0.8900807619094848
0.0001,3582.0,12.962749290466306,0.8900800251960754
0.0001,3583.0,12.962749176025389,0.8900794291496277
0.0001,3584.0,12.962748718261716,0.8900788831710815
0.0001,3585.0,12.96274932861328,0.8900780534744263
0.0001,3586.0,12.96274906158447,0.8900774359703063
0.0001,3587.0,12.962748451232907,0.8900766777992248
0.0001,3588.0,12.96274845123291,0.8900760221481323
0.0001,3589.0,12.962748680114743,0.8900754976272582
0.0001,3590.0,12.962748527526854,0.8900748085975647
0.0001,3591.0,12.962748413085937,0.8900740504264831
0.0001,3592.0,12.962748603820799,0.8900734758377076
0.0001,3593.0,12.962748298645018,0.8900727939605713
0.0001,3594.0,12.96274799346924,0.8900722146034241
0.0001,3595.0,12.962747840881349,0.8900715208053589
0.0001,3596.0,12.962748336791991,0.8900709629058838
0.0001,3597.0,12.962747879028322,0.8900702261924744
0.0001,3598.0,12.962747879028322,0.8900695490837096
0.0001,3599.0,12.96274791717529,0.8900689363479615
0.0001,3600.0,12.962747764587403,0.8900682926177979
0.0001,3601.0,12.962747306823731,0.8900677561759949
0.0001,3602.0,12.96274715423584,0.8900669813156128
0.0001,3603.0,12.962747192382814,0.8900662708282471
0.0001,3604.0,12.962746925354004,0.8900656819343566
0.0001,3605.0,12.962746772766113,0.8900649714469909
0.0001,3606.0,12.962746925354004,0.8900645065307617
0.0001,3607.0,12.962746505737305,0.8900637793540955
0.0001,3608.0,12.962746505737305,0.8900630927085877
0.0001,3609.0,12.962746505737305,0.8900625181198121
0.0001,3610.0,12.962746543884277,0.89006187915802
0.0001,3611.0,12.962746391296387,0.8900612616539001
0.0001,3612.0,12.962745780944823,0.8900605297088622
0.0001,3613.0,12.962746086120605,0.8900600481033325
0.0001,3614.0,12.962746124267579,0.8900592732429504
0.0001,3615.0,12.96274570465088,0.8900588130950928
0.0001,3616.0,12.962746009826661,0.8900580215454101
0.0001,3617.0,12.962745742797853,0.8900574803352356
0.0001,3618.0,12.962745742797853,0.8900567984580994
0.0001,3619.0,12.962745285034181,0.8900561857223511
0.0001,3620.0,12.962745285034181,0.8900555467605591
0.0001,3621.0,12.962745323181153,0.8900548529624939
0.0001,3622.0,12.962745323181153,0.8900543117523193
0.0001,3623.0,12.962745018005371,0.8900537538528441
0.0001,3624.0,12.962745246887208,0.8900530552864074
0.0001,3625.0,12.962745094299317,0.8900524425506591
0.0001,3626.0,12.962744789123535,0.8900518035888673
0.0001,3627.0,12.962744789123537,0.89005122423172
0.0001,3628.0,12.962744827270509,0.8900506663322448
0.0001,3629.0,12.962744674682618,0.8900499725341797
0.0001,3630.0,12.962744064331055,0.8900493550300598
0.0001,3631.0,12.962744369506837,0.8900486016273498
0.0001,3632.0,12.962744293212893,0.8900481414794923
0.0001,3633.0,12.962744140625002,0.8900474643707275
0.0001,3634.0,12.962744140625002,0.8900468850135803
0.0001,3635.0,12.962744026184083,0.8900462627410889
0.0001,3636.0,12.962744026184083,0.8900455570220946
0.0001,3637.0,12.96274356842041,0.8900450491905212
0.0001,3638.0,12.962743721008302,0.8900444746017456
0.0001,3639.0,12.962743606567383,0.8900438356399536
0.0001,3640.0,12.962743606567383,0.8900432181358338
0.0001,3641.0,12.96274299621582,0.8900425624847412
0.0001,3642.0,12.962743453979492,0.8900420045852661
0.0001,3643.0,12.962743492126465,0.8900413870811463
0.0001,3644.0,12.962742729187013,0.8900407481193543
0.0001,3645.0,12.962742729187013,0.8900402116775513
0.0001,3646.0,12.962742881774902,0.8900394749641418
0.0001,3647.0,12.96274295806885,0.8900389385223388
0.0001,3648.0,12.962742500305177,0.8900384187698365
0.0001,3649.0,12.962742805480959,0.8900377678871155
0.0001,3650.0,12.962742996215821,0.8900371623039245
0.0001,3651.0,12.962742385864258,0.8900364685058594
0.0001,3652.0,12.962741928100586,0.8900359702110291
0.0001,3653.0,12.962742233276368,0.8900353527069091
0.0001,3654.0,12.962742156982422,0.8900347566604614
0.0001,3655.0,12.962742309570313,0.8900341773033142
0.0001,3656.0,12.962741546630859,0.8900336360931397
0.0001,3657.0,12.96274169921875,0.8900330018997192
0.0001,3658.0,12.962742042541505,0.890032389163971
0.0001,3659.0,12.962741622924804,0.8900317668914796
0.0001,3660.0,12.962741622924804,0.8900311660766601
0.0001,3661.0,12.962741584777833,0.8900305867195129
0.0001,3662.0,12.962741470336914,0.8900300550460816
0.0001,3663.0,12.962741012573241,0.8900293731689454
0.0001,3664.0,12.962740554809569,0.8900288033485413
0.0001,3665.0,12.96274085998535,0.890028223991394
0.0001,3666.0,12.962741088867187,0.8900277423858642
0.0001,3667.0,12.962740783691407,0.8900270867347717
0.0001,3668.0,12.962740936279296,0.8900265884399414
0.0001,3669.0,12.962740516662599,0.8900258350372314
0.0001,3670.0,12.96274066925049,0.8900253748893738
0.0001,3671.0,12.96274040222168,0.890024790763855
0.0001,3672.0,12.96274040222168,0.8900241565704345
0.0001,3673.0,12.962740440368654,0.8900236797332763
0.0001,3674.0,12.962740440368654,0.8900230026245117
0.0001,3675.0,12.96273983001709,0.8900223088264465
0.0001,3676.0,12.96274040222168,0.8900219249725341
0.0001,3677.0,12.962740325927735,0.8900212097167968
0.0001,3678.0,12.962739868164062,0.8900207161903382
0.0001,3679.0,12.962739715576172,0.8900202178955079
0.0001,3680.0,12.962739715576172,0.8900195407867432
0.0001,3681.0,12.962739295959473,0.8900189661979675
0.0001,3682.0,12.962739448547364,0.8900184202194215
0.0001,3683.0,12.962739028930663,0.8900178074836731
0.0001,3684.0,12.962739181518554,0.8900173091888428
0.0001,3685.0,12.962739524841309,0.8900166702270508
0.0001,3686.0,12.962738914489746,0.8900162148475647
0.0001,3687.0,12.962739028930663,0.8900154781341552
0.0001,3688.0,12.962739067077637,0.8900149631500244
0.0001,3689.0,12.962739105224609,0.8900144219398498
0.0001,3690.0,12.962738800048827,0.8900139141082763
0.0001,3691.0,12.962738342285155,0.8900133562088013
0.0001,3692.0,12.962738494873046,0.8900128197669983
0.0001,3693.0,12.9627384185791,0.8900121307373048
0.0001,3694.0,12.962738571166991,0.8900116276741028
0.0001,3695.0,12.962738418579102,0.8900110697746277
0.0001,3696.0,12.962738304138181,0.8900105381011962
0.0001,3697.0,12.962738151550294,0.8900101161003113
0.0001,3698.0,12.962737998962403,0.8900093841552734
0.0001,3699.0,12.962737541198731,0.8900088095664977
0.0001,3700.0,12.962737846374512,0.8900082087516785
0.0001,3701.0,12.962737884521484,0.890007791519165
0.0001,3702.0,12.962737274169921,0.8900072503089904
0.0001,3703.0,12.962737617492675,0.8900065517425537
0.0001,3704.0,12.96273796081543,0.8900060582160949
0.0001,3705.0,12.962737655639648,0.8900054955482484
0.0001,3706.0,12.962737197875976,0.8900049209594727
0.0001,3707.0,12.962737350463867,0.8900044608116149
0.0001,3708.0,12.962737503051757,0.8900038814544677
0.0001,3709.0,12.962737083435057,0.8900033617019654
0.0001,3710.0,12.962737083435057,0.8900028252601624
0.0001,3711.0,12.962736473083496,0.8900021696090699
0.0001,3712.0,12.96273666381836,0.8900017905235291
0.0001,3713.0,12.962737007141113,0.8900010371208191
0.0001,3714.0,12.962736549377441,0.8900005769729613
0.0001,3715.0,12.962736206054688,0.890000078678131
0.0001,3716.0,12.962736511230469,0.8899995374679566
0.0001,3717.0,12.962736740112303,0.8899989295005798
0.0001,3718.0,12.962736282348631,0.8899984049797058
0.0001,3719.0,12.962735977172853,0.8899977922439575
0.0001,3720.0,12.962735977172851,0.8899973368644715
0.0001,3721.0,12.962736206054688,0.889996829032898
0.0001,3722.0,12.962736053466799,0.889996178150177
0.0001,3723.0,12.962735710144042,0.8899956583976746
0.0001,3724.0,12.96273620605469,0.8899950838088989
0.0001,3725.0,12.96273609161377,0.8899946188926697
0.0001,3726.0,12.962735481262207,0.8899940395355225
0.0001,3727.0,12.962735328674317,0.8899936223030089
0.0001,3728.0,12.962735633850098,0.8899930262565612
0.0001,3729.0,12.962735404968262,0.8899924087524415
0.0001,3730.0,12.96273536682129,0.8899918770790101
0.0001,3731.0,12.962734909057618,0.8899914169311524
0.0001,3732.0,12.96273536682129,0.8899909186363221
0.0001,3733.0,12.962735595703126,0.8899903440475464
0.0001,3734.0,12.962734985351563,0.8899899005889893
0.0001,3735.0,12.962734985351563,0.8899893164634705
0.0001,3736.0,12.962734985351563,0.8899886703491211
0.0001,3737.0,12.962734832763672,0.8899881720542908
0.0001,3738.0,12.962734718322753,0.889987711906433
0.0001,3739.0,12.962734413146972,0.8899872136116028
0.0001,3740.0,12.96273410797119,0.889986617565155
0.0001,3741.0,12.962734451293946,0.8899861621856691
0.0001,3742.0,12.962734489440917,0.8899856591224671
0.0001,3743.0,12.962734146118164,0.8899850797653199
0.0001,3744.0,12.962733840942382,0.8899845480918884
0.0001,3745.0,12.962734336853027,0.8899841260910034
0.0001,3746.0,12.96273422241211,0.8899834489822387
0.0001,3747.0,12.962733764648437,0.889983069896698
0.0001,3748.0,12.962733764648437,0.8899825286865235
0.0001,3749.0,12.962733764648437,0.8899819159507751
0.0001,3750.0,12.96273361206055,0.8899814128875733
0.0001,3751.0,12.962733497619627,0.8899808812141419
0.0001,3752.0,12.962733383178714,0.889980399608612
0.0001,3753.0,12.962733535766604,0.8899798631668091
0.0001,3754.0,12.962733726501467,0.8899793601036072
0.0001,3755.0,12.962733230590821,0.8899787855148316
0.0001,3756.0,12.962732963562011,0.8899782919883727
0.0001,3757.0,12.962732658386232,0.8899777555465698
0.0001,3758.0,12.962732963562013,0.8899772953987122
0.0001,3759.0,12.962732887268068,0.8899767756462098
0.0001,3760.0,12.962732734680177,0.8899762773513795
0.0001,3761.0,12.962732696533205,0.889975860118866
0.0001,3762.0,12.962733154296878,0.8899752855300904
0.0001,3763.0,12.96273307800293,0.8899747443199157
0.0001,3764.0,12.962732315063478,0.8899742126464845
0.0001,3765.0,12.962732467651369,0.889973828792572
0.0001,3766.0,12.962732315063478,0.8899733352661132
0.0001,3767.0,12.962732467651369,0.8899727296829224
0.0001,3768.0,12.96273220062256,0.8899723124504089
0.0001,3769.0,12.962731895446778,0.889971661567688
0.0001,3770.0,12.96273162841797,0.8899712824821473
0.0001,3771.0,12.962732086181642,0.889970703125
0.0001,3772.0,12.962731895446778,0.8899703192710876
0.0001,3773.0,12.96273162841797,0.8899696731567383
0.0001,3774.0,12.962731513977051,0.8899692463874818
0.0001,3775.0,12.962731513977051,0.8899688243865966
0.0001,3776.0,12.962731895446778,0.8899681949615479
0.0001,3777.0,12.962731704711913,0.8899677562713624
0.0001,3778.0,12.962731552124023,0.8899671983718872
0.0001,3779.0,12.96273109436035,0.8899666571617126
0.0001,3780.0,12.962731132507324,0.8899662017822265
0.0001,3781.0,12.962731475830077,0.8899657845497131
0.0001,3782.0,12.962731285095215,0.8899653625488282
0.0001,3783.0,12.962731018066405,0.8899647879600525
0.0001,3784.0,12.962731018066405,0.8899643278121949
0.0001,3785.0,12.962730903625488,0.8899638080596923
0.0001,3786.0,12.962730751037597,0.8899632716178894
0.0001,3787.0,12.962730598449706,0.8899626970291137
0.0001,3788.0,12.962730293273925,0.8899623560905456
0.0001,3789.0,12.962730751037597,0.8899618911743165
0.0001,3790.0,12.96273036956787,0.889961245059967
0.0001,3791.0,12.96273036956787,0.8899608278274536
0.0001,3792.0,12.962729873657228,0.8899602818489074
0.0001,3793.0,12.962730827331542,0.8899599075317384
0.0001,3794.0,12.962730712890624,0.8899593329429627
0.0001,3795.0,12.962729949951173,0.889958872795105
0.0001,3796.0,12.962729949951173,0.8899585318565368
0.0001,3797.0,12.962729492187501,0.889957880973816
0.0001,3798.0,12.962729797363282,0.8899574375152588
0.0001,3799.0,12.962729682922365,0.8899569606781006
0.0001,3800.0,12.962729873657228,0.8899564838409424
0.0001,3801.0,12.962729377746584,0.8899560952186585
0.0001,3802.0,12.962729225158693,0.8899555253982543
0.0001,3803.0,12.962729263305665,0.8899551463127136
0.0001,3804.0,12.962729301452638,0.8899546146392822
0.0001,3805.0,12.962729301452638,0.8899539971351624
0.0001,3806.0,12.962728843688966,0.8899536895751954
0.0001,3807.0,12.96272945404053,0.8899531579017639
0.0001,3808.0,12.96272933959961,0.8899528169631958
0.0001,3809.0,12.962729530334475,0.8899522376060485
0.0001,3810.0,12.962728729248047,0.8899517011642456
0.0001,3811.0,12.96272861480713,0.8899511694908142
0.0001,3812.0,12.96272861480713,0.8899507093429566
0.0001,3813.0,12.962728958129883,0.8899502873420716
0.0001,3814.0,12.96272861480713,0.8899499082565308
0.0001,3815.0,12.96272834777832,0.8899493765830995
0.0001,3816.0,12.962728805541992,0.8899488353729248
0.0001,3817.0,12.962728691101075,0.8899484562873841
0.0001,3818.0,12.962728424072266,0.8899480772018433
0.0001,3819.0,12.962728080749512,0.8899474811553955
0.0001,3820.0,12.962727928161621,0.8899471187591552
0.0001,3821.0,12.962728118896484,0.8899466037750244
0.0001,3822.0,12.962728309631348,0.889946105480194
0.0001,3823.0,12.962728118896484,0.8899456715583802
0.0001,3824.0,12.962727851867676,0.8899452233314513
0.0001,3825.0,12.962728004455567,0.8899448490142823
0.0001,3826.0,12.96272819519043,0.8899441933631898
0.0001,3827.0,12.962727584838866,0.8899438571929932
0.0001,3828.0,12.962727737426757,0.8899433970451355
0.0001,3829.0,12.962727317810058,0.8899427795410157
0.0001,3830.0,12.96272777557373,0.8899424815177917
0.0001,3831.0,12.962727584838866,0.8899420166015625
0.0001,3832.0,12.962727661132812,0.8899414420127869
0.0001,3833.0,12.96272720336914,0.8899410247802735
0.0001,3834.0,12.96272720336914,0.8899404835700988
0.0001,3835.0,12.962726745605467,0.8899401092529297
0.0001,3836.0,12.96272735595703,0.8899396491050721
0.0001,3837.0,12.962726936340331,0.8899391889572144
0.0001,3838.0,12.962726974487303,0.8899386954307557
0.0001,3839.0,12.96272647857666,0.8899383926391602
0.0001,3840.0,12.962726936340331,0.8899378180503845
0.0001,3841.0,12.962726860046386,0.8899373245239257
0.0001,3842.0,12.962726860046386,0.8899369835853577
0.0001,3843.0,12.96272636413574,0.8899365615844728
0.0001,3844.0,12.962726249694823,0.8899360251426696
0.0001,3845.0,12.962726554870605,0.8899356842041015
0.0001,3846.0,12.962726554870608,0.8899352192878723
0.0001,3847.0,12.962726593017576,0.8899346923828125
0.0001,3848.0,12.962725982666015,0.8899342322349548
0.0001,3849.0,12.962726325988772,0.8899338102340699
0.0001,3850.0,12.962726287841798,0.889933364391327
0.0001,3851.0,12.962726173400878,0.8899329423904419
0.0001,3852.0,12.962725906372071,0.8899326014518738
0.0001,3853.0,12.962725906372071,0.8899320983886719
0.0001,3854.0,12.96272560119629,0.8899316000938415
0.0001,3855.0,12.962725906372071,0.8899311828613281
0.0001,3856.0,12.962725791931152,0.8899306797981262
0.0001,3857.0,12.962725791931152,0.8899302291870117
0.0001,3858.0,12.962725486755371,0.8899298119544983
0.0001,3859.0,12.962725639343262,0.8899292707443237
0.0001,3860.0,12.962725868225098,0.8899289774894714
0.0001,3861.0,12.962725372314454,0.8899285173416138
0.0001,3862.0,12.962725067138672,0.8899280571937561
0.0001,3863.0,12.962724800109862,0.8899276399612427
0.0001,3864.0,12.962724952697753,0.8899272441864013
0.0001,3865.0,12.962725105285644,0.8899267625808716
0.0001,3866.0,12.962725143432618,0.8899262309074403
0.0001,3867.0,12.962724838256836,0.8899258089065551
0.0001,3868.0,12.962724533081055,0.889925343990326
0.0001,3869.0,12.962724533081055,0.889925012588501
0.0001,3870.0,12.962724571228026,0.8899245524406434
0.0001,3871.0,12.962724838256836,0.8899240922927856
0.0001,3872.0,12.962724571228026,0.8899236202239991
0.0001,3873.0,12.96272445678711,0.8899232029914856
0.0001,3874.0,12.962724609375,0.8899227809906005
0.0001,3875.0,12.96272445678711,0.8899223804473877
0.0001,3876.0,12.962724494934081,0.8899219799041749
0.0001,3877.0,12.9627241897583,0.889921600818634
0.0001,3878.0,12.962723922729491,0.8899210810661317
0.0001,3879.0,12.962723579406736,0.8899206089973449
0.0001,3880.0,12.962724037170409,0.8899203109741212
0.0001,3881.0,12.962724113464354,0.8899197697639466
0.0001,3882.0,12.9627237701416,0.8899193525314331
0.0001,3883.0,12.962723808288573,0.8899188923835755
0.0001,3884.0,12.962723960876463,0.8899185514450074
0.0001,3885.0,12.962723922729491,0.8899179935455322
0.0001,3886.0,12.962724151611328,0.8899176406860352
0.0001,3887.0,12.962723541259766,0.8899171805381775
0.0001,3888.0,12.962723388671876,0.8899169087409973
0.0001,3889.0,12.962723236083985,0.8899163508415222
0.0001,3890.0,12.962723236083987,0.8899159717559815
0.0001,3891.0,12.962723617553713,0.8899156260490417
0.0001,3892.0,12.962723274230958,0.8899152088165283
0.0001,3893.0,12.96272300720215,0.8899147701263428
0.0001,3894.0,12.962723464965823,0.8899143314361573
0.0001,3895.0,12.962723121643068,0.8899138164520264
0.0001,3896.0,12.962723350524904,0.8899135184288025
0.0001,3897.0,12.962722892761231,0.8899130964279174
0.0001,3898.0,12.96272274017334,0.8899126029014588
0.0001,3899.0,12.96272258758545,0.889912223815918
0.0001,3900.0,12.962722473144533,0.8899118399620056
0.0001,3901.0,12.96272274017334,0.8899114274978637
0.0001,3902.0,12.962722778320314,0.8899109292030335
0.0001,3903.0,12.962722511291505,0.8899105072021485
0.0001,3904.0,12.962722358703614,0.8899101710319519
0.0001,3905.0,12.962722053527832,0.8899097490310668
0.0001,3906.0,12.962722206115723,0.889909315109253
0.0001,3907.0,12.962722244262697,0.8899088978767395
0.0001,3908.0,12.962722244262697,0.8899085140228271
0.0001,3909.0,12.962721939086917,0.8899081134796143
0.0001,3910.0,12.962722282409668,0.889907684326172
0.0001,3911.0,12.962722244262697,0.8899072194099427
0.0001,3912.0,12.962722320556644,0.8899068784713745
0.0001,3913.0,12.962722015380862,0.88990642786026
0.0001,3914.0,12.962721672058107,0.8899060440063478
0.0001,3915.0,12.96272155761719,0.8899056649208069
0.0001,3916.0,12.96272171020508,0.8899052476882935
0.0001,3917.0,12.96272171020508,0.8899047756195069
0.0001,3918.0,12.962721900939943,0.8899044132232665
0.0001,3919.0,12.962721633911135,0.8899039530754089
0.0001,3920.0,12.96272113800049,0.8899035954475403
0.0001,3921.0,12.962721748352052,0.8899032163619995
0.0001,3922.0,12.962721672058107,0.8899028754234314
0.0001,3923.0,12.962721328735354,0.8899023818969727
0.0001,3924.0,12.962721366882326,0.889902002811432
0.0001,3925.0,12.962720909118653,0.8899016237258912
0.0001,3926.0,12.962720870971681,0.889901304244995
0.0001,3927.0,12.962721214294435,0.8899008488655091
0.0001,3928.0,12.962721252441408,0.8899003887176513
0.0001,3929.0,12.962720947265627,0.8899000096321106
0.0001,3930.0,12.962720642089845,0.8898995971679688
0.0001,3931.0,12.962720832824708,0.8898992180824281
0.0001,3932.0,12.962720947265627,0.8898988771438598
0.0001,3933.0,12.96272102355957,0.8898983740806579
0.0001,3934.0,12.962720718383789,0.8898980379104614
0.0001,3935.0,12.962720413208007,0.8898976802825928
0.0001,3936.0,12.962720413208007,0.8898972415924071
0.0001,3937.0,12.962720375061036,0.8898968410491943
0.0001,3938.0,12.962720565795898,0.889896309375763
0.0001,3939.0,12.9627201461792,0.8898960494995117
0.0001,3940.0,12.962720451354981,0.8898956656455993
0.0001,3941.0,12.9627201461792,0.8898952102661133
0.0001,3942.0,12.9627197265625,0.8898947882652283
0.0001,3943.0,12.962719535827636,0.8898945713043213
0.0001,3944.0,12.962719841003418,0.8898941707611083
0.0001,3945.0,12.962719917297363,0.8898936557769775
0.0001,3946.0,12.9627197265625,0.8898932981491089
0.0001,3947.0,12.962719764709473,0.8898929619789124
0.0001,3948.0,12.962719764709474,0.8898926591873169
0.0001,3949.0,12.962720069885254,0.8898921990394593
0.0001,3950.0,12.962719955444335,0.8898917865753173
0.0001,3951.0,12.962719650268555,0.8898914241790772
0.0001,3952.0,12.962719497680665,0.8898910450935363
0.0001,3953.0,12.962719497680665,0.8898905515670776
0.0001,3954.0,12.962719497680665,0.8898902106285096
0.0001,3955.0,12.962719497680665,0.8898898696899414
0.0001,3956.0,12.962719268798828,0.8898894190788269
0.0001,3957.0,12.962719230651857,0.8898891162872316
0.0001,3958.0,12.962718963623047,0.8898887538909912
0.0001,3959.0,12.962719116210938,0.889888277053833
0.0001,3960.0,12.962718963623047,0.8898879957199097
0.0001,3961.0,12.962719154357911,0.8898876118659973
0.0001,3962.0,12.962718887329101,0.8898870849609375
0.0001,3963.0,12.962718544006348,0.8898867058753968
0.0001,3964.0,12.96271842956543,0.8898864030838012
0.0001,3965.0,12.962718696594239,0.8898859691619874
0.0001,3966.0,12.96271873474121,0.8898856663703918
0.0001,3967.0,12.962718772888184,0.8898852491378785
0.0001,3968.0,12.96271842956543,0.8898849558830261
0.0001,3969.0,12.962718467712403,0.8898846101760864
0.0001,3970.0,12.962718772888184,0.8898841500282288
0.0001,3971.0,12.962718620300294,0.8898837590217591
0.0001,3972.0,12.962718505859375,0.889883337020874
0.0001,3973.0,12.962718353271484,0.8898830389976502
0.0001,3974.0,12.962718353271484,0.8898826217651368
0.0001,3975.0,12.962717933654785,0.8898822808265686
0.0001,3976.0,12.962717437744141,0.8898818683624268
0.0001,3977.0,12.962717933654785,0.889881625175476
0.0001,3978.0,12.962718124389648,0.8898812460899352
0.0001,3979.0,12.962717971801757,0.8898808240890503
0.0001,3980.0,12.962718124389648,0.8898804879188538
0.0001,3981.0,12.962717666625975,0.8898800325393676
0.0001,3982.0,12.962717361450196,0.8898797297477723
0.0001,3983.0,12.962717514038085,0.8898794102668763
0.0001,3984.0,12.962717666625977,0.8898789978027344
0.0001,3985.0,12.962717742919923,0.8898784565925599
0.0001,3986.0,12.962717704772949,0.8898782348632812
0.0001,3987.0,12.96271739959717,0.8898778820037843
0.0001,3988.0,12.96271759033203,0.8898775410652161
0.0001,3989.0,12.96271755218506,0.8898771190643311
0.0001,3990.0,12.962717628479005,0.8898767018318177
0.0001,3991.0,12.962717437744141,0.8898764038085938
0.0001,3992.0,12.962717323303224,0.8898760247230529
0.0001,3993.0,12.962717018127442,0.8898756885528565
0.0001,3994.0,12.96271671295166,0.8898752880096436
0.0001,3995.0,12.962716865539551,0.8898749899864198
0.0001,3996.0,12.962717018127442,0.8898745346069336
0.0001,3997.0,12.962717056274414,0.889874312877655
0.0001,3998.0,12.962716941833497,0.8898739171028136
0.0001,3999.0,12.962716751098633,0.8898734998703004
0.0001,4000.0,12.962717094421388,0.8898731637001038
0.0001,4001.0,12.962716979980469,0.8898727416992187
0.0001,4002.0,12.962716827392578,0.8898724770545958
0.0001,4003.0,12.962716674804687,0.8898719882965088
0.0001,4004.0,12.962716217041015,0.8898717832565307
0.0001,4005.0,12.962716064453124,0.8898714089393616
0.0001,4006.0,12.962716522216796,0.8898710680007935
0.0001,4007.0,12.962716369628906,0.8898706126213074
0.0001,4008.0,12.96271629333496,0.8898702931404113
0.0001,4009.0,12.96271640777588,0.8898699522018433
0.0001,4010.0,12.96271598815918,0.889869496822357
0.0001,4011.0,12.962716255187988,0.889869155883789
0.0001,4012.0,12.962716598510742,0.8898688197135926
0.0001,4013.0,12.962716331481934,0.8898685383796692
0.0001,4014.0,12.962716331481934,0.8898681592941284
0.0001,4015.0,12.962716178894045,0.8898678994178771
0.0001,4016.0,12.962715873718263,0.8898674011230469
0.0001,4017.0,12.962715568542482,0.8898670649528504
0.0001,4018.0,12.962715911865235,0.8898667073249817
0.0001,4019.0,12.962715873718263,0.889866328239441
0.0001,4020.0,12.962715950012209,0.8898659491539002
0.0001,4021.0,12.962715759277344,0.8898656892776489
0.0001,4022.0,12.962715339660646,0.8898653697967529
0.0001,4023.0,12.962715301513672,0.8898649525642395
0.0001,4024.0,12.962715034484864,0.8898646879196167
0.0001,4025.0,12.962715187072755,0.8898644709587098
0.0001,4026.0,12.962715187072755,0.8898640537261963
0.0001,4027.0,12.962715377807617,0.8898636198043823
0.0001,4028.0,12.962715530395508,0.8898632788658142
0.0001,4029.0,12.962715072631836,0.8898629808425904
0.0001,4030.0,12.9627152633667,0.8898626399040223
0.0001,4031.0,12.962715225219727,0.8898622608184815
0.0001,4032.0,12.962715148925781,0.8898618268966675
0.0001,4033.0,12.9627152633667,0.8898615670204162
0.0001,4034.0,12.962714843750001,0.8898612260818481
0.0001,4035.0,12.962714805603028,0.8898609495162964
0.0001,4036.0,12.96271453857422,0.8898605322837829
0.0001,4037.0,12.96271469116211,0.8898601531982422
0.0001,4038.0,12.96271469116211,0.8898598551750183
0.0001,4039.0,12.962714729309084,0.8898595356941223
0.0001,4040.0,12.962715034484866,0.8898592376708985
0.0001,4041.0,12.962714462280275,0.8898588585853576
0.0001,4042.0,12.962714576721194,0.8898584365844726
0.0001,4043.0,12.962714614868165,0.8898582363128662
0.0001,4044.0,12.962714653015137,0.8898578238487244
0.0001,4045.0,12.962714347839356,0.8898574924468994
0.0001,4046.0,12.962714347839356,0.8898571467399596
0.0001,4047.0,12.962714195251465,0.8898568272590637
0.0001,4048.0,12.962713890075683,0.8898564481735229
0.0001,4049.0,12.962714195251465,0.8898560738563537
0.0001,4050.0,12.962714042663574,0.8898558902740479
0.0001,4051.0,12.962714195251465,0.8898554944992065
0.0001,4052.0,12.96271438598633,0.8898551106452942
0.0001,4053.0,12.962713966369629,0.8898548555374145
0.0001,4054.0,12.962713623046877,0.8898545145988465
0.0001,4055.0,12.96271411895752,0.8898541355133056
0.0001,4056.0,12.962713775634766,0.8898537397384644
0.0001,4057.0,12.962713851928712,0.8898534798622131
0.0001,4058.0,12.962713966369629,0.8898531436920165
0.0001,4059.0,12.962714004516602,0.8898527431488037
0.0001,4060.0,12.96271354675293,0.889852364063263
0.0001,4061.0,12.962713241577148,0.8898521471023559
0.0001,4062.0,12.96271339416504,0.8898516917228698
0.0001,4063.0,12.96271339416504,0.8898513889312745
0.0001,4064.0,12.962713775634766,0.889851107597351
0.0001,4065.0,12.962713584899902,0.8898508524894715
0.0001,4066.0,12.962713012695312,0.8898505067825317
0.0001,4067.0,12.962712974548339,0.8898501110076904
0.0001,4068.0,12.96271270751953,0.8898498892784119
0.0001,4069.0,12.96271312713623,0.8898495578765869
0.0001,4070.0,12.962713317871094,0.8898492336273194
0.0001,4071.0,12.962712898254393,0.8898489022254943
0.0001,4072.0,12.962712898254393,0.8898485565185548
0.0001,4073.0,12.962712783813476,0.889848279953003
0.0001,4074.0,12.96271228790283,0.8898478412628174
0.0001,4075.0,12.962712936401367,0.8898476791381835
0.0001,4076.0,12.962713203430175,0.8898473381996155
0.0001,4077.0,12.962712821960448,0.8898469257354735
0.0001,4078.0,12.962712478637695,0.8898466873168946
0.0001,4079.0,12.962712669372557,0.8898462271690368
0.0001,4080.0,12.962712326049804,0.8898458909988404
0.0001,4081.0,12.962712211608885,0.8898456525802612
0.0001,4082.0,12.962712516784666,0.8898453879356385
0.0001,4083.0,12.962712516784666,0.8898450088500977
0.0001,4084.0,12.962712440490723,0.8898446559906006
0.0001,4085.0,12.962712249755858,0.8898443579673767
0.0001,4086.0,12.962712287902832,0.8898441362380982
0.0001,4087.0,12.962712402343751,0.8898437905311585
0.0001,4088.0,12.962712135314941,0.8898433995246886
0.0001,4089.0,12.962712554931642,0.8898431396484375
0.0001,4090.0,12.962712326049806,0.8898427605628967
0.0001,4091.0,12.962712135314941,0.8898424243927002
0.0001,4092.0,12.962712173461915,0.8898421859741211
0.0001,4093.0,12.962711868286133,0.8898419642448425
0.0001,4094.0,12.962711715698243,0.8898413896560669
0.0001,4095.0,12.962711906433105,0.8898411464691163
0.0001,4096.0,12.962712020874024,0.8898408913612366
0.0001,4097.0,12.962711944580079,0.8898407077789307
0.0001,4098.0,12.962711906433105,0.8898403453826904
0.0001,4099.0,12.962711486816406,0.8898399329185485
0.0001,4100.0,12.962711143493651,0.8898395586013794
0.0001,4101.0,12.962711639404297,0.8898392820358276
0.0001,4102.0,12.962711639404297,0.8898390603065491
0.0001,4103.0,12.96271183013916,0.8898386764526367
0.0001,4104.0,12.962711219787597,0.8898383784294128
0.0001,4105.0,12.96271152496338,0.8898380255699159
0.0001,4106.0,12.962711219787598,0.8898378372192384
0.0001,4107.0,12.962710914611817,0.8898374462127686
0.0001,4108.0,12.96271137237549,0.88983722448349
0.0001,4109.0,12.962711105346681,0.8898368072509766
0.0001,4110.0,12.962711219787598,0.8898365473747254
0.0001,4111.0,12.962711448669435,0.8898361897468567
0.0001,4112.0,12.962711105346681,0.8898358869552612
0.0001,4113.0,12.962710838317872,0.8898356699943542
0.0001,4114.0,12.962710838317872,0.8898353886604309
0.0001,4115.0,12.96271053314209,0.8898349809646606
0.0001,4116.0,12.962710990905762,0.8898347759246825
0.0001,4117.0,12.962710838317872,0.8898344349861145
0.0001,4118.0,12.962710609436035,0.8898342180252075
0.0001,4119.0,12.962710571289064,0.8898338603973388
0.0001,4120.0,12.962710609436035,0.8898334050178529
0.0001,4121.0,12.962710266113282,0.8898331832885742
0.0001,4122.0,12.962710456848145,0.889832923412323
0.0001,4123.0,12.962710418701173,0.8898326039314269
0.0001,4124.0,12.9627108001709,0.8898323392868042
0.0001,4125.0,12.962710494995118,0.8898320031166076
0.0001,4126.0,12.962710494995118,0.889831666946411
0.0001,4127.0,12.962710189819337,0.8898314285278321
0.0001,4128.0,12.962710189819337,0.8898310494422912
0.0001,4129.0,12.962710037231448,0.8898308277130127
0.0001,4130.0,12.962709884643555,0.8898305463790894
0.0001,4131.0,12.962710189819337,0.8898302054405212
0.0001,4132.0,12.962710418701171,0.8898298358917236
0.0001,4133.0,12.962710075378418,0.8898295164108276
0.0001,4134.0,12.96270965576172,0.8898292565345765
0.0001,4135.0,12.962709617614747,0.8898289537429809
0.0001,4136.0,12.96271011352539,0.8898287153244018
0.0001,4137.0,12.96271026611328,0.8898283410072327
0.0001,4138.0,12.962709999084474,0.8898281025886536
0.0001,4139.0,12.962709999084472,0.8898277235031129
0.0001,4140.0,12.962709693908693,0.8898275446891786
0.0001,4141.0,12.962709693908693,0.889827241897583
0.0001,4142.0,12.96270923614502,0.8898269653320313
0.0001,4143.0,12.9627095413208,0.8898265051841736
0.0001,4144.0,12.962709579467774,0.8898263263702393
0.0001,4145.0,12.962709693908693,0.8898260068893432
0.0001,4146.0,12.962709617614747,0.8898257088661194
0.0001,4147.0,12.962709579467774,0.8898254108428956
0.0001,4148.0,12.962709312438966,0.8898250532150269
0.0001,4149.0,12.962709426879883,0.889824857711792
0.0001,4150.0,12.962709159851075,0.8898244953155516
0.0001,4151.0,12.962709770202638,0.8898241758346558
0.0001,4152.0,12.962709503173828,0.8898239803314208
0.0001,4153.0,12.962709197998047,0.8898237156867981
0.0001,4154.0,12.962709197998047,0.8898232650756837
0.0001,4155.0,12.962708740234374,0.8898230814933776
0.0001,4156.0,12.962708778381348,0.8898227787017823
0.0001,4157.0,12.962709045410156,0.8898226165771485
0.0001,4158.0,12.962708930969239,0.8898222041130066
0.0001,4159.0,12.962708892822265,0.8898219275474548
0.0001,4160.0,12.962709121704101,0.8898216295242309
0.0001,4161.0,12.96270896911621,0.8898214292526245
0.0001,4162.0,12.96270881652832,0.8898210883140564
0.0001,4163.0,12.962708511352538,0.8898207950592041
0.0001,4164.0,12.962708206176757,0.8898204708099364
0.0001,4165.0,12.962708206176757,0.8898202538490294
0.0001,4166.0,12.962708549499512,0.8898199558258056
0.0001,4167.0,12.962708663940429,0.8898195934295654
0.0001,4168.0,12.962708587646484,0.8898193383216857
0.0001,4169.0,12.96270824432373,0.8898190355300903
0.0001,4170.0,12.962708282470702,0.8898187971115112
0.0001,4171.0,12.96270797729492,0.889818422794342
0.0001,4172.0,12.962708435058593,0.8898182225227356
0.0001,4173.0,12.962708587646484,0.8898179626464844
0.0001,4174.0,12.962708473205566,0.8898177027702332
0.0001,4175.0,12.962708625793457,0.8898174214363098
0.0001,4176.0,12.962708206176757,0.8898170804977417
0.0001,4177.0,12.962708168029785,0.8898168468475341
0.0001,4178.0,12.962708015441894,0.8898164463043212
0.0001,4179.0,12.962707862854003,0.8898162508010864
0.0001,4180.0,12.962707862854003,0.889815948009491
0.0001,4181.0,12.962708053588866,0.8898157429695129
0.0001,4182.0,12.962708015441894,0.8898153305053711
0.0001,4183.0,12.96270809173584,0.8898150539398193
0.0001,4184.0,12.962707748413084,0.889814875125885
0.0001,4185.0,12.962707633972167,0.8898146152496338
0.0001,4186.0,12.96270809173584,0.8898142957687378
0.0001,4187.0,12.962707633972169,0.8898141169548035
0.0001,4188.0,12.962707481384276,0.8898137378692628
0.0001,4189.0,12.962707977294922,0.889813461303711
0.0001,4190.0,12.962707672119139,0.8898132395744325
0.0001,4191.0,12.962707405090333,0.889812958240509
0.0001,4192.0,12.96270736694336,0.8898126649856568
0.0001,4193.0,12.962707252502442,0.8898123836517333
0.0001,4194.0,12.962707061767578,0.8898120474815369
0.0001,4195.0,12.96270751953125,0.8898117494583131
0.0001,4196.0,12.962707557678224,0.8898116302490234
0.0001,4197.0,12.96270751953125,0.8898112893104553
0.0001,4198.0,12.962707595825195,0.8898111057281495
0.0001,4199.0,12.962707290649414,0.8898107481002807
0.0001,4200.0,12.962707138061523,0.8898104548454284
0.0001,4201.0,12.962707138061523,0.8898101353645325
0.0001,4202.0,12.962707290649414,0.8898099565505981
0.0001,4203.0,12.962707443237305,0.8898096752166749
0.0001,4204.0,12.96270736694336,0.8898094916343688
0.0001,4205.0,12.962707176208497,0.8898091554641724
0.0001,4206.0,12.962707214355468,0.8898087978363037
0.0001,4207.0,12.962706604003905,0.889808542728424
0.0001,4208.0,12.962706756591796,0.889808282852173
0.0001,4209.0,12.962706604003905,0.8898080825805665
0.0001,4210.0,12.962706756591796,0.8898078441619873
0.0001,4211.0,12.962707061767578,0.8898075461387633
0.0001,4212.0,12.962706909179687,0.8898071670532226
0.0001,4213.0,12.962707099914551,0.8898070049285889
0.0001,4214.0,12.962706642150879,0.8898066639900208
0.0001,4215.0,12.962706222534178,0.8898064088821411
0.0001,4216.0,12.962706336975097,0.8898062086105347
0.0001,4217.0,12.962706222534178,0.8898058295249939
0.0001,4218.0,12.962706031799316,0.8898056125640869
0.0001,4219.0,12.96270637512207,0.889805293083191
0.0001,4220.0,12.96270652770996,0.8898051142692567
0.0001,4221.0,12.962706184387207,0.8898049139976502
0.0001,4222.0,12.962706260681152,0.8898046541213989
0.0001,4223.0,12.962706222534178,0.8898042964935302
0.0001,4224.0,12.96270595550537,0.8898040795326232
0.0001,4225.0,12.962706108093261,0.8898038196563721
0.0001,4226.0,12.962706108093261,0.8898035383224487
0.0001,4227.0,12.962705955505372,0.8898032355308533
0.0001,4228.0,12.962706336975097,0.8898029637336731
0.0001,4229.0,12.962706146240235,0.8898027420043946
0.0001,4230.0,12.962705879211425,0.8898025035858155
0.0001,4231.0,12.962705841064453,0.8898022437095643
0.0001,4232.0,12.962705879211425,0.889801983833313
0.0001,4233.0,12.962705574035645,0.8898017072677612
0.0001,4234.0,12.962705841064452,0.8898014855384826
0.0001,4235.0,12.962705574035644,0.8898012471199036
0.0001,4236.0,12.962705574035645,0.8898009490966796
0.0001,4237.0,12.962705764770508,0.8898007154464722
0.0001,4238.0,12.962705612182617,0.8898004126548766
0.0001,4239.0,12.9627054977417,0.8898002338409423
0.0001,4240.0,12.962705307006836,0.889799952507019
0.0001,4241.0,12.96270595550537,0.8897996163368225
0.0001,4242.0,12.962705917358399,0.8897993183135986
0.0001,4243.0,12.962705459594726,0.8897991514205932
0.0001,4244.0,12.962705841064453,0.8897988533973694
0.0001,4245.0,12.962705192565918,0.8897986531257629
0.0001,4246.0,12.962705535888672,0.8897984027862549
0.0001,4247.0,12.96270523071289,0.8897980785369872
0.0001,4248.0,12.962704925537109,0.8897978615760802
0.0001,4249.0,12.962705078125,0.8897976613044738
0.0001,4250.0,12.96270523071289,0.8897973203659058
0.0001,4251.0,12.962704925537109,0.889797065258026
0.0001,4252.0,12.96270523071289,0.8897968220710755
0.0001,4253.0,12.962705154418945,0.8897966480255127
0.0001,4254.0,12.962704811096192,0.8897962903976441
0.0001,4255.0,12.962705154418945,0.8897959923744201
0.0001,4256.0,12.962704696655273,0.8897957921028137
0.0001,4257.0,12.962705116271973,0.8897954940795898
0.0001,4258.0,12.962705307006836,0.8897953486442566
0.0001,4259.0,12.962704963684082,0.8897951149940491
0.0001,4260.0,12.962705039978026,0.8897949314117432
0.0001,4261.0,12.962704887390135,0.8897946166992188
0.0001,4262.0,12.962704734802244,0.8897943568229676
0.0001,4263.0,12.962704734802244,0.8897940373420715
0.0001,4264.0,12.962704620361327,0.8897938156127929
0.0001,4265.0,12.962704277038572,0.8897935390472412
0.0001,4266.0,12.962704429626463,0.8897933173179626
0.0001,4267.0,12.962704467773436,0.8897931003570556
0.0001,4268.0,12.962704277038572,0.889792823791504
0.0001,4269.0,12.96270481109619,0.8897924828529358
0.0001,4270.0,12.962704505920408,0.8897922825813294
0.0001,4271.0,12.962704467773436,0.8897920227050781
0.0001,4272.0,12.962704353332517,0.8897917842864991
0.0001,4273.0,12.962704162597655,0.8897914862632752
0.0001,4274.0,12.962703742980956,0.8897913074493409
0.0001,4275.0,12.962704048156738,0.8897910737991332
0.0001,4276.0,12.962704086303711,0.8897908306121827
0.0001,4277.0,12.962704200744627,0.8897906470298766
0.0001,4278.0,12.962704124450683,0.8897903871536255
0.0001,4279.0,12.962704238891602,0.8897900676727295
0.0001,4280.0,12.962704086303711,0.8897898125648498
0.0001,4281.0,12.962703819274902,0.8897895908355713
0.0001,4282.0,12.962703475952148,0.8897893190383912
0.0001,4283.0,12.962704277038574,0.8897890114784242
0.0001,4284.0,12.962704124450683,0.889788773059845
0.0001,4285.0,12.962704238891602,0.8897887349128724
0.0001,4286.0,12.962704010009766,0.8897883987426758
0.0001,4287.0,12.962703857421875,0.8897881388664246
0.0001,4288.0,12.962703857421875,0.8897878193855285
0.0001,4289.0,12.962703552246094,0.8897876405715942
0.0001,4290.0,12.962703399658203,0.8897874450683594
0.0001,4291.0,12.962703399658203,0.8897872614860535
0.0001,4292.0,12.962703552246094,0.889786958694458
0.0001,4293.0,12.962703285217284,0.8897867202758789
0.0001,4294.0,12.962703552246094,0.8897865247726441
0.0001,4295.0,12.962703475952148,0.8897862648963928
0.0001,4296.0,12.962703628540039,0.889785885810852
0.0001,4297.0,12.962703437805175,0.8897856855392456
0.0001,4298.0,12.962703170776367,0.8897855067253113
0.0001,4299.0,12.962703628540039,0.8897853064537049
0.0001,4300.0,12.962703475952148,0.8897850346565247
0.0001,4301.0,12.962703475952148,0.8897847747802734
0.0001,4302.0,12.962703475952148,0.8897845530509949
0.0001,4303.0,12.96270336151123,0.8897843909263612
0.0001,4304.0,12.96270336151123,0.8897841739654542
0.0001,4305.0,12.962703399658203,0.8897838926315307
0.0001,4306.0,12.962702903747557,0.8897835183143616
0.0001,4307.0,12.96270294189453,0.8897832798957825
0.0001,4308.0,12.962703094482421,0.8897831392288207
0.0001,4309.0,12.962702751159666,0.8897829341888428
0.0001,4310.0,12.96270294189453,0.8897826838493348
0.0001,4311.0,12.96270294189453,0.889782521724701
0.0001,4312.0,12.962703285217284,0.8897822618484497
0.0001,4313.0,12.962702980041502,0.889782099723816
0.0001,4314.0,12.962702827453612,0.8897818279266358
0.0001,4315.0,12.96270267486572,0.8897816061973571
0.0001,4316.0,12.962702369689941,0.8897813510894775
0.0001,4317.0,12.962703018188476,0.8897810649871827
0.0001,4318.0,12.962702980041502,0.8897808814048768
0.0001,4319.0,12.962702827453612,0.889780740737915
0.0001,4320.0,12.962702903747557,0.8897804689407348
0.0001,4321.0,12.962702560424805,0.889780204296112
0.0001,4322.0,12.962702903747557,0.8897798895835876
0.0001,4323.0,12.962702598571777,0.8897796678543091
0.0001,4324.0,12.962702255249024,0.88977942943573
0.0001,4325.0,12.962702293395996,0.8897792768478394
0.0001,4326.0,12.962701835632323,0.8897790551185608
0.0001,4327.0,12.962702751159666,0.8897788548469544
0.0001,4328.0,12.962702598571777,0.8897784757614136
0.0001,4329.0,12.962702445983886,0.8897783946990967
0.0001,4330.0,12.96270248413086,0.889778139591217
0.0001,4331.0,12.962702178955078,0.8897778749465942
0.0001,4332.0,12.96270221710205,0.8897777557373047
0.0001,4333.0,12.962702178955078,0.8897774529457092
0.0001,4334.0,12.962701873779297,0.8897771382331847
0.0001,4335.0,12.962701911926269,0.8897770023345948
0.0001,4336.0,12.962701721191406,0.8897766828536988
0.0001,4337.0,12.96270206451416,0.889776542186737
0.0001,4338.0,12.96270206451416,0.889776303768158
0.0001,4339.0,12.962702026367188,0.8897761249542238
0.0001,4340.0,12.962701950073242,0.889775881767273
0.0001,4341.0,12.962701950073242,0.8897756648063659
0.0001,4342.0,12.962701950073242,0.8897754216194154
0.0001,4343.0,12.96270149230957,0.8897751712799072
0.0001,4344.0,12.962701797485352,0.8897748899459839
0.0001,4345.0,12.962701835632323,0.8897747492790222
0.0001,4346.0,12.962701950073242,0.8897745108604431
0.0001,4347.0,12.962701797485352,0.8897743320465088
0.0001,4348.0,12.962701873779297,0.8897740888595581
0.0001,4349.0,12.962701683044433,0.8897738289833068
0.0001,4350.0,12.962701568603515,0.8897735953330994
0.0001,4351.0,12.962701721191406,0.8897734546661377
0.0001,4352.0,12.962701377868651,0.8897731399536133
0.0001,4353.0,12.962701263427734,0.8897729563713074
0.0001,4354.0,12.962700958251952,0.8897727560997009
0.0001,4355.0,12.962701530456542,0.889772539138794
0.0001,4356.0,12.962701568603515,0.8897723817825317
0.0001,4357.0,12.962701568603515,0.8897721004486083
0.0001,4358.0,12.96270149230957,0.889771921634674
0.0001,4359.0,12.962701301574706,0.8897716999053955
0.0001,4360.0,12.962701148986815,0.8897714233398437
0.0001,4361.0,12.962701034545898,0.8897712230682373
0.0001,4362.0,12.962700843811033,0.889771044254303
0.0001,4363.0,12.962701187133788,0.8897708058357239
0.0001,4364.0,12.962701797485352,0.8897706270217896
0.0001,4365.0,12.96270133972168,0.8897703838348389
0.0001,4366.0,12.962701683044433,0.8897701287269593
0.0001,4367.0,12.96270122528076,0.8897699069976808
0.0001,4368.0,12.962701187133788,0.8897696352005006
0.0001,4369.0,12.962700767517088,0.8897694301605225
0.0001,4370.0,12.962700767517088,0.8897693276405335
0.0001,4371.0,12.96270065307617,0.889769127368927
0.0001,4372.0,12.962700614929197,0.889768877029419
0.0001,4373.0,12.962700920104979,0.8897686386108399
0.0001,4374.0,12.962700805664062,0.8897684121131897
0.0001,4375.0,12.962700920104979,0.8897681903839111
0.0001,4376.0,12.962700920104979,0.8897679567337036
0.0001,4377.0,12.962700691223143,0.8897678327560425
0.0001,4378.0,12.962700805664062,0.8897675991058349
0.0001,4379.0,12.962700691223143,0.8897674202919006
0.0001,4380.0,12.962700691223143,0.8897671985626221
0.0001,4381.0,12.962700538635252,0.889766879081726
0.0001,4382.0,12.962700843811035,0.8897666621208191
0.0001,4383.0,12.962700691223143,0.8897665047645569
0.0001,4384.0,12.962700691223143,0.8897663044929505
0.0001,4385.0,12.962700576782225,0.8897661256790161
0.0001,4386.0,12.962700576782225,0.8897659254074096
0.0001,4387.0,12.962700576782225,0.8897657465934753
0.0001,4388.0,12.962700424194335,0.8897655463218689
0.0001,4389.0,12.962700271606444,0.889765329360962
0.0001,4390.0,12.962700157165527,0.889765133857727
0.0001,4391.0,12.962700004577638,0.8897647547721863
0.0001,4392.0,12.962699966430662,0.8897645926475524
0.0001,4393.0,12.962700157165527,0.8897644734382629
0.0001,4394.0,12.962700309753417,0.8897642946243286
0.0001,4395.0,12.962700271606444,0.8897640132904052
0.0001,4396.0,12.9627001953125,0.8897637963294983
0.0001,4397.0,12.96270004272461,0.8897635746002197
0.0001,4398.0,12.962700233459472,0.889763412475586
0.0001,4399.0,12.96270004272461,0.8897631740570069
0.0001,4400.0,12.96270004272461,0.8897629904747009
0.0001,4401.0,12.96269962310791,0.8897629141807557
0.0001,4402.0,12.962699584960937,0.8897625398635864
0.0001,4403.0,12.962699890136719,0.8897624206542969
0.0001,4404.0,12.96269962310791,0.8897621822357178
0.0001,4405.0,12.962699775695802,0.8897620797157287
0.0001,4406.0,12.962699737548828,0.8897618961334228
0.0001,4407.0,12.962699661254883,0.8897616577148437
0.0001,4408.0,12.962699813842773,0.8897612833976745
0.0001,4409.0,12.96269947052002,0.889761164188385
0.0001,4410.0,12.962699661254883,0.8897610020637512
0.0001,4411.0,12.96269920349121,0.8897608613967896
0.0001,4412.0,12.962699813842773,0.8897605800628663
0.0001,4413.0,12.962699661254883,0.8897603249549866
0.0001,4414.0,12.962699813842773,0.8897601246833802
0.0001,4415.0,12.962699890136719,0.8897599506378173
0.0001,4416.0,12.962699699401856,0.8897597503662109
0.0001,4417.0,12.962699394226075,0.8897595500946045
0.0001,4418.0,12.962699279785156,0.8897594475746156
0.0001,4419.0,12.962699279785156,0.8897591495513916
0.0001,4420.0,12.962699241638184,0.8897589111328126
0.0001,4421.0,12.962699127197265,0.8897587919235229
0.0001,4422.0,12.962698669433593,0.8897586464881897
0.0001,4423.0,12.962699279785156,0.8897584128379822
0.0001,4424.0,12.962699279785156,0.8897581529617309
0.0001,4425.0,12.962699432373046,0.8897579526901245
0.0001,4426.0,12.962699012756348,0.8897576975822449
0.0001,4427.0,12.96269947052002,0.889757535457611
0.0001,4428.0,12.962698860168457,0.8897573399543762
0.0001,4429.0,12.96269905090332,0.8897572374343872
0.0001,4430.0,12.962698898315429,0.8897569942474365
0.0001,4431.0,12.962699165344238,0.8897568583488464
0.0001,4432.0,12.96269905090332,0.88975665807724
0.0001,4433.0,12.962699356079101,0.8897565174102784
0.0001,4434.0,12.962699012756348,0.8897563219070435
0.0001,4435.0,12.962699241638184,0.8897560453414917
0.0001,4436.0,12.962699089050293,0.88975590467453
0.0001,4437.0,12.96269920349121,0.8897556614875793
0.0001,4438.0,12.96269847869873,0.889755482673645
0.0001,4439.0,12.962698783874512,0.8897552442550658
0.0001,4440.0,12.96269863128662,0.8897551035881042
0.0001,4441.0,12.96269832611084,0.8897547936439514
0.0001,4442.0,12.962698326110841,0.8897546100616456
0.0001,4443.0,12.96269863128662,0.889754490852356
0.0001,4444.0,12.962698783874512,0.8897542476654053
0.0001,4445.0,12.96269863128662,0.8897541069984436
0.0001,4446.0,12.96269863128662,0.8897539067268372
0.0001,4447.0,12.962698707580566,0.8897536945343019
0.0001,4448.0,12.962698516845704,0.8897535324096679
0.0001,4449.0,12.962698364257811,0.8897533488273621
0.0001,4450.0,12.962698249816896,0.8897531485557556
0.0001,4451.0,12.962698097229005,0.8897528767585754
0.0001,4452.0,12.962698707580566,0.8897526931762696
0.0001,4453.0,12.962698554992675,0.8897524976730347
0.0001,4454.0,12.962698707580568,0.8897524166107178
0.0001,4455.0,12.962698783874512,0.8897522330284119
0.0001,4456.0,12.962698745727538,0.8897520160675049
0.0001,4457.0,12.962698440551758,0.8897517776489257
0.0001,4458.0,12.962698326110841,0.8897515392303468
0.0001,4459.0,12.962698135375977,0.8897513651847839
0.0001,4460.0,12.962698135375977,0.8897512459754944
0.0001,4461.0,12.96269802093506,0.8897510838508605
0.0001,4462.0,12.96269802093506,0.8897508621215819
0.0001,4463.0,12.962697830200195,0.8897506618499755
0.0001,4464.0,12.962698326110841,0.8897504448890685
0.0001,4465.0,12.962698326110841,0.88975022315979
0.0001,4466.0,12.962698326110841,0.8897501850128174
0.0001,4467.0,12.962698364257813,0.8897499847412109
0.0001,4468.0,12.96269821166992,0.8897497844696045
0.0001,4469.0,12.96269790649414,0.8897496056556702
0.0001,4470.0,12.962697753906252,0.8897493290901184
0.0001,4471.0,12.96269775390625,0.8897491121292114
0.0001,4472.0,12.962697753906252,0.8897489500045777
0.0001,4473.0,12.962697639465334,0.8897487711906433
0.0001,4474.0,12.96269744873047,0.8897486138343811
0.0001,4475.0,12.96269760131836,0.8897483158111572
0.0001,4476.0,12.962697486877444,0.8897481155395508
0.0001,4477.0,12.962697792053225,0.8897480392456054
0.0001,4478.0,12.96269744873047,0.8897478771209717
0.0001,4479.0,12.962697982788088,0.8897476553916932
0.0001,4480.0,12.962697830200197,0.8897475147247313
0.0001,4481.0,12.962697525024415,0.8897473144531249
0.0001,4482.0,12.962697372436525,0.8897470808029175
0.0001,4483.0,12.962697219848634,0.8897468590736389
0.0001,4484.0,12.962697525024415,0.8897467017173768
0.0001,4485.0,12.962697830200197,0.8897464799880981
0.0001,4486.0,12.962697830200197,0.8897463607788086
0.0001,4487.0,12.962697677612306,0.8897461605072021
0.0001,4488.0,12.962697906494142,0.8897460198402405
0.0001,4489.0,12.96269760131836,0.8897458624839782
0.0001,4490.0,12.962697257995607,0.8897456836700439
0.0001,4491.0,12.962697257995607,0.8897454023361206
0.0001,4492.0,12.96269729614258,0.8897452831268311
0.0001,4493.0,12.962696952819826,0.8897450709342958
0.0001,4494.0,12.962697105407717,0.8897448658943177
0.0001,4495.0,12.962696838378907,0.8897446918487549
0.0001,4496.0,12.962696533203125,0.8897445678710938
0.0001,4497.0,12.96269729614258,0.8897443079948425
0.0001,4498.0,12.962696990966798,0.8897441458702088
0.0001,4499.0,12.962697143554688,0.8897438359260559
0.0001,4500.0,12.962697143554688,0.8897437763214111
0.0001,4501.0,12.962697181701662,0.8897435760498047
0.0001,4502.0,12.962697029113771,0.8897433924674988
0.0001,4503.0,12.962697029113771,0.8897433495521545
0.0001,4504.0,12.962696914672854,0.8897431111335754
0.0001,4505.0,12.9626965713501,0.8897429704666138
0.0001,4506.0,12.962697029113771,0.8897428560256958
0.0001,4507.0,12.962697067260743,0.8897425031661987
0.0001,4508.0,12.962697219848634,0.8897423195838929
0.0001,4509.0,12.962697181701662,0.889742157459259
0.0001,4510.0,12.962697105407717,0.88974205493927
0.0001,4511.0,12.962697105407717,0.8897416591644287
0.0001,4512.0,12.962696952819826,0.8897415828704834
0.0001,4513.0,12.962696952819828,0.889741485118866
0.0001,4514.0,12.962696647644044,0.8897413659095764
0.0001,4515.0,12.962696342468265,0.8897411823272705
0.0001,4516.0,12.962696342468265,0.8897409772872924
0.0001,4517.0,12.962696342468263,0.8897407817840576
0.0001,4518.0,12.962696037292483,0.8897405648231507
0.0001,4519.0,12.962696495056155,0.8897404837608338
0.0001,4520.0,12.962696380615236,0.8897402667999268
0.0001,4521.0,12.962696342468263,0.8897401475906372
0.0001,4522.0,12.962696800231935,0.8897399425506592
0.0001,4523.0,12.96269626617432,0.8897397637367248
0.0001,4524.0,12.962696571350099,0.8897396063804626
0.0001,4525.0,12.962696228027346,0.8897394275665282
0.0001,4526.0,12.96269626617432,0.8897391939163208
0.0001,4527.0,12.962696113586427,0.8897389936447144
0.0001,4528.0,12.96269641876221,0.8897388911247253
0.0001,4529.0,12.96269641876221,0.8897385334968566
0.0001,4530.0,12.96269672393799,0.889738473892212
0.0001,4531.0,12.962696266174317,0.8897382736206054
0.0001,4532.0,12.962696800231935,0.8897380352020263
0.0001,4533.0,12.96269645690918,0.8897380137443542
0.0001,4534.0,12.962696151733399,0.8897378945350647
0.0001,4535.0,12.962696304321291,0.8897376179695129
0.0001,4536.0,12.962696037292481,0.8897373962402344
0.0001,4537.0,12.962696151733399,0.889737195968628
0.0001,4538.0,12.962695693969728,0.8897370171546937
0.0001,4539.0,12.962696037292481,0.8897368168830873
0.0001,4540.0,12.962695426940918,0.8897367954254151
0.0001,4541.0,12.96269599914551,0.8897366762161254
0.0001,4542.0,12.962696037292481,0.8897364377975464
0.0001,4543.0,12.962696189880372,0.8897362971305847
0.0001,4544.0,12.962696189880372,0.8897359824180603
0.0001,4545.0,12.962696228027344,0.889735825061798
0.0001,4546.0,12.962695922851564,0.8897357225418091
0.0001,4547.0,12.962695770263672,0.8897354459762573
0.0001,4548.0,12.962695770263673,0.8897353649139406
0.0001,4549.0,12.962695655822756,0.889735186100006
0.0001,4550.0,12.96269561767578,0.8897350287437438
0.0001,4551.0,12.962695312500001,0.8897349262237548
0.0001,4552.0,12.962695350646975,0.8897346830368043
0.0001,4553.0,12.962695503234862,0.8897345638275146
0.0001,4554.0,12.962695465087892,0.8897344279289245
0.0001,4555.0,12.962695808410643,0.8897341513633727
0.0001,4556.0,12.962695503234862,0.8897340321540833
0.0001,4557.0,12.962695350646975,0.889733853340149
0.0001,4558.0,12.96269561767578,0.8897336268424987
0.0001,4559.0,12.962695541381837,0.8897335457801818
0.0001,4560.0,12.962695388793945,0.8897333455085754
0.0001,4561.0,12.962695541381835,0.889733247756958
0.0001,4562.0,12.962695236206056,0.889733018875122
0.0001,4563.0,12.962695236206054,0.8897327804565429
0.0001,4564.0,12.962695083618165,0.8897326183319092
0.0001,4565.0,12.962695426940916,0.8897324395179749
0.0001,4566.0,12.962695732116698,0.8897322177886964
0.0001,4567.0,12.962695236206054,0.8897320938110351
0.0001,4568.0,12.962695388793945,0.8897319412231445
0.0001,4569.0,12.96269546508789,0.8897318601608277
0.0001,4570.0,12.96269546508789,0.8897316813468934
0.0001,4571.0,12.962695274353026,0.8897314810752869
0.0001,4572.0,12.962695159912109,0.8897313404083251
0.0001,4573.0,12.962695159912109,0.8897311782836914
0.0001,4574.0,12.962695007324218,0.8897310209274292
0.0001,4575.0,12.962694816589353,0.8897309017181396
0.0001,4576.0,12.962694854736327,0.8897306847572326
0.0001,4577.0,12.962694702148438,0.8897304892539978
0.0001,4578.0,12.962694854736329,0.8897303056716919
0.0001,4579.0,12.962695159912109,0.8897301864624023
0.0001,4580.0,12.962695007324218,0.8897300291061401
0.0001,4581.0,12.962695159912109,0.8897298717498778
0.0001,4582.0,12.962695388793945,0.8897297692298889
0.0001,4583.0,12.962695083618163,0.8897295689582825
0.0001,4584.0,12.962694892883299,0.8897294330596924
0.0001,4585.0,12.962694740295408,0.8897292375564576
0.0001,4586.0,12.96269462585449,0.8897290754318237
0.0001,4587.0,12.96269462585449,0.8897289562225341
0.0001,4588.0,12.9626948928833,0.889728729724884
0.0001,4589.0,12.962694931030272,0.8897285509109498
0.0001,4590.0,12.962695236206054,0.8897283172607422
0.0001,4591.0,12.962694778442382,0.8897282314300536
0.0001,4592.0,12.962694778442382,0.8897280955314636
0.0001,4593.0,12.962694816589353,0.8897279381752015
0.0001,4594.0,12.962694816589353,0.8897277760505676
0.0001,4595.0,12.962694511413572,0.8897275590896606
0.0001,4596.0,12.962694854736327,0.8897273588180542
0.0001,4597.0,12.962694511413574,0.8897271800041199
0.0001,4598.0,12.962694206237792,0.8897270989418029
0.0001,4599.0,12.962694511413572,0.8897269415855407
0.0001,4600.0,12.962693939208986,0.8897268223762512
0.0001,4601.0,12.962694206237792,0.8897266435623169
0.0001,4602.0,12.962694358825681,0.8897264862060548
0.0001,4603.0,12.962694396972655,0.8897262859344482
0.0001,4604.0,12.962694702148438,0.8897261881828309
0.0001,4605.0,12.962694396972656,0.889726026058197
0.0001,4606.0,12.962694511413572,0.8897258687019348
0.0001,4607.0,12.96269443511963,0.8897256088256835
0.0001,4608.0,12.962694587707519,0.8897255659103394
0.0001,4609.0,12.96269428253174,0.889725272655487
0.0001,4610.0,12.96269443511963,0.8897250294685364
0.0001,4611.0,12.962694129943849,0.8897249913215637
0.0001,4612.0,12.962693824768067,0.8897248125076295
0.0001,4613.0,12.962694435119626,0.8897247314453125
0.0001,4614.0,12.962694168090822,0.8897245693206788
0.0001,4615.0,12.962694587707519,0.889724509716034
0.0001,4616.0,12.96269428253174,0.8897242331504822
0.0001,4617.0,12.962694664001466,0.8897240805625917
0.0001,4618.0,12.962694206237794,0.8897239613533019
0.0001,4619.0,12.962694168090822,0.8897237777709961
0.0001,4620.0,12.962694320678713,0.8897236156463624
0.0001,4621.0,12.962693901062012,0.8897235131263733
0.0001,4622.0,12.962694053649903,0.8897233128547668
0.0001,4623.0,12.962693901062012,0.8897231340408325
0.0001,4624.0,12.96269386291504,0.8897230195999146
0.0001,4625.0,12.962693901062012,0.8897229385375977
0.0001,4626.0,12.96269344329834,0.8897227001190184
0.0001,4627.0,12.962693748474122,0.8897225213050841
0.0001,4628.0,12.962693786621095,0.8897224402427674
0.0001,4629.0,12.962693748474122,0.8897221803665161
0.0001,4630.0,12.962693901062012,0.8897220993041992
0.0001,4631.0,12.962693901062012,0.8897219800949097
0.0001,4632.0,12.962693977355958,0.8897217631340026
0.0001,4633.0,12.962694091796877,0.8897216057777404
0.0001,4634.0,12.962693786621095,0.889721486568451
0.0001,4635.0,12.962693824768067,0.8897213673591613
0.0001,4636.0,12.962693672180176,0.8897212648391724
0.0001,4637.0,12.962693328857423,0.8897210264205933
0.0001,4638.0,12.962693634033204,0.8897209453582764
0.0001,4639.0,12.962693367004395,0.8897206902503967
0.0001,4640.0,12.962693214416504,0.8897205328941346
0.0001,4641.0,12.962693214416504,0.8897203755378723
0.0001,4642.0,12.962693786621095,0.889720196723938
0.0001,4643.0,12.962693061828613,0.8897200727462768
0.0001,4644.0,12.962693519592285,0.889719889163971
0.0001,4645.0,12.962693672180176,0.8897197699546813
0.0001,4646.0,12.962693519592285,0.8897196507453918
0.0001,4647.0,12.96269359588623,0.8897194719314575
0.0001,4648.0,12.962693252563477,0.8897194290161132
0.0001,4649.0,12.962693252563477,0.8897192716598511
0.0001,4650.0,12.96269344329834,0.8897190761566162
0.0001,4651.0,12.962693138122559,0.8897189402580261
0.0001,4652.0,12.962693252563477,0.8897186970710754
0.0001,4653.0,12.962693557739259,0.8897185611724854
0.0001,4654.0,12.962693138122559,0.8897184753417968
0.0001,4655.0,12.96269344329834,0.8897183561325073
0.0001,4656.0,12.96269329071045,0.8897181987762451
0.0001,4657.0,12.962693557739259,0.8897181010246276
0.0001,4658.0,12.962693328857423,0.8897178626060487
0.0001,4659.0,12.962693176269532,0.8897177052497864
0.0001,4660.0,12.962693176269532,0.889717607498169
0.0001,4661.0,12.962693328857423,0.8897174024581909
0.0001,4662.0,12.962693023681641,0.8897172832489014
0.0001,4663.0,12.962693023681641,0.8897171473503114
0.0001,4664.0,12.962693023681641,0.8897170281410217
0.0001,4665.0,12.962692756652832,0.8897169208526612
0.0001,4666.0,12.962692451477052,0.8897167253494263
0.0001,4667.0,12.96269241333008,0.8897166061401367
0.0001,4668.0,12.962693023681641,0.8897164607048034
0.0001,4669.0,12.962692756652832,0.8897162652015687
0.0001,4670.0,12.962693061828613,0.8897161078453064
0.0001,4671.0,12.962693023681641,0.8897159886360169
0.0001,4672.0,12.96269287109375,0.8897158861160279
0.0001,4673.0,12.962692947387696,0.8897156524658203
0.0001,4674.0,12.962692794799807,0.889715495109558
0.0001,4675.0,12.962692947387696,0.8897154307365418
0.0001,4676.0,12.962692489624025,0.8897151923179626
0.0001,4677.0,12.962692489624025,0.8897150349617005
0.0001,4678.0,12.962692489624025,0.8897149753570557
0.0001,4679.0,12.962692337036135,0.8897148561477661
0.0001,4680.0,12.962692985534668,0.8897146940231323
0.0001,4681.0,12.962692947387696,0.8897145366668702
0.0001,4682.0,12.962692642211916,0.8897143578529358
0.0001,4683.0,12.962692947387696,0.8897142767906189
0.0001,4684.0,12.962692794799807,0.8897141742706299
0.0001,4685.0,12.962692718505862,0.8897139787673951
0.0001,4686.0,12.962692832946779,0.8897138595581056
0.0001,4687.0,12.962692527770997,0.8897136378288268
0.0001,4688.0,12.962692718505862,0.88971355676651
0.0001,4689.0,12.96269256591797,0.8897134375572204
0.0001,4690.0,12.96269226074219,0.8897133183479309
0.0001,4691.0,12.96269256591797,0.8897131395339966
0.0001,4692.0,12.962692108154299,0.8897129392623901
0.0001,4693.0,12.962692108154299,0.8897128200531006
0.0001,4694.0,12.962692108154299,0.8897126412391663
0.0001,4695.0,12.962692108154299,0.8897124791145324
0.0001,4696.0,12.962692451477052,0.8897123813629151
0.0001,4697.0,12.962692108154299,0.8897123050689697
0.0001,4698.0,12.962692108154299,0.8897121047973633
0.0001,4699.0,12.96269226074219,0.8897120666503906
0.0001,4700.0,12.962692489624025,0.8897119045257568
0.0001,4701.0,12.962692642211916,0.8897117257118224
0.0001,4702.0,12.96269199371338,0.8897116017341614
0.0001,4703.0,12.962692298889161,0.8897115039825438
0.0001,4704.0,12.962692337036135,0.8897113084793091
0.0001,4705.0,12.962691879272462,0.8897111511230469
0.0001,4706.0,12.962692184448244,0.889710988998413
0.0001,4707.0,12.962692184448244,0.889710853099823
0.0001,4708.0,12.962692031860353,0.8897107720375061
0.0001,4709.0,12.962692642211916,0.8897106647491455
0.0001,4710.0,12.962692031860353,0.889710545539856
0.0001,4711.0,12.962692337036135,0.8897103881835937
0.0001,4712.0,12.962692222595216,0.8897102308273315
0.0001,4713.0,12.962692222595216,0.8897100520133971
0.0001,4714.0,12.962692222595216,0.8897099709510803
0.0001,4715.0,12.962692070007325,0.889709813594818
0.0001,4716.0,12.962692108154297,0.8897096729278564
0.0001,4717.0,12.962691917419434,0.8897095155715942
0.0001,4718.0,12.962691764831543,0.8897094345092773
0.0001,4719.0,12.962691612243653,0.8897092342376709
0.0001,4720.0,12.962691497802734,0.8897090983390807
0.0001,4721.0,12.962691650390624,0.889708936214447
0.0001,4722.0,12.962691345214843,0.8897088980674743
0.0001,4723.0,12.962691764831543,0.8897087574005127
0.0001,4724.0,12.962691955566406,0.8897085571289063
0.0001,4725.0,12.962691650390624,0.889708399772644
0.0001,4726.0,12.962691650390624,0.8897082209587097
0.0001,4727.0,12.962691802978515,0.8897081398963929
0.0001,4728.0,12.96269199371338,0.8897079396247864
0.0001,4729.0,12.962691841125489,0.889707841873169
0.0001,4730.0,12.962691383361816,0.8897076845169067
0.0001,4731.0,12.962691535949707,0.8897075986862183
0.0001,4732.0,12.962691726684572,0.8897074198722839
0.0001,4733.0,12.962691230773926,0.889707338809967
0.0001,4734.0,12.962691383361816,0.8897072625160216
0.0001,4735.0,12.962691383361816,0.8897071003913879
0.0001,4736.0,12.9626912689209,0.8897068834304809
0.0001,4737.0,12.9626912689209,0.8897067975997924
0.0001,4738.0,12.962691116333009,0.889706678390503
0.0001,4739.0,12.962691383361816,0.8897065806388855
0.0001,4740.0,12.962691535949707,0.8897063040733337
0.0001,4741.0,12.9626912689209,0.8897062659263612
0.0001,4742.0,12.96269157409668,0.8897061896324158
0.0001,4743.0,12.96269157409668,0.8897060322761535
0.0001,4744.0,12.962691383361816,0.8897059297561645
0.0001,4745.0,12.962691459655762,0.8897057676315308
0.0001,4746.0,12.962691459655762,0.8897056531906128
0.0001,4747.0,12.96269100189209,0.8897055506706237
0.0001,4748.0,12.962691307067871,0.889705355167389
0.0001,4749.0,12.962691192626952,0.8897052693367005
0.0001,4750.0,12.962690849304199,0.8897052478790284
0.0001,4751.0,12.962690849304199,0.889705171585083
0.0001,4752.0,12.96269115447998,0.8897048902511597
0.0001,4753.0,12.962691192626952,0.8897046566009521
0.0001,4754.0,12.962691345214843,0.8897045969963074
0.0001,4755.0,12.962691307067871,0.8897045159339905
0.0001,4756.0,12.962691307067871,0.8897043919563293
0.0001,4757.0,12.962691383361816,0.8897041797637939
0.0001,4758.0,12.962691230773926,0.8897040557861329
0.0001,4759.0,12.962691078186035,0.8897040128707885
0.0001,4760.0,12.962691078186035,0.8897038173675537
0.0001,4761.0,12.962691192626952,0.889703676700592
0.0001,4762.0,12.962690925598144,0.8897035145759583
0.0001,4763.0,12.962690773010253,0.8897034764289856
0.0001,4764.0,12.962690773010253,0.8897033405303956
0.0001,4765.0,12.962690773010253,0.8897031784057619
0.0001,4766.0,12.962690620422363,0.8897031354904175
0.0001,4767.0,12.962690620422363,0.8897029399871826
0.0001,4768.0,12.962690467834472,0.8897027993202209
0.0001,4769.0,12.962690620422363,0.8897026419639587
0.0001,4770.0,12.962690658569336,0.8897025656700135
0.0001,4771.0,12.962690811157227,0.8897024631500243
0.0001,4772.0,12.962690773010253,0.8897023439407349
0.0001,4773.0,12.962690773010253,0.8897022199630737
0.0001,4774.0,12.962690925598144,0.8897019863128662
0.0001,4775.0,12.96269100189209,0.8897018885612489
0.0001,4776.0,12.962690849304199,0.8897018456459046
0.0001,4777.0,12.962690505981444,0.8897015857696533
0.0001,4778.0,12.962690658569336,0.8897015857696533
0.0001,4779.0,12.962690544128419,0.8897013902664184
0.0001,4780.0,12.962690238952638,0.8897013092041015
0.0001,4781.0,12.962690391540526,0.8897010707855224
0.0001,4782.0,12.96269069671631,0.8897010111808776
0.0001,4783.0,12.96269069671631,0.8897009301185608
0.0001,4784.0,12.9626908493042,0.8897008490562439
0.0001,4785.0,12.962690544128417,0.8897007298469544
0.0001,4786.0,12.962690849304199,0.8897005891799927
0.0001,4787.0,12.962691001892091,0.889700427055359
0.0001,4788.0,12.962690620422364,0.8897003078460692
0.0001,4789.0,12.96269073486328,0.8897001671791076
0.0001,4790.0,12.962690734863282,0.8897000479698182
0.0001,4791.0,12.96269027709961,0.8896999669075012
0.0001,4792.0,12.962690467834474,0.8896998691558838
0.0001,4793.0,12.962690620422364,0.8896996688842773
0.0001,4794.0,12.962690162658692,0.8896995592117309
0.0001,4795.0,12.962690124511719,0.8896994733810425
0.0001,4796.0,12.962690315246583,0.8896993327140807
0.0001,4797.0,12.962690010070801,0.8896992135047912
0.0001,4798.0,12.962690010070801,0.8896991062164307
0.0001,4799.0,12.962690315246583,0.8896990132331848
0.0001,4800.0,12.96269027709961,0.8896987915039063
0.0001,4801.0,12.962690162658692,0.8896987152099609
0.0001,4802.0,12.962690467834474,0.8896986722946167
0.0001,4803.0,12.962690162658692,0.8896984553337097
0.0001,4804.0,12.962690315246583,0.8896983361244202
0.0001,4805.0,12.962690391540528,0.8896981406211854
0.0001,4806.0,12.962690353393555,0.8896981358528137
0.0001,4807.0,12.962690200805664,0.889697880744934
0.0001,4808.0,12.962690353393555,0.8896978378295899
0.0001,4809.0,12.962690048217773,0.8896977567672729
0.0001,4810.0,12.962689933776856,0.8896976757049562
0.0001,4811.0,12.962689933776856,0.889697425365448
0.0001,4812.0,12.962689628601074,0.8896972203254699
0.0001,4813.0,12.962690048217773,0.8896972203254699
0.0001,4814.0,12.962690391540528,0.8896970796585083
0.0001,4815.0,12.962690238952638,0.889697036743164
0.0001,4816.0,12.962690238952638,0.8896969175338746
0.0001,4817.0,12.962690238952638,0.8896968030929566
0.0001,4818.0,12.962689895629882,0.8896966457366943
0.0001,4819.0,12.96269027709961,0.8896965432167053
0.0001,4820.0,12.96269027709961,0.8896963810920715
0.0001,4821.0,12.962689819335937,0.8896962070465089
0.0001,4822.0,12.962689971923828,0.8896962070465089
0.0001,4823.0,12.962690162658692,0.8896960115432739
0.0001,4824.0,12.962689666748046,0.8896958875656127
0.0001,4825.0,12.962689819335937,0.8896957683563232
0.0001,4826.0,12.962689666748046,0.8896956706047059
0.0001,4827.0,12.962689666748046,0.8896955895423889
0.0001,4828.0,12.962689552307129,0.8896953892707825
0.0001,4829.0,12.96268955230713,0.8896952915191652
0.0001,4830.0,12.962689361572265,0.8896952486038209
0.0001,4831.0,12.962689514160155,0.8896950912475585
0.0001,4832.0,12.962689819335937,0.8896949672698975
0.0001,4833.0,12.96268970489502,0.8896949672698975
0.0001,4834.0,12.962690010070801,0.8896946740150452
0.0001,4835.0,12.96268970489502,0.8896945929527282
0.0001,4836.0,12.962690010070801,0.889694435596466
0.0001,4837.0,12.962690048217773,0.8896942949295044
0.0001,4838.0,12.962689743041993,0.889694218635559
0.0001,4839.0,12.962689437866212,0.8896941757202148
0.0001,4840.0,12.9626895904541,0.8896940302848817
0.0001,4841.0,12.962689743041993,0.889693911075592
0.0001,4842.0,12.962689437866212,0.8896938347816468
0.0001,4843.0,12.96268913269043,0.8896937537193298
0.0001,4844.0,12.962689285278321,0.8896937108039855
0.0001,4845.0,12.962689285278321,0.8896934986114502
0.0001,4846.0,12.96268913269043,0.8896932983398438
0.0001,4847.0,12.962689018249513,0.8896932172775269
0.0001,4848.0,12.96268913269043,0.8896930599212647
0.0001,4849.0,12.962688827514649,0.8896929621696472
0.0001,4850.0,12.96268898010254,0.8896928429603577
0.0001,4851.0,12.962689476013185,0.889692680835724
0.0001,4852.0,12.962689170837404,0.8896926593780518
0.0001,4853.0,12.962689476013185,0.889692497253418
0.0001,4854.0,12.96268913269043,0.8896924209594727
0.0001,4855.0,12.962689437866212,0.8896923017501831
0.0001,4856.0,12.962689361572266,0.8896922588348388
0.0001,4857.0,12.962689514160157,0.8896920418739318
0.0001,4858.0,12.962689208984376,0.8896920418739318
0.0001,4859.0,12.962688903808594,0.8896919226646424
0.0001,4860.0,12.962689361572266,0.8896918034553527
0.0001,4861.0,12.962689208984376,0.889691743850708
0.0001,4862.0,12.962688598632813,0.8896915435791015
0.0001,4863.0,12.962688751220703,0.889691424369812
0.0001,4864.0,12.962689208984376,0.8896912288665773
0.0001,4865.0,12.962689208984374,0.8896910881996154
0.0001,4866.0,12.962688941955568,0.8896910119056702
0.0001,4867.0,12.962689361572266,0.8896908926963807
0.0001,4868.0,12.962689208984376,0.8896908164024353
0.0001,4869.0,12.962689208984376,0.8896906328201294
0.0001,4870.0,12.96268943786621,0.8896906328201294
0.0001,4871.0,12.96268913269043,0.8896904706954956
0.0001,4872.0,12.962689285278321,0.8896903896331787
0.0001,4873.0,12.96268913269043,0.8896902108192444
0.0001,4874.0,12.962688941955568,0.8896901249885559
0.0001,4875.0,12.96268898010254,0.8896900486946105
0.0001,4876.0,12.96268898010254,0.8896899724006653
0.0001,4877.0,12.962688674926758,0.8896898746490478
0.0001,4878.0,12.962688827514649,0.8896896743774414
0.0001,4879.0,12.962688522338867,0.8896895933151245
0.0001,4880.0,12.962688827514649,0.8896894145011902
0.0001,4881.0,12.962688522338867,0.8896893334388732
0.0001,4882.0,12.962688522338867,0.8896892142295838
0.0001,4883.0,12.962688369750976,0.8896891379356384
0.0001,4884.0,12.962688827514647,0.8896890354156495
0.0001,4885.0,12.962688713073732,0.8896889972686768
0.0001,4886.0,12.962688865661622,0.8896888351440431
0.0001,4887.0,12.962688827514649,0.8896887588500977
0.0001,4888.0,12.962688827514649,0.8896886014938354
0.0001,4889.0,12.962688674926758,0.8896885204315186
0.0001,4890.0,12.962688903808594,0.8896884226799011
0.0001,4891.0,12.962688903808594,0.8896883416175843
0.0001,4892.0,12.962688598632813,0.8896882176399231
0.0001,4893.0,12.96268856048584,0.8896880817413331
0.0001,4894.0,12.962688713073732,0.8896880435943604
0.0001,4895.0,12.962688598632813,0.8896878004074096
0.0001,4896.0,12.962688446044922,0.8896875667572022
0.0001,4897.0,12.962688293457031,0.8896875452995301
0.0001,4898.0,12.962688446044922,0.8896874642372131
0.0001,4899.0,12.962688751220703,0.8896873021125793
0.0001,4900.0,12.962688598632813,0.8896873450279237
0.0001,4901.0,12.962688751220703,0.8896872639656066
0.0001,4902.0,12.962688751220703,0.8896871280670167
0.0001,4903.0,12.962688598632813,0.8896870136260986
0.0001,4904.0,12.962688903808594,0.8896869277954101
0.0001,4905.0,12.962688827514649,0.8896868085861207
0.0001,4906.0,12.962688522338867,0.889686689376831
0.0001,4907.0,12.962688636779786,0.889686553478241
0.0001,4908.0,12.962688484191895,0.8896863913536072
0.0001,4909.0,12.962688484191895,0.8896863532066345
0.0001,4910.0,12.962688369750976,0.889686233997345
0.0001,4911.0,12.962688217163086,0.8896861314773559
0.0001,4912.0,12.962688217163086,0.8896859741210937
0.0001,4913.0,12.962688217163086,0.8896859312057495
0.0001,4914.0,12.962688179016114,0.8896858119964599
0.0001,4915.0,12.962688179016114,0.8896857523918151
0.0001,4916.0,12.962688064575195,0.8896857142448424
0.0001,4917.0,12.962687911987304,0.889685513973236
0.0001,4918.0,12.962687606811523,0.8896854114532471
0.0001,4919.0,12.962687911987304,0.8896853351593017
0.0001,4920.0,12.962688369750976,0.8896852540969848
0.0001,4921.0,12.962688064575195,0.8896851348876953
0.0001,4922.0,12.962688369750976,0.8896849346160889
0.0001,4923.0,12.962688217163086,0.8896847605705263
0.0001,4924.0,12.962688217163086,0.8896846795082092
0.0001,4925.0,12.962688522338867,0.8896845602989197
0.0001,4926.0,12.96268814086914,0.8896844029426574
0.0001,4927.0,12.96268825531006,0.8896843433380127
0.0001,4928.0,12.962688102722169,0.88968430519104
0.0001,4929.0,12.962688102722169,0.8896841812133789
0.0001,4930.0,12.96268825531006,0.8896841382980346
0.0001,4931.0,12.962687835693359,0.8896840953826903
0.0001,4932.0,12.962687835693359,0.8896839427947998
0.0001,4933.0,12.962687835693359,0.8896838450431823
0.0001,4934.0,12.96268825531006,0.8896837258338928
0.0001,4935.0,12.962688102722169,0.8896836018562316
0.0001,4936.0,12.96268798828125,0.8896835041046143
0.0001,4937.0,12.96268814086914,0.8896833848953247
0.0001,4938.0,12.96268814086914,0.889683346748352
0.0001,4939.0,12.96268814086914,0.8896832275390625
0.0001,4940.0,12.96268814086914,0.8896831083297729
0.0001,4941.0,12.962688179016112,0.8896830272674561
0.0001,4942.0,12.962688331604003,0.8896829509735107
0.0001,4943.0,12.962688179016112,0.8896828055381774
0.0001,4944.0,12.962688026428225,0.8896826481819152
0.0001,4945.0,12.96268787384033,0.8896826267242431
0.0001,4946.0,12.962688026428221,0.8896824645996093
0.0001,4947.0,12.962688064575195,0.8896823501586915
0.0001,4948.0,12.962687721252443,0.8896822690963745
0.0001,4949.0,12.962687416076662,0.8896821498870849
0.0001,4950.0,12.962687568664553,0.8896821880340576
0.0001,4951.0,12.962687721252443,0.8896820473670959
0.0001,4952.0,12.962687606811524,0.8896819281578063
0.0001,4953.0,12.962687454223634,0.8896818137168885
0.0001,4954.0,12.962687454223634,0.889681749343872
0.0001,4955.0,12.962687416076662,0.8896816301345826
0.0001,4956.0,12.962687568664549,0.8896815109252929
0.0001,4957.0,12.962687759399413,0.8896813917160034
0.0001,4958.0,12.962687759399415,0.8896813106536865
0.0001,4959.0,12.962687911987306,0.8896811699867249
0.0001,4960.0,12.962687606811524,0.8896810507774353
0.0001,4961.0,12.962687759399413,0.8896809744834899
0.0001,4962.0,12.962687759399415,0.8896808981895448
0.0001,4963.0,12.962687644958496,0.8896807575225829
0.0001,4964.0,12.962687644958496,0.8896806812286377
0.0001,4965.0,12.962687492370605,0.8896805620193482
0.0001,4966.0,12.962687644958496,0.8896804809570313
0.0001,4967.0,12.962687644958496,0.8896803998947143
0.0001,4968.0,12.962687530517579,0.8896802926063537
0.0001,4969.0,12.962687187194824,0.8896802592277526
0.0001,4970.0,12.962687187194824,0.8896801733970643
0.0001,4971.0,12.962687339782715,0.8896800971031189
0.0001,4972.0,12.962687034606933,0.8896799778938294
0.0001,4973.0,12.962687072753907,0.8896798419952392
0.0001,4974.0,12.962686920166016,0.8896796846389771
0.0001,4975.0,12.962687072753907,0.8896795654296875
0.0001,4976.0,12.962687072753907,0.8896794843673705
0.0001,4977.0,12.962687187194824,0.8896794462203979
0.0001,4978.0,12.962687187194824,0.8896793699264527
0.0001,4979.0,12.962687225341798,0.8896792674064635
0.0001,4980.0,12.962687225341798,0.8896791815757752
0.0001,4981.0,12.962687377929688,0.8896790027618409
0.0001,4982.0,12.962687225341798,0.8896789169311523
0.0001,4983.0,12.962687225341798,0.8896787977218628
0.0001,4984.0,12.96268726348877,0.8896787214279176
0.0001,4985.0,12.96268726348877,0.8896785640716554
0.0001,4986.0,12.962687110900879,0.8896785259246827
0.0001,4987.0,12.962687110900879,0.8896784281730652
0.0001,4988.0,12.962686958312988,0.8896783900260925
0.0001,4989.0,12.96268726348877,0.889678270816803
0.0001,4990.0,12.962686996459961,0.8896781897544861
0.0001,4991.0,12.96268684387207,0.8896780109405518
0.0001,4992.0,12.962686653137206,0.8896780109405518
0.0001,4993.0,12.962686958312988,0.8896778488159179
0.0001,4994.0,12.962686958312988,0.8896777296066285
0.0001,4995.0,12.962687454223634,0.8896775507926942
0.0001,4996.0,12.962687149047852,0.8896774959564209
0.0001,4997.0,12.962686996459961,0.8896774363517761
0.0001,4998.0,12.962687149047852,0.8896773171424865
0.0001,4999.0,12.96268726348877,0.8896771931648255
0.0001,5000.0,12.96268726348877,0.8896771717071533
0.0001,5001.0,12.962687187194824,0.8896771717071533
0.0001,5002.0,12.962687187194824,0.8896770572662354
0.0001,5003.0,12.962687187194824,0.8896769714355469
0.0001,5004.0,12.962686882019042,0.8896768951416016
0.0001,5005.0,12.962686729431152,0.889676775932312
0.0001,5006.0,12.962686996459961,0.889676694869995
0.0001,5007.0,12.962686882019042,0.8896765160560607
0.0001,5008.0,12.962686882019042,0.8896764731407165
0.0001,5009.0,12.962686729431152,0.8896763920783997
0.0001,5010.0,12.96268657684326,0.8896761798858642
0.0001,5011.0,12.962686729431152,0.8896760988235475
0.0001,5012.0,12.96268657684326,0.8896760177612304
0.0001,5013.0,12.962686462402344,0.889675898551941
0.0001,5014.0,12.96268642425537,0.8896759414672852
0.0001,5015.0,12.962686119079589,0.889675817489624
0.0001,5016.0,12.96268627166748,0.8896757030487061
0.0001,5017.0,12.962686882019042,0.8896756052970887
0.0001,5018.0,12.962686767578125,0.8896755242347718
0.0001,5019.0,12.962686767578125,0.8896754431724548
0.0001,5020.0,12.962686614990234,0.8896753358840942
0.0001,5021.0,12.962686767578125,0.8896752977371216
0.0001,5022.0,12.962686882019042,0.8896751785278321
0.0001,5023.0,12.962686882019042,0.8896750211715698
0.0001,5024.0,12.962686805725097,0.889674940109253
0.0001,5025.0,12.962686958312988,0.8896748638153076
0.0001,5026.0,12.962686653137206,0.8896747660636902
0.0001,5027.0,12.962686500549315,0.8896746850013733
0.0001,5028.0,12.962686653137206,0.8896745657920837
0.0001,5029.0,12.962686767578125,0.8896744465827942
0.0001,5030.0,12.962686347961425,0.8896743488311767
0.0001,5031.0,12.962686195373534,0.8896742677688598
0.0001,5032.0,12.962686347961425,0.889674186706543
0.0001,5033.0,12.962686653137206,0.8896741056442261
0.0001,5034.0,12.962686653137206,0.8896740245819091
0.0001,5035.0,12.962686500549315,0.8896739268302918
0.0001,5036.0,12.962686538696289,0.8896738505363465
0.0001,5037.0,12.962686653137206,0.8896738076210022
0.0001,5038.0,12.962686653137206,0.8896737265586854
0.0001,5039.0,12.962686500549315,0.8896735858917235
0.0001,5040.0,12.962686653137206,0.8896735048294068
0.0001,5041.0,12.962686882019042,0.8896734666824341
0.0001,5042.0,12.96268657684326,0.8896733903884888
0.0001,5043.0,12.96268642425537,0.8896732664108276
0.0001,5044.0,12.96268657684326,0.8896732711791993
0.0001,5045.0,12.962686386108398,0.8896731090545654
0.0001,5046.0,12.962686386108398,0.8896729731559754
0.0001,5047.0,12.962686233520508,0.8896729302406311
0.0001,5048.0,12.96268642425537,0.889672772884369
0.0001,5049.0,12.96268642425537,0.8896726703643798
0.0001,5050.0,12.962686119079589,0.8896726536750794
0.0001,5051.0,12.962686119079589,0.8896726322174073
0.0001,5052.0,12.962686233520508,0.8896724319458008
0.0001,5053.0,12.962685966491698,0.8896723127365112
0.0001,5054.0,12.962685813903807,0.889672236442566
0.0001,5055.0,12.962685813903807,0.8896721935272217
0.0001,5056.0,12.962685813903807,0.889672155380249
0.0001,5057.0,12.962685966491698,0.8896720957756041
0.0001,5058.0,12.962686119079589,0.889671938419342
0.0001,5059.0,12.96268627166748,0.8896717762947082
0.0001,5060.0,12.962686614990234,0.8896716737747192
0.0001,5061.0,12.962686119079589,0.889671516418457
0.0001,5062.0,12.962686119079589,0.8896714353561401
0.0001,5063.0,12.962686119079589,0.889671401977539
0.0001,5064.0,12.96268627166748,0.889671277999878
0.0001,5065.0,12.962686347961425,0.8896712398529053
0.0001,5066.0,12.962686195373534,0.8896711802482604
0.0001,5067.0,12.962686042785643,0.8896710991859437
0.0001,5068.0,12.962686157226562,0.8896709847450257
0.0001,5069.0,12.962686004638671,0.889670865535736
0.0001,5070.0,12.962686004638671,0.8896708226203918
0.0001,5071.0,12.962686004638671,0.8896707248687744
0.0001,5072.0,12.962686042785645,0.889670648574829
0.0001,5073.0,12.962685737609863,0.8896706056594847
0.0001,5074.0,12.96268558502197,0.8896705627441406
0.0001,5075.0,12.962685890197752,0.8896704387664796
0.0001,5076.0,12.962686157226564,0.8896703243255615
0.0001,5077.0,12.962686157226564,0.8896702647209167
0.0001,5078.0,12.962686042785645,0.8896701836585998
0.0001,5079.0,12.962686042785645,0.8896700692176818
0.0001,5080.0,12.962686042785643,0.8896698689460754
0.0001,5081.0,12.962686195373534,0.8896698093414307
0.0001,5082.0,12.962686042785643,0.8896697664260864
0.0001,5083.0,12.962686042785645,0.8896696853637696
0.0001,5084.0,12.96268611907959,0.88966956615448
0.0001,5085.0,12.962686080932619,0.8896694850921631
0.0001,5086.0,12.962686233520508,0.8896694469451905
0.0001,5087.0,12.962685928344726,0.889669382572174
0.0001,5088.0,12.962685623168946,0.8896693396568298
0.0001,5089.0,12.962685928344728,0.8896691441535951
0.0001,5090.0,12.9626859664917,0.8896691060066224
0.0001,5091.0,12.9626859664917,0.8896690082550048
0.0001,5092.0,12.962685508728027,0.8896689701080323
0.0001,5093.0,12.962685508728027,0.8896688938140869
0.0001,5094.0,12.962685623168946,0.8896687698364258
0.0001,5095.0,12.962685775756837,0.8896686887741089
0.0001,5096.0,12.962685661315918,0.8896686124801636
0.0001,5097.0,12.962685508728027,0.8896686124801636
0.0001,5098.0,12.962685356140137,0.8896684718132019
0.0001,5099.0,12.962685203552246,0.8896683955192566
0.0001,5100.0,12.962685356140137,0.8896682715415954
0.0001,5101.0,12.962685813903809,0.8896681523323059
0.0001,5102.0,12.962685661315918,0.8896680545806885
0.0001,5103.0,12.962685508728027,0.8896680164337158
0.0001,5104.0,12.962685356140137,0.8896679353713989
0.0001,5105.0,12.962685661315918,0.8896678972244263
0.0001,5106.0,12.962685661315918,0.8896678161621094
0.0001,5107.0,12.9626859664917,0.8896676969528199
0.0001,5108.0,12.962685813903809,0.8896676206588745
0.0001,5109.0,12.962685737609863,0.8896675395965576
0.0001,5110.0,12.962685737609863,0.8896674418449402
0.0001,5111.0,12.962685699462892,0.8896673607826233
0.0001,5112.0,12.96268539428711,0.8896671986579895
0.0001,5113.0,12.96268539428711,0.8896671223640442
0.0001,5114.0,12.962685699462892,0.8896670627593994
0.0001,5115.0,12.962685585021973,0.8896669816970825
0.0001,5116.0,12.962685279846191,0.8896669006347657
0.0001,5117.0,12.9626851272583,0.889666862487793
0.0001,5118.0,12.962685279846191,0.8896667385101318
0.0001,5119.0,12.96268539428711,0.8896667003631592
0.0001,5120.0,12.96268539428711,0.8896666789054871
0.0001,5121.0,12.962684936523438,0.8896665596961975
0.0001,5122.0,12.96268497467041,0.8896666026115417
0.0001,5123.0,12.9626851272583,0.8896664834022522
0.0001,5124.0,12.9626851272583,0.8896664404869079
0.0001,5125.0,12.962684669494628,0.8896663212776185
0.0001,5126.0,12.96268497467041,0.8896662068367005
0.0001,5127.0,12.962685432434082,0.8896660709381103
0.0001,5128.0,12.962685432434082,0.8896659469604493
0.0001,5129.0,12.962685432434082,0.8896659469604493
0.0001,5130.0,12.96268497467041,0.8896658229827881
0.0001,5131.0,12.962685279846191,0.8896656441688537
0.0001,5132.0,12.962685432434082,0.8896656441688537
0.0001,5133.0,12.962685432434082,0.8896655249595642
0.0001,5134.0,12.962685279846191,0.88966548204422
0.0001,5135.0,12.962685203552246,0.88966548204422
0.0001,5136.0,12.962685356140137,0.8896654224395752
0.0001,5137.0,12.962685317993165,0.8896653079986572
0.0001,5138.0,12.962684860229492,0.8896652269363403
0.0001,5139.0,12.962684860229492,0.8896651458740235
0.0001,5140.0,12.962685165405274,0.8896650695800781
0.0001,5141.0,12.962685203552246,0.8896649503707885
0.0001,5142.0,12.962684745788573,0.8896649074554444
0.0001,5143.0,12.962684745788573,0.8896648097038269
0.0001,5144.0,12.962684745788573,0.8896647334098815
0.0001,5145.0,12.962684860229492,0.889664695262909
0.0001,5146.0,12.962685165405274,0.8896645712852478
0.0001,5147.0,12.962685317993165,0.8896644520759582
0.0001,5148.0,12.962685203552246,0.8896643877029418
0.0001,5149.0,12.962685203552246,0.8896642732620239
0.0001,5150.0,12.962685203552246,0.8896642303466796
0.0001,5151.0,12.962685050964355,0.8896641111373902
0.0001,5152.0,12.962685050964355,0.8896640348434448
0.0001,5153.0,12.962685356140137,0.8896638774871827
0.0001,5154.0,12.962685279846191,0.8896638774871827
0.0001,5155.0,12.962685089111329,0.8896638178825378
0.0001,5156.0,12.962684936523438,0.8896636605262757
0.0001,5157.0,12.962685089111329,0.8896636605262757
0.0001,5158.0,12.962685089111329,0.8896636176109314
0.0001,5159.0,12.962684936523438,0.8896635794639587
0.0001,5160.0,12.962685089111329,0.8896634984016418
0.0001,5161.0,12.962684783935547,0.889663438796997
0.0001,5162.0,12.962684822082519,0.8896633577346802
0.0001,5163.0,12.962684822082519,0.8896633577346802
0.0001,5164.0,12.962684783935547,0.8896632337570192
0.0001,5165.0,12.962684631347656,0.8896631193161011
0.0001,5166.0,12.962684631347656,0.8896630001068115
0.0001,5167.0,12.962684936523438,0.8896629238128662
0.0001,5168.0,12.962684516906737,0.8896628260612487
0.0001,5169.0,12.962684364318847,0.8896627831459045
0.0001,5170.0,12.962684364318847,0.8896627449989318
0.0001,5171.0,12.962684364318847,0.8896626257896423
0.0001,5172.0,12.962684364318847,0.8896625614166259
0.0001,5173.0,12.962684936523438,0.8896625232696533
0.0001,5174.0,12.962684783935547,0.8896624040603638
0.0001,5175.0,12.962684669494628,0.8896624040603638
0.0001,5176.0,12.962684822082519,0.88966224193573
0.0001,5177.0,12.96268497467041,0.88966224193573
0.0001,5178.0,12.962684822082519,0.8896621656417847
0.0001,5179.0,12.962684516906737,0.889662024974823
0.0001,5180.0,12.962684516906737,0.8896619868278504
0.0001,5181.0,12.962684822082519,0.8896618676185608
0.0001,5182.0,12.962684860229492,0.8896618247032165
0.0001,5183.0,12.962685012817383,0.8896617102622986
0.0001,5184.0,12.96268440246582,0.8896616673469544
0.0001,5185.0,12.96268440246582,0.8896615695953369
0.0001,5186.0,12.96268455505371,0.8896616029739379
0.0001,5187.0,12.962684707641602,0.889661407470703
0.0001,5188.0,12.962684707641602,0.8896613264083862
0.0001,5189.0,12.962684593200683,0.8896612882614136
0.0001,5190.0,12.962684288024901,0.8896612501144409
0.0001,5191.0,12.962684288024901,0.8896612071990966
0.0001,5192.0,12.96268424987793,0.8896610713005065
0.0001,5193.0,12.96268455505371,0.8896609902381898
0.0001,5194.0,12.96268455505371,0.8896609520912171
0.0001,5195.0,12.96268455505371,0.8896607947349549
0.0001,5196.0,12.962684440612792,0.8896607518196106
0.0001,5197.0,12.962684745788573,0.8896607518196106
0.0001,5198.0,12.962684440612792,0.8896605730056764
0.0001,5199.0,12.962684593200683,0.8896605730056764
0.0001,5200.0,12.962684593200683,0.8896604537963868
0.0001,5201.0,12.962684707641602,0.8896604108810425
0.0001,5202.0,12.962684707641602,0.8896603345870971
0.0001,5203.0,12.962684631347656,0.8896602153778077
0.0001,5204.0,12.962684631347656,0.8896601128578185
0.0001,5205.0,12.962684631347656,0.8896600365638734
0.0001,5206.0,12.962684631347656,0.8896599555015563
0.0001,5207.0,12.962684173583986,0.8896598792076111
0.0001,5208.0,12.962684326171875,0.8896598362922669
0.0001,5209.0,12.962684478759765,0.8896597766876221
0.0001,5210.0,12.962684364318847,0.8896596956253051
0.0001,5211.0,12.962684478759765,0.8896596574783325
0.0001,5212.0,12.962684173583986,0.8896596145629883
0.0001,5213.0,12.962684020996095,0.8896595764160156
0.0001,5214.0,12.962684173583986,0.8896594953536987
0.0001,5215.0,12.962684173583984,0.8896594524383544
0.0001,5216.0,12.962684173583984,0.8896593761444092
0.0001,5217.0,12.962684020996095,0.8896593165397644
0.0001,5218.0,12.962684059143067,0.8896591639518738
0.0001,5219.0,12.962683906555176,0.889659082889557
0.0001,5220.0,12.962684059143067,0.8896589589118957
0.0001,5221.0,12.962683563232423,0.889658899307251
0.0001,5222.0,12.962684173583984,0.8896588230133056
0.0001,5223.0,12.962684326171875,0.8896588611602783
0.0001,5224.0,12.962684364318847,0.8896586275100709
0.0001,5225.0,12.962684211730956,0.8896585845947267
0.0001,5226.0,12.962684211730956,0.8896584653854369
0.0001,5227.0,12.962684211730958,0.8896584653854369
0.0001,5228.0,12.962684059143067,0.8896583461761475
0.0001,5229.0,12.962684211730956,0.8896583461761475
0.0001,5230.0,12.962684364318847,0.8896583247184754
0.0001,5231.0,12.962684478759765,0.8896582436561584
0.0001,5232.0,12.96268409729004,0.8896582055091857
0.0001,5233.0,12.962684249877931,0.8896580862998962
0.0001,5234.0,12.96268409729004,0.8896580862998962
0.0001,5235.0,12.96268409729004,0.8896579718589783
0.0001,5236.0,12.962684249877931,0.8896578693389892
0.0001,5237.0,12.96268394470215,0.8896578693389892
0.0001,5238.0,12.96268409729004,0.8896577882766724
0.0001,5239.0,12.962684135437012,0.8896577072143554
0.0001,5240.0,12.962683982849121,0.8896575450897217
0.0001,5241.0,12.96268394470215,0.8896575450897217
0.0001,5242.0,12.962683792114259,0.8896574687957763
0.0001,5243.0,12.962683792114259,0.8896574473381043
0.0001,5244.0,12.962683944702146,0.889657289981842
0.0001,5245.0,12.962684249877928,0.8896572518348694
0.0001,5246.0,12.962684249877928,0.8896570944786073
0.0001,5247.0,12.962683982849121,0.8896570563316346
0.0001,5248.0,12.962683982849121,0.8896570515632629
0.0001,5249.0,12.962684135437012,0.8896569919586181
0.0001,5250.0,12.962684135437012,0.8896569156646728
0.0001,5251.0,12.962684249877931,0.8896567964553833
0.0001,5252.0,12.96268409729004,0.8896567153930663
0.0001,5253.0,12.96268409729004,0.8896566772460938
0.0001,5254.0,12.962684173583984,0.8896565961837768
0.0001,5255.0,12.962684020996093,0.8896565151214599
0.0001,5256.0,12.962684173583984,0.8896564936637879
0.0001,5257.0,12.962684173583984,0.8896564936637879
0.0001,5258.0,12.962684020996093,0.8896563363075256
0.0001,5259.0,12.962684020996093,0.8896562552452087
0.0001,5260.0,12.962684020996093,0.8896562552452087
0.0001,5261.0,12.962684173583984,0.8896561741828919
0.0001,5262.0,12.962683868408202,0.8896561145782471
0.0001,5263.0,12.962683715820312,0.8896560716629027
0.0001,5264.0,12.962683868408202,0.8896559143066406
0.0001,5265.0,12.96268356323242,0.889655876159668
0.0001,5266.0,12.96268356323242,0.8896557569503785
0.0001,5267.0,12.962683715820312,0.8896555995941162
0.0001,5268.0,12.96268356323242,0.8896555614471435
0.0001,5269.0,12.962683601379394,0.8896556043624879
0.0001,5270.0,12.962683601379394,0.8896555233001708
0.0001,5271.0,12.962683448791504,0.8896555018424988
0.0001,5272.0,12.962683296203613,0.8896555018424988
0.0001,5273.0,12.962683105468749,0.8896554207801819
0.0001,5274.0,12.96268341064453,0.8896552634239197
0.0001,5275.0,12.962683868408202,0.889655225276947
0.0001,5276.0,12.962683868408202,0.8896552205085755
0.0001,5277.0,12.962683753967285,0.8896551060676574
0.0001,5278.0,12.962683753967285,0.8896550416946412
0.0001,5279.0,12.962683601379394,0.8896548891067504
0.0001,5280.0,12.962683906555176,0.8896547651290894
0.0001,5281.0,12.962683753967285,0.8896548080444336
0.0001,5282.0,12.962683601379394,0.8896547269821167
0.0001,5283.0,12.96268341064453,0.8896546459197998
0.0001,5284.0,12.962683868408202,0.8896546459197998
0.0001,5285.0,12.962683944702148,0.8896546244621277
0.0001,5286.0,12.962683944702148,0.8896545481681823
0.0001,5287.0,12.962683639526366,0.8896544241905212
0.0001,5288.0,12.962683486938475,0.8896543860435486
0.0001,5289.0,12.962683486938475,0.8896542668342591
0.0001,5290.0,12.962683639526366,0.8896542668342591
0.0001,5291.0,12.962683792114257,0.8896541690826416
0.0001,5292.0,12.962683486938475,0.8896541261672974
0.0001,5293.0,12.962683029174803,0.8896540451049805
0.0001,5294.0,12.962683181762694,0.8896540069580079
0.0001,5295.0,12.962683181762694,0.8896538877487182
0.0001,5296.0,12.962683334350585,0.8896538496017455
0.0001,5297.0,12.962683181762694,0.889653811454773
0.0001,5298.0,12.962683181762694,0.8896537733078003
0.0001,5299.0,12.962683181762694,0.8896536922454834
0.0001,5300.0,12.962683181762694,0.8896536278724669
0.0001,5301.0,12.962683067321777,0.8896535515785218
0.0001,5302.0,12.962683067321777,0.8896535134315491
0.0001,5303.0,12.962682914733886,0.8896533131599427
0.0001,5304.0,12.962683029174803,0.8896533560752868
0.0001,5305.0,12.962683029174803,0.8896533131599427
0.0001,5306.0,12.962683029174803,0.88965327501297
0.0001,5307.0,12.962683029174803,0.8896531772613525
0.0001,5308.0,12.962683181762694,0.8896530961990357
0.0001,5309.0,12.962683067321777,0.8896529340744018
0.0001,5310.0,12.962683372497558,0.8896528959274292
0.0001,5311.0,12.962683219909668,0.8896527767181397
0.0001,5312.0,12.962683219909668,0.8896527767181397
0.0001,5313.0,12.962682914733886,0.8896527171134949
0.0001,5314.0,12.962683219909668,0.8896527123451232
0.0001,5315.0,12.962683219909668,0.8896525549888611
0.0001,5316.0,12.962683525085449,0.8896525168418885
0.0001,5317.0,12.96268325805664,0.8896524739265442
0.0001,5318.0,12.96268325805664,0.8896524786949158
0.0001,5319.0,12.96268325805664,0.8896523594856262
0.0001,5320.0,12.96268325805664,0.8896522998809815
0.0001,5321.0,12.962683105468749,0.8896522188186645
0.0001,5322.0,12.962683105468749,0.8896521759033202
0.0001,5323.0,12.962682952880858,0.8896521759033202
0.0001,5324.0,12.962683105468749,0.8896521377563475
0.0001,5325.0,12.962683143615722,0.8896520233154297
0.0001,5326.0,12.962683105468749,0.889651861190796
0.0001,5327.0,12.962682800292967,0.8896518015861511
0.0001,5328.0,12.962682800292967,0.8896518015861511
0.0001,5329.0,12.962682495117186,0.8896517586708068
0.0001,5330.0,12.962682800292967,0.88965167760849
0.0001,5331.0,12.962682952880858,0.8896516013145446
0.0001,5332.0,12.96268341064453,0.8896516013145446
0.0001,5333.0,12.962683296203613,0.8896514868736267
0.0001,5334.0,12.962682991027831,0.889651448726654
0.0001,5335.0,12.962683143615722,0.8896513295173645
0.0001,5336.0,12.962683296203613,0.8896512651443481
0.0001,5337.0,12.962683296203613,0.8896512651443481
0.0001,5338.0,12.962683143615722,0.8896511840820314
0.0001,5339.0,12.962683105468749,0.889651107788086
0.0001,5340.0,12.96268356323242,0.8896511459350587
0.0001,5341.0,12.962683105468749,0.8896510648727417
0.0001,5342.0,12.962683181762694,0.8896509456634522
0.0001,5343.0,12.962683181762694,0.8896509075164795
0.0001,5344.0,12.962683181762694,0.8896508860588074
0.0001,5345.0,12.962683029174803,0.8896507716178894
0.0001,5346.0,12.962683181762694,0.8896506857872009
0.0001,5347.0,12.962683029174803,0.889650571346283
0.0001,5348.0,12.962683029174803,0.8896505284309387
0.0001,5349.0,12.962683029174803,0.889650490283966
0.0001,5350.0,12.962682723999022,0.8896504306793214
0.0001,5351.0,12.962682876586912,0.8896503877639771
0.0001,5352.0,12.962682876586912,0.8896503114700317
0.0001,5353.0,12.962682723999022,0.8896502685546874
0.0001,5354.0,12.962682571411131,0.8896502256393433
0.0001,5355.0,12.96268226623535,0.8896501874923706
0.0001,5356.0,12.962682571411131,0.8896500468254089
0.0001,5357.0,12.962682723999022,0.8896500301361084
0.0001,5358.0,12.962682571411131,0.8896499657630921
0.0001,5359.0,12.962682762145995,0.8896498894691467
0.0001,5360.0,12.962682456970217,0.8896498894691467
0.0001,5361.0,12.962682266235353,0.8896497702598571
0.0001,5362.0,12.962682266235353,0.8896496891975403
0.0001,5363.0,12.96268241882324,0.8896496510505677
0.0001,5364.0,12.962682571411131,0.8896495532989501
0.0001,5365.0,12.962682876586912,0.889649510383606
0.0001,5366.0,12.962682876586912,0.8896494293212891
0.0001,5367.0,12.962682609558104,0.8896493911743164
0.0001,5368.0,12.962682762145995,0.8896493911743164
0.0001,5369.0,12.962682762145995,0.8896493482589722
0.0001,5370.0,12.962682914733886,0.8896493101119995
0.0001,5371.0,12.962682762145995,0.8896492290496826
0.0001,5372.0,12.962682723999022,0.88964919090271
0.0001,5373.0,12.962682723999022,0.8896491312980652
0.0001,5374.0,12.962683029174803,0.8896490931510925
0.0001,5375.0,12.962682876586912,0.8896490120887757
0.0001,5376.0,12.96268280029297,0.8896490120887757
0.0001,5377.0,12.96268280029297,0.8896488547325134
0.0001,5378.0,12.96268280029297,0.8896488165855407
0.0001,5379.0,12.962682495117189,0.8896487355232239
0.0001,5380.0,12.962682495117189,0.8896486759185791
0.0001,5381.0,12.962682647705076,0.8896485996246337
0.0001,5382.0,12.962682647705076,0.8896485996246337
0.0001,5383.0,12.96268280029297,0.8896485185623169
0.0001,5384.0,12.962682533264163,0.8896484804153442
0.0001,5385.0,12.962682189941408,0.8896483945846558
0.0001,5386.0,12.962682189941408,0.8896482801437378
0.0001,5387.0,12.962682342529298,0.8896483182907104
0.0001,5388.0,12.962682342529298,0.8896482753753663
0.0001,5389.0,12.962682342529295,0.8896481394767761
0.0001,5390.0,12.962682647705076,0.889648096561432
0.0001,5391.0,12.962682952880858,0.889648096561432
0.0001,5392.0,12.962682647705076,0.8896480584144593
0.0001,5393.0,12.962682533264159,0.889647901058197
0.0001,5394.0,12.96268283843994,0.8896478247642516
0.0001,5395.0,12.962682533264163,0.8896477818489075
0.0001,5396.0,12.962682495117189,0.8896477437019348
0.0001,5397.0,12.962682495117189,0.8896476411819458
0.0001,5398.0,12.962682495117189,0.8896476411819458
0.0001,5399.0,12.962682647705076,0.8896476078033447
0.0001,5400.0,12.962683105468749,0.8896475267410278
0.0001,5401.0,12.96268264770508,0.8896474838256836
0.0001,5402.0,12.962682571411134,0.8896474075317383
0.0001,5403.0,12.962682571411134,0.889647364616394
0.0001,5404.0,12.962682571411134,0.8896473217010499
0.0001,5405.0,12.962682571411134,0.8896471691131591
0.0001,5406.0,12.962682418823244,0.8896471309661864
0.0001,5407.0,12.962682266235353,0.8896471095085143
0.0001,5408.0,12.962682418823244,0.8896470284461975
0.0001,5409.0,12.962682571411134,0.8896469855308533
0.0001,5410.0,12.962682533264163,0.8896468710899353
0.0001,5411.0,12.962682266235353,0.8896468281745911
0.0001,5412.0,12.962682113647462,0.8896467900276184
0.0001,5413.0,12.962682113647462,0.8896467518806457
0.0001,5414.0,12.962682113647462,0.8896467137336732
0.0001,5415.0,12.962682113647462,0.8896467304229736
0.0001,5416.0,12.962682266235353,0.8896466493606567
0.0001,5417.0,12.962682266235353,0.8896465301513672
0.0001,5418.0,12.962682266235353,0.8896465301513672
0.0001,5419.0,12.962681961059571,0.8896464443206786
0.0001,5420.0,12.962681846618654,0.8896463680267335
0.0001,5421.0,12.962681961059571,0.8896463465690613
0.0001,5422.0,12.962681961059571,0.8896463465690613
0.0001,5423.0,12.962681961059571,0.8896462273597716
0.0001,5424.0,12.96268180847168,0.8896461510658265
0.0001,5425.0,12.96268165588379,0.8896461081504822
0.0001,5426.0,12.962682266235351,0.8896460747718811
0.0001,5427.0,12.962682266235351,0.8896459937095642
0.0001,5428.0,12.962682266235351,0.8896458530426026
0.0001,5429.0,12.962682304382325,0.8896458530426026
0.0001,5430.0,12.962682304382325,0.8896458101272584
0.0001,5431.0,12.962681999206543,0.8896456956863403
0.0001,5432.0,12.962682151794436,0.8896456909179686
0.0001,5433.0,12.962682151794436,0.8896456527709962
0.0001,5434.0,12.962682151794436,0.8896456146240235
0.0001,5435.0,12.962682266235353,0.8896455335617065
0.0001,5436.0,12.962682418823242,0.8896455335617065
0.0001,5437.0,12.962682266235351,0.8896454524993898
0.0001,5438.0,12.962682342529297,0.8896453762054444
0.0001,5439.0,12.962682342529297,0.8896453547477722
0.0001,5440.0,12.962682189941408,0.8896452355384827
0.0001,5441.0,12.962682037353517,0.8896452355384827
0.0001,5442.0,12.962681884765626,0.88964519739151
0.0001,5443.0,12.962682037353517,0.8896451210975647
0.0001,5444.0,12.962682037353517,0.8896450781822205
0.0001,5445.0,12.962682189941406,0.8896450400352478
0.0001,5446.0,12.962682189941406,0.8896449208259583
0.0001,5447.0,12.962682189941406,0.8896448993682862
0.0001,5448.0,12.962682037353517,0.8896448183059692
0.0001,5449.0,12.962681732177735,0.8896447420120239
0.0001,5450.0,12.962681732177735,0.8896446609497071
0.0001,5451.0,12.962681732177735,0.8896446609497071
0.0001,5452.0,12.962681884765626,0.8896446609497071
0.0001,5453.0,12.962681732177735,0.8896445798873901
0.0001,5454.0,12.962682037353517,0.8896445035934448
0.0001,5455.0,12.962682342529297,0.8896444392204285
0.0001,5456.0,12.96268222808838,0.8896444010734558
0.0001,5457.0,12.962682075500489,0.8896443247795105
0.0001,5458.0,12.96268222808838,0.8896443247795105
0.0001,5459.0,12.9626819229126,0.889644205570221
0.0001,5460.0,12.962682037353517,0.8896441674232483
0.0001,5461.0,12.962682189941406,0.8896441245079041
0.0001,5462.0,12.962682037353515,0.8896440863609314
0.0001,5463.0,12.962682189941408,0.8896440219879149
0.0001,5464.0,12.962682342529297,0.8896439456939698
0.0001,5465.0,12.962682037353517,0.8896439456939698
0.0001,5466.0,12.962682113647462,0.8896438646316528
0.0001,5467.0,12.962682113647462,0.8896438646316528
0.0001,5468.0,12.962682113647462,0.8896438217163085
0.0001,5469.0,12.962682113647462,0.8896437025070191
0.0001,5470.0,12.962682113647462,0.8896437025070191
0.0001,5471.0,12.962681961059571,0.88964359998703
0.0001,5472.0,12.962681961059571,0.8896435618400574
0.0001,5473.0,12.96268165588379,0.8896435236930847
0.0001,5474.0,12.9626819229126,0.8896434473991395
0.0001,5475.0,12.962681770324709,0.8896434473991395
0.0001,5476.0,12.96268180847168,0.8896433281898498
0.0001,5477.0,12.962681961059571,0.8896432042121887
0.0001,5478.0,12.96268165588379,0.8896432042121887
0.0001,5479.0,12.96268165588379,0.8896431660652161
0.0001,5480.0,12.96268165588379,0.8896431660652161
0.0001,5481.0,12.962681503295899,0.8896431660652161
0.0001,5482.0,12.962681503295899,0.8896431064605712
0.0001,5483.0,12.962681503295899,0.8896429491043091
0.0001,5484.0,12.96268165588379,0.8896429491043091
0.0001,5485.0,12.962681503295899,0.8896428680419921
0.0001,5486.0,12.962681541442873,0.8896428298950196
0.0001,5487.0,12.962681541442873,0.8896428298950196
0.0001,5488.0,12.962681350708008,0.8896427106857299
0.0001,5489.0,12.962681198120118,0.8896427106857299
0.0001,5490.0,12.962681045532227,0.8896426677703857
0.0001,5491.0,12.962681350708008,0.8896425700187682
0.0001,5492.0,12.96268165588379,0.8896425271034241
0.0001,5493.0,12.962681961059571,0.8896425271034241
0.0001,5494.0,12.96268180847168,0.8896424078941345
0.0001,5495.0,12.962681694030763,0.8896424078941345
0.0001,5496.0,12.962681541442873,0.8896424508094788
0.0001,5497.0,12.962681846618654,0.8896423745155334
0.0001,5498.0,12.962681694030763,0.8896423316001891
0.0001,5499.0,12.962681694030763,0.889642255306244
0.0001,5500.0,12.96268165588379,0.8896421909332275
0.0001,5501.0,12.96268165588379,0.8896421146392823
0.0001,5502.0,12.962681503295899,0.8896421909332275
0.0001,5503.0,12.96268165588379,0.889642038345337
0.0001,5504.0,12.96268180847168,0.8896420335769654
0.0001,5505.0,12.96268180847168,0.8896419525146484
0.0001,5506.0,12.962681884765626,0.8896419525146484
0.0001,5507.0,12.962681732177735,0.8896417570114135
0.0001,5508.0,12.962681427001954,0.8896417140960693
0.0001,5509.0,12.962681427001954,0.8896416163444518
0.0001,5510.0,12.962681427001954,0.8896416163444518
0.0001,5511.0,12.962681579589844,0.889641501903534
0.0001,5512.0,12.962681579589844,0.889641420841217
0.0001,5513.0,12.962681884765626,0.8896414160728454
0.0001,5514.0,12.962681884765626,0.8896413350105286
0.0001,5515.0,12.962681465148927,0.8896412587165832
0.0001,5516.0,12.962681274414063,0.8896412587165832
0.0001,5517.0,12.962681274414063,0.8896412587165832
0.0001,5518.0,12.962681121826172,0.889641182422638
0.0001,5519.0,12.962681274414063,0.8896412205696105
0.0001,5520.0,12.962681427001954,0.889641182422638
0.0001,5521.0,12.962681274414063,0.8896410846710205
0.0001,5522.0,12.962681121826172,0.8896410465240479
0.0001,5523.0,12.962681121826172,0.8896409273147583
0.0001,5524.0,12.962681274414063,0.889640884399414
0.0001,5525.0,12.962680969238281,0.8896408462524414
0.0001,5526.0,12.962681007385255,0.8896408033370973
0.0001,5527.0,12.962681007385255,0.8896406841278076
0.0001,5528.0,12.962681007385255,0.8896406841278076
0.0001,5529.0,12.962681007385255,0.8896406626701354
0.0001,5530.0,12.962680969238281,0.889640543460846
0.0001,5531.0,12.962680969238281,0.8896405863761903
0.0001,5532.0,12.96268081665039,0.8896405053138733
0.0001,5533.0,12.962680969238281,0.8896405053138733
0.0001,5534.0,12.962681427001954,0.8896404242515564
0.0001,5535.0,12.962681121826172,0.8896404242515564
0.0001,5536.0,12.962681159973146,0.8896403050422668
0.0001,5537.0,12.962681465148927,0.8896403050422668
0.0001,5538.0,12.962681312561037,0.8896403050422668
0.0001,5539.0,12.962681312561037,0.8896402287483216
0.0001,5540.0,12.962681159973146,0.8896402287483216
0.0001,5541.0,12.962681312561037,0.8896401643753051
0.0001,5542.0,12.962681159973146,0.8896400880813597
0.0001,5543.0,12.962681312561037,0.8896400117874146
0.0001,5544.0,12.962681465148927,0.889639892578125
0.0001,5545.0,12.962681427001954,0.8896398544311523
0.0001,5546.0,12.962681503295899,0.8896398496627809
0.0001,5547.0,12.962681503295899,0.8896398162841797
0.0001,5548.0,12.962681350708008,0.8896397352218628
0.0001,5549.0,12.962681045532227,0.8896396923065186
0.0001,5550.0,12.962681198120118,0.8896396708488465
0.0001,5551.0,12.962681198120118,0.8896396327018739
0.0001,5552.0,12.962681198120118,0.8896395897865295
0.0001,5553.0,12.962681045532227,0.8896395516395568
0.0001,5554.0,12.962681198120118,0.8896395087242126
0.0001,5555.0,12.962681198120118,0.8896395039558411
0.0001,5556.0,12.962681045532227,0.8896394658088684
0.0001,5557.0,12.96268093109131,0.8896394062042237
0.0001,5558.0,12.96268093109131,0.8896394062042237
0.0001,5559.0,12.962680778503419,0.889639368057251
0.0001,5560.0,12.962680740356445,0.889639368057251
0.0001,5561.0,12.962680740356445,0.8896391677856446
0.0001,5562.0,12.962680892944336,0.8896391296386719
0.0001,5563.0,12.962681045532227,0.8896390914916993
0.0001,5564.0,12.962681045532227,0.889639048576355
0.0001,5565.0,12.962681198120118,0.889638934135437
0.0001,5566.0,12.962681045532227,0.8896389675140381
0.0001,5567.0,12.962681045532227,0.8896388912200928
0.0001,5568.0,12.9626810836792,0.8896388578414917
0.0001,5569.0,12.962681388854982,0.8896388149261474
0.0001,5570.0,12.96268093109131,0.8896387171745301
0.0001,5571.0,12.962681236267091,0.8896387171745301
0.0001,5572.0,12.96268093109131,0.8896386408805848
0.0001,5573.0,12.9626810836792,0.8896385979652404
0.0001,5574.0,12.9626810836792,0.8896385550498962
0.0001,5575.0,12.9626810836792,0.8896385550498962
0.0001,5576.0,12.962681503295899,0.8896384739875793
0.0001,5577.0,12.962681503295899,0.8896385169029236
0.0001,5578.0,12.962681427001954,0.8896384525299073
0.0001,5579.0,12.962681121826172,0.8896384143829346
0.0001,5580.0,12.962681121826172,0.8896382570266723
0.0001,5581.0,12.962680969238281,0.8896382141113282
0.0001,5582.0,12.962681121826172,0.8896382570266723
0.0001,5583.0,12.962681121826172,0.8896381425857545
0.0001,5584.0,12.962681121826172,0.8896380186080932
0.0001,5585.0,12.962680969238281,0.8896379375457764
0.0001,5586.0,12.96268081665039,0.889637861251831
0.0001,5587.0,12.962680969238281,0.8896378397941589
0.0001,5588.0,12.962680969238281,0.8896378397941589
0.0001,5589.0,12.962681007385255,0.8896378397941589
0.0001,5590.0,12.962681007385255,0.8896378397941589
0.0001,5591.0,12.962680969238281,0.8896378016471863
0.0001,5592.0,12.96268081665039,0.8896377205848693
0.0001,5593.0,12.9626806640625,0.8896376824378966
0.0001,5594.0,12.962680358886718,0.8896376824378966
0.0001,5595.0,12.962680511474609,0.8896375632286072
0.0001,5596.0,12.9626806640625,0.8896375632286072
0.0001,5597.0,12.96268081665039,0.8896374821662902
0.0001,5598.0,12.96268081665039,0.8896374607086182
0.0001,5599.0,12.9626806640625,0.8896374607086182
0.0001,5600.0,12.962680549621583,0.8896374225616456
0.0001,5601.0,12.962680549621583,0.8896373844146729
0.0001,5602.0,12.962680397033692,0.8896372699737549
0.0001,5603.0,12.962680244445801,0.8896372699737549
0.0001,5604.0,12.962680397033692,0.8896372318267822
0.0001,5605.0,12.962680397033692,0.8896371889114381
0.0001,5606.0,12.962680549621583,0.889637107849121
0.0001,5607.0,12.9626806640625,0.8896370267868042
0.0001,5608.0,12.96268081665039,0.88963698387146
0.0001,5609.0,12.96268081665039,0.8896369242668152
0.0001,5610.0,12.962680511474609,0.8896368432044983
0.0001,5611.0,12.962680549621583,0.8896368479728699
0.0001,5612.0,12.962680854797364,0.8896368050575256
0.0001,5613.0,12.962680702209473,0.8896368050575256
0.0001,5614.0,12.962680702209473,0.8896366858482361
0.0001,5615.0,12.962680854797364,0.8896366429328918
0.0001,5616.0,12.962680702209473,0.8896366858482361
0.0001,5617.0,12.962680854797364,0.8896366429328918
0.0001,5618.0,12.962680854797364,0.8896365666389465
0.0001,5619.0,12.962680854797364,0.8896366095542907
0.0001,5620.0,12.962680854797364,0.8896366095542907
0.0001,5621.0,12.962680854797364,0.8896365284919738
0.0001,5622.0,12.962680740356445,0.8896364903450013
0.0001,5623.0,12.962680740356445,0.8896364688873292
0.0001,5624.0,12.962680740356445,0.8896363115310669
0.0001,5625.0,12.962680740356445,0.8896363115310669
0.0001,5626.0,12.962680587768554,0.889636344909668
0.0001,5627.0,12.962680587768554,0.8896361875534058
0.0001,5628.0,12.962680740356445,0.8896361875534058
0.0001,5629.0,12.962680435180664,0.8896361112594605
0.0001,5630.0,12.962680282592773,0.8896361112594605
0.0001,5631.0,12.962680435180664,0.8896360731124878
0.0001,5632.0,12.962680587768554,0.8896359920501709
0.0001,5633.0,12.962680435180664,0.8896359324455262
0.0001,5634.0,12.962680473327637,0.8896359539031983
0.0001,5635.0,12.962680625915528,0.8896358942985535
0.0001,5636.0,12.962680473327637,0.8896357750892638
0.0001,5637.0,12.962680015563965,0.8896356892585754
0.0001,5638.0,12.962680168151856,0.8896356129646301
0.0001,5639.0,12.962680168151856,0.8896356129646301
0.0001,5640.0,12.962680473327637,0.88963547706604
0.0001,5641.0,12.962680130004882,0.88963547706604
0.0001,5642.0,12.962680435180664,0.8896354985237122
0.0001,5643.0,12.962680892944336,0.88963547706604
0.0001,5644.0,12.962680892944336,0.88963547706604
0.0001,5645.0,12.962680625915528,0.8896353960037231
0.0001,5646.0,12.962680473327637,0.8896353578567505
0.0001,5647.0,12.962680778503419,0.8896353578567505
0.0001,5648.0,12.962680625915528,0.8896353197097778
0.0001,5649.0,12.962680320739747,0.8896352767944335
0.0001,5650.0,12.962680625915528,0.8896352386474609
0.0001,5651.0,12.962680625915528,0.8896351957321167
0.0001,5652.0,12.962680625915528,0.8896351957321167
0.0001,5653.0,12.962680625915528,0.8896350765228271
0.0001,5654.0,12.962680625915528,0.8896351194381713
0.0001,5655.0,12.962680778503419,0.8896350383758544
0.0001,5656.0,12.962680740356445,0.8896350383758544
0.0001,5657.0,12.96268081665039,0.8896350002288819
0.0001,5658.0,12.962680969238281,0.8896349406242371
0.0001,5659.0,12.96268081665039,0.8896349024772644
0.0001,5660.0,12.962680358886718,0.8896348595619201
0.0001,5661.0,12.962680511474609,0.8896347403526306
0.0001,5662.0,12.962680511474609,0.8896346974372864
0.0001,5663.0,12.962680206298828,0.8896346974372864
0.0001,5664.0,12.962680358886718,0.8896346378326416
0.0001,5665.0,12.962680511474609,0.8896346378326416
0.0001,5666.0,12.9626806640625,0.8896345615386962
0.0001,5667.0,12.96268081665039,0.8896344757080079
0.0001,5668.0,12.9626806640625,0.8896344757080079
0.0001,5669.0,12.962680549621581,0.8896343994140625
0.0001,5670.0,12.96268039703369,0.8896343231201171
0.0001,5671.0,12.962680053710937,0.8896343612670898
0.0001,5672.0,12.962680053710937,0.8896342420578003
0.0001,5673.0,12.962680206298828,0.8896342039108276
0.0001,5674.0,12.962680206298828,0.8896341228485107
0.0001,5675.0,12.962680206298828,0.889634063243866
0.0001,5676.0,12.962680206298828,0.889634063243866
0.0001,5677.0,12.962680206298828,0.8896340203285217
0.0001,5678.0,12.962680206298828,0.8896340203285217
0.0001,5679.0,12.962680206298828,0.8896339440345764
0.0001,5680.0,12.962679901123046,0.8896339440345764
0.0001,5681.0,12.962679939270018,0.8896339058876037
0.0001,5682.0,12.962680091857909,0.8896338295936584
0.0001,5683.0,12.962680091857909,0.889633710384369
0.0001,5684.0,12.962679939270018,0.8896336674690246
0.0001,5685.0,12.962679939270018,0.8896337056159973
0.0001,5686.0,12.962679786682127,0.8896336674690246
0.0001,5687.0,12.962679786682127,0.8896336674690246
0.0001,5688.0,12.962680091857909,0.8896335911750792
0.0001,5689.0,12.962680206298828,0.8896335911750792
0.0001,5690.0,12.962680053710937,0.8896335697174071
0.0001,5691.0,12.962680358886718,0.8896335697174071
0.0001,5692.0,12.962680206298828,0.8896335697174071
0.0001,5693.0,12.962679939270018,0.889633526802063
0.0001,5694.0,12.962679939270018,0.8896334505081177
0.0001,5695.0,12.9626802444458,0.8896334505081177
0.0001,5696.0,12.9626802444458,0.8896333742141724
0.0001,5697.0,12.962680091857909,0.8896333265304566
0.0001,5698.0,12.9626802444458,0.8896332120895385
0.0001,5699.0,12.96268039703369,0.8896331691741943
0.0001,5700.0,12.9626802444458,0.889633092880249
0.0001,5701.0,12.962679939270018,0.889633092880249
0.0001,5702.0,12.962679939270018,0.8896330547332764
0.0001,5703.0,12.96268039703369,0.8896329140663147
0.0001,5704.0,12.96268039703369,0.8896329140663147
0.0001,5705.0,12.96268039703369,0.889632875919342
0.0001,5706.0,12.962680473327636,0.8896328330039978
0.0001,5707.0,12.962680435180664,0.8896328330039978
0.0001,5708.0,12.962680130004882,0.8896327996253968
0.0001,5709.0,12.962680130004882,0.8896327567100526
0.0001,5710.0,12.962679977416991,0.8896326756477355
0.0001,5711.0,12.962679977416991,0.8896326160430907
0.0001,5712.0,12.962679977416991,0.8896325349807739
0.0001,5713.0,12.962679977416991,0.8896325349807739
0.0001,5714.0,12.962680130004882,0.8896325349807739
0.0001,5715.0,12.962679977416991,0.8896324968338012
0.0001,5716.0,12.962680130004882,0.8896324920654297
0.0001,5717.0,12.962679977416991,0.8896324157714843
0.0001,5718.0,12.962679862976072,0.8896324157714843
0.0001,5719.0,12.962679862976072,0.8896324157714843
0.0001,5720.0,12.962680015563963,0.8896323728561402
0.0001,5721.0,12.962680015563963,0.8896323728561402
0.0001,5722.0,12.962679862976072,0.8896322202682496
0.0001,5723.0,12.962679862976072,0.8896322536468506
0.0001,5724.0,12.962679977416991,0.8896321940422058
0.0001,5725.0,12.962679710388182,0.8896321177482605
0.0001,5726.0,12.9626798248291,0.8896321177482605
0.0001,5727.0,12.962680130004882,0.8896320033073426
0.0001,5728.0,12.962680282592773,0.8896320033073426
0.0001,5729.0,12.962680282592773,0.8896319603919983
0.0001,5730.0,12.962680282592773,0.8896318793296814
0.0001,5731.0,12.962680168151854,0.8896319222450256
0.0001,5732.0,12.962680320739745,0.8896318364143372
0.0001,5733.0,12.962680168151854,0.8896317601203918
0.0001,5734.0,12.962679862976072,0.889631700515747
0.0001,5735.0,12.962680015563963,0.889631700515747
0.0001,5736.0,12.962680015563963,0.8896315813064575
0.0001,5737.0,12.962680015563963,0.8896316194534302
0.0001,5738.0,12.962680168151854,0.8896315002441406
0.0001,5739.0,12.962680168151854,0.8896315002441406
0.0001,5740.0,12.962680168151854,0.8896315002441406
0.0001,5741.0,12.962680625915526,0.8896315002441406
0.0001,5742.0,12.962680320739745,0.889631462097168
0.0001,5743.0,12.9626802444458,0.8896313810348511
0.0001,5744.0,12.962680053710937,0.8896313428878784
0.0001,5745.0,12.962680053710937,0.8896313428878784
0.0001,5746.0,12.962680053710937,0.8896313047409057
0.0001,5747.0,12.962680053710937,0.8896312236785888
0.0001,5748.0,12.962680053710937,0.8896312022209167
0.0001,5749.0,12.962680053710937,0.8896311259269714
0.0001,5750.0,12.962680053710937,0.8896311259269714
0.0001,5751.0,12.962679901123046,0.8896311259269714
0.0001,5752.0,12.962680053710937,0.8896310877799989
0.0001,5753.0,12.962680206298828,0.8896310448646545
0.0001,5754.0,12.962680053710937,0.8896310067176818
0.0001,5755.0,12.962679901123046,0.8896309638023376
0.0001,5756.0,12.962679901123046,0.8896310067176818
0.0001,5757.0,12.962679634094236,0.8896309304237366
0.0001,5758.0,12.962679786682127,0.8896309304237366
0.0001,5759.0,12.962679786682127,0.8896309304237366
0.0001,5760.0,12.962679634094236,0.8896308493614197
0.0001,5761.0,12.962679786682127,0.8896307682991027
0.0001,5762.0,12.962679786682127,0.8896307468414306
0.0001,5763.0,12.962679634094236,0.8896307468414306
0.0001,5764.0,12.962679595947264,0.8896307039260865
0.0001,5765.0,12.962679443359374,0.889630708694458
0.0001,5766.0,12.962679443359374,0.8896306657791138
0.0001,5767.0,12.962679595947264,0.889630708694458
0.0001,5768.0,12.962679443359374,0.8896306276321411
0.0001,5769.0,12.962679443359374,0.8896306276321411
0.0001,5770.0,12.962679481506346,0.8896305465698242
0.0001,5771.0,12.962679328918455,0.8896305084228516
0.0001,5772.0,12.962679481506346,0.8896304321289062
0.0001,5773.0,12.962679328918455,0.8896303081512451
0.0001,5774.0,12.962679328918455,0.8896303081512451
0.0001,5775.0,12.962679481506346,0.8896302103996276
0.0001,5776.0,12.962679328918455,0.8896301293373108
0.0001,5777.0,12.962679328918457,0.8896300959587097
0.0001,5778.0,12.962679634094236,0.8896300578117371
0.0001,5779.0,12.962679481506346,0.8896300578117371
0.0001,5780.0,12.962679634094236,0.8896300148963929
0.0001,5781.0,12.962679786682127,0.8896299719810487
0.0001,5782.0,12.962679786682127,0.8896299767494202
0.0001,5783.0,12.962679595947264,0.8896298956871033
0.0001,5784.0,12.96267967224121,0.889629852771759
0.0001,5785.0,12.962679786682127,0.889629852771759
0.0001,5786.0,12.962679634094236,0.889629852771759
0.0001,5787.0,12.962679939270018,0.8896298146247863
0.0001,5788.0,12.962679786682127,0.8896297550201416
0.0001,5789.0,12.962679634094236,0.8896297550201416
0.0001,5790.0,12.962679634094236,0.8896296739578247
0.0001,5791.0,12.962679634094236,0.8896296739578247
0.0001,5792.0,12.962679481506346,0.889629635810852
0.0001,5793.0,12.962679634094236,0.889629635810852
0.0001,5794.0,12.962679939270018,0.8896295928955078
0.0001,5795.0,12.962679786682127,0.8896295928955078
0.0001,5796.0,12.962679786682127,0.8896295547485351
0.0001,5797.0,12.962679710388182,0.8896294784545897
0.0001,5798.0,12.962679710388182,0.889629397392273
0.0001,5799.0,12.962679862976072,0.8896293544769287
0.0001,5800.0,12.962679710388182,0.889629316329956
0.0001,5801.0,12.962679710388182,0.8896293544769287
0.0001,5802.0,12.962679862976072,0.8896292901039125
0.0001,5803.0,12.962679710388182,0.8896292519569398
0.0001,5804.0,12.962679519653319,0.8896291756629944
0.0001,5805.0,12.962679519653319,0.8896291756629944
0.0001,5806.0,12.962679367065428,0.8896291327476502
0.0001,5807.0,12.962679519653319,0.8896291327476502
0.0001,5808.0,12.96267967224121,0.8896290564537048
0.0001,5809.0,12.96267967224121,0.8896290135383605
0.0001,5810.0,12.96267967224121,0.8896289372444153
0.0001,5811.0,12.962679557800291,0.8896289157867432
0.0001,5812.0,12.962679710388182,0.8896288394927979
0.0001,5813.0,12.962679557800291,0.88962886095047
0.0001,5814.0,12.96267925262451,0.8896288394927979
0.0001,5815.0,12.96267910003662,0.889628758430481
0.0001,5816.0,12.96267910003662,0.8896286773681641
0.0001,5817.0,12.96267910003662,0.8896287202835083
0.0001,5818.0,12.96267910003662,0.8896287202835083
0.0001,5819.0,12.962679252624511,0.8896286392211914
0.0001,5820.0,12.962679252624511,0.8896286392211914
0.0001,5821.0,12.9626794052124,0.8896285581588745
0.0001,5822.0,12.9626794052124,0.8896285200119018
0.0001,5823.0,12.962679061889647,0.8896285200119018
0.0001,5824.0,12.96267890930176,0.8896285200119018
0.0001,5825.0,12.962678947448731,0.8896284055709839
0.0001,5826.0,12.962678947448731,0.8896283674240112
0.0001,5827.0,12.962678947448731,0.8896283245086669
0.0001,5828.0,12.962678947448731,0.8896283245086669
0.0001,5829.0,12.962678947448731,0.8896283030509948
0.0001,5830.0,12.96267894744873,0.8896283030509948
0.0001,5831.0,12.962678947448731,0.8896282863616944
0.0001,5832.0,12.962679100036622,0.8896282649040222
0.0001,5833.0,12.962678947448731,0.8896281838417053
0.0001,5834.0,12.962679100036619,0.8896281456947326
0.0001,5835.0,12.962679100036619,0.8896281027793884
0.0001,5836.0,12.96267925262451,0.8896281027793884
0.0001,5837.0,12.9626794052124,0.8896280217170716
0.0001,5838.0,12.9626794052124,0.8896279883384703
0.0001,5839.0,12.962679100036619,0.8896279835700989
0.0001,5840.0,12.962679138183592,0.8896279454231262
0.0001,5841.0,12.962679290771483,0.8896279883384703
0.0001,5842.0,12.962679290771483,0.8896279501914979
0.0001,5843.0,12.962679138183596,0.8896278858184814
0.0001,5844.0,12.962679290771485,0.8896278858184814
0.0001,5845.0,12.962679290771485,0.8896278429031372
0.0001,5846.0,12.962679252624511,0.8896277999877931
0.0001,5847.0,12.962679252624511,0.8896277618408204
0.0001,5848.0,12.962679252624511,0.8896277236938477
0.0001,5849.0,12.962679100036619,0.8896277236938477
0.0001,5850.0,12.9626794052124,0.8896276473999023
0.0001,5851.0,12.962679557800291,0.8896276092529296
0.0001,5852.0,12.962679405212404,0.8896275711059571
0.0001,5853.0,12.962679405212404,0.8896275281906129
0.0001,5854.0,12.962679328918458,0.8896274089813232
0.0001,5855.0,12.962679328918458,0.8896274089813232
0.0001,5856.0,12.962679328918458,0.8896274089813232
0.0001,5857.0,12.962679328918458,0.8896273708343506
0.0001,5858.0,12.962679023742677,0.8896273708343506
0.0001,5859.0,12.962679328918457,0.8896273326873779
0.0001,5860.0,12.962679176330568,0.8896272730827331
0.0001,5861.0,12.962679328918458,0.8896272683143616
0.0001,5862.0,12.962679176330568,0.8896272683143616
0.0001,5863.0,12.962679176330568,0.8896271872520447
0.0001,5864.0,12.962679176330568,0.889627149105072
0.0001,5865.0,12.962679328918458,0.8896270680427552
0.0001,5866.0,12.962679328918458,0.8896270680427552
0.0001,5867.0,12.962678985595705,0.8896270680427552
0.0001,5868.0,12.962678985595705,0.8896269273757935
0.0001,5869.0,12.962678871154786,0.8896269655227661
0.0001,5870.0,12.962679023742677,0.8896270036697388
0.0001,5871.0,12.962678871154786,0.8896268892288208
0.0001,5872.0,12.962678871154786,0.8896269273757935
0.0001,5873.0,12.962679023742677,0.8896268510818481
0.0001,5874.0,12.962678871154786,0.8896268510818481
0.0001,5875.0,12.962678871154786,0.8896268129348754
0.0001,5876.0,12.962678565979004,0.8896267747879029
0.0001,5877.0,12.962678871154786,0.8896266937255859
0.0001,5878.0,12.962678565979004,0.889626612663269
0.0001,5879.0,12.962678871154782,0.889626612663269
0.0001,5880.0,12.962679023742673,0.889626612663269
0.0001,5881.0,12.962679176330568,0.8896264934539795
0.0001,5882.0,12.962679176330568,0.8896265363693237
0.0001,5883.0,12.962679214477541,0.8896265363693237
0.0001,5884.0,12.96267890930176,0.8896264934539795
0.0001,5885.0,12.96267890930176,0.8896264553070068
0.0001,5886.0,12.962679214477541,0.8896264171600342
0.0001,5887.0,12.962679214477541,0.8896264171600342
0.0001,5888.0,12.96267906188965,0.8896263790130615
0.0001,5889.0,12.96267936706543,0.8896263408660888
0.0001,5890.0,12.962679214477541,0.8896263194084166
0.0001,5891.0,12.962679023742677,0.8896262431144715
0.0001,5892.0,12.962679176330568,0.8896262001991272
0.0001,5893.0,12.962679176330568,0.8896262383460999
0.0001,5894.0,12.962679328918458,0.8896261954307556
0.0001,5895.0,12.962679176330568,0.8896262001991272
