lr,epoch,train_loss,val_loss
0.0001,0.0,2.463810847091675,2.1557966857910156
0.0001,1.0,2.321156420516971,2.0197019081115726
0.0001,2.0,2.1894948886871335,1.8941087293624874
0.0001,3.0,2.068272962570191,1.7785581964492798
0.0001,4.0,1.9570047689437853,1.672557872772217
0.0001,5.0,1.855160793113708,1.5755676666259764
0.0001,6.0,1.7621681034088135,1.4870077501296997
0.0001,7.0,1.6774218782424932,1.406272755241394
0.0001,8.0,1.6003003776550295,1.3327483608245847
0.0001,9.0,1.5301813940048232,1.2658268304824836
0.0001,10.0,1.4664566722869872,1.2049204843521113
0.0001,11.0,1.4085440324783325,1.1494719205856327
0.0001,12.0,1.3558955621719366,1.098960674476624
0.0001,13.0,1.3080028659820566,1.0529066852569577
0.0001,14.0,1.2643993824005133,1.0108715885162352
0.0001,15.0,1.2246605989456176,0.9724581787109374
0.0001,16.0,1.1884027372360235,0.9373082580566405
0.0001,17.0,1.1552803623199461,0.9051001115798952
0.0001,18.0,1.1249835992813102,0.8755456188201906
0.0001,19.0,1.0972349647521977,0.8483870037078856
0.0001,20.0,1.0717862043380737,0.8233937831878663
0.0001,21.0,1.048415393066406,0.8003598153114317
0.0001,22.0,1.0269239174842835,0.7791008188247683
0.0001,23.0,1.0071340881347655,0.7594516622543334
0.0001,24.0,0.9888866956710816,0.7412644423484804
0.0001,25.0,0.9720389429092403,0.7244063528060912
0.0001,26.0,0.9564626770019529,0.7087581679344177
0.0001,27.0,0.9420426854133607,0.6942125501632693
0.0001,28.0,0.9286753118515023,0.6806728945732119
0.0001,29.0,0.9162671688079842,0.6680520082473758
0.0001,30.0,0.9047340816497802,0.6562712974548341
0.0001,31.0,0.8940000562667842,0.645259651660919
0.0001,32.0,0.8839964419364933,0.6349528053283695
0.0001,33.0,0.8746612148284914,0.625292555522919
0.0001,34.0,0.86593821811676,0.6162261879920964
0.0001,35.0,0.8577765997886662,0.6077058920860287
0.0001,36.0,0.8501303295135504,0.5996882705688475
0.0001,37.0,0.8429576101303101,0.5921339144706725
0.0001,38.0,0.8362205522537237,0.5850069869995118
0.0001,39.0,0.8298847402572631,0.5782748960494994
0.0001,40.0,0.8239189022064207,0.5719079755783084
0.0001,41.0,0.8182945766448975,0.565879161167145
0.0001,42.0,0.812985867786408,0.5601637928009036
0.0001,43.0,0.8079692062377932,0.5547393252372742
0.0001,44.0,0.8032230550765993,0.5495851853370666
0.0001,45.0,0.7987278136253346,0.5446825509071351
0.0001,46.0,0.7944655088424682,0.5400141751289369
0.0001,47.0,0.7904197761535642,0.535564250087738
0.0001,48.0,0.7865756071090698,0.5313182817459107
0.0001,49.0,0.7829192445754997,0.5272629709243775
0.0001,50.0,0.7794380810737611,0.5233860581398011
0.0001,51.0,0.7761205202102667,0.5196762723922729
0.0001,52.0,0.7729559371948235,0.516123242664337
0.0001,53.0,0.7699345306396489,0.512717371749878
0.0001,54.0,0.7670472829818732,0.5094498514175413
0.0001,55.0,0.7642858911514279,0.5063124704360964
0.0001,56.0,0.7616426622390751,0.5032976892471315
0.0001,57.0,0.7591105125427247,0.5003985078811645
0.0001,58.0,0.7566828712463383,0.4976083930015567
0.0001,59.0,0.754353668785095,0.49492133960723883
0.0001,60.0,0.7521172735214237,0.4923317193984986
0.0001,61.0,0.7499684476852415,0.48983432474136346
0.0001,62.0,0.7479023326873777,0.4874243001937867
0.0001,63.0,0.7459144285202026,0.4850971215248107
0.0001,64.0,0.7440005136489869,0.48284854593276993
0.0001,65.0,0.7421566884040837,0.480674643421173
0.0001,66.0,0.7403792771339418,0.4785717172622681
0.0001,67.0,0.7386648962020872,0.47653630475997916
0.0001,68.0,0.7370103363037112,0.4745651845932006
0.0001,69.0,0.7354126152038574,0.4726553065299988
0.0001,70.0,0.7338689489364627,0.47080386066436775
0.0001,71.0,0.7323767251014711,0.4690081225395202
0.0001,72.0,0.7309334784507749,0.4672655988693238
0.0001,73.0,0.7295369153976442,0.4655739398956299
0.0001,74.0,0.7281848699569705,0.46393091335296627
0.0001,75.0,0.7268753070831302,0.4623344104766845
0.0001,76.0,0.7256063043594357,0.4607824523925782
0.0001,77.0,0.7243760724067686,0.45927317686080926
0.0001,78.0,0.7231828991889955,0.45780482378006004
0.0001,79.0,0.7220251878738405,0.4563757094383239
0.0001,80.0,0.7209014180183408,0.4549842611312866
0.0001,81.0,0.7198101642608636,0.45362897720336914
0.0001,82.0,0.7187500697135927,0.4523084679603578
0.0001,83.0,0.7177198684692386,0.4510213670730591
0.0001,84.0,0.7167183408737189,0.4497664025306703
0.0001,85.0,0.7157443368911746,0.44854237165451044
0.0001,86.0,0.7147967690467832,0.4473481276512147
0.0001,87.0,0.7138745969772343,0.44618256387710586
0.0001,88.0,0.7129768624305729,0.4450446649551393
0.0001,89.0,0.7121026279449465,0.4439334051132202
0.0001,90.0,0.7112510038375861,0.4428478942871093
0.0001,91.0,0.7104211538314822,0.4417872084140778
0.0001,92.0,0.7096122772216802,0.4407504836082457
0.0001,93.0,0.7088236084938049,0.43973692369461054
0.0001,94.0,0.7080544231414795,0.43874573593139665
0.0001,95.0,0.7073040332794186,0.43777617535591123
0.0001,96.0,0.7065717842102043,0.4368275359630585
0.0001,97.0,0.7058570339202879,0.43589915318489075
0.0001,98.0,0.7051591932296752,0.43499035158157345
0.0001,99.0,0.7044776802062988,0.4341005149841309
0.0001,100.0,0.7038119556427004,0.43322906641960146
0.0001,101.0,0.7031614837646486,0.43237542386055006
0.0001,102.0,0.7025257684707645,0.4315390440940859
0.0001,103.0,0.7019043409347537,0.43071939878463766
0.0001,104.0,0.7012967184066775,0.4299159742355348
0.0001,105.0,0.700702484321594,0.429128308725357
0.0001,106.0,0.7001211967468268,0.4283559379100801
0.0001,107.0,0.6995524714469911,0.42759840149879463
0.0001,108.0,0.6989959058761601,0.426855288219452
0.0001,109.0,0.6984511362075804,0.4261261766910552
0.0001,110.0,0.6979177968025206,0.4254106669425965
0.0001,111.0,0.6973955549240112,0.42470840225219736
0.0001,112.0,0.6968840713500977,0.42401898469924937
0.0001,113.0,0.6963830352783204,0.42334206748008735
0.0001,114.0,0.6958921410560613,0.4226773561000824
0.0001,115.0,0.6954110958099369,0.42202447490692147
0.0001,116.0,0.6949396167755129,0.42138311424255387
0.0001,117.0,0.6944774322509766,0.4207529965877532
0.0001,118.0,0.6940242846488953,0.42013379611968993
0.0001,119.0,0.6935799182891853,0.41952525358200093
0.0001,120.0,0.6931440995216371,0.41892708849906923
0.0001,121.0,0.692716584300995,0.4183390387535095
0.0001,122.0,0.6922971473693844,0.41776085352897635
0.0001,123.0,0.691885578727722,0.4171922777175903
0.0001,124.0,0.6914816706657408,0.4166330788135529
0.0001,125.0,0.6910852119445795,0.4160830305099486
0.0001,126.0,0.6906960090637212,0.41554190349578857
0.0001,127.0,0.6903138786315917,0.41500948967933654
0.0001,128.0,0.689938635063171,0.4144855849742889
0.0001,129.0,0.6895701068878172,0.4139699691295625
0.0001,130.0,0.689208115196228,0.41346246800422676
0.0001,131.0,0.6888525051116948,0.41296289196014413
0.0001,132.0,0.6885031129837036,0.4124710435390472
0.0001,133.0,0.6881597854614256,0.4119867486000062
0.0001,134.0,0.6878223786354067,0.4115098513126371
0.0001,135.0,0.6874907386779789,0.4110401620864869
0.0001,136.0,0.6871647301673883,0.4105775390148162
0.0001,137.0,0.6868442258834841,0.41012182369232186
0.0001,138.0,0.6865290849685669,0.40967285828590416
0.0001,139.0,0.6862191875457764,0.4092304838180543
0.0001,140.0,0.6859144070625304,0.40879458637237537
0.0001,141.0,0.6856146194458006,0.408364998102188
0.0001,142.0,0.6853197221755974,0.407941602897644
0.0001,143.0,0.6850295978546148,0.4075242696285249
0.0001,144.0,0.684744136619568,0.407112863779068
0.0001,145.0,0.6844632320404048,0.406707265138626
0.0001,146.0,0.6841867803573608,0.4063073421478274
0.0001,147.0,0.683914685440063,0.4059130007743836
0.0001,148.0,0.6836468541145321,0.4055241061210633
0.0001,149.0,0.6833831957817074,0.4051405588150025
0.0001,150.0,0.6831236057281489,0.4047622582912445
0.0001,151.0,0.6828680109977726,0.40438907732963547
0.0001,152.0,0.6826163075447077,0.40402092881202695
0.0001,153.0,0.6823684345245357,0.40365772027969365
0.0001,154.0,0.6821242890357971,0.40329934177398696
0.0001,155.0,0.6818838127136226,0.40294571046829236
0.0001,156.0,0.6816469242095949,0.4025967350006103
0.0001,157.0,0.6814135366439816,0.4022523023128509
0.0001,158.0,0.6811835826873782,0.4019123579025267
0.0001,159.0,0.6809569984436035,0.40157680401802076
0.0001,160.0,0.6807337086677556,0.4012455478191376
0.0001,161.0,0.6805136478424078,0.4009185230731964
0.0001,162.0,0.6802967607498168,0.4005956534385683
0.0001,163.0,0.6800829740524298,0.400276854467392
0.0001,164.0,0.6798722240447999,0.3999620573997498
0.0001,165.0,0.6796644617080686,0.39965116815567026
0.0001,166.0,0.6794596139907838,0.399344148349762
0.0001,167.0,0.6792576419830328,0.39904091219902044
0.0001,168.0,0.6790584713935849,0.3987413929939269
0.0001,169.0,0.6788620592117308,0.3984455274581909
0.0001,170.0,0.6786683556556705,0.3981532526493074
0.0001,171.0,0.6784772989273072,0.3978644979953766
0.0001,172.0,0.6782888423919678,0.3975791996479035
0.0001,173.0,0.6781029462814331,0.39729731726646417
0.0001,174.0,0.6779195466995235,0.39701877589225776
0.0001,175.0,0.677738608932495,0.39674351720809947
0.0001,176.0,0.6775600830078118,0.3964715025901795
0.0001,177.0,0.6773839352607731,0.39620265231132507
0.0001,178.0,0.6772101066589356,0.3959369438648223
0.0001,179.0,0.6770385643005374,0.39567428855895986
0.0001,180.0,0.6768692624092103,0.39541466217041005
0.0001,181.0,0.6767021629333495,0.3951580054759979
0.0001,182.0,0.6765372292518614,0.3949042739391328
0.0001,183.0,0.6763744235992435,0.39465341544151306
0.0001,184.0,0.676213700008393,0.3944053759098054
0.0001,185.0,0.6760550222396854,0.3941601315975191
0.0001,186.0,0.6758983744621275,0.39391762313842765
0.0001,187.0,0.6757436885833741,0.39367779636383066
0.0001,188.0,0.6755909565925597,0.3934406331539154
0.0001,189.0,0.6754401406288149,0.39320608296394344
0.0001,190.0,0.6752912037849426,0.39297408890724195
0.0001,191.0,0.6751441106796265,0.3927446287155153
0.0001,192.0,0.6749988451004029,0.3925176673412324
0.0001,193.0,0.6748553543090818,0.3922931408405303
0.0001,194.0,0.6747136261940004,0.39207102479934686
0.0001,195.0,0.6745736238479615,0.3918512883186341
0.0001,196.0,0.6744353166580199,0.3916339019298555
0.0001,197.0,0.674298686313629,0.3914188064575197
0.0001,198.0,0.6741636932373042,0.39120598802566525
0.0001,199.0,0.6740303205490112,0.39099539413452145
0.0001,200.0,0.6738985385894776,0.3907870084762573
0.0001,201.0,0.6737683183670045,0.3905807964324951
0.0001,202.0,0.6736396417617796,0.3903767142772674
0.0001,203.0,0.6735124786376956,0.3901747414588928
0.0001,204.0,0.6733868093490603,0.3899748420238495
0.0001,205.0,0.6732626020431517,0.38977699790000897
0.0001,206.0,0.6731398463249205,0.38958115262985243
0.0001,207.0,0.6730185085296627,0.3893873010635377
0.0001,208.0,0.6728985744476321,0.38919540839195255
0.0001,209.0,0.6727800105094911,0.3890054380416871
0.0001,210.0,0.6726628164291378,0.3888173810482026
0.0001,211.0,0.6725469404220585,0.38863119006156904
0.0001,212.0,0.6724323926925662,0.38844684710502636
0.0001,213.0,0.672319135665894,0.3882643291473389
0.0001,214.0,0.6722071551322936,0.38808360009193427
0.0001,215.0,0.6720964351654055,0.38790466289520265
0.0001,216.0,0.6719869482040407,0.38772747006416314
0.0001,217.0,0.6718786855697633,0.38755199546813957
0.0001,218.0,0.6717716213226318,0.38737821440696724
0.0001,219.0,0.6716657436370853,0.38720611782073977
0.0001,220.0,0.6715610280990595,0.38703568153381335
0.0001,221.0,0.6714574625015263,0.3868668680667877
0.0001,222.0,0.6713550326347356,0.38669967594146726
0.0001,223.0,0.6712537155151367,0.3865340638637543
0.0001,224.0,0.6711534978866582,0.3863700198173524
0.0001,225.0,0.6710543659210202,0.3862075263977051
0.0001,226.0,0.6709563003540041,0.3860465506076813
0.0001,227.0,0.6708592906951901,0.38588708319664006
0.0001,228.0,0.6707633100509639,0.38572910971641544
0.0001,229.0,0.6706683657646181,0.3855726033210756
0.0001,230.0,0.6705744270324702,0.38541753334999085
0.0001,231.0,0.6704814763069153,0.3852639039039611
0.0001,232.0,0.6703895119667052,0.3851116777896882
0.0001,233.0,0.6702985149383545,0.38496083326339736
0.0001,234.0,0.6702084734916687,0.38481137809753424
0.0001,235.0,0.6701193651199341,0.3846632889270784
0.0001,236.0,0.6700311901092526,0.3845165222167969
0.0001,237.0,0.6699439268112192,0.38437108249664315
0.0001,238.0,0.6698575731277465,0.3842269619464874
0.0001,239.0,0.6697721038818362,0.38408411445617685
0.0001,240.0,0.6696875181198119,0.38394255199432376
0.0001,241.0,0.6696037908554082,0.3838022488594055
0.0001,242.0,0.6695209234237671,0.3836631819248201
0.0001,243.0,0.6694389032363892,0.3835253415107726
0.0001,244.0,0.669357704353333,0.3833887249469758
0.0001,245.0,0.6692773345947266,0.3832532978534698
0.0001,246.0,0.6691977716445918,0.38311904716491707
0.0001,247.0,0.6691190170288088,0.3829859753131866
0.0001,248.0,0.6690410446166989,0.38285405664443967
0.0001,249.0,0.6689638487815863,0.38272327098846426
0.0001,250.0,0.6688874271392816,0.38259362301826483
0.0001,251.0,0.6688117611885068,0.38246508526802064
0.0001,252.0,0.6687368453025816,0.38233765358924865
0.0001,253.0,0.6686626714706418,0.38221129813194277
0.0001,254.0,0.6685892244338989,0.3820860216617583
0.0001,255.0,0.668516496181488,0.38196180729866036
0.0001,256.0,0.6684444849014278,0.38183863568305976
0.0001,257.0,0.6683731790542602,0.3817165138244628
0.0001,258.0,0.6683025550842288,0.38159541406631475
0.0001,259.0,0.6682326242446909,0.38147531967163095
0.0001,260.0,0.6681633708953859,0.38135622262954727
0.0001,261.0,0.6680947790145874,0.3812381293773651
0.0001,262.0,0.66802685213089,0.38112101874351517
0.0001,263.0,0.6679595723152162,0.38100486383438115
0.0001,264.0,0.6678929366111755,0.38088966970443716
0.0001,265.0,0.6678269402503964,0.38077542428970323
0.0001,266.0,0.667761570644378,0.38066210198402417
0.0001,267.0,0.6676968185424802,0.38054971194267284
0.0001,268.0,0.6676326831817625,0.38043823666572574
0.0001,269.0,0.6675691488265991,0.3803276691913606
0.0001,270.0,0.667506206989288,0.3802179831504822
0.0001,271.0,0.6674438705444332,0.3801091907501222
0.0001,272.0,0.6673821080207825,0.38000127029418956
0.0001,273.0,0.6673209232330327,0.37989421348571767
0.0001,274.0,0.6672603050231931,0.3797880159378052
0.0001,275.0,0.6672002567291261,0.37968264856338496
0.0001,276.0,0.6671407588005063,0.3795781329154967
0.0001,277.0,0.6670818111419681,0.3794744476795196
0.0001,278.0,0.6670234094619754,0.379371560049057
0.0001,279.0,0.6669655464172365,0.37926949963569656
0.0001,280.0,0.666908213996887,0.37916824898719803
0.0001,281.0,0.6668513982772823,0.3790677699089052
0.0001,282.0,0.6667951042175294,0.378968076658249
0.0001,283.0,0.6667393192291258,0.37886915984153763
0.0001,284.0,0.6666840459823611,0.3787710162162782
0.0001,285.0,0.6666292751312253,0.3786736241817474
0.0001,286.0,0.6665749914169314,0.37857698788642885
0.0001,287.0,0.6665212059974673,0.3784810945987701
0.0001,288.0,0.666467895126343,0.37838594269752523
0.0001,289.0,0.6664150716781622,0.378291507434845
0.0001,290.0,0.6663627162933348,0.37819780025482186
0.0001,291.0,0.6663108236312868,0.3781048077106475
0.0001,292.0,0.6662593966484067,0.3780125117301942
0.0001,293.0,0.6662084243774414,0.37792091979980486
0.0001,294.0,0.6661579109191894,0.37783000898361213
0.0001,295.0,0.666107836532593,0.3777397870540618
0.0001,296.0,0.6660582109451285,0.37765024633407573
0.0001,297.0,0.666009014892578,0.3775613639354706
0.0001,298.0,0.6659602599143978,0.37747316436767564
0.0001,299.0,0.6659119234085079,0.37738559985160813
0.0001,300.0,0.6658640159606939,0.37729870181083686
0.0001,301.0,0.6658165227890017,0.3772124316215515
0.0001,302.0,0.6657694431304928,0.377126807832718
0.0001,303.0,0.6657227787017819,0.37704181661605835
0.0001,304.0,0.66567650718689,0.37695744690895094
0.0001,305.0,0.6656306406021124,0.3768736968040466
0.0001,306.0,0.6655851733207699,0.37679054541587836
0.0001,307.0,0.6655400972366339,0.37670800824165346
0.0001,308.0,0.6654954045295708,0.3766260697364807
0.0001,309.0,0.6654510973930359,0.37654473786354076
0.0001,310.0,0.6654071702957155,0.3764639725685119
0.0001,311.0,0.6653636138916018,0.37638380179405234
0.0001,312.0,0.6653204317092893,0.37630420165061945
0.0001,313.0,0.6652776203155514,0.3762251727104188
0.0001,314.0,0.6652351667404175,0.37614671707153335
0.0001,315.0,0.6651930704116823,0.3760688215255737
0.0001,316.0,0.6651513372421263,0.3759914794445037
0.0001,317.0,0.6651099565505982,0.3759146879673003
0.0001,318.0,0.6650689165115357,0.37583842530250555
0.0001,319.0,0.6650282201766969,0.3757627111434937
0.0001,320.0,0.6649878816604621,0.37568754091262824
0.0001,321.0,0.6649478637695311,0.3756128888130187
0.0001,322.0,0.664908181285858,0.3755387571334839
0.0001,323.0,0.6648688341140745,0.3754651494503022
0.0001,324.0,0.6648298162460325,0.37539205884933474
0.0001,325.0,0.6647911188125606,0.37531946887969986
0.0001,326.0,0.6647527419090268,0.375247385931015
0.0001,327.0,0.6647146857261654,0.375175806093216
0.0001,328.0,0.6646769427299504,0.3751047296524047
0.0001,329.0,0.6646395064353948,0.37503411970138556
0.0001,330.0,0.6646023786544802,0.37496401000022894
0.0001,331.0,0.664565557098388,0.37489438929557783
0.0001,332.0,0.6645290348052981,0.3748252331256867
0.0001,333.0,0.6644928178787229,0.3747565564632415
0.0001,334.0,0.6644568908691411,0.37468834118843075
0.0001,335.0,0.6644212552070621,0.37462059435844414
0.0001,336.0,0.6643859168052674,0.3745533097267152
0.0001,337.0,0.6643508586883543,0.3744864762783051
0.0001,338.0,0.6643160879135129,0.3744200980663299
0.0001,339.0,0.6642815969467161,0.37435416479110706
0.0001,340.0,0.6642473826408387,0.3742886736392975
0.0001,341.0,0.6642134505271913,0.37422363080978405
0.0001,342.0,0.6641797842025762,0.3741590131759644
0.0001,343.0,0.6641463888168333,0.37409483580589287
0.0001,344.0,0.6641132628440853,0.3740310790538788
0.0001,345.0,0.6640804038047787,0.37396774439811725
0.0001,346.0,0.6640478050231932,0.3739048244953156
0.0001,347.0,0.6640154663085936,0.3738423254013063
0.0001,348.0,0.6639833884239197,0.3737802534103394
0.0001,349.0,0.6639515588760371,0.37371857914924617
0.0001,350.0,0.663919985580445,0.37365730991363527
0.0001,351.0,0.6638886665344238,0.37359644756317145
0.0001,352.0,0.6638575899124145,0.3735359719276428
0.0001,353.0,0.6638267573356623,0.37347590184211743
0.0001,354.0,0.6637961694717411,0.3734162286758422
0.0001,355.0,0.6637658189773572,0.3733569284915923
0.0001,356.0,0.6637357130050666,0.3732980276107788
0.0001,357.0,0.6637058403968812,0.37323950810432427
0.0001,358.0,0.6636762002944945,0.37318136138916025
0.0001,359.0,0.6636467926025396,0.373123599910736
0.0001,360.0,0.6636176187515259,0.37306620240211485
0.0001,361.0,0.6635886721611023,0.37300916996002204
0.0001,362.0,0.6635599468231196,0.3729525015830994
0.0001,363.0,0.6635314460754388,0.3728961875438691
0.0001,364.0,0.6635031597137453,0.3728402451038362
0.0001,365.0,0.663475100708008,0.37278466529846194
0.0001,366.0,0.6634472566604614,0.37272943267822256
0.0001,367.0,0.6634196261405947,0.3726745528697968
0.0001,368.0,0.6633922109603879,0.37262001295089714
0.0001,369.0,0.6633650012016299,0.37256582007408134
0.0001,370.0,0.6633380016326901,0.37251197147369386
0.0001,371.0,0.6633112166404717,0.3724584591388703
0.0001,372.0,0.6632846273422242,0.37240528535842893
0.0001,373.0,0.663258243370056,0.3723524421691895
0.0001,374.0,0.6632320686340328,0.37229993133544925
0.0001,375.0,0.6632060876846319,0.372247741174698
0.0001,376.0,0.6631803041458124,0.37219587936401355
0.0001,377.0,0.6631547161102286,0.3721443471908568
0.0001,378.0,0.6631293251991273,0.3720931401729584
0.0001,379.0,0.6631041245460513,0.37204223589897145
0.0001,380.0,0.6630791161537174,0.3719916601657868
0.0001,381.0,0.6630542971611025,0.3719413923740388
0.0001,382.0,0.6630296627044677,0.371891441488266
0.0001,383.0,0.6630052165031434,0.3718417706966401
0.0001,384.0,0.6629809496879576,0.37179242482185365
0.0001,385.0,0.6629568702697755,0.37174337058067325
0.0001,386.0,0.6629329689979558,0.3716946335315705
0.0001,387.0,0.6629092466354369,0.37164617137908945
0.0001,388.0,0.6628857013702398,0.37159801726341224
0.0001,389.0,0.6628623360633843,0.37155015888214116
0.0001,390.0,0.6628391434669495,0.3715025816440584
0.0001,391.0,0.6628161237716672,0.37145529551506046
0.0001,392.0,0.6627932719230655,0.3714082911968232
0.0001,393.0,0.6627705932617188,0.3713615800857547
0.0001,394.0,0.6627480800628663,0.37131514239311236
0.0001,395.0,0.662725737953186,0.37126899166107197
0.0001,396.0,0.6627035568237304,0.3712231117248534
0.0001,397.0,0.6626815404891967,0.3711775058746337
0.0001,398.0,0.6626596913337706,0.37113218374252327
0.0001,399.0,0.6626379964828489,0.3710871188640595
0.0001,400.0,0.6626164642333979,0.37104231162071216
0.0001,401.0,0.6625950962066652,0.37099778776168807
0.0001,402.0,0.6625738761901853,0.3709535279750824
0.0001,403.0,0.6625528135299681,0.3709095332145692
0.0001,404.0,0.662531910514832,0.37086579170227063
0.0001,405.0,0.6625111546516417,0.37082230329513544
0.0001,406.0,0.6624905502319338,0.3707790711402895
0.0001,407.0,0.6624701019287108,0.37073609452247597
0.0001,408.0,0.6624497976303102,0.3706933773994447
0.0001,409.0,0.6624296414375307,0.3706509020328522
0.0001,410.0,0.6624096328735353,0.37060868000984193
0.0001,411.0,0.6623897716522221,0.37056670093536376
0.0001,412.0,0.6623700459480284,0.37052497873306284
0.0001,413.0,0.6623504679679869,0.3704834950447082
0.0001,414.0,0.6623310308456422,0.3704422453880309
0.0001,415.0,0.6623117416381838,0.3704012356281281
0.0001,416.0,0.6622925819396971,0.37036045870780937
0.0001,417.0,0.6622735629081733,0.3703199245929719
0.0001,418.0,0.6622546816825868,0.37027961993217473
0.0001,419.0,0.6622359386444095,0.370239554786682
0.0001,420.0,0.6622173299789433,0.37019972157478354
0.0001,421.0,0.6621988525390631,0.37016011357307443
0.0001,422.0,0.6621805065155032,0.3701207261562348
0.0001,423.0,0.6621622911453248,0.37008156681060794
0.0001,424.0,0.662144207477569,0.370042632293701
0.0001,425.0,0.6621262441635133,0.3700039107799529
0.0001,426.0,0.6621084246635437,0.36996542229652396
0.0001,427.0,0.6620907267570494,0.369927157831192
0.0001,428.0,0.6620731502532962,0.3698890905857086
0.0001,429.0,0.6620557035446168,0.36985125293731685
0.0001,430.0,0.6620383747100831,0.3698136253833772
0.0001,431.0,0.6620211687088012,0.36977620797157285
0.0001,432.0,0.6620040933609013,0.36973900790214553
0.0001,433.0,0.661987129878998,0.3697020116329193
0.0001,434.0,0.6619702857017523,0.3696652258396149
0.0001,435.0,0.6619535667419432,0.36962864484786995
0.0001,436.0,0.6619369613647464,0.36959226579666155
0.0001,437.0,0.661920475673675,0.36955610795021054
0.0001,438.0,0.66190410194397,0.3695201307773588
0.0001,439.0,0.6618878467559813,0.36948436617851255
0.0001,440.0,0.6618717058181763,0.36944879546165454
0.0001,441.0,0.6618556730270383,0.3694134253978728
0.0001,442.0,0.6618397582054134,0.36937824335098257
0.0001,443.0,0.6618239501953124,0.3693432553768159
0.0001,444.0,0.6618082572937011,0.3693084667205811
0.0001,445.0,0.6617926745414731,0.36927385778427124
0.0001,446.0,0.6617771911621094,0.369239458179474
0.0001,447.0,0.6617618200302129,0.3692052329063416
0.0001,448.0,0.6617465610504156,0.3691712025642395
0.0001,449.0,0.6617314032554623,0.3691373530864716
0.0001,450.0,0.6617163532257083,0.3691037066459656
0.0001,451.0,0.6617013976097108,0.3690702363014221
0.0001,452.0,0.6616865568161009,0.3690369292259216
0.0001,453.0,0.6616718160629269,0.3690038351535798
0.0001,454.0,0.6616571752548213,0.36897091045379643
0.0001,455.0,0.661642639160156,0.3689381567001343
0.0001,456.0,0.6616282016754146,0.36890559945106505
0.0001,457.0,0.6616138579368588,0.3688731977462769
0.0001,458.0,0.6615996256828309,0.3688409850597381
0.0001,459.0,0.6615854798316957,0.36880894260406494
0.0001,460.0,0.661571432971954,0.3687770621299746
0.0001,461.0,0.6615574846267699,0.36874535183906565
0.0001,462.0,0.661543633651733,0.36871382122039786
0.0001,463.0,0.6615298737525936,0.3686824551582336
0.0001,464.0,0.661516208267212,0.3686512623786926
0.0001,465.0,0.6615026348114016,0.3686202387809753
0.0001,466.0,0.6614891621589659,0.36858938269615177
0.0001,467.0,0.6614757745742801,0.36855868287086485
0.0001,468.0,0.6614624762535092,0.36852815008163453
0.0001,469.0,0.6614492715835569,0.36849776663780215
0.0001,470.0,0.6614361589431761,0.3684675583362581
0.0001,471.0,0.6614231315612797,0.36843751964569094
0.0001,472.0,0.6614101921081544,0.3684076196193694
0.0001,473.0,0.6613973415374755,0.3683778903007507
0.0001,474.0,0.6613845788955695,0.36834831557273867
0.0001,475.0,0.661371901512146,0.36831890692710884
0.0001,476.0,0.6613593076705939,0.36828964123725894
0.0001,477.0,0.6613468090057376,0.36826053652763374
0.0001,478.0,0.6613343870162967,0.36823159003257755
0.0001,479.0,0.6613220493316652,0.3682027842521669
0.0001,480.0,0.6613097976684575,0.36817413763999934
0.0001,481.0,0.6612976249694823,0.368145637512207
0.0001,482.0,0.6612855323791508,0.3681172773361207
0.0001,483.0,0.6612735244750979,0.36808906989097595
0.0001,484.0,0.6612615972518919,0.36806102442741384
0.0001,485.0,0.6612497439384458,0.3680331077098847
0.0001,486.0,0.661237978363037,0.36800533685684217
0.0001,487.0,0.6612262861251832,0.36797771224975595
0.0001,488.0,0.6612146723747252,0.36795024690628053
0.0001,489.0,0.6612031388282776,0.3679229025840759
0.0001,490.0,0.6611916769027709,0.36789570665359483
0.0001,491.0,0.6611802984237672,0.36786865215301523
0.0001,492.0,0.6611689914703364,0.36784173297882083
0.0001,493.0,0.6611577642440802,0.3678149493217469
0.0001,494.0,0.6611466094017021,0.3677883116245269
0.0001,495.0,0.6611355286598198,0.36776181559562704
0.0001,496.0,0.6611245130538937,0.36773544883728027
0.0001,497.0,0.6611135815620419,0.36770921587944033
0.0001,498.0,0.6611027157783509,0.3676831113815307
0.0001,499.0,0.6610919231414795,0.36765714855194104
0.0001,500.0,0.6610812062263487,0.3676313183307649
0.0001,501.0,0.6610705550193785,0.36760561790466306
0.0001,502.0,0.6610599821090701,0.36758004565238955
0.0001,503.0,0.6610494691848758,0.367554604768753
0.0001,504.0,0.6610390312194823,0.3675292936325073
0.0001,505.0,0.6610286590576173,0.36750411338806155
0.0001,506.0,0.6610183493614195,0.3674790591239929
0.0001,507.0,0.6610081192016604,0.36745413451194764
0.0001,508.0,0.6609979550361631,0.3674293385028838
0.0001,509.0,0.660987853813171,0.3674046672821045
0.0001,510.0,0.6609778221130376,0.3673801077842712
0.0001,511.0,0.6609678483963012,0.36735568513870226
0.0001,512.0,0.6609579439163211,0.36733137621879586
0.0001,513.0,0.6609481068611146,0.36730718569755566
0.0001,514.0,0.6609383321762085,0.36728312897682197
0.0001,515.0,0.6609286212921147,0.3672591838359833
0.0001,516.0,0.6609189769744866,0.36723535208702085
0.0001,517.0,0.660909394073486,0.36721164965629566
0.0001,518.0,0.6608998672485351,0.3671880645751953
0.0001,519.0,0.6608904104232787,0.36716460351943964
0.0001,520.0,0.6608810111045841,0.36714125342369097
0.0001,521.0,0.660871671104431,0.3671180222511291
0.0001,522.0,0.6608623957633977,0.3670949014186859
0.0001,523.0,0.660853175926209,0.3670718951225282
0.0001,524.0,0.6608440176010134,0.36704901490211483
0.0001,525.0,0.6608349265098573,0.3670262424945833
0.0001,526.0,0.6608258863449098,0.36700356645584126
0.0001,527.0,0.6608169046401978,0.36698102302551266
0.0001,528.0,0.6608079815864563,0.3669585855960845
0.0001,529.0,0.6607991149902339,0.36693625593185447
0.0001,530.0,0.6607903115272523,0.3669140278816223
0.0001,531.0,0.6607815605163575,0.3668919181346894
0.0001,532.0,0.6607728641510014,0.36686991219520576
0.0001,533.0,0.6607642255783078,0.36684801483154306
0.0001,534.0,0.6607556436538697,0.3668262319087982
0.0001,535.0,0.6607471136093134,0.3668045375347137
0.0001,536.0,0.6607386415481565,0.3667829601287843
0.0001,537.0,0.660730225372315,0.3667614902019499
0.0001,538.0,0.6607218578338628,0.36674012265205397
0.0001,539.0,0.6607135464668272,0.36671884937286386
0.0001,540.0,0.6607052908897396,0.3666976977825164
0.0001,541.0,0.66069708404541,0.36667664108276377
0.0001,542.0,0.6606889307022095,0.366655682849884
0.0001,543.0,0.6606808313369744,0.36663482851982127
0.0001,544.0,0.66067278213501,0.3666140738010406
0.0001,545.0,0.6606647827148442,0.3665934207439423
0.0001,546.0,0.6606568414688113,0.3665728614807128
0.0001,547.0,0.6606489378929136,0.3665524043560029
0.0001,548.0,0.6606410962104802,0.36653205213546747
0.0001,549.0,0.6606332977294921,0.3665117956161499
0.0001,550.0,0.6606255559921264,0.36649163255691536
0.0001,551.0,0.6606178580284119,0.36647156448364265
0.0001,552.0,0.6606102088928223,0.36645159225463864
0.0001,553.0,0.6606026111602782,0.3664317260265351
0.0001,554.0,0.6605950613021847,0.36641194329261784
0.0001,555.0,0.6605875541687009,0.3663922697544099
0.0001,556.0,0.6605801008224489,0.36637268090248104
0.0001,557.0,0.660572692108154,0.36635318565368646
0.0001,558.0,0.6605653292655939,0.366333784866333
0.0001,559.0,0.6605580163955685,0.3663144769191741
0.0001,560.0,0.6605507447242742,0.36629526176452637
0.0001,561.0,0.6605435260772705,0.3662761278152466
0.0001,562.0,0.6605363455772403,0.3662571058273316
0.0001,563.0,0.6605292075157164,0.36623815464973464
0.0001,564.0,0.6605221223831175,0.36621929502487177
0.0001,565.0,0.6605150772094728,0.3662005231857299
0.0001,566.0,0.6605080789566036,0.3661818472862243
0.0001,567.0,0.6605011218070984,0.36616325020790114
0.0001,568.0,0.6604942144393922,0.36614474840164174
0.0001,569.0,0.6604873443603515,0.3661263374805451
0.0001,570.0,0.6604805204391476,0.3661080069065097
0.0001,571.0,0.6604737342834469,0.36608975901603696
0.0001,572.0,0.6604669956207275,0.3660716010570526
0.0001,573.0,0.6604603010177612,0.36605353407859786
0.0001,574.0,0.6604536394119265,0.3660355457305909
0.0001,575.0,0.660447031402588,0.36601764354705807
0.0001,576.0,0.6604404556274421,0.3659998253822326
0.0001,577.0,0.6604339247703547,0.3659821029663087
0.0001,578.0,0.6604274295806882,0.3659644483089447
0.0001,579.0,0.6604209790229792,0.3659468721866608
0.0001,580.0,0.6604145713806151,0.36592938051223745
0.0001,581.0,0.6604081963539125,0.3659119829177855
0.0001,582.0,0.6604018647193906,0.36589465909004204
0.0001,583.0,0.6603955741882326,0.36587740383148193
0.0001,584.0,0.6603893178939817,0.36586024727821354
0.0001,585.0,0.6603831089019777,0.3658431602954865
0.0001,586.0,0.66037693271637,0.3658261445999147
0.0001,587.0,0.6603707981109622,0.3658092144489289
0.0001,588.0,0.6603646921157844,0.3657923673152924
0.0001,589.0,0.6603586345672606,0.36577559351921074
0.0001,590.0,0.660352608394623,0.36575888671875006
0.0001,591.0,0.6603466200828555,0.3657422567844391
0.0001,592.0,0.6603406682968145,0.36572571587562575
0.0001,593.0,0.6603347566604614,0.3657092417240143
0.0001,594.0,0.6603288827896111,0.3656928571701049
0.0001,595.0,0.6603230384826663,0.36567653346061707
0.0001,596.0,0.6603172346115108,0.36566028718948357
0.0001,597.0,0.6603114665985107,0.3656441232204439
0.0001,598.0,0.6603057369232176,0.3656280238628385
0.0001,599.0,0.6603000347137454,0.365612014055252
0.0001,600.0,0.6602943719863892,0.36559605259895334
0.0001,601.0,0.6602887464523317,0.36558017954826355
0.0001,602.0,0.6602831468582158,0.36556437711715695
0.0001,603.0,0.6602775924682617,0.36554864907264706
0.0001,604.0,0.6602720600128176,0.36553299903869635
0.0001,605.0,0.6602665725708003,0.365517401075363
0.0001,606.0,0.6602611193656923,0.36550188021659846
0.0001,607.0,0.6602556935310367,0.3654864318847656
0.0001,608.0,0.660250303554535,0.36547106194496165
0.0001,609.0,0.6602449478149413,0.3654557439327239
0.0001,610.0,0.6602396234512331,0.3654405032157897
0.0001,611.0,0.6602343217849733,0.36542533297538776
0.0001,612.0,0.6602290618896482,0.36541020898818966
0.0001,613.0,0.6602238365173339,0.36539517688751233
0.0001,614.0,0.660218639564514,0.3653802066802979
0.0001,615.0,0.6602134712219239,0.3653652989864349
0.0001,616.0,0.660208340549469,0.36535045719146725
0.0001,617.0,0.6602032384872438,0.365335683441162
0.0001,618.0,0.6601981628417967,0.3653209850311279
0.0001,619.0,0.6601931203842157,0.3653063390254974
0.0001,620.0,0.6601881113052369,0.3652917704582213
0.0001,621.0,0.6601831370353695,0.3652772625446319
0.0001,622.0,0.6601781818389887,0.3652628026008607
0.0001,623.0,0.6601732656478886,0.3652484338283539
0.0001,624.0,0.6601683702468875,0.3652341158390045
0.0001,625.0,0.660163513565064,0.3652198760986329
0.0001,626.0,0.6601586854934693,0.36520567440986645
0.0001,627.0,0.6601538805961612,0.3651915551662445
0.0001,628.0,0.6601491086006167,0.3651774872779847
0.0001,629.0,0.6601443654060357,0.3651634913921357
0.0001,630.0,0.660139647388458,0.36514955277442934
0.0001,631.0,0.6601349661827084,0.36513567767143246
0.0001,632.0,0.6601303035736094,0.3651218663692476
0.0001,633.0,0.6601256752967837,0.3651081121444703
0.0001,634.0,0.6601210721969607,0.3650944237709047
0.0001,635.0,0.6601164958953861,0.3650807925224306
0.0001,636.0,0.6601119485855096,0.36506721968650824
0.0001,637.0,0.6601074338912964,0.3650537133693695
0.0001,638.0,0.660102937698364,0.36504027066230776
0.0001,639.0,0.6600984735488892,0.3650268804073332
0.0001,640.0,0.6600940352439881,0.3650135469436644
0.0001,641.0,0.6600896213531489,0.365000278520584
0.0001,642.0,0.6600852361679074,0.3649870672702789
0.0001,643.0,0.6600808728218077,0.36497392053604133
0.0001,644.0,0.6600765433311466,0.36496082048416134
0.0001,645.0,0.6600722362518313,0.3649477838516235
0.0001,646.0,0.6600679567337039,0.3649347983360291
0.0001,647.0,0.6600637018203732,0.3649218708992003
0.0001,648.0,0.6600594673156742,0.3649089969635009
0.0001,649.0,0.6600552632331848,0.3648961842060089
0.0001,650.0,0.66005108718872,0.36488342294692994
0.0001,651.0,0.66004693031311,0.3648707153320312
0.0001,652.0,0.6600428005218504,0.36485807251930225
0.0001,653.0,0.6600386939048762,0.36484547276496876
0.0001,654.0,0.6600346167564388,0.36483292951583873
0.0001,655.0,0.6600305548667902,0.36482044401168817
0.0001,656.0,0.660026518726349,0.36480800876617425
0.0001,657.0,0.6600225118637091,0.3647956240177154
0.0001,658.0,0.6600185228347776,0.3647833004951478
0.0001,659.0,0.6600145711898802,0.3647710316181181
0.0001,660.0,0.6600106279373171,0.3647588128089905
0.0001,661.0,0.6600067130088816,0.364746644115448
0.0001,662.0,0.6600028211593629,0.36473452229499814
0.0001,663.0,0.6599989561080929,0.3647224664211273
0.0001,664.0,0.6599951063156126,0.3647104552268983
0.0001,665.0,0.6599912823677063,0.3646985062122346
0.0001,666.0,0.6599874866485593,0.3646865840911866
0.0001,667.0,0.6599837097167969,0.3646747321128845
0.0001,668.0,0.6599799568176271,0.36466292304992676
0.0001,669.0,0.659976217079163,0.36465117135047925
0.0001,670.0,0.659972505283356,0.36463945894241345
0.0001,671.0,0.6599688213348388,0.3646278101444245
0.0001,672.0,0.6599651548385614,0.3646162066936493
0.0001,673.0,0.6599615131378175,0.3646046469688417
0.0001,674.0,0.6599578848838806,0.36459314556121825
0.0001,675.0,0.6599542802810672,0.36458168945312514
0.0001,676.0,0.6599507034301759,0.36457027606964104
0.0001,677.0,0.6599471406936639,0.36455892481803887
0.0001,678.0,0.6599435979843142,0.36454760661125174
0.0001,679.0,0.6599400846481329,0.3645363417148592
0.0001,680.0,0.6599365901947024,0.36452512784004226
0.0001,681.0,0.6599331078529358,0.364513957452774
0.0001,682.0,0.6599296537399294,0.36450282936096196
0.0001,683.0,0.6599262163162228,0.3644917575359343
0.0001,684.0,0.6599227991104127,0.36448072762489325
0.0001,685.0,0.6599194067001338,0.3644697406291962
0.0001,686.0,0.6599160264968872,0.3644588063240052
0.0001,687.0,0.6599126729965205,0.3644479191303252
0.0001,688.0,0.6599093343734735,0.36443706831932066
0.0001,689.0,0.6599060176849366,0.3644262740135192
0.0001,690.0,0.6599027135849003,0.36441552624702467
0.0001,691.0,0.6598994375228885,0.36440481686592097
0.0001,692.0,0.6598961732864379,0.364394146347046
0.0001,693.0,0.6598929396629335,0.3643835444927217
0.0001,694.0,0.6598897142410279,0.3643729585170745
0.0001,695.0,0.659886515712738,0.3643624242305755
0.0001,696.0,0.6598833240509034,0.3643519564628601
0.0001,697.0,0.6598801634788509,0.36434152159690864
0.0001,698.0,0.6598770174026487,0.36433111968040466
0.0001,699.0,0.6598738880157465,0.36432076492309556
0.0001,700.0,0.659870778751373,0.364310461139679
0.0001,701.0,0.6598676843643184,0.3643001962661745
0.0001,702.0,0.6598646090507511,0.36428996348381043
0.0001,703.0,0.6598615530014035,0.3642797888278962
0.0001,704.0,0.6598585133552549,0.36426965312957765
0.0001,705.0,0.6598554909706118,0.36425956029891965
0.0001,706.0,0.6598524913787843,0.3642494980812074
0.0001,707.0,0.6598495031356818,0.3642394968986511
0.0001,708.0,0.6598465337753298,0.36422952170371997
0.0001,709.0,0.6598435826301573,0.36421959028244016
0.0001,710.0,0.6598406480789187,0.36420970678329473
0.0001,711.0,0.6598377321243284,0.3641998572349549
0.0001,712.0,0.6598348300933842,0.36419005956649786
0.0001,713.0,0.6598319452285764,0.364180297422409
0.0001,714.0,0.6598290813446046,0.3641705727100373
0.0001,715.0,0.6598262264251703,0.36416089315414435
0.0001,716.0,0.6598233945846558,0.36415124883651734
0.0001,717.0,0.6598205780029297,0.3641416481494904
0.0001,718.0,0.6598177740097042,0.36413208541870107
0.0001,719.0,0.6598149876594547,0.36412256474494936
0.0001,720.0,0.659812222480774,0.36411306986808767
0.0001,721.0,0.6598094693183899,0.3641036340713501
0.0001,722.0,0.6598067264556878,0.3640942308902741
0.0001,723.0,0.6598040026664733,0.3640848590850831
0.0001,724.0,0.6598012988090515,0.3640755237579345
0.0001,725.0,0.6597986034393313,0.3640662411212921
0.0001,726.0,0.6597959359169004,0.36405698633193956
0.0001,727.0,0.6597932760238648,0.36404776902198793
0.0001,728.0,0.6597906293869018,0.36403858394622796
0.0001,729.0,0.6597880002975463,0.3640294452190399
0.0001,730.0,0.6597853902816774,0.36402034964561464
0.0001,731.0,0.6597827911376957,0.3640112799167633
0.0001,732.0,0.6597802030563359,0.3640022559642793
0.0001,733.0,0.6597776376724247,0.36399326291084283
0.0001,734.0,0.6597750759124754,0.36398430566787726
0.0001,735.0,0.6597725400924681,0.3639753798007967
0.0001,736.0,0.6597700208663942,0.36396649994850144
0.0001,737.0,0.6597675069808958,0.36395764703750605
0.0001,738.0,0.6597650112152098,0.3639488282680511
0.0001,739.0,0.6597625240325928,0.3639400599479675
0.0001,740.0,0.6597600568771359,0.3639313202381135
0.0001,741.0,0.6597576038360594,0.3639226138591766
0.0001,742.0,0.6597551642417907,0.3639139404773713
0.0001,743.0,0.6597527412414553,0.3639053026199342
0.0001,744.0,0.6597503278732304,0.3638967034339906
0.0001,745.0,0.659747928619385,0.3638881412506103
0.0001,746.0,0.659745542049408,0.36387960176467904
0.0001,747.0,0.6597431741714482,0.36387111463546745
0.0001,748.0,0.6597408174514771,0.36386264553070063
0.0001,749.0,0.6597384721755981,0.3638542151927948
0.0001,750.0,0.6597361410140995,0.3638458148956299
0.0001,751.0,0.6597338219642638,0.3638374562740326
0.0001,752.0,0.6597315204620362,0.3638291229248046
0.0001,753.0,0.6597292263984681,0.3638208374977111
0.0001,754.0,0.659726949119568,0.36381257491111735
0.0001,755.0,0.6597246854782101,0.36380434827804564
0.0001,756.0,0.6597224325180054,0.3637961612224578
0.0001,757.0,0.6597201909065242,0.3637879931926728
0.0001,758.0,0.6597179638862614,0.3637798654079438
0.0001,759.0,0.6597157531738276,0.3637717715263369
0.0001,760.0,0.6597135508537294,0.3637637036323546
0.0001,761.0,0.6597113580703736,0.3637556638717652
0.0001,762.0,0.659709181022644,0.36374767074584974
0.0001,763.0,0.6597070127487186,0.3637397042751312
0.0001,764.0,0.6597048677444458,0.3637317651748657
0.0001,765.0,0.6597027266502381,0.36372386178970323
0.0001,766.0,0.6597005981445305,0.3637159837722777
0.0001,767.0,0.6596984809875492,0.36370814476013186
0.0001,768.0,0.6596963776588441,0.3637003451824188
0.0001,769.0,0.6596942859649664,0.3636925682544708
0.0001,770.0,0.6596921998977661,0.3636848218917848
0.0001,771.0,0.6596901350021368,0.36367710890769983
0.0001,772.0,0.6596880814552305,0.36366941709518447
0.0001,773.0,0.6596860344886776,0.363661773633957
0.0001,774.0,0.6596840012550356,0.3636541578769685
0.0001,775.0,0.6596819782257076,0.36364654908180244
0.0001,776.0,0.6596799688339228,0.36363899116516113
0.0001,777.0,0.6596779677391046,0.36363146400451657
0.0001,778.0,0.6596759763717652,0.36362396068572994
0.0001,779.0,0.65967400226593,0.3636164862155913
0.0001,780.0,0.6596720344543459,0.3636090517997742
0.0001,781.0,0.659670079994202,0.3636016320228575
0.0001,782.0,0.6596681380271912,0.3635942540645601
0.0001,783.0,0.6596662046432492,0.36358689599037175
0.0001,784.0,0.6596642829895021,0.3635795644283297
0.0001,785.0,0.6596623703002935,0.36357227344512927
0.0001,786.0,0.6596604681015014,0.3635649978160858
0.0001,787.0,0.659658577156067,0.3635577723026275
0.0001,788.0,0.6596567008972174,0.36355056014060994
0.0001,789.0,0.6596548284530638,0.3635433792114258
0.0001,790.0,0.6596529735565188,0.36353622312545786
0.0001,791.0,0.659651124954224,0.3635290975570679
0.0001,792.0,0.6596492881774908,0.36352199854850775
0.0001,793.0,0.6596474568367005,0.3635149342536924
0.0001,794.0,0.6596456413269043,0.3635078910827637
0.0001,795.0,0.6596438377380378,0.3635008782863617
0.0001,796.0,0.6596420379638664,0.3634938955307008
0.0001,797.0,0.6596402549743653,0.3634869350910188
0.0001,798.0,0.6596384733200077,0.3634800076007844
0.0001,799.0,0.6596367069244384,0.36347310481071465
0.0001,800.0,0.6596349502563479,0.3634662250041962
0.0001,801.0,0.6596332034111028,0.3634593759536744
0.0001,802.0,0.6596314655303954,0.3634525570869446
0.0001,803.0,0.6596297374725341,0.3634457602024079
0.0001,804.0,0.6596280190467837,0.3634389903545379
0.0001,805.0,0.6596263093948362,0.36343225502967824
0.0001,806.0,0.6596246122360225,0.36342554259300247
0.0001,807.0,0.6596229191780092,0.3634188493728638
0.0001,808.0,0.6596212398529052,0.36341217727661135
0.0001,809.0,0.6596195707321165,0.3634055455684662
0.0001,810.0,0.6596179135322572,0.36339893002510076
0.0001,811.0,0.6596162596702573,0.36339234461784375
0.0001,812.0,0.6596146129608155,0.363385778093338
0.0001,813.0,0.6596129789352417,0.36337924365997315
0.0001,814.0,0.6596113553047183,0.36337273182868973
0.0001,815.0,0.6596097373962407,0.36336624555587765
0.0001,816.0,0.6596081310272214,0.36335978035926825
0.0001,817.0,0.659606532955169,0.3633533495903015
0.0001,818.0,0.6596049467086795,0.36334693646430966
0.0001,819.0,0.6596033608436588,0.3633405427932739
0.0001,820.0,0.6596017969131474,0.363334171819687
0.0001,821.0,0.6596002314567566,0.3633278397083281
0.0001,822.0,0.6595986756324765,0.36332152442932125
0.0001,823.0,0.659597127342224,0.3633152329444885
0.0001,824.0,0.6595955944061281,0.36330896120071426
0.0001,825.0,0.6595940635681156,0.36330271668434144
0.0001,826.0,0.6595925371170046,0.3632965032577514
0.0001,827.0,0.6595910358428954,0.36329030265808115
0.0001,828.0,0.6595895265579222,0.363284140920639
0.0001,829.0,0.6595880371093751,0.363277991247177
0.0001,830.0,0.6595865448951717,0.3632718672275543
0.0001,831.0,0.6595850655555728,0.36326576514244086
0.0001,832.0,0.6595835975646974,0.3632596858501435
0.0001,833.0,0.6595821384429936,0.3632536262512208
0.0001,834.0,0.6595806803703307,0.3632476051807405
0.0001,835.0,0.6595792331695562,0.3632415912628173
0.0001,836.0,0.6595778015136716,0.36323559551238993
0.0001,837.0,0.6595763668060303,0.3632296361923217
0.0001,838.0,0.6595749475479123,0.3632236947536471
0.0001,839.0,0.6595735261917117,0.3632177755832671
0.0001,840.0,0.6595721267700196,0.36321188182830816
0.0001,841.0,0.6595707225799563,0.36320600609779363
0.0001,842.0,0.6595693349838258,0.363200143623352
0.0001,843.0,0.6595679482460026,0.3631943134784697
0.0001,844.0,0.6595665672302241,0.36318850884437553
0.0001,845.0,0.6595652029037472,0.3631827176094056
0.0001,846.0,0.6595638477325441,0.36317695941925054
0.0001,847.0,0.6595624860763549,0.3631712168693543
0.0001,848.0,0.6595611455917367,0.36316550087928784
0.0001,849.0,0.6595598049163819,0.36315980200767506
0.0001,850.0,0.6595584685325626,0.363154121685028
0.0001,851.0,0.6595571456909182,0.36314845566749554
0.0001,852.0,0.6595558256149292,0.36314282360076905
0.0001,853.0,0.6595545193672182,0.36313721551895134
0.0001,854.0,0.659553219795226,0.36313162679672256
0.0001,855.0,0.6595519180297851,0.3631260492324829
0.0001,856.0,0.659550629425049,0.36312049303054783
0.0001,857.0,0.6595493499755858,0.3631149698734285
0.0001,858.0,0.6595480787277224,0.36310946416854867
0.0001,859.0,0.6595468120574954,0.363103973722458
0.0001,860.0,0.6595455497741695,0.3630985015869139
0.0001,861.0,0.6595442962646485,0.3630930583953858
0.0001,862.0,0.6595430467605585,0.36308763084411616
0.0001,863.0,0.6595418075561521,0.3630822268486025
0.0001,864.0,0.6595405755996705,0.3630768458366393
0.0001,865.0,0.6595393510818482,0.3630714832305909
0.0001,866.0,0.6595381261825558,0.3630661411762237
0.0001,867.0,0.6595369159698488,0.3630608137607576
0.0001,868.0,0.6595357084274289,0.3630555074691772
0.0001,869.0,0.6595345064163205,0.3630502214908598
0.0001,870.0,0.6595333134651189,0.36304496455192564
0.0001,871.0,0.6595321300506595,0.3630397164344788
0.0001,872.0,0.6595309460639953,0.36303449916839603
0.0001,873.0,0.6595297742843628,0.3630292904376982
0.0001,874.0,0.6595286040306093,0.3630240997314454
0.0001,875.0,0.6595274436950684,0.3630189355373383
0.0001,876.0,0.6595262897491462,0.3630137905597688
0.0001,877.0,0.6595251411437989,0.3630086595535278
0.0001,878.0,0.6595239987373347,0.36300356101989745
0.0001,879.0,0.6595228597640992,0.3629984720706939
0.0001,880.0,0.6595217317581176,0.3629933969974518
0.0001,881.0,0.659520607757568,0.3629883503913879
0.0001,882.0,0.6595194862365721,0.36298331313133236
0.0001,883.0,0.6595183700561532,0.3629783023357391
0.0001,884.0,0.6595172737121582,0.36297330608367917
0.0001,885.0,0.6595161671638485,0.362968324136734
0.0001,886.0,0.6595150779724123,0.36296337218284613
0.0001,887.0,0.6595139938354497,0.3629584310054779
0.0001,888.0,0.6595129044532778,0.36295350246429453
0.0001,889.0,0.6595118289947514,0.36294859910011285
0.0001,890.0,0.6595107616424567,0.3629437191963195
0.0001,891.0,0.659509696769714,0.3629388548851014
0.0001,892.0,0.659508634757995,0.36293400006294263
0.0001,893.0,0.6595075790405273,0.3629291750907899
0.0001,894.0,0.6595065391540537,0.36292436437606806
0.0001,895.0,0.6595054957389834,0.362919574069977
0.0001,896.0,0.6595044589996346,0.3629147967815398
0.0001,897.0,0.6595034254074096,0.3629100345134735
0.0001,898.0,0.6595024024963383,0.3629052951335907
0.0001,899.0,0.6595013821601869,0.36290056743621807
0.0001,900.0,0.6595003684997564,0.3628958653450012
0.0001,901.0,0.6594993608474734,0.36289116888046274
0.0001,902.0,0.6594983579635623,0.3628864959716797
0.0001,903.0,0.6594973571777343,0.36288184638023374
0.0001,904.0,0.6594963677406315,0.362877199602127
0.0001,905.0,0.6594953809738159,0.3628725782871246
0.0001,906.0,0.6594943943023686,0.36286797671318044
0.0001,907.0,0.6594934212684631,0.3628633902072907
0.0001,908.0,0.6594924530029301,0.362858820438385
0.0001,909.0,0.6594914855003357,0.36285426635742174
0.0001,910.0,0.6594905260086061,0.3628497258663177
0.0001,911.0,0.6594895690917965,0.36284520339965814
0.0001,912.0,0.6594886190414431,0.36284070425033565
0.0001,913.0,0.6594876741409297,0.36283621616363526
0.0001,914.0,0.6594867370605466,0.36283174328804013
0.0001,915.0,0.6594857976913454,0.36282729115486156
0.0001,916.0,0.6594848696708681,0.36282285184860247
0.0001,917.0,0.6594839365005488,0.36281843595504765
0.0001,918.0,0.6594830147743223,0.3628140263080598
0.0001,919.0,0.6594821077346804,0.3628096299648286
0.0001,920.0,0.6594811967849733,0.3628052596569062
0.0001,921.0,0.6594802923202516,0.36280090446472163
0.0001,922.0,0.6594793945312506,0.36279656291008006
0.0001,923.0,0.6594784899711614,0.3627922354221345
0.0001,924.0,0.659477601623535,0.3627879331588745
0.0001,925.0,0.6594767194747928,0.36278364329338075
0.0001,926.0,0.6594758354187016,0.3627793621540071
0.0001,927.0,0.6594749593734743,0.3627750982284544
0.0001,928.0,0.6594740841865533,0.3627708558082581
0.0001,929.0,0.6594732165336608,0.36276662240028373
0.0001,930.0,0.6594723567962646,0.36276241135597226
0.0001,931.0,0.6594715011596672,0.36275821857452395
0.0001,932.0,0.6594706449508665,0.3627540215969086
0.0001,933.0,0.6594697975158691,0.3627498545169832
0.0001,934.0,0.6594689497947691,0.36274570803642275
0.0001,935.0,0.6594681072235107,0.36274157080650327
0.0001,936.0,0.6594672768592835,0.362737442445755
0.0001,937.0,0.659466443538666,0.36273333640098576
0.0001,938.0,0.6594656183242796,0.3627292400836945
0.0001,939.0,0.659464797782898,0.36272516593933113
0.0001,940.0,0.659463974571228,0.3627210989475249
0.0001,941.0,0.6594631637573244,0.3627170482635498
0.0001,942.0,0.6594623548507691,0.36271301498413094
0.0001,943.0,0.6594615509986874,0.36270899653434774
0.0001,944.0,0.6594607465744019,0.3627050009727479
0.0001,945.0,0.659459953022003,0.3627009950160982
0.0001,946.0,0.659459164714813,0.36269702644348156
0.0001,947.0,0.6594583740234377,0.3626930530548096
0.0001,948.0,0.6594575927734386,0.3626891022205353
0.0001,949.0,0.6594568097114567,0.36268516921997074
0.0001,950.0,0.659456034374237,0.3626812492370606
0.0001,951.0,0.6594552631378169,0.3626773310661316
0.0001,952.0,0.659454498195648,0.36267344427108766
0.0001,953.0,0.6594537350654608,0.36266956562995895
0.0001,954.0,0.6594529758453368,0.362665707874298
0.0001,955.0,0.65945222120285,0.3626618443012239
0.0001,956.0,0.659451469612122,0.3626580045700073
0.0001,957.0,0.6594507186889643,0.3626541915893556
0.0001,958.0,0.6594499780654902,0.36265036921501176
0.0001,959.0,0.6594492359161372,0.3626465721130371
0.0001,960.0,0.6594485019683833,0.36264279012680045
0.0001,961.0,0.6594477699279783,0.3626390296936036
0.0001,962.0,0.65944704208374,0.362635273551941
0.0001,963.0,0.6594463188171382,0.3626315226078033
0.0001,964.0,0.6594456026077276,0.3626277908325195
0.0001,965.0,0.6594448875427242,0.36262407703399663
0.0001,966.0,0.6594441699028015,0.3626203731536867
0.0001,967.0,0.6594434619903558,0.36261668438911443
0.0001,968.0,0.6594427556991579,0.36261300334930424
0.0001,969.0,0.6594420574188233,0.36260934028625486
0.0001,970.0,0.6594413543701171,0.3626056890010832
0.0001,971.0,0.6594406673431383,0.36260205655097966
0.0001,972.0,0.6594399768829349,0.3625984369277953
0.0001,973.0,0.6594392900466921,0.36259481897354146
0.0001,974.0,0.659438606262207,0.36259122138023375
0.0001,975.0,0.6594379299163815,0.36258763928413396
0.0001,976.0,0.6594372455596926,0.3625840677261352
0.0001,977.0,0.659436582565307,0.3625805037498474
0.0001,978.0,0.6594359129905698,0.3625769563674927
0.0001,979.0,0.6594352408409122,0.362573421049118
0.0001,980.0,0.65943458480835,0.3625698848724363
0.0001,981.0,0.6594339244842535,0.36256639161109916
0.0001,982.0,0.6594332733154302,0.3625628779888153
0.0001,983.0,0.6594326213836671,0.362559395980835
0.0001,984.0,0.6594319732666019,0.3625559200286866
0.0001,985.0,0.6594313335418698,0.36255245714187617
0.0001,986.0,0.6594306898117068,0.3625490096569062
0.0001,987.0,0.6594300483703615,0.36254557366371154
0.0001,988.0,0.6594294193267822,0.362542148923874
0.0001,989.0,0.6594287836074832,0.36253873367309575
0.0001,990.0,0.6594281569480895,0.362535325050354
0.0001,991.0,0.6594275309562686,0.36253194532394406
0.0001,992.0,0.6594269115448003,0.3625285676956177
0.0001,993.0,0.6594262969017028,0.36252520399093624
0.0001,994.0,0.6594256812095646,0.36252185244560264
0.0001,995.0,0.6594250686645505,0.3625185106277467
0.0001,996.0,0.6594244607925419,0.36251518154144285
0.0001,997.0,0.6594238525390629,0.36251185688972476
0.0001,998.0,0.6594232521057136,0.3625085531711578
0.0001,999.0,0.6594226573944094,0.3625052582740784
0.0001,1000.0,0.6594220605850224,0.3625019770145417
0.0001,1001.0,0.6594214710235596,0.36249870734214795
0.0001,1002.0,0.6594208780288697,0.36249544610977164
0.0001,1003.0,0.6594202913284306,0.3624921982288361
0.0001,1004.0,0.6594197105407714,0.36248897328376756
0.0001,1005.0,0.6594191264152528,0.3624857458591461
0.0001,1006.0,0.6594185506820677,0.3624825355052948
0.0001,1007.0,0.6594179801940913,0.36247934083938604
0.0001,1008.0,0.6594174074172973,0.3624761479854583
0.0001,1009.0,0.6594168383598323,0.3624729804039001
0.0001,1010.0,0.6594162757873542,0.36246980819702146
0.0001,1011.0,0.6594157128334047,0.36246665415763857
0.0001,1012.0,0.6594151550292972,0.3624634975910185
0.0001,1013.0,0.6594145952224729,0.36246038126945485
0.0001,1014.0,0.6594140398979181,0.3624572554588319
0.0001,1015.0,0.6594134950637811,0.362454144191742
0.0001,1016.0,0.6594129484176642,0.3624510496139527
0.0001,1017.0,0.6594124032974246,0.36244795055389406
0.0001,1018.0,0.6594118582725522,0.36244487466812136
0.0001,1019.0,0.6594113189697265,0.362441811990738
0.0001,1020.0,0.6594107791900635,0.3624387584686279
0.0001,1021.0,0.6594102497100828,0.3624356979846953
0.0001,1022.0,0.6594097225189212,0.3624326687812805
0.0001,1023.0,0.659409191417694,0.36242964224815366
0.0001,1024.0,0.6594086639404295,0.36242662820816035
0.0001,1025.0,0.6594081418991088,0.3624236209869384
0.0001,1026.0,0.6594076232910155,0.36242062520980844
0.0001,1027.0,0.6594071081161503,0.36241764378547664
0.0001,1028.0,0.6594065926551815,0.3624146752357483
0.0001,1029.0,0.6594060806274419,0.36241171236038194
0.0001,1030.0,0.6594055706024167,0.362408760881424
0.0001,1031.0,0.6594050643920896,0.36240581398010246
0.0001,1032.0,0.6594045625686645,0.36240288329124465
0.0001,1033.0,0.6594040626525876,0.3623999637126921
0.0001,1034.0,0.6594035598754883,0.3623970546245573
0.0001,1035.0,0.6594030632019049,0.3623941476345063
0.0001,1036.0,0.659402573776245,0.3623912625789642
0.0001,1037.0,0.6594020793914785,0.3623883716583252
0.0001,1038.0,0.6594015933990477,0.3623855017185211
0.0001,1039.0,0.6594011100769038,0.3623826466083528
0.0001,1040.0,0.6594006241798406,0.36237979655265795
0.0001,1041.0,0.6594001438140868,0.36237695679664617
0.0001,1042.0,0.6593996650695799,0.36237412252426154
0.0001,1043.0,0.6593991914749141,0.3623712983131409
0.0001,1044.0,0.6593987171173096,0.3623684770584106
0.0001,1045.0,0.6593982478141791,0.36236568069458014
0.0001,1046.0,0.6593977785110474,0.3623628895759582
0.0001,1047.0,0.6593973112106323,0.3623601038932799
0.0001,1048.0,0.6593968513488768,0.3623573281764983
0.0001,1049.0,0.6593963825225828,0.36235456256866455
0.0001,1050.0,0.6593959257125851,0.36235180091857916
0.0001,1051.0,0.659395473575592,0.36234906663894667
0.0001,1052.0,0.6593950164794926,0.36234632782936094
0.0001,1053.0,0.6593945644378664,0.362343596315384
0.0001,1054.0,0.659394116401672,0.3623408808708191
0.0001,1055.0,0.6593936660766603,0.3623381701946257
0.0001,1056.0,0.6593932300567626,0.36233548026084905
0.0001,1057.0,0.659392778968811,0.36233278274536135
0.0001,1058.0,0.659392340183258,0.36233010220527645
0.0001,1059.0,0.6593919063568111,0.36232742810249335
0.0001,1060.0,0.6593914648056031,0.3623247630119323
0.0001,1061.0,0.6593910308837895,0.3623221107959747
0.0001,1062.0,0.6593906055450441,0.3623194693088531
0.0001,1063.0,0.6593901729583744,0.36231683201789855
0.0001,1064.0,0.6593897484779357,0.3623142043113709
0.0001,1065.0,0.6593893203735348,0.36231158914566053
0.0001,1066.0,0.6593889008522033,0.3623089784622193
0.0001,1067.0,0.6593884803771974,0.36230638003349297
0.0001,1068.0,0.6593880645751955,0.36230380201339724
0.0001,1069.0,0.6593876487731941,0.3623012144088744
0.0001,1070.0,0.6593872387886048,0.36229864110946647
0.0001,1071.0,0.6593868210792546,0.3622960708141329
0.0001,1072.0,0.6593864108085637,0.36229352025985706
0.0001,1073.0,0.6593860025405884,0.3622909816265105
0.0001,1074.0,0.6593855993270874,0.3622884432792664
0.0001,1075.0,0.6593851961135864,0.36228590745925915
0.0001,1076.0,0.6593847962379457,0.362283401155472
0.0001,1077.0,0.6593843959808355,0.3622808851242065
0.0001,1078.0,0.6593839937210081,0.36227838144302366
0.0001,1079.0,0.65938360452652,0.36227588934898364
0.0001,1080.0,0.659383207511902,0.36227340049743656
0.0001,1081.0,0.6593828199386598,0.3622709317207335
0.0001,1082.0,0.6593824308395385,0.36226846132278445
0.0001,1083.0,0.6593820442199713,0.36226600213050836
0.0001,1084.0,0.6593816602706914,0.3622635406494142
0.0001,1085.0,0.6593812763214116,0.3622610936641694
0.0001,1086.0,0.6593808918952949,0.3622586571693419
0.0001,1087.0,0.6593805185317997,0.36225623931884765
0.0001,1088.0,0.6593801374435434,0.36225381331443784
0.0001,1089.0,0.6593797631263737,0.36225140504837033
0.0001,1090.0,0.6593793903350829,0.3622489958286286
0.0001,1091.0,0.6593790194511413,0.3622466054916383
0.0001,1092.0,0.659378647041321,0.36224421043396
0.0001,1093.0,0.6593782816886907,0.3622418364524841
0.0001,1094.0,0.659377915763855,0.36223946495056164
0.0001,1095.0,0.6593775509834291,0.3622371064186095
0.0001,1096.0,0.6593771915435789,0.36223473815917967
0.0001,1097.0,0.6593768291473392,0.3622323966503144
0.0001,1098.0,0.6593764675140382,0.3622300541400911
0.0001,1099.0,0.6593761137008667,0.362227731704712
0.0001,1100.0,0.6593757583618163,0.3622254003047943
0.0001,1101.0,0.6593754070281982,0.362223092508316
0.0001,1102.0,0.6593750541687013,0.3622207807540894
0.0001,1103.0,0.6593747109413145,0.36221847896575937
0.0001,1104.0,0.6593743598937991,0.36221617655754085
0.0001,1105.0,0.6593740104675299,0.3622138956069945
0.0001,1106.0,0.6593736690521239,0.3622116195201875
0.0001,1107.0,0.6593733240127563,0.3622093499660492
0.0001,1108.0,0.6593729873657225,0.3622070888519285
0.0001,1109.0,0.6593726472854619,0.3622048334121704
0.0001,1110.0,0.6593723121643066,0.3622025845527649
0.0001,1111.0,0.6593719757080083,0.3622003499031067
0.0001,1112.0,0.65937164478302,0.36219811806678776
0.0001,1113.0,0.6593713169097897,0.3621958908557892
0.0001,1114.0,0.6593709784507751,0.3621936790943145
0.0001,1115.0,0.6593706531524656,0.36219147558212295
0.0001,1116.0,0.6593703238487243,0.3621892711639405
0.0001,1117.0,0.6593699975013736,0.36218707380294796
0.0001,1118.0,0.6593696788787841,0.3621848866939548
0.0001,1119.0,0.6593693531990054,0.3621827097415925
0.0001,1120.0,0.6593690326690675,0.3621805378437043
0.0001,1121.0,0.6593687203407296,0.36217837409973164
0.0001,1122.0,0.6593683984756461,0.3621762161254883
0.0001,1123.0,0.6593680774688726,0.362174058485031
0.0001,1124.0,0.6593677698135378,0.3621719187736512
0.0001,1125.0,0.6593674572944643,0.3621697892665862
0.0001,1126.0,0.6593671436309819,0.36216765589714073
0.0001,1127.0,0.659366835975648,0.3621655398845671
0.0001,1128.0,0.6593665317535401,0.36216342153549197
0.0001,1129.0,0.6593662248611449,0.362161320066452
0.0001,1130.0,0.6593659219741826,0.362159216594696
0.0001,1131.0,0.6593656151771542,0.36215711541175843
0.0001,1132.0,0.659365315437317,0.3621550394535064
0.0001,1133.0,0.6593650134086608,0.3621529521465304
0.0001,1134.0,0.6593647165298462,0.3621508860111238
0.0001,1135.0,0.6593644186019886,0.3621488218784332
0.0001,1136.0,0.6593641222000126,0.36214676766395576
0.0001,1137.0,0.6593638308525083,0.36214470553398137
0.0001,1138.0,0.6593635404586787,0.3621426700115204
0.0001,1139.0,0.6593632469177241,0.3621406248092651
0.0001,1140.0,0.6593629546165464,0.36213859596252457
0.0001,1141.0,0.659362669754028,0.36213657269477834
0.0001,1142.0,0.6593623867988585,0.36213454818725577
0.0001,1143.0,0.6593621002197273,0.36213255219459545
0.0001,1144.0,0.659361817550659,0.36213054289817814
0.0001,1145.0,0.6593615329742429,0.3621285446166993
0.0001,1146.0,0.6593612531661985,0.36212655000686655
0.0001,1147.0,0.6593609727859505,0.36212456617355343
0.0001,1148.0,0.6593606946945189,0.3621225907325746
0.0001,1149.0,0.6593604176521303,0.36212061266899104
0.0001,1150.0,0.6593601406097414,0.3621186499595642
0.0001,1151.0,0.6593598682403569,0.362116690826416
0.0001,1152.0,0.6593596034049989,0.36211473984718323
0.0001,1153.0,0.6593593288421629,0.3621127926349639
0.0001,1154.0,0.6593590608596798,0.36211085305213936
0.0001,1155.0,0.6593587907791131,0.3621089258670808
0.0001,1156.0,0.6593585231781008,0.3621070008754731
0.0001,1157.0,0.6593582593917844,0.36210508069992065
0.0001,1158.0,0.6593579935073853,0.3621031649589538
0.0001,1159.0,0.6593577289581298,0.3621012578010559
0.0001,1160.0,0.6593574682235713,0.36209936542510973
0.0001,1161.0,0.6593572090148923,0.3620974734306336
0.0001,1162.0,0.659356950569153,0.362095583677292
0.0001,1163.0,0.6593566945075989,0.3620936972141264
0.0001,1164.0,0.6593564333915714,0.3620918285369874
0.0001,1165.0,0.6593561806678777,0.36208995022773743
0.0001,1166.0,0.6593559291839602,0.3620880908012389
0.0001,1167.0,0.6593556734085082,0.36208623514175425
0.0001,1168.0,0.6593554214477544,0.36208438453674313
0.0001,1169.0,0.6593551717758184,0.3620825344085693
0.0001,1170.0,0.6593549242973327,0.3620807000637055
0.0001,1171.0,0.6593546777725228,0.3620788677215577
0.0001,1172.0,0.6593544324874876,0.36207703676223746
0.0001,1173.0,0.6593541854858398,0.36207522082328797
0.0001,1174.0,0.6593539470672609,0.3620734125614166
0.0001,1175.0,0.6593536996841434,0.36207159852981563
0.0001,1176.0,0.6593534589767459,0.362069794178009
0.0001,1177.0,0.6593532205581668,0.36206800236701975
0.0001,1178.0,0.6593529800415041,0.3620662085056306
0.0001,1179.0,0.6593527448654175,0.3620644241809845
0.0001,1180.0,0.65935250825882,0.36206265234947216
0.0001,1181.0,0.6593522726058964,0.36206087627410893
0.0001,1182.0,0.6593520364761352,0.3620591104507446
0.0001,1183.0,0.6593518068313601,0.36205734581947324
0.0001,1184.0,0.6593515716552731,0.36205559959411643
0.0001,1185.0,0.6593513418197633,0.3620538527011871
0.0001,1186.0,0.6593511174201966,0.3620521082401275
0.0001,1187.0,0.6593508874893184,0.36205036797523504
0.0001,1188.0,0.659350659370422,0.36204863424301154
0.0001,1189.0,0.6593504299163818,0.36204690871238704
0.0001,1190.0,0.659350208187103,0.3620451918125154
0.0001,1191.0,0.6593499845504758,0.3620434789657593
0.0001,1192.0,0.6593497592926028,0.362041768026352
0.0001,1193.0,0.6593495370864869,0.3620400633335111
0.0001,1194.0,0.6593493164062503,0.36203837032318115
0.0001,1195.0,0.6593491037368778,0.36203667392730715
0.0001,1196.0,0.6593488823890681,0.36203498086929303
0.0001,1197.0,0.6593486629486087,0.3620333068847656
0.0001,1198.0,0.6593484487533574,0.36203163433074953
0.0001,1199.0,0.6593482299804689,0.362029959821701
0.0001,1200.0,0.6593480203628547,0.36202829651832596
0.0001,1201.0,0.6593478061676024,0.36202663583755496
0.0001,1202.0,0.6593475919723508,0.36202499046325687
0.0001,1203.0,0.659347385597229,0.3620233290672304
0.0001,1204.0,0.6593471770286558,0.3620216959953309
0.0001,1205.0,0.65934696598053,0.3620200589179992
0.0001,1206.0,0.659346758270264,0.3620184213638307
0.0001,1207.0,0.6593465543746945,0.3620167990207671
0.0001,1208.0,0.6593463445663456,0.3620151753902437
0.0001,1209.0,0.6593461382865908,0.362013555431366
0.0001,1210.0,0.6593459388732908,0.3620119536876678
0.0001,1211.0,0.6593457318305972,0.3620103417873384
0.0001,1212.0,0.6593455301284787,0.3620087342739104
0.0001,1213.0,0.659345331859589,0.3620071478366853
0.0001,1214.0,0.6593451337814333,0.3620055597305297
0.0001,1215.0,0.6593449329376219,0.3620039726257324
0.0001,1216.0,0.6593447389602665,0.36200240440368653
0.0001,1217.0,0.6593445449829107,0.3620008256435396
0.0001,1218.0,0.6593443496704102,0.36199924964904795
0.0001,1219.0,0.6593441518783565,0.3619976879119873
0.0001,1220.0,0.6593439584732056,0.3619961354255676
0.0001,1221.0,0.6593437691688532,0.36199457411766056
0.0001,1222.0,0.6593435750007632,0.3619930337429047
0.0001,1223.0,0.6593433813095096,0.3619914868831634
0.0001,1224.0,0.659343189048767,0.36198994717597976
0.0001,1225.0,0.6593429988861083,0.3619884172439576
0.0001,1226.0,0.659342816925049,0.36198689002990725
0.0001,1227.0,0.659342631340027,0.3619853586196899
0.0001,1228.0,0.6593424458503724,0.36198384208679185
0.0001,1229.0,0.6593422597885134,0.361982332801819
0.0001,1230.0,0.6593420740127561,0.3619808245182038
0.0001,1231.0,0.6593418892860416,0.3619793251991272
0.0001,1232.0,0.6593417083740228,0.36197782039642323
0.0001,1233.0,0.6593415311813356,0.3619763314723967
0.0001,1234.0,0.6593413455963139,0.3619748388767244
0.0001,1235.0,0.6593411686897278,0.3619733572483063
0.0001,1236.0,0.6593409859657289,0.3619718800067903
0.0001,1237.0,0.6593408115386962,0.3619704010486602
0.0001,1238.0,0.6593406329154967,0.36196893296241756
0.0001,1239.0,0.6593404611587524,0.36196747159957887
0.0001,1240.0,0.6593402791976928,0.36196601943969725
0.0001,1241.0,0.6593401108741761,0.36196455264091487
0.0001,1242.0,0.6593399346351619,0.3619631050586701
0.0001,1243.0,0.6593397594451912,0.36196166291236886
0.0001,1244.0,0.6593395877838136,0.36196021976470955
0.0001,1245.0,0.659339422607422,0.36195878343582144
0.0001,1246.0,0.6593392502784727,0.3619573536396027
0.0001,1247.0,0.6593390795707701,0.36195592904090873
0.0001,1248.0,0.6593389112472539,0.3619544980525971
0.0001,1249.0,0.6593387426376343,0.36195308065414444
0.0001,1250.0,0.6593385769844052,0.3619516681671144
0.0001,1251.0,0.6593384103775026,0.36195026226043703
0.0001,1252.0,0.6593382469177246,0.36194885835647583
0.0001,1253.0,0.6593380828857421,0.36194746193885785
0.0001,1254.0,0.6593379167556763,0.361946061706543
0.0001,1255.0,0.6593377517700203,0.36194467058181756
0.0001,1256.0,0.6593375922203061,0.36194328713417045
0.0001,1257.0,0.6593374317169196,0.3619418999671937
0.0001,1258.0,0.6593372657775874,0.3619405224323273
0.0001,1259.0,0.6593371112823487,0.36193915820121775
0.0001,1260.0,0.6593369508743288,0.3619377863883973
0.0001,1261.0,0.6593367936134337,0.36193642468452447
0.0001,1262.0,0.6593366405487066,0.36193505096435563
0.0001,1263.0,0.6593364828109739,0.361933706665039
0.0001,1264.0,0.6593363265991208,0.36193233895301824
0.0001,1265.0,0.659336173057556,0.3619309985160829
0.0001,1266.0,0.6593360171318056,0.3619296570777891
0.0001,1267.0,0.659335861968994,0.3619283134937285
0.0001,1268.0,0.6593357126235969,0.36192697496414195
0.0001,1269.0,0.6593355529785155,0.3619256438255311
0.0001,1270.0,0.6593354142189025,0.36192431635856637
0.0001,1271.0,0.6593352603912355,0.36192299990654
0.0001,1272.0,0.6593351046562197,0.36192167124748226
0.0001,1273.0,0.6593349586486816,0.361920357656479
0.0001,1274.0,0.6593348098754883,0.3619190384864807
0.0001,1275.0,0.6593346624374385,0.36191774115562453
0.0001,1276.0,0.6593345176696784,0.36191643462181095
0.0001,1277.0,0.6593343717575075,0.3619151372909546
0.0001,1278.0,0.6593342238426204,0.36191383819580086
0.0001,1279.0,0.6593340791702268,0.361912550830841
0.0001,1280.0,0.6593339378356933,0.3619112653255463
0.0001,1281.0,0.6593337961196908,0.3619099856376648
0.0001,1282.0,0.6593336537361145,0.3619087078094484
0.0001,1283.0,0.6593335079193121,0.3619074395179748
0.0001,1284.0,0.659333369064331,0.36190615901947026
0.0001,1285.0,0.6593332298278813,0.3619048930168153
0.0001,1286.0,0.6593330867767341,0.3619036370277404
0.0001,1287.0,0.6593329469680788,0.36190237517356877
0.0001,1288.0,0.6593328136444092,0.36190112509727485
0.0001,1289.0,0.6593326745986933,0.36189987320899974
0.0001,1290.0,0.6593325305938719,0.3618986262321473
0.0001,1291.0,0.6593323972702025,0.3618973894119263
0.0001,1292.0,0.6593322674751283,0.3618961408138276
0.0001,1293.0,0.6593321290016172,0.3618949132919311
0.0001,1294.0,0.6593320018768315,0.36189368114471443
0.0001,1295.0,0.6593318595886232,0.3618924551963807
0.0001,1296.0,0.6593317279815677,0.3618912286281586
0.0001,1297.0,0.6593315978050227,0.3618900103092193
0.0001,1298.0,0.6593314668655399,0.3618887992858887
0.0001,1299.0,0.659331332206726,0.3618875809669494
0.0001,1300.0,0.6593312022209165,0.361886372947693
0.0001,1301.0,0.6593310750961306,0.36188517184257496
0.0001,1302.0,0.6593309436798094,0.36188397293090824
0.0001,1303.0,0.659330819129944,0.3618827756404875
0.0001,1304.0,0.659330690193176,0.3618815836906433
0.0001,1305.0,0.6593305612564088,0.3618803864479064
0.0001,1306.0,0.6593304314613343,0.36187920193672174
0.0001,1307.0,0.6593303028106692,0.36187802400589
0.0001,1308.0,0.6593301834106445,0.3618768424510954
0.0001,1309.0,0.6593300558090213,0.3618756653308869
0.0001,1310.0,0.6593299356460567,0.36187449769973756
0.0001,1311.0,0.6593298111915588,0.36187333178520203
0.0001,1312.0,0.6593296886444094,0.361872169303894
0.0001,1313.0,0.6593295688629149,0.36187100749015805
0.0001,1314.0,0.6593294437408453,0.36186985054016113
0.0001,1315.0,0.6593293204307554,0.36186870226860035
0.0001,1316.0,0.659329200744629,0.36186754350662226
0.0001,1317.0,0.6593290799140931,0.3618664121150972
0.0001,1318.0,0.6593289651870727,0.3618652676582336
0.0001,1319.0,0.6593288417816165,0.36186413617134094
0.0001,1320.0,0.6593287212371821,0.36186299843788144
0.0001,1321.0,0.6593286103248596,0.3618618669509887
0.0001,1322.0,0.6593284908294675,0.36186073884963993
0.0001,1323.0,0.6593283751487734,0.36185962543487543
0.0001,1324.0,0.6593282564163218,0.3618585025787354
0.0001,1325.0,0.6593281412124636,0.36185738596916206
0.0001,1326.0,0.6593280292510985,0.36185627784729013
0.0001,1327.0,0.659327916240692,0.3618551655769349
0.0001,1328.0,0.6593277969360358,0.3618540620326997
0.0001,1329.0,0.6593276887893685,0.361852959871292
0.0001,1330.0,0.6593275744438167,0.36185186042785644
0.0001,1331.0,0.659327461338043,0.3618507693290711
0.0001,1332.0,0.6593273513793946,0.36184967818260205
0.0001,1333.0,0.6593272401809697,0.3618485892772674
0.0001,1334.0,0.6593271339416508,0.36184751124382003
0.0001,1335.0,0.6593270198822022,0.3618464210033416
0.0001,1336.0,0.6593269100189206,0.36184534687995923
0.0001,1337.0,0.6593267971038814,0.3618442714214324
0.0001,1338.0,0.6593266906738279,0.36184320135116554
0.0001,1339.0,0.6593265810012825,0.36184213042259233
0.0001,1340.0,0.6593264774322509,0.361841068315506
0.0001,1341.0,0.6593263711929319,0.36184001383781444
0.0001,1342.0,0.6593262643814086,0.3618389519214632
0.0001,1343.0,0.6593261652946467,0.3618378989219666
0.0001,1344.0,0.6593260593414308,0.3618368492603302
0.0001,1345.0,0.6593259494781499,0.3618357961177828
0.0001,1346.0,0.6593258449554448,0.36183475260734566
0.0001,1347.0,0.6593257444381713,0.361833712053299
0.0001,1348.0,0.659325644207001,0.36183267636299127
0.0001,1349.0,0.6593255346298216,0.36183163418769837
0.0001,1350.0,0.6593254301071166,0.36183060669898987
0.0001,1351.0,0.6593253340721132,0.36182957463264476
0.0001,1352.0,0.6593252275466917,0.361828550195694
0.0001,1353.0,0.6593251325607304,0.36182752251625055
0.0001,1354.0,0.6593250320434572,0.3618265001296997
0.0001,1355.0,0.6593249338150023,0.3618254875183107
0.0001,1356.0,0.6593248311042789,0.3618244680404663
0.0001,1357.0,0.6593247302055357,0.3618234669208529
0.0001,1358.0,0.6593246353149416,0.36182245616912845
0.0001,1359.0,0.6593245323181153,0.36182145271301275
0.0001,1360.0,0.6593244375228883,0.36182045431137094
0.0001,1361.0,0.659324341964722,0.36181945824623124
0.0001,1362.0,0.6593242447853092,0.36181846294403075
0.0001,1363.0,0.659324151039124,0.3618174802303315
0.0001,1364.0,0.6593240503311162,0.3618164912700653
0.0001,1365.0,0.659323956680298,0.3618155014514923
0.0001,1366.0,0.6593238595962521,0.3618145120143891
0.0001,1367.0,0.6593237684249877,0.3618135454654693
0.0001,1368.0,0.6593236757278444,0.3618125643253326
0.0001,1369.0,0.6593235860824587,0.361811597633362
0.0001,1370.0,0.659323487281799,0.3618106248855591
0.0001,1371.0,0.659323399066925,0.3618096632480622
0.0001,1372.0,0.6593233048439023,0.3618086946010589
0.0001,1373.0,0.6593232175827034,0.3618077436447144
0.0001,1374.0,0.6593231246948242,0.36180678324699395
0.0001,1375.0,0.6593230308532722,0.3618058292388916
0.0001,1376.0,0.6593229432106024,0.36180487151145946
0.0001,1377.0,0.6593228532791134,0.3618039258956908
0.0001,1378.0,0.6593227624893186,0.36180298128128063
0.0001,1379.0,0.6593226790428155,0.36180204243659975
0.0001,1380.0,0.6593225870132445,0.36180109872817995
0.0001,1381.0,0.6593225002288816,0.36180015988349906
0.0001,1382.0,0.6593224122047422,0.36179922671318054
0.0001,1383.0,0.6593223255157471,0.36179829554557813
0.0001,1384.0,0.6593222326278689,0.3617973682880402
0.0001,1385.0,0.6593221554756162,0.36179644188880916
0.0001,1386.0,0.6593220661163329,0.361795522403717
0.0001,1387.0,0.6593219764709471,0.36179459424018856
0.0001,1388.0,0.6593218971252439,0.36179368577003485
0.0001,1389.0,0.6593218057632444,0.36179277005195626
0.0001,1390.0,0.659321725654602,0.36179185156822213
0.0001,1391.0,0.6593216400146483,0.3617909349918365
0.0001,1392.0,0.6593215563774105,0.36179004225730904
0.0001,1393.0,0.6593214740753168,0.36178913569450377
0.0001,1394.0,0.6593213937759402,0.3617882403850555
0.0001,1395.0,0.6593213171005247,0.36178734531402607
0.0001,1396.0,0.6593212291717527,0.36178645000457754
0.0001,1397.0,0.6593211525917048,0.36178555011749275
0.0001,1398.0,0.6593210643768317,0.36178466835021983
0.0001,1399.0,0.6593209872245787,0.3617837763786317
0.0001,1400.0,0.659320904827118,0.3617828921318054
0.0001,1401.0,0.6593208267211914,0.36178201265335075
0.0001,1402.0,0.659320740032196,0.361781137084961
0.0001,1403.0,0.6593206718444831,0.36178025698661803
0.0001,1404.0,0.6593205870628355,0.3617793839454651
0.0001,1405.0,0.659320512676239,0.3617785197734832
0.0001,1406.0,0.65932043132782,0.3617776419639588
0.0001,1407.0,0.65932035446167,0.36177678418159476
0.0001,1408.0,0.6593202762603768,0.3617759366035463
0.0001,1409.0,0.6593202003479004,0.3617750635147095
0.0001,1410.0,0.6593201276779178,0.3617742126464844
0.0001,1411.0,0.659320045852661,0.36177335357666013
0.0001,1412.0,0.6593199727058409,0.3617725078105926
0.0001,1413.0,0.6593198934555056,0.3617716614246368
0.0001,1414.0,0.6593198206901549,0.3617708183288573
0.0001,1415.0,0.659319753551483,0.3617699741363524
0.0001,1416.0,0.6593196716308591,0.3617691317081451
0.0001,1417.0,0.6593195983886714,0.3617682997703553
0.0001,1418.0,0.659319526100159,0.36176745834350577
0.0001,1419.0,0.6593194501876836,0.36176662034988405
0.0001,1420.0,0.6593193777084343,0.36176579275131215
0.0001,1421.0,0.6593193058013918,0.361764971780777
0.0001,1422.0,0.6593192329406741,0.3617641377925875
0.0001,1423.0,0.6593191606521615,0.3617633140087129
0.0001,1424.0,0.6593190927505493,0.3617624989509582
0.0001,1425.0,0.6593190207481386,0.36176168069839476
0.0001,1426.0,0.6593189491271972,0.361760870885849
0.0001,1427.0,0.6593188766479491,0.3617600605964661
0.0001,1428.0,0.6593188083648682,0.3617592383861542
0.0001,1429.0,0.6593187378883366,0.36175843200683583
0.0001,1430.0,0.6593186693191522,0.3617576231479646
0.0001,1431.0,0.6593186009407042,0.3617568212032321
0.0001,1432.0,0.6593185317039484,0.36175601649284383
0.0001,1433.0,0.6593184658050536,0.3617552205562594
0.0001,1434.0,0.6593183929443365,0.3617544270515441
0.0001,1435.0,0.6593183268547056,0.36175363101959235
0.0001,1436.0,0.6593182631492612,0.3617528466701508
0.0001,1437.0,0.6593181913375854,0.36175205340385436
0.0001,1438.0,0.6593181247711181,0.3617512699127197
0.0001,1439.0,0.6593180583953856,0.3617504781246185
0.0001,1440.0,0.6593179913520812,0.3617497004985809
0.0001,1441.0,0.6593179254531859,0.3617489187240602
0.0001,1442.0,0.6593178625106813,0.3617481403350832
0.0001,1443.0,0.6593177948951725,0.36174736967086796
0.0001,1444.0,0.6593177340507507,0.3617465936660768
0.0001,1445.0,0.6593176656723018,0.3617458179473878
0.0001,1446.0,0.6593176027297972,0.3617450539588929
0.0001,1447.0,0.6593175383567814,0.36174428548812854
0.0001,1448.0,0.6593174711227417,0.3617435241222382
0.0001,1449.0,0.6593174114227294,0.3617427635192872
0.0001,1450.0,0.6593173451423646,0.3617420104026794
0.0001,1451.0,0.6593172875404357,0.3617412464141844
0.0001,1452.0,0.6593172183990478,0.36174050359725957
0.0001,1453.0,0.659317155647278,0.3617397449493408
0.0001,1454.0,0.6593170957565303,0.36173898334503174
0.0001,1455.0,0.6593170347213742,0.3617382528305054
0.0001,1456.0,0.6593169734954832,0.3617374963760376
0.0001,1457.0,0.6593169139862057,0.3617367519378662
0.0001,1458.0,0.6593168523788452,0.36173601050376897
0.0001,1459.0,0.6593167920112608,0.361735271835327
0.0001,1460.0,0.6593167295455933,0.36173453888893137
0.0001,1461.0,0.6593166730880738,0.36173380331993105
0.0001,1462.0,0.6593166162490848,0.3617330673217775
0.0001,1463.0,0.6593165550231935,0.36173233704566954
0.0001,1464.0,0.659316494750977,0.3617316129207612
0.0001,1465.0,0.659316429710388,0.36173089246749884
0.0001,1466.0,0.6593163766860958,0.3617301692485811
0.0001,1467.0,0.6593163171768188,0.36172944664955137
0.0001,1468.0,0.6593162561416622,0.361728719806671
0.0001,1469.0,0.6593161998748779,0.361728013420105
0.0001,1470.0,0.6593161443710321,0.3617273022174836
0.0001,1471.0,0.6593160860061644,0.3617265793800356
0.0001,1472.0,0.6593160282135013,0.36172587652206417
0.0001,1473.0,0.6593159713745114,0.36172516946792604
0.0001,1474.0,0.6593159172058107,0.3617244671344758
0.0001,1475.0,0.6593158603668207,0.3617237654685974
0.0001,1476.0,0.6593158077239992,0.3617230609893799
0.0001,1477.0,0.6593157491683963,0.3617223604202271
0.0001,1478.0,0.6593156967163092,0.3617216593742371
0.0001,1479.0,0.6593156339645386,0.36172096791267405
0.0001,1480.0,0.6593155820846561,0.36172028121948224
0.0001,1481.0,0.6593155332565309,0.361719592809677
0.0001,1482.0,0.6593154720306402,0.3617189103603364
0.0001,1483.0,0.659315418148041,0.36171822209358223
0.0001,1484.0,0.659315366649628,0.36171753063201917
0.0001,1485.0,0.6593153148651129,0.3617168601512909
0.0001,1486.0,0.6593152601242063,0.36171617960929875
0.0001,1487.0,0.6593152097702027,0.36171550455093376
0.0001,1488.0,0.6593151544570928,0.36171482324600224
0.0001,1489.0,0.6593150997161865,0.36171415796279904
0.0001,1490.0,0.6593150506973271,0.3617134800434113
0.0001,1491.0,0.659314996051788,0.36171281962394713
0.0001,1492.0,0.6593149475097654,0.36171215009689334
0.0001,1493.0,0.6593148931503295,0.3617114871025086
0.0001,1494.0,0.6593148389816287,0.3617108260154724
0.0001,1495.0,0.6593147907257086,0.36171016969680775
0.0001,1496.0,0.6593147428512571,0.36170951046943667
0.0001,1497.0,0.6593146934509277,0.361708847141266
0.0001,1498.0,0.659314642143249,0.36170819501876833
0.0001,1499.0,0.6593145875930787,0.36170754299163826
0.0001,1500.0,0.6593145427703856,0.36170689587593086
0.0001,1501.0,0.6593144938468933,0.3617062537193298
0.0001,1502.0,0.6593144423484798,0.3617056048870086
0.0001,1503.0,0.6593143932342527,0.36170496053695683
0.0001,1504.0,0.6593143465042116,0.3617043191432953
0.0001,1505.0,0.6593142951011655,0.36170367269516013
0.0001,1506.0,0.6593142481803895,0.36170304217338556
0.0001,1507.0,0.659314201545715,0.36170240192413333
0.0001,1508.0,0.659314152431488,0.3617017719745636
0.0001,1509.0,0.6593141077995297,0.36170114588737484
0.0001,1510.0,0.6593140561103824,0.36170050797462444
0.0001,1511.0,0.6593140081405637,0.36169987502098083
0.0001,1512.0,0.6593139583587646,0.3616992510318756
0.0001,1513.0,0.6593139133453371,0.3616986257076264
0.0001,1514.0,0.6593138656616212,0.3616980057716371
0.0001,1515.0,0.6593138193130499,0.36169737405776986
0.0001,1516.0,0.6593137754440311,0.36169676437377946
0.0001,1517.0,0.6593137320518493,0.36169614291191116
0.0001,1518.0,0.6593136800765989,0.3616955294609074
0.0001,1519.0,0.6593136348724362,0.36169490981101987
0.0001,1520.0,0.659313593101502,0.3616942995548249
0.0001,1521.0,0.65931354560852,0.36169369087219244
0.0001,1522.0,0.6593135025024413,0.36169308257102967
0.0001,1523.0,0.6593134561538696,0.36169247751235967
0.0001,1524.0,0.6593134162902833,0.3616918651103973
0.0001,1525.0,0.6593133739471431,0.36169126353263853
0.0001,1526.0,0.6593133305549621,0.36169066357612617
0.0001,1527.0,0.6593132829666133,0.3616900557518004
0.0001,1528.0,0.6593132377624508,0.36168946666717533
0.0001,1529.0,0.6593131971359244,0.3616888625144959
0.0001,1530.0,0.6593131471633906,0.361688257789612
0.0001,1531.0,0.6593131113052373,0.3616876725196839
0.0001,1532.0,0.6593130651473998,0.36168708128929133
0.0001,1533.0,0.6593130229949948,0.36168648710250856
0.0001,1534.0,0.6593129795074463,0.36168590011596674
0.0001,1535.0,0.6593129372596742,0.3616853114604949
0.0001,1536.0,0.6593128976821898,0.36168473439216636
0.0001,1537.0,0.6593128536224364,0.3616841484069825
0.0001,1538.0,0.6593128129959096,0.3616835727214813
0.0001,1539.0,0.6593127719879153,0.3616829916954041
0.0001,1540.0,0.6593127303123469,0.3616824060916901
0.0001,1541.0,0.6593126888275147,0.3616818317890168
0.0001,1542.0,0.6593126499176025,0.3616812594890595
0.0001,1543.0,0.6593126073837281,0.36168068518638613
0.0001,1544.0,0.6593125684738159,0.36168011894226076
0.0001,1545.0,0.659312528324127,0.3616795425891876
0.0001,1546.0,0.6593124816894532,0.3616789855003358
0.0001,1547.0,0.6593124463081366,0.3616784174919129
0.0001,1548.0,0.6593124074935911,0.3616778431415558
0.0001,1549.0,0.6593123639106748,0.3616772812366486
0.0001,1550.0,0.6593123254776,0.36167671766281123
0.0001,1551.0,0.6593122852325444,0.3616761593818665
0.0001,1552.0,0.6593122512817382,0.36167560734748855
0.0001,1553.0,0.6593122087478636,0.36167505159378044
0.0001,1554.0,0.6593121710777282,0.36167448873519914
0.0001,1555.0,0.6593121369361876,0.36167393512725826
0.0001,1556.0,0.6593120963096616,0.3616733852863311
0.0001,1557.0,0.6593120555877687,0.36167283840179454
0.0001,1558.0,0.6593120141983032,0.3616722932815552
0.0001,1559.0,0.6593119800567626,0.36167174801826474
0.0001,1560.0,0.659311943435668,0.3616712048053742
0.0001,1561.0,0.6593119117736815,0.36167066068649295
0.0001,1562.0,0.6593118688583366,0.36167011122703563
0.0001,1563.0,0.6593118387222298,0.3616695713043213
0.0001,1564.0,0.6593117959022523,0.361669034910202
0.0001,1565.0,0.6593117567062381,0.3616685028553009
0.0001,1566.0,0.659311720371247,0.3616679688453674
0.0001,1567.0,0.6593116842269902,0.3616674303531648
0.0001,1568.0,0.6593116498947146,0.36166689968109134
0.0001,1569.0,0.6593116132736209,0.36166636996269236
0.0001,1570.0,0.6593115790367124,0.3616658411502836
0.0001,1571.0,0.6593115389823924,0.36166530761718746
0.0001,1572.0,0.6593115095138551,0.36166477751731885
0.0001,1573.0,0.6593114723205565,0.3616642638683319
0.0001,1574.0,0.659311436271667,0.36166372928619395
0.0001,1575.0,0.6593113971710214,0.3616632086753846
0.0001,1576.0,0.659311371040344,0.3616626900672912
0.0001,1577.0,0.6593113311767581,0.3616621709823609
0.0001,1578.0,0.6593112982749934,0.36166165146827706
0.0001,1579.0,0.6593112590789791,0.36166113548278805
0.0001,1580.0,0.6593112301826481,0.3616606210708618
0.0001,1581.0,0.659311192321777,0.3616601047515868
0.0001,1582.0,0.6593111614227296,0.36165960025787347
0.0001,1583.0,0.6593111257553094,0.36165909137725827
0.0001,1584.0,0.6593110927581787,0.36165856709480293
0.0001,1585.0,0.6593110614776608,0.3616580724716186
0.0001,1586.0,0.6593110296249394,0.36165756201744076
0.0001,1587.0,0.6593109925270079,0.3616570617675782
0.0001,1588.0,0.6593109569549557,0.36165655460357665
0.0001,1589.0,0.6593109310150149,0.3616560615539551
0.0001,1590.0,0.6593109016418455,0.36165555543899525
0.0001,1591.0,0.6593108642578123,0.3616550532341004
0.0001,1592.0,0.6593108282089233,0.3616545628070831
0.0001,1593.0,0.6593107991218563,0.36165406546592727
0.0001,1594.0,0.6593107633590698,0.36165357418060307
0.0001,1595.0,0.6593107332229613,0.36165307412147524
0.0001,1596.0,0.6593107051849367,0.361652582168579
0.0001,1597.0,0.6593106653213497,0.36165209298133844
0.0001,1598.0,0.6593106376647948,0.3616516070365907
0.0001,1599.0,0.6593106086730957,0.36165112342834477
0.0001,1600.0,0.6593105798721309,0.3616506357192993
0.0001,1601.0,0.6593105491638186,0.3616501505851746
0.0001,1602.0,0.659310514926911,0.3616496728420258
0.0001,1603.0,0.659310485839844,0.36164918799400336
0.0001,1604.0,0.6593104516983033,0.3616487104892731
0.0001,1605.0,0.6593104204177854,0.3616482278823852
0.0001,1606.0,0.6593103993415833,0.3616477504730225
0.0001,1607.0,0.6593103632926944,0.3616472787857057
0.0001,1608.0,0.6593103347778321,0.36164680781364433
0.0001,1609.0,0.6593103045463566,0.36164634089469916
0.0001,1610.0,0.6593102726936341,0.361645863008499
0.0001,1611.0,0.6593102473258974,0.36164539470672596
0.0001,1612.0,0.6593102146148687,0.3616449255943297
0.0001,1613.0,0.6593101860046393,0.3616444550037383
0.0001,1614.0,0.6593101551055902,0.3616439931869508
0.0001,1615.0,0.6593101263046257,0.36164353137016303
0.0001,1616.0,0.6593100969314575,0.36164306783676153
0.0001,1617.0,0.6593100744247444,0.3616426100254059
0.0001,1618.0,0.6593100414276122,0.361642137813568
0.0001,1619.0,0.6593100107192995,0.3616416823863983
0.0001,1620.0,0.6593099852561953,0.36164122834205636
0.0001,1621.0,0.6593099548339846,0.3616407653808594
0.0001,1622.0,0.6593099296569825,0.361640315580368
0.0001,1623.0,0.6593099017143248,0.361639860868454
0.0001,1624.0,0.6593098719596856,0.36163941373825065
0.0001,1625.0,0.6593098472595211,0.36163895835876475
0.0001,1626.0,0.6593098148345946,0.3616385053157808
0.0001,1627.0,0.6593097902297973,0.36163805932998655
0.0001,1628.0,0.6593097602844239,0.3616376104354858
0.0001,1629.0,0.659309733200073,0.3616371690273287
0.0001,1630.0,0.6593097080230717,0.3616367236137391
0.0001,1631.0,0.6593096798896789,0.36163628473281856
0.0001,1632.0,0.6593096549987794,0.36163584089279177
0.0001,1633.0,0.6593096267700194,0.36163540024757407
0.0001,1634.0,0.6593096025466916,0.36163495187759404
0.0001,1635.0,0.6593095747947698,0.3616345180034638
0.0001,1636.0,0.6593095485687254,0.36163408179283135
0.0001,1637.0,0.6593095177650454,0.36163364205360404
0.0001,1638.0,0.6593094964981081,0.36163320569992075
0.0001,1639.0,0.6593094675064092,0.361632776594162
0.0001,1640.0,0.659309445667267,0.3616323471546173
0.0001,1641.0,0.659309417629242,0.3616319118976594
0.0001,1642.0,0.659309391403198,0.3616314867019653
0.0001,1643.0,0.6593093667984006,0.3616310469150544
0.0001,1644.0,0.6593093391418459,0.36163063311576843
0.0001,1645.0,0.659309318351745,0.36163020706176763
0.0001,1646.0,0.6593092899322507,0.36162978472709656
0.0001,1647.0,0.659309264850616,0.36162936215400704
0.0001,1648.0,0.6593092390060423,0.36162893915176386
0.0001,1649.0,0.659309217071533,0.3616285168647765
0.0001,1650.0,0.6593091922760002,0.36162809848785404
0.0001,1651.0,0.6593091665267943,0.3616276789188386
0.0001,1652.0,0.6593091485977174,0.3616272558212281
0.0001,1653.0,0.6593091190338135,0.36162685046195986
0.0001,1654.0,0.6593090929031367,0.361626433134079
0.0001,1655.0,0.6593090724945068,0.3616260212898254
0.0001,1656.0,0.6593090433120729,0.3616256102561951
0.0001,1657.0,0.6593090192794793,0.3616251986026764
0.0001,1658.0,0.6593089971542359,0.36162478728294384
0.0001,1659.0,0.6593089719772344,0.36162437610626236
0.0001,1660.0,0.659308953857422,0.3616239768981934
0.0001,1661.0,0.659308932876587,0.3616235695838927
0.0001,1662.0,0.659308903884887,0.3616231607437134
0.0001,1663.0,0.6593088832855222,0.361622763299942
0.0001,1664.0,0.6593088602066038,0.3616223640918732
0.0001,1665.0,0.659308836650848,0.3616219568252564
0.0001,1666.0,0.6593088127136224,0.3616215550422668
0.0001,1667.0,0.6593087909698486,0.3616211595058442
0.0001,1668.0,0.6593087665557859,0.3616207620620728
0.0001,1669.0,0.6593087388992317,0.3616203735351561
0.0001,1670.0,0.6593087184906014,0.3616199724674225
0.0001,1671.0,0.6593087000846864,0.3616195696353911
0.0001,1672.0,0.6593086799621585,0.36161917514801023
0.0001,1673.0,0.6593086545944208,0.36161879310607914
0.0001,1674.0,0.6593086349487304,0.3616183975696565
0.0001,1675.0,0.6593086069107056,0.36161801223754897
0.0001,1676.0,0.6593085939407346,0.3616176275253298
0.0001,1677.0,0.6593085662841797,0.3616172421932222
0.0001,1678.0,0.6593085481643671,0.3616168530464172
0.0001,1679.0,0.6593085245132446,0.36161647305488587
0.0001,1680.0,0.6593084988594055,0.3616160827636721
0.0001,1681.0,0.6593084797859194,0.36161570353507977
0.0001,1682.0,0.6593084602355951,0.361615323638916
0.0001,1683.0,0.6593084319114683,0.36161493616104123
0.0001,1684.0,0.6593084197044373,0.3616145613670349
0.0001,1685.0,0.6593083959579467,0.3616141791820526
0.0001,1686.0,0.6593083768844602,0.36161380143165583
0.0001,1687.0,0.6593083568572995,0.36161342306137106
0.0001,1688.0,0.6593083369255064,0.36161304907798764
0.0001,1689.0,0.6593083126068116,0.36161267671585096
0.0001,1690.0,0.6593082927703862,0.36161230478286754
0.0001,1691.0,0.6593082733154296,0.3616119314670563
0.0001,1692.0,0.6593082518577574,0.3616115654945372
0.0001,1693.0,0.6593082324981682,0.3616111985206603
0.0001,1694.0,0.6593082118034361,0.36161081891059893
0.0001,1695.0,0.659308189964294,0.36161045651435864
0.0001,1696.0,0.659308166885376,0.36161008996963495
0.0001,1697.0,0.6593081489562989,0.36160972328186036
0.0001,1698.0,0.6593081313133242,0.3616093574523927
0.0001,1699.0,0.6593081142425538,0.36160899786949174
0.0001,1700.0,0.6593080907821658,0.36160863275527955
0.0001,1701.0,0.6593080734252931,0.3616082689285279
0.0001,1702.0,0.6593080488204959,0.36160791788101204
0.0001,1703.0,0.6593080314636234,0.361607558631897
0.0001,1704.0,0.6593080162048337,0.36160719666481017
0.0001,1705.0,0.6593079965591429,0.3616068353176117
0.0001,1706.0,0.6593079727172859,0.3616064826965331
0.0001,1707.0,0.659307957458496,0.36160612707138057
0.0001,1708.0,0.6593079348564153,0.3616057744503022
0.0001,1709.0,0.6593079206466674,0.3616054147720338
0.0001,1710.0,0.6593079000473022,0.3616050712585447
0.0001,1711.0,0.6593078779220584,0.3616047164916991
0.0001,1712.0,0.6593078603744504,0.36160436458587647
0.0001,1713.0,0.6593078443527222,0.36160401740074155
0.0001,1714.0,0.659307825183869,0.3616036660671232
0.0001,1715.0,0.659307806777954,0.3616033264160157
0.0001,1716.0,0.6593077905654906,0.3616029817104339
0.0001,1717.0,0.6593077682495116,0.36160263409614574
0.0001,1718.0,0.659307755088806,0.361602291584015
0.0001,1719.0,0.6593077360153197,0.36160194768905646
0.0001,1720.0,0.6593077152252195,0.36160160307884215
0.0001,1721.0,0.6593076961517335,0.36160126733779907
0.0001,1722.0,0.659307681083679,0.3616009304046632
0.0001,1723.0,0.6593076610565184,0.3616005910873414
0.0001,1724.0,0.6593076486587522,0.36160024380683903
0.0001,1725.0,0.6593076243400577,0.3615999088287356
0.0001,1726.0,0.6593076075553899,0.3615995772361756
0.0001,1727.0,0.6593075958251952,0.36159923810958866
0.0001,1728.0,0.6593075799942015,0.36159890847206116
0.0001,1729.0,0.6593075586318962,0.3615985789775849
0.0001,1730.0,0.6593075395584098,0.3615982358932495
0.0001,1731.0,0.6593075250625604,0.361597904920578
0.0001,1732.0,0.6593075064659116,0.36159757475852977
0.0001,1733.0,0.6593074924468991,0.36159723935127247
0.0001,1734.0,0.6593074747085574,0.3615969182968139
0.0001,1735.0,0.6593074577331545,0.36159658555984503
0.0001,1736.0,0.6593074415206909,0.3615962601661683
0.0001,1737.0,0.6593074240684511,0.361595928287506
0.0001,1738.0,0.659307407379151,0.36159560375213623
0.0001,1739.0,0.6593073915481565,0.36159528207778946
0.0001,1740.0,0.659307380104065,0.3615949652671813
0.0001,1741.0,0.6593073577880862,0.3615946371078493
0.0001,1742.0,0.6593073429107663,0.3615943166255952
0.0001,1743.0,0.65930732421875,0.3615939977645873
0.0001,1744.0,0.6593073106765752,0.361593671798706
0.0001,1745.0,0.6593072945594789,0.36159334788322456
0.0001,1746.0,0.6593072811126706,0.3615930428981781
0.0001,1747.0,0.6593072647094729,0.36159271907806395
0.0001,1748.0,0.6593072433471687,0.3615924020290376
0.0001,1749.0,0.6593072309494019,0.3615920951366424
0.0001,1750.0,0.6593072181701672,0.36159177174568163
0.0001,1751.0,0.6593071940422061,0.3615914620399476
0.0001,1752.0,0.6593071814537054,0.3615911470890044
0.0001,1753.0,0.6593071716308598,0.36159083456993096
0.0001,1754.0,0.6593071540832519,0.36159052553176885
0.0001,1755.0,0.6593071378707884,0.3615902152061463
0.0001,1756.0,0.6593071199417111,0.36158990278244024
0.0001,1757.0,0.6593071074485778,0.3615895961761475
0.0001,1758.0,0.6593070947647093,0.3615892814159395
0.0001,1759.0,0.6593070787429809,0.3615889858722688
0.0001,1760.0,0.6593070625305166,0.36158867063522354
0.0001,1761.0,0.6593070483207699,0.3615883776664734
0.0001,1762.0,0.6593070364952087,0.3615880714893341
0.0001,1763.0,0.65930701751709,0.3615877730369569
0.0001,1764.0,0.6593070016860959,0.36158746476173415
0.0001,1765.0,0.6593069908142093,0.3615871701717377
0.0001,1766.0,0.6593069814682003,0.3615868641853331
0.0001,1767.0,0.6593069614410402,0.3615865659713748
0.0001,1768.0,0.6593069471359251,0.3615862711429595
0.0001,1769.0,0.6593069316864008,0.36158597373962403
0.0001,1770.0,0.659306914424896,0.36158567943573006
0.0001,1771.0,0.6593069025039671,0.3615853796482086
0.0001,1772.0,0.6593068920135492,0.3615850809574126
0.0001,1773.0,0.6593068774223332,0.3615847864627839
0.0001,1774.0,0.6593068628311157,0.3615845013141633
0.0001,1775.0,0.6593068513870244,0.3615842144012451
0.0001,1776.0,0.6593068353652951,0.36158391885757446
0.0001,1777.0,0.6593068187713627,0.3615836262702942
0.0001,1778.0,0.6593068075180054,0.3615833345890045
0.0001,1779.0,0.6593067893981938,0.36158304820060727
0.0001,1780.0,0.6593067775726322,0.36158276548385626
0.0001,1781.0,0.6593067623138428,0.36158246860504145
0.0001,1782.0,0.6593067490577692,0.3615821826457976
0.0001,1783.0,0.6593067358970643,0.36158189396858226
0.0001,1784.0,0.6593067232131954,0.36158160977363574
0.0001,1785.0,0.6593067113876344,0.36158132534027104
0.0001,1786.0,0.6593066991806019,0.36158104610443115
0.0001,1787.0,0.6593066864013671,0.3615807626724244
0.0001,1788.0,0.6593066667556764,0.36158047595024084
0.0001,1789.0,0.6593066597938537,0.36158018989562973
0.0001,1790.0,0.6593066447257998,0.3615799162387848
0.0001,1791.0,0.6593066339492805,0.3615796390533448
0.0001,1792.0,0.6593066156387327,0.3615793583869934
0.0001,1793.0,0.6593066055297852,0.36157907686233515
0.0001,1794.0,0.6593065988540648,0.3615787971973419
0.0001,1795.0,0.6593065853118905,0.36157852749824526
0.0001,1796.0,0.6593065694808952,0.36157824912071246
0.0001,1797.0,0.6593065557479856,0.3615779757022857
0.0001,1798.0,0.6593065414428715,0.3615777011871338
0.0001,1799.0,0.6593065284729005,0.36157742681503313
0.0001,1800.0,0.6593065174102785,0.3615771537780764
0.0001,1801.0,0.659306503391266,0.3615768849372863
0.0001,1802.0,0.6593064950942994,0.36157661423683163
0.0001,1803.0,0.6593064809799201,0.3615763433933257
0.0001,1804.0,0.6593064689636232,0.3615760688304902
0.0001,1805.0,0.6593064590454103,0.36157581052780163
0.0001,1806.0,0.6593064437866205,0.36157554068565373
0.0001,1807.0,0.659306429195404,0.36157527108192444
0.0001,1808.0,0.6593064222335823,0.3615750044822693
0.0001,1809.0,0.6593064090728763,0.3615747433185576
0.0001,1810.0,0.6593063987731933,0.361574473142624
0.0001,1811.0,0.6593063865661621,0.36157421612739565
0.0001,1812.0,0.659306374454498,0.3615739446163179
0.0001,1813.0,0.659306363105774,0.36157369189262384
0.0001,1814.0,0.6593063491821289,0.36157341794967657
0.0001,1815.0,0.6593063368797308,0.3615731606960298
0.0001,1816.0,0.6593063243865972,0.3615728993415833
0.0001,1817.0,0.6593063160896298,0.36157264504432685
0.0001,1818.0,0.6593063074111941,0.36157238597869873
0.0001,1819.0,0.6593062928199764,0.36157212343215944
0.0001,1820.0,0.6593062824249264,0.36157186732292174
0.0001,1821.0,0.6593062701225278,0.3615716025352479
0.0001,1822.0,0.6593062612533565,0.36157135300636284
0.0001,1823.0,0.659306249046326,0.3615710932254791
0.0001,1824.0,0.6593062335014349,0.3615708511352538
0.0001,1825.0,0.6593062229156498,0.36157058506011974
0.0001,1826.0,0.6593062133789063,0.36157033963203444
0.0001,1827.0,0.6593062002182005,0.36157008523941037
0.0001,1828.0,0.6593061922073365,0.3615698315143586
0.0001,1829.0,0.6593061811447144,0.3615695865154266
0.0001,1830.0,0.6593061699867249,0.3615693275928497
0.0001,1831.0,0.659306156539917,0.36156908063888554
0.0001,1832.0,0.6593061471939088,0.3615688310146332
0.0001,1833.0,0.6593061395645137,0.3615685907840729
0.0001,1834.0,0.6593061328887941,0.36156833338737493
0.0001,1835.0,0.6593061185836794,0.36156809186935446
0.0001,1836.0,0.6593061037063591,0.361567852640152
0.0001,1837.0,0.6593060998916624,0.36156761088371264
0.0001,1838.0,0.6593060844421389,0.3615673533439637
0.0001,1839.0,0.659306070709229,0.361567117214203
0.0001,1840.0,0.6593060651779177,0.361566874551773
0.0001,1841.0,0.6593060499191291,0.36156662669181827
0.0001,1842.0,0.659306043338775,0.3615663890361786
0.0001,1843.0,0.6593060310363767,0.3615661438941958
0.0001,1844.0,0.6593060230255129,0.3615659024238587
0.0001,1845.0,0.6593060085296627,0.3615656630516052
0.0001,1846.0,0.6593060005187987,0.3615654247283937
0.0001,1847.0,0.6593059955596923,0.36156518692970285
0.0001,1848.0,0.6593059835433958,0.3615649423599244
0.0001,1849.0,0.6593059762954712,0.36156471095085135
0.0001,1850.0,0.6593059597969054,0.361564479970932
0.0001,1851.0,0.6593059560775759,0.36156423687934885
0.0001,1852.0,0.6593059431076049,0.36156399497985825
0.0001,1853.0,0.6593059326171867,0.3615637713909149
0.0001,1854.0,0.6593059202194209,0.36156353220939647
0.0001,1855.0,0.6593059151649477,0.3615632998466491
0.0001,1856.0,0.6593059045791626,0.361563057756424
0.0001,1857.0,0.6593058963775638,0.36156283497810354
0.0001,1858.0,0.6593058863639835,0.3615626066207886
0.0001,1859.0,0.6593058773040773,0.3615623683929442
0.0001,1860.0,0.6593058702468876,0.36156213731765746
0.0001,1861.0,0.659305858421326,0.3615619081974032
0.0001,1862.0,0.6593058462142949,0.36156167912483195
0.0001,1863.0,0.6593058406829836,0.3615614445686341
0.0001,1864.0,0.6593058312416081,0.36156122045516964
0.0001,1865.0,0.6593058181762691,0.3615609967708587
0.0001,1866.0,0.659305808830261,0.36156076078414917
0.0001,1867.0,0.659305801963806,0.3615605434894562
0.0001,1868.0,0.6593057917594906,0.3615603256702424
0.0001,1869.0,0.6593057832717893,0.3615600938796998
0.0001,1870.0,0.6593057725906369,0.36155987124443056
0.0001,1871.0,0.6593057643890382,0.3615596567630768
0.0001,1872.0,0.6593057538032534,0.3615594296455384
0.0001,1873.0,0.6593057483673089,0.36155921101570143
0.0001,1874.0,0.6593057409286494,0.3615589844703673
0.0001,1875.0,0.6593057298660279,0.3615587694644928
0.0001,1876.0,0.6593057213783265,0.36155854473114024
0.0001,1877.0,0.6593057107925416,0.3615583308696747
0.0001,1878.0,0.6593057044982913,0.3615581106662751
0.0001,1879.0,0.6593056951522831,0.36155789699554436
0.0001,1880.0,0.6593056819915767,0.3615576746463776
0.0001,1881.0,0.6593056787490841,0.3615574599266052
0.0001,1882.0,0.6593056656837462,0.36155723085403446
0.0001,1883.0,0.6593056577682497,0.3615570179462433
0.0001,1884.0,0.6593056509017944,0.3615568105697633
0.0001,1885.0,0.6593056404113773,0.3615565989494322
0.0001,1886.0,0.6593056334495546,0.3615563772201536
0.0001,1887.0,0.6593056266784663,0.36155616898536674
0.0001,1888.0,0.6593056175231934,0.36155595989227296
0.0001,1889.0,0.6593056104660039,0.3615557442665099
0.0001,1890.0,0.6593055972099309,0.3615555286407471
0.0001,1891.0,0.659305591583252,0.361555324602127
0.0001,1892.0,0.6593055814743046,0.36155511751174935
0.0001,1893.0,0.6593055756568905,0.3615549070358277
0.0001,1894.0,0.6593055686950684,0.36155470328330985
0.0001,1895.0,0.6593055612564085,0.3615544861316681
0.0001,1896.0,0.6593055519104005,0.3615542777061463
0.0001,1897.0,0.6593055502891543,0.36155407190322875
0.0001,1898.0,0.6593055398941036,0.3615538709163667
0.0001,1899.0,0.6593055274963373,0.3615536644458772
0.0001,1900.0,0.6593055225372311,0.36155346446037295
0.0001,1901.0,0.6593055110931396,0.36155325503349306
0.0001,1902.0,0.659305505275726,0.36155305395126336
0.0001,1903.0,0.6593054910659792,0.36155285234451295
0.0001,1904.0,0.6593054867744448,0.3615526453018188
0.0001,1905.0,0.6593054790496823,0.361552440929413
0.0001,1906.0,0.6593054740905763,0.3615522409915924
0.0001,1907.0,0.6593054658889771,0.36155205135345464
0.0001,1908.0,0.6593054584503178,0.36155184392929096
0.0001,1909.0,0.6593054506301879,0.3615516502857209
0.0001,1910.0,0.659305445098877,0.36155144066810596
0.0001,1911.0,0.6593054347991945,0.36155124735832234
0.0001,1912.0,0.6593054330825806,0.36155105485916145
0.0001,1913.0,0.6593054237365724,0.36155085024833683
0.0001,1914.0,0.6593054129600525,0.36155065855979923
0.0001,1915.0,0.6593054103851317,0.36155045976638794
0.0001,1916.0,0.659305401039123,0.3615502633094787
0.0001,1917.0,0.659305389213562,0.3615500684738159
0.0001,1918.0,0.6593053845405574,0.36154987573623637
0.0001,1919.0,0.6593053760528561,0.36154967908859253
0.0001,1920.0,0.6593053720474248,0.3615494804859161
0.0001,1921.0,0.6593053655624389,0.3615492970466614
0.0001,1922.0,0.6593053548812865,0.3615490927696229
0.0001,1923.0,0.6593053476333613,0.36154889492988596
0.0001,1924.0,0.659305340385437,0.3615487110137941
0.0001,1925.0,0.6593053326606754,0.3615485233306885
0.0001,1926.0,0.659305326557159,0.3615483357429504
0.0001,1927.0,0.6593053188323972,0.3615481374263764
0.0001,1928.0,0.6593053138732908,0.3615479528903962
0.0001,1929.0,0.6593053028106688,0.36154776782989495
0.0001,1930.0,0.6593052979469295,0.3615475816249847
0.0001,1931.0,0.6593052930831905,0.36154738144874565
0.0001,1932.0,0.6593052865028382,0.36154719004631036
0.0001,1933.0,0.6593052749633791,0.3615470066547393
0.0001,1934.0,0.6593052684783939,0.361546819639206
0.0001,1935.0,0.6593052651405333,0.36154663734436027
0.0001,1936.0,0.6593052564620968,0.36154645528793333
0.0001,1937.0,0.6593052489280694,0.3615462631225586
0.0001,1938.0,0.6593052470207214,0.3615460795879365
0.0001,1939.0,0.6593052375793459,0.3615459018707275
0.0001,1940.0,0.6593052268028262,0.36154571356773385
0.0001,1941.0,0.6593052238464358,0.3615455344676972
0.0001,1942.0,0.6593052202224734,0.3615453500270844
0.0001,1943.0,0.659305213546753,0.36154516959190375
0.0001,1944.0,0.6593052059173582,0.36154498763084414
0.0001,1945.0,0.6593051928520197,0.36154480433464053
0.0001,1946.0,0.6593051954269408,0.3615446282863617
0.0001,1947.0,0.6593051846504219,0.3615444477081298
0.0001,1948.0,0.6593051803588869,0.3615442694664002
0.0001,1949.0,0.6593051702499391,0.36154408669471755
0.0001,1950.0,0.6593051647186279,0.3615439090728759
0.0001,1951.0,0.6593051580429077,0.3615437214851381
0.0001,1952.0,0.6593051555633546,0.3615435437679291
0.0001,1953.0,0.659305145263672,0.3615433817863465
0.0001,1954.0,0.6593051441192631,0.3615432047843933
0.0001,1955.0,0.6593051351547247,0.3615430192947389
0.0001,1956.0,0.6593051305770877,0.3615428453922272
0.0001,1957.0,0.6593051229476932,0.3615426724433899
0.0001,1958.0,0.6593051145553588,0.36154249906539915
0.0001,1959.0,0.6593051131248474,0.3615423159599302
0.0001,1960.0,0.6593051044464111,0.36154214854240424
0.0001,1961.0,0.6593050985336307,0.36154197459220894
0.0001,1962.0,0.6593050920486454,0.36154180541038516
0.0001,1963.0,0.6593050887107844,0.3615416298866272
0.0001,1964.0,0.6593050819396972,0.3615414527893067
0.0001,1965.0,0.6593050726890568,0.3615412850379943
0.0001,1966.0,0.6593050681114204,0.361541110086441
0.0001,1967.0,0.6593050642013554,0.36154094338417053
0.0001,1968.0,0.6593050551414492,0.36154077415466307
0.0001,1969.0,0.6593050521850584,0.36154061379432684
0.0001,1970.0,0.6593050449371344,0.36154044523239126
0.0001,1971.0,0.6593050386428836,0.36154026637077324
0.0001,1972.0,0.6593050338745117,0.3615400949001313
0.0001,1973.0,0.6593050298690792,0.361539933538437
0.0001,1974.0,0.6593050230026247,0.36153976440429697
0.0001,1975.0,0.6593050189971917,0.3615395963191986
0.0001,1976.0,0.6593050097465513,0.36153942775726317
0.0001,1977.0,0.6593050062179567,0.36153925909996026
0.0001,1978.0,0.6593049970626823,0.36153909091949465
0.0001,1979.0,0.6593049949645992,0.36153893089294425
0.0001,1980.0,0.6593049889564514,0.3615387688636778
0.0001,1981.0,0.6593049850463865,0.36153860449790975
0.0001,1982.0,0.6593049789428711,0.36153844170570365
0.0001,1983.0,0.6593049709320069,0.36153827633857716
0.0001,1984.0,0.6593049657821656,0.3615381156921386
0.0001,1985.0,0.6593049626350402,0.3615379465103151
0.0001,1986.0,0.659304953193665,0.361537795114517
0.0001,1987.0,0.6593049531936642,0.36153763031959546
0.0001,1988.0,0.6593049431800843,0.3615374668121338
0.0001,1989.0,0.6593049388885495,0.36153730421066277
0.0001,1990.0,0.6593049329757692,0.3615371482372284
0.0001,1991.0,0.6593049332618715,0.3615369873523713
0.0001,1992.0,0.6593049268722536,0.3615368258476258
0.0001,1993.0,0.6593049186706548,0.36153666810989377
0.0001,1994.0,0.6593049151420594,0.36153651118278507
0.0001,1995.0,0.6593049055099487,0.3615363503456117
0.0001,1996.0,0.6593049029350282,0.36153619003295906
0.0001,1997.0,0.6593049014091494,0.3615360358715058
0.0001,1998.0,0.6593048913955686,0.3615358826637268
0.0001,1999.0,0.6593048881530763,0.3615357231140139
0.0001,2000.0,0.6593048845291137,0.3615355652332306
0.0001,2001.0,0.6593048817634584,0.36153541092872626
0.0001,2002.0,0.6593048725128172,0.3615352534770966
0.0001,2003.0,0.6593048698425292,0.36153510646820075
0.0001,2004.0,0.6593048637390142,0.36153494901657085
0.0001,2005.0,0.6593048582077023,0.3615347880840301
0.0001,2006.0,0.6593048538208005,0.3615346354961394
0.0001,2007.0,0.6593048473358153,0.3615344871997834
0.0001,2008.0,0.6593048419952394,0.36153433461189266
0.0001,2009.0,0.6593048389434812,0.36153418164253215
0.0001,2010.0,0.6593048374176023,0.36153403339386
0.0001,2011.0,0.6593048320770262,0.3615338842868805
0.0001,2012.0,0.6593048278808598,0.3615337357997893
0.0001,2013.0,0.6593048177719117,0.36153358464241026
0.0001,2014.0,0.6593048179626466,0.3615334187984467
0.0001,2015.0,0.6593048105239868,0.3615332862854004
0.0001,2016.0,0.6593048055648807,0.36153313131332393
0.0001,2017.0,0.6593047991752626,0.3615329815864562
0.0001,2018.0,0.6593047945022582,0.36153284220695486
0.0001,2019.0,0.6593047876358032,0.3615326903343199
0.0001,2020.0,0.6593047885894774,0.3615325393676757
0.0001,2021.0,0.6593047822952273,0.36153238606452937
0.0001,2022.0,0.6593047809600832,0.36153224563598646
0.0001,2023.0,0.6593047692298889,0.36153210062980656
0.0001,2024.0,0.6593047662734982,0.36153195323944093
0.0001,2025.0,0.6593047643661499,0.36153180785179145
0.0001,2026.0,0.6593047593116759,0.3615316657543183
0.0001,2027.0,0.6593047524452208,0.36153151760101326
0.0001,2028.0,0.6593047508239746,0.3615313724040985
0.0001,2029.0,0.6593047424316408,0.36153122935295107
0.0001,2030.0,0.6593047415733337,0.3615310856819153
0.0001,2031.0,0.6593047353744506,0.3615309497833252
0.0001,2032.0,0.6593047300338749,0.3615307930469514
0.0001,2033.0,0.6593047282218933,0.36153065147399904
0.0001,2034.0,0.6593047185897823,0.3615305100440981
0.0001,2035.0,0.6593047214508058,0.36153037672042865
0.0001,2036.0,0.6593047160148622,0.3615302308559417
0.0001,2037.0,0.6593047092437747,0.361530090856552
0.0001,2038.0,0.6593047060012815,0.36152995285987855
0.0001,2039.0,0.659304701423645,0.361529807662964
0.0001,2040.0,0.6593046984672548,0.3615296707630157
0.0001,2041.0,0.6593046966552736,0.3615295279026032
0.0001,2042.0,0.659304688930511,0.3615293910980225
0.0001,2043.0,0.6593046850204465,0.3615292443275453
0.0001,2044.0,0.6593046827316279,0.36152911448478703
0.0001,2045.0,0.6593046766281128,0.36152897381782545
0.0001,2046.0,0.6593046709060669,0.3615288319587707
0.0001,2047.0,0.6593046652793889,0.3615286981582641
0.0001,2048.0,0.659304662322998,0.3615285552024841
0.0001,2049.0,0.6593046590805051,0.36152842144966135
0.0001,2050.0,0.6593046576499944,0.36152829279899606
0.0001,2051.0,0.6593046527862545,0.36152814965248087
0.0001,2052.0,0.6593046501159663,0.36152801403999335
0.0001,2053.0,0.659304641628265,0.3615278864383697
0.0001,2054.0,0.6593046402931216,0.3615277437210084
0.0001,2055.0,0.6593046388626096,0.3615276222229003
0.0001,2056.0,0.6593046314239503,0.36152747282981884
0.0001,2057.0,0.6593046236038207,0.36152734456062313
0.0001,2058.0,0.6593046194076541,0.36152721619606015
0.0001,2059.0,0.6593046270370486,0.36152708549499524
0.0001,2060.0,0.659304618167878,0.36152694597244267
0.0001,2061.0,0.6593046123504641,0.3615268157005311
0.0001,2062.0,0.6593046094894413,0.36152667803764343
0.0001,2063.0,0.6593046029090879,0.36152654743194584
0.0001,2064.0,0.6593046018600459,0.3615264246463776
0.0001,2065.0,0.6593045980453494,0.36152629537582415
0.0001,2066.0,0.6593045969009403,0.36152616696357714
0.0001,2067.0,0.6593045881271363,0.3615260303974151
0.0001,2068.0,0.6593045880317686,0.36152590522766104
0.0001,2069.0,0.6593045795440677,0.3615257776260377
0.0001,2070.0,0.6593045774459841,0.36152565026283273
0.0001,2071.0,0.6593045700073249,0.3615255221843719
0.0001,2072.0,0.6593045732498175,0.3615253931999208
0.0001,2073.0,0.6593045621871948,0.3615252674102782
0.0001,2074.0,0.6593045605659491,0.3615251326084136
0.0001,2075.0,0.6593045572280883,0.3615250139713288
0.0001,2076.0,0.6593045538902282,0.3615248892307283
0.0001,2077.0,0.6593045520782472,0.36152475652694716
0.0001,2078.0,0.6593045505523683,0.36152462935447693
0.0001,2079.0,0.6593045444488526,0.36152450280189513
0.0001,2080.0,0.6593045398712163,0.3615243886470795
0.0001,2081.0,0.6593045335769657,0.3615242568492889
0.0001,2082.0,0.6593045311927795,0.3615241308212281
0.0001,2083.0,0.6593045274734493,0.3615240055084228
0.0001,2084.0,0.6593045280456542,0.361523884677887
0.0001,2085.0,0.6593045246124266,0.3615237554073334
0.0001,2086.0,0.65930452041626,0.36152362995147697
0.0001,2087.0,0.6593045165061957,0.36152351341247574
0.0001,2088.0,0.6593045108795169,0.3615233907699585
0.0001,2089.0,0.6593045094490051,0.36152326784133915
0.0001,2090.0,0.6593045091629028,0.36152315340042096
0.0001,2091.0,0.6593045032501224,0.36152303237915034
0.0001,2092.0,0.6593045027732851,0.3615229117393494
0.0001,2093.0,0.6593045013427739,0.36152279086112976
0.0001,2094.0,0.6593044964790349,0.36152266945838935
0.0001,2095.0,0.6593044914245612,0.3615225429058074
0.0001,2096.0,0.6593044893264771,0.3615224283218385
0.0001,2097.0,0.6593044856071476,0.3615223174095154
0.0001,2098.0,0.6593044777870184,0.36152219753265374
0.0001,2099.0,0.6593044776916503,0.3615220651149749
0.0001,2100.0,0.6593044736862178,0.36152194795608517
0.0001,2101.0,0.6593044699668883,0.3615218317985536
0.0001,2102.0,0.6593044706344601,0.36152170882225043
0.0001,2103.0,0.6593044634819027,0.36152158856391897
0.0001,2104.0,0.6593044586181641,0.361521474313736
0.0001,2105.0,0.6593044561386114,0.3615213590145111
0.0001,2106.0,0.659304452705384,0.3615212381362914
0.0001,2107.0,0.6593044517517093,0.3615211200237274
0.0001,2108.0,0.6593044496536254,0.3615210034370425
0.0001,2109.0,0.659304443359375,0.36152089710235596
0.0001,2110.0,0.659304442501068,0.36152077798843396
0.0001,2111.0,0.6593044387817383,0.36152065482139595
0.0001,2112.0,0.6593044366836545,0.361520546770096
0.0001,2113.0,0.6593044292449948,0.36152043118476856
0.0001,2114.0,0.6593044324874875,0.3615203163623809
0.0001,2115.0,0.6593044299125678,0.3615202011585236
0.0001,2116.0,0.6593044204711914,0.3615200742721556
0.0001,2117.0,0.6593044174194336,0.36151997380256656
0.0001,2118.0,0.659304416179657,0.36151986703872685
0.0001,2119.0,0.6593044118881229,0.36151973867416387
0.0001,2120.0,0.6593044113159184,0.36151963038444507
0.0001,2121.0,0.6593044040679932,0.3615195187091825
0.0001,2122.0,0.6593044021606442,0.361519408226013
0.0001,2123.0,0.6593044018745418,0.36151930079460143
0.0001,2124.0,0.6593043998718259,0.36151918439865116
0.0001,2125.0,0.6593043973922728,0.3615190730571746
0.0001,2126.0,0.6593043954849244,0.36151896328926086
0.0001,2127.0,0.6593043907165526,0.36151884880065926
0.0001,2128.0,0.6593043823242185,0.36151873331069945
0.0001,2129.0,0.6593043817520138,0.36151862549781805
0.0001,2130.0,0.659304380607605,0.3615185203075409
0.0001,2131.0,0.659304378509522,0.3615184086322784
0.0001,2132.0,0.6593043738365171,0.36151829857826223
0.0001,2133.0,0.6593043758392333,0.3615181896209718
0.0001,2134.0,0.659304371452332,0.3615180859565734
0.0001,2135.0,0.6593043647766113,0.3615179706573487
0.0001,2136.0,0.6593043641090388,0.3615178634643555
0.0001,2137.0,0.6593043651580806,0.3615177542209625
0.0001,2138.0,0.6593043581008908,0.3615176477909087
0.0001,2139.0,0.6593043519973752,0.36151754345893866
0.0001,2140.0,0.659304351234436,0.36151743659973135
0.0001,2141.0,0.6593043498039247,0.361517320728302
0.0001,2142.0,0.6593043498992925,0.36151721286773686
0.0001,2143.0,0.6593043453216553,0.361517110157013
0.0001,2144.0,0.6593043434143069,0.3615169987678527
0.0001,2145.0,0.6593043412208565,0.3615168951034545
0.0001,2146.0,0.6593043391227725,0.36151678810119614
0.0001,2147.0,0.659304336166382,0.3615166872024536
0.0001,2148.0,0.6593043310165398,0.3615165729045869
0.0001,2149.0,0.659304331207275,0.3615164744853973
0.0001,2150.0,0.6593043256759644,0.36151637535095216
0.0001,2151.0,0.6593043218612675,0.3615162638664246
0.0001,2152.0,0.6593043201446538,0.3615161610126495
0.0001,2153.0,0.659304320430756,0.3615160487651824
0.0001,2154.0,0.659304319763184,0.36151595134735115
0.0001,2155.0,0.6593043108940125,0.3615158523082734
0.0001,2156.0,0.659304314422607,0.3615157500267029
0.0001,2157.0,0.6593043083190915,0.3615156470775604
0.0001,2158.0,0.6593043052673339,0.36151553721427915
0.0001,2159.0,0.6593043020248414,0.3615154354095459
0.0001,2160.0,0.6593042977333071,0.3615153346061708
0.0001,2161.0,0.6593043006896973,0.3615152420043945
0.0001,2162.0,0.6593042968749995,0.3615151388168336
0.0001,2163.0,0.6593042934417718,0.3615150374889373
0.0001,2164.0,0.6593042917251581,0.3615149323940276
0.0001,2165.0,0.6593042863845823,0.3615148392677309
0.0001,2166.0,0.6593042837142938,0.3615147347450256
0.0001,2167.0,0.6593042865753171,0.3615146423339844
0.0001,2168.0,0.6593042844772339,0.3615145462512971
0.0001,2169.0,0.6593042771339415,0.36151444864273063
0.0001,2170.0,0.6593042757987977,0.36151434469223037
0.0001,2171.0,0.659304274177551,0.36151424446105945
0.0001,2172.0,0.6593042763710026,0.361514148426056
0.0001,2173.0,0.6593042709350588,0.36151405014991767
0.0001,2174.0,0.6593042702674874,0.36151395435333256
0.0001,2175.0,0.659304265785218,0.36151385407447817
0.0001,2176.0,0.6593042606353762,0.3615137579917907
0.0001,2177.0,0.6593042572021485,0.3615136588573457
0.0001,2178.0,0.6593042560577398,0.3615135643482208
0.0001,2179.0,0.6593042549133301,0.3615134712696074
0.0001,2180.0,0.6593042541503904,0.3615133705139159
0.0001,2181.0,0.6593042535781861,0.36151327714920056
0.0001,2182.0,0.6593042490005495,0.3615131783008575
0.0001,2183.0,0.6593042514801021,0.36151308078765865
0.0001,2184.0,0.6593042442321777,0.36151298441886914
0.0001,2185.0,0.6593042429924012,0.3615128973960876
0.0001,2186.0,0.6593042410850526,0.3615127992153168
0.0001,2187.0,0.6593042379379274,0.3615127089977263
0.0001,2188.0,0.6593042373657225,0.3615126212596893
0.0001,2189.0,0.6593042348861693,0.3615125198841095
0.0001,2190.0,0.6593042335510253,0.3615124305248262
0.0001,2191.0,0.6593042284011843,0.3615123342037202
0.0001,2192.0,0.6593042260169986,0.3615122437953951
0.0001,2193.0,0.6593042238235469,0.36151215357780453
0.0001,2194.0,0.6593042251586914,0.36151205658912655
0.0001,2195.0,0.6593042176246643,0.36151196713447575
0.0001,2196.0,0.6593042189598084,0.36151187143325797
0.0001,2197.0,0.6593042177200314,0.36151178874969475
0.0001,2198.0,0.6593042120933535,0.3615116926193239
0.0001,2199.0,0.6593042102813726,0.36151160249710085
0.0001,2200.0,0.6593042085647581,0.3615115152835846
0.0001,2201.0,0.6593042110443113,0.36151141571998596
0.0001,2202.0,0.6593042039871218,0.3615113255023954
0.0001,2203.0,0.6593042052268985,0.3615112384319306
0.0001,2204.0,0.6593042000770568,0.36151114768981946
0.0001,2205.0,0.6593041965484622,0.36151106362342833
0.0001,2206.0,0.6593041916847232,0.36151097044944774
0.0001,2207.0,0.6593041923522953,0.36151087985038766
0.0001,2208.0,0.6593041877746585,0.3615107966423036
0.0001,2209.0,0.6593041881561283,0.36151070070266733
0.0001,2210.0,0.6593041868209839,0.36151061449050914
0.0001,2211.0,0.6593041887283325,0.36151053471565264
0.0001,2212.0,0.6593041843414307,0.3615104419708253
0.0001,2213.0,0.6593041772842406,0.36151035709381113
0.0001,2214.0,0.6593041768074032,0.36151027173995964
0.0001,2215.0,0.6593041804313657,0.3615101803302765
0.0001,2216.0,0.6593041812896728,0.361510091638565
0.0001,2217.0,0.6593041717529298,0.3615100072383878
0.0001,2218.0,0.6593041751861578,0.36150991926193227
0.0001,2219.0,0.6593041742324832,0.3615098360538484
0.0001,2220.0,0.6593041658401491,0.36150975251197814
0.0001,2221.0,0.65930417137146,0.36150966706275944
0.0001,2222.0,0.6593041664123546,0.3615095788002014
0.0001,2223.0,0.6593041644096379,0.3615094933032989
0.0001,2224.0,0.6593041639328006,0.3615094085216522
0.0001,2225.0,0.6593041568756104,0.3615093262195588
0.0001,2226.0,0.6593041555404667,0.3615092385292053
0.0001,2227.0,0.659304152297974,0.36150915160179165
0.0001,2228.0,0.6593041553497312,0.36150907320976255
0.0001,2229.0,0.6593041490554814,0.361508983850479
0.0001,2230.0,0.6593041467666628,0.3615089080810549
0.0001,2231.0,0.6593041454315192,0.36150882577896126
0.0001,2232.0,0.6593041420936591,0.3615087310791016
0.0001,2233.0,0.6593041426658632,0.3615086519241334
0.0001,2234.0,0.6593041390419011,0.3615085737705231
0.0001,2235.0,0.6593041363716128,0.3615084802150724
0.0001,2236.0,0.6593041358947757,0.3615083971500398
0.0001,2237.0,0.659304136180878,0.3615083137035371
0.0001,2238.0,0.6593041341781614,0.3615082357883453
0.0001,2239.0,0.6593041308403013,0.3615081593990325
0.0001,2240.0,0.6593041268348697,0.36150807623863224
0.0001,2241.0,0.6593041293144226,0.36150799083709717
0.0001,2242.0,0.6593041252136229,0.36150791211128225
0.0001,2243.0,0.6593041229248049,0.36150782623291006
0.0001,2244.0,0.6593041210174561,0.3615077466487886
0.0001,2245.0,0.6593041234970093,0.3615076676368716
0.0001,2246.0,0.6593041229248048,0.36150758910179154
0.0001,2247.0,0.6593041173934937,0.3615075148582457
0.0001,2248.0,0.6593041147232058,0.3615074295997619
0.0001,2249.0,0.6593041208267211,0.3615073510169983
0.0001,2250.0,0.6593041133880615,0.3615072748184204
0.0001,2251.0,0.6593041135787966,0.36150718965530404
0.0001,2252.0,0.6593041108131413,0.36150710334777825
0.0001,2253.0,0.6593041099548345,0.36150703177452087
0.0001,2254.0,0.659304106330872,0.3615069519042969
0.0001,2255.0,0.6593041090011602,0.3615068726062775
0.0001,2256.0,0.6593040998458868,0.36150679306983957
0.0001,2257.0,0.6593041028976442,0.36150671372413645
0.0001,2258.0,0.6593041003227232,0.3615066425800325
0.0001,2259.0,0.6593040998458863,0.36150656027793876
0.0001,2260.0,0.6593041000366215,0.36150648150444037
0.0001,2261.0,0.6593040948867802,0.36150640616416924
0.0001,2262.0,0.6593040935516357,0.36150632920265213
0.0001,2263.0,0.6593040891647344,0.36150625653266905
0.0001,2264.0,0.6593040881156923,0.36150617852211
0.0001,2265.0,0.6593040869712833,0.36150610537528993
0.0001,2266.0,0.6593040884971622,0.3615060251235961
0.0001,2267.0,0.6593040849685673,0.36150594358444205
0.0001,2268.0,0.6593040855407714,0.3615058729171751
0.0001,2269.0,0.6593040882110599,0.3615057864665985
0.0001,2270.0,0.659304082489014,0.3615057157993317
0.0001,2271.0,0.6593040843009954,0.36150563974380506
0.0001,2272.0,0.6593040773391727,0.3615055647373199
0.0001,2273.0,0.6593040828704837,0.36150549130439774
0.0001,2274.0,0.6593040784835813,0.3615054198741913
0.0001,2275.0,0.6593040754318237,0.36150534095764164
0.0001,2276.0,0.6593040745735164,0.361505265045166
0.0001,2277.0,0.6593040738105771,0.36150519666671743
0.0001,2278.0,0.6593040727615356,0.36150511541366587
0.0001,2279.0,0.6593040695190427,0.3615050478935242
0.0001,2280.0,0.6593040655136102,0.36150497384071345
0.0001,2281.0,0.659304062366485,0.3615049019336702
0.0001,2282.0,0.659304064941406,0.36150483326911925
0.0001,2283.0,0.6593040573120121,0.3615047604084014
0.0001,2284.0,0.6593040609359744,0.3615046875476836
0.0001,2285.0,0.659304057312012,0.36150461711883547
0.0001,2286.0,0.6593040580749512,0.36150454058647163
0.0001,2287.0,0.6593040548324579,0.36150447049140927
0.0001,2288.0,0.6593040577888488,0.3615043978214264
0.0001,2289.0,0.6593040534019468,0.3615043316841126
0.0001,2290.0,0.6593040493011475,0.36150426406860336
0.0001,2291.0,0.6593040479660036,0.36150418992042543
0.0001,2292.0,0.6593040475845335,0.36150411896705625
0.0001,2293.0,0.6593040486335753,0.36150404424667365
0.0001,2294.0,0.6593040487289423,0.36150397925376887
0.0001,2295.0,0.6593040423393253,0.3615039134025574
0.0001,2296.0,0.6593040447235106,0.36150384144783027
0.0001,2297.0,0.6593040394783019,0.36150376935005196
0.0001,2298.0,0.6593040404319762,0.3615036900043488
0.0001,2299.0,0.6593040369033811,0.3615036287307741
0.0001,2300.0,0.6593040338516234,0.36150355086326585
0.0001,2301.0,0.6593040309905999,0.3615034875392913
0.0001,2302.0,0.6593040340423583,0.36150341954231274
0.0001,2303.0,0.6593040395736696,0.3615033499240875
0.0001,2304.0,0.6593040335655218,0.36150327935218807
0.0001,2305.0,0.6593040290832519,0.3615032097816466
0.0001,2306.0,0.6593040329933169,0.36150314335823064
0.0001,2307.0,0.6593040269851687,0.3615030724048615
0.0001,2308.0,0.6593040288925173,0.3615029996871948
0.0001,2309.0,0.6593040298461913,0.3615029401302338
0.0001,2310.0,0.6593040250778199,0.3615028617858886
0.0001,2311.0,0.6593040227890017,0.36150280075073243
0.0001,2312.0,0.659304024982453,0.36150273385047904
0.0001,2313.0,0.6593040226936342,0.36150266175270096
0.0001,2314.0,0.6593040197372435,0.3615025897026061
0.0001,2315.0,0.6593040165901186,0.3615025308609009
0.0001,2316.0,0.6593040160179134,0.36150246500968936
0.0001,2317.0,0.6593040146827699,0.36150239715576177
0.0001,2318.0,0.6593040138244629,0.3615023310661318
0.0001,2319.0,0.6593040094375612,0.3615022704124451
0.0001,2320.0,0.6593040092468262,0.36150219464302075
0.0001,2321.0,0.6593040092468262,0.36150212583541863
0.0001,2322.0,0.6593040084838867,0.36150206766128534
0.0001,2323.0,0.6593040060997012,0.3615019987106324
0.0001,2324.0,0.659304006958008,0.36150192999839786
0.0001,2325.0,0.6593040045738221,0.36150186753273006
0.0001,2326.0,0.659303999328613,0.361501802587509
0.0001,2327.0,0.6593040018081667,0.36150173735618596
0.0001,2328.0,0.6593040014266965,0.36150167717933657
0.0001,2329.0,0.659304002094269,0.36150160641670215
0.0001,2330.0,0.6593040021896366,0.3615015402793885
0.0001,2331.0,0.6593040025711063,0.36150147857666026
0.0001,2332.0,0.6593039957046514,0.3615014160633087
0.0001,2333.0,0.6593039928436282,0.36150134949684154
0.0001,2334.0,0.6593039951324461,0.36150127725601194
0.0001,2335.0,0.6593039960861207,0.3615012253284455
0.0001,2336.0,0.6593039930343624,0.3615011606693267
0.0001,2337.0,0.6593039911270139,0.36150109539031994
0.0001,2338.0,0.6593039924621583,0.36150102696418757
0.0001,2339.0,0.659303987503052,0.3615009671211243
0.0001,2340.0,0.6593039905548095,0.36150090494155906
0.0001,2341.0,0.6593039857864381,0.3615008424758912
0.0001,2342.0,0.6593039875984191,0.3615007798194885
0.0001,2343.0,0.659303982639313,0.3615007151126862
0.0001,2344.0,0.6593039847373964,0.36150065245628354
0.0001,2345.0,0.6593039829254151,0.36150059709548943
0.0001,2346.0,0.6593039821624755,0.3615005278110505
0.0001,2347.0,0.6593039832115175,0.3615004716873169
0.0001,2348.0,0.6593039785385136,0.3615004048347473
0.0001,2349.0,0.6593039793014529,0.3615003530025483
0.0001,2350.0,0.6593039772033693,0.36150028176307686
0.0001,2351.0,0.659303971767426,0.36150022668838494
0.0001,2352.0,0.6593039752960206,0.3615001720905304
0.0001,2353.0,0.6593039722442628,0.36150010519027714
0.0001,2354.0,0.6593039773941041,0.36150004582405093
0.0001,2355.0,0.6593039690017699,0.3614999820709229
0.0001,2356.0,0.6593039657592774,0.3614999190807345
0.0001,2357.0,0.6593039706230163,0.3614998571872711
0.0001,2358.0,0.6593039678573612,0.36149980020523076
0.0001,2359.0,0.659303969573975,0.36149974193573003
0.0001,2360.0,0.6593039684295656,0.36149968099594126
0.0001,2361.0,0.6593039657592774,0.3614996147155762
0.0001,2362.0,0.6593039622306824,0.3614995606422425
0.0001,2363.0,0.6593039629936217,0.3614994982719422
0.0001,2364.0,0.6593039583206174,0.36149944448471066
0.0001,2365.0,0.65930395822525,0.36149938573837276
0.0001,2366.0,0.659303960609436,0.3614993275165557
0.0001,2367.0,0.659303961086273,0.36149926757812506
0.0001,2368.0,0.6593039596557614,0.3614992038249968
0.0001,2369.0,0.6593039577484132,0.36149915285110473
0.0001,2370.0,0.659303953552246,0.3614990983963013
0.0001,2371.0,0.6593039534568786,0.3614990444183349
0.0001,2372.0,0.6593039508819578,0.36149898366928096
0.0001,2373.0,0.6593039524078367,0.3614989195346831
0.0001,2374.0,0.6593039509773251,0.3614988599300385
0.0001,2375.0,0.6593039506912234,0.361498798942566
0.0001,2376.0,0.6593039520263672,0.36149874930381776
0.0001,2377.0,0.6593039512634277,0.36149868497848525
0.0001,2378.0,0.659303949165344,0.36149863171577445
0.0001,2379.0,0.6593039493560785,0.36149858121871953
0.0001,2380.0,0.6593039499282837,0.3614985172271728
0.0001,2381.0,0.6593039441108702,0.3614984657764434
0.0001,2382.0,0.6593039477348329,0.3614984017848968
0.0001,2383.0,0.6593039421081542,0.3614983496189117
0.0001,2384.0,0.6593039421081541,0.36149829325675975
0.0001,2385.0,0.659303937339783,0.36149823875427256
0.0001,2386.0,0.6593039381027226,0.36149818258285527
0.0001,2387.0,0.6593039365768435,0.36149812364578254
0.0001,2388.0,0.6593039384841922,0.36149806079864516
0.0001,2389.0,0.6593039381027224,0.36149800639152535
0.0001,2390.0,0.6593039354324338,0.36149795317649847
0.0001,2391.0,0.6593039361953732,0.3614978999614716
0.0001,2392.0,0.6593039354324333,0.3614978478431703
0.0001,2393.0,0.6593039339065547,0.3614977843761444
0.0001,2394.0,0.6593039325714107,0.361497736120224
0.0001,2395.0,0.6593039299011231,0.3614976803302765
0.0001,2396.0,0.6593039300918582,0.3614976253986359
0.0001,2397.0,0.6593039324760436,0.36149757905006413
0.0001,2398.0,0.6593039257049556,0.36149751782417305
0.0001,2399.0,0.6593039287567137,0.3614974633216857
0.0001,2400.0,0.6593039264678953,0.3614974113464356
0.0001,2401.0,0.659303926849365,0.3614973605155946
0.0001,2402.0,0.6593039245605467,0.36149730110168454
0.0001,2403.0,0.6593039266586304,0.3614972524166106
0.0001,2404.0,0.6593039260864259,0.3614972004413605
0.0001,2405.0,0.6593039243698114,0.36149714841842673
0.0001,2406.0,0.6593039218902584,0.3614970953941345
0.0001,2407.0,0.6593039201736449,0.3614970453739168
0.0001,2408.0,0.6593039198875422,0.3614969855308533
0.0001,2409.0,0.6593039188385011,0.3614969300746919
0.0001,2410.0,0.6593039177894593,0.36149687857627866
0.0001,2411.0,0.6593039165496829,0.36149682188034055
0.0001,2412.0,0.6593039150238039,0.3614967700004576
0.0001,2413.0,0.6593039129257199,0.3614967248439788
0.0001,2414.0,0.659303914260864,0.36149667100906374
0.0001,2415.0,0.659303914260864,0.36149661998748767
0.0001,2416.0,0.6593039093017576,0.36149656620025633
0.0001,2417.0,0.6593039122581479,0.36149651470184313
0.0001,2418.0,0.6593039109230034,0.36149646067619334
0.0001,2419.0,0.6593039090156549,0.3614964090824127
0.0001,2420.0,0.6593039098739621,0.3614963627815246
0.0001,2421.0,0.6593039100646969,0.36149631061553966
0.0001,2422.0,0.6593039102554321,0.361496260356903
0.0001,2423.0,0.6593039121627808,0.36149621758461
0.0001,2424.0,0.6593039108276373,0.36149615964889537
0.0001,2425.0,0.6593039079666139,0.3614961099147797
0.0001,2426.0,0.6593039083480838,0.361496065235138
0.0001,2427.0,0.6593039090156558,0.3614960171222686
0.0001,2428.0,0.6593039024353032,0.3614959566116332
0.0001,2429.0,0.6593039014816284,0.3614959123611451
0.0001,2430.0,0.659303905105591,0.361495863866806
0.0001,2431.0,0.6593039031982425,0.36149581394195546
0.0001,2432.0,0.6593039023399352,0.36149576234817526
0.0001,2433.0,0.6593038973808288,0.3614957108497618
0.0001,2434.0,0.6593038965225216,0.3614956630229949
0.0001,2435.0,0.6593038979530337,0.3614956127643586
0.0001,2436.0,0.6593038908958441,0.3614955589771271
0.0001,2437.0,0.6593038954734801,0.36149551234245314
0.0001,2438.0,0.6593038967132567,0.3614954615592957
0.0001,2439.0,0.6593038977622984,0.3614954139709473
0.0001,2440.0,0.6593038981437686,0.3614953564643859
0.0001,2441.0,0.659303894424439,0.36149532060623174
0.0001,2442.0,0.6593038908004761,0.36149527921676633
0.0001,2443.0,0.6593038942337038,0.3614952236175536
0.0001,2444.0,0.6593038925170901,0.3614951796531678
0.0001,2445.0,0.6593038904190066,0.3614951343536378
0.0001,2446.0,0.6593038885116581,0.3614950792789459
0.0001,2447.0,0.6593038885116576,0.3614950341701506
0.0001,2448.0,0.6593038881301878,0.36149498391151413
0.0001,2449.0,0.6593038879394528,0.3614949385643003
0.0001,2450.0,0.6593038860321044,0.36149488754272463
0.0001,2451.0,0.659303890228272,0.3614948441028595
0.0001,2452.0,0.6593038873672485,0.3614947991847991
0.0001,2453.0,0.6593038818359374,0.3614947530746459
0.0001,2454.0,0.6593038868904113,0.36149469947814944
0.0001,2455.0,0.6593038810729973,0.36149465579986567
0.0001,2456.0,0.6593038846969602,0.3614946122169495
0.0001,2457.0,0.6593038816452021,0.36149456720352163
0.0001,2458.0,0.6593038808822628,0.3614945189952849
0.0001,2459.0,0.6593038797378534,0.3614944738388061
0.0001,2460.0,0.6593038762092583,0.36149442167282103
0.0001,2461.0,0.6593038833618162,0.3614943749904632
0.0001,2462.0,0.6593038782119743,0.3614943333625793
0.0001,2463.0,0.6593038810729974,0.361494284057617
0.0001,2464.0,0.6593038778305048,0.3614942350387572
0.0001,2465.0,0.6593038767814637,0.36149418821334833
0.0001,2466.0,0.6593038760185239,0.36149413971900957
0.0001,2467.0,0.6593038787841795,0.36149409036636354
0.0001,2468.0,0.6593038784027094,0.3614940524101259
0.0001,2469.0,0.6593038737297057,0.36149400696754463
0.0001,2470.0,0.6593038693428039,0.3614939555168152
0.0001,2471.0,0.6593038707733153,0.36149391121864316
0.0001,2472.0,0.6593038731575012,0.3614938710689543
0.0001,2473.0,0.6593038736343388,0.3614938226699828
0.0001,2474.0,0.6593038693428044,0.36149378085136413
0.0001,2475.0,0.6593038692474366,0.36149373202323914
0.0001,2476.0,0.659303865337372,0.36149369077682497
0.0001,2477.0,0.6593038673400881,0.3614936482429503
0.0001,2478.0,0.6593038677215576,0.36149360227584837
0.0001,2479.0,0.6593038681030272,0.3614935594558715
0.0001,2480.0,0.6593038650512693,0.3614935178756715
0.0001,2481.0,0.6593038690567016,0.36149347405433657
0.0001,2482.0,0.6593038663864136,0.36149342942237855
0.0001,2483.0,0.6593038652420041,0.36149337916374213
0.0001,2484.0,0.6593038640975949,0.36149333853721616
0.0001,2485.0,0.6593038633346556,0.36149329504966743
0.0001,2486.0,0.6593038610458374,0.36149325127601634
0.0001,2487.0,0.659303862953186,0.3614932040691376
0.0001,2488.0,0.6593038625717165,0.361493163919449
0.0001,2489.0,0.6593038610458376,0.3614931220054627
0.0001,2490.0,0.6593038604736331,0.3614930733203888
0.0001,2491.0,0.6593038587570196,0.36149302849769616
0.0001,2492.0,0.659303858470917,0.36149298529624924
0.0001,2493.0,0.6593038583755496,0.3614929428577423
0.0001,2494.0,0.6593038593292241,0.3614928987979887
0.0001,2495.0,0.6593038583755496,0.3614928602218628
0.0001,2496.0,0.6593038591384893,0.3614928168773652
0.0001,2497.0,0.6593038570404054,0.3614927756786345
0.0001,2498.0,0.6593038562774658,0.3614927347660065
0.0001,2499.0,0.659303853797913,0.36149269628524777
0.0001,2500.0,0.6593038554191591,0.36149264192581176
0.0001,2501.0,0.6593038542747501,0.36149260272979733
0.0001,2502.0,0.6593038497924806,0.361492560005188
0.0001,2503.0,0.6593038562774661,0.3614925217628478
0.0001,2504.0,0.6593038543701174,0.36149248137474055
0.0001,2505.0,0.659303850364685,0.3614924424648285
0.0001,2506.0,0.6593038512229918,0.36149239320755
0.0001,2507.0,0.6593038491249087,0.3614923586845396
0.0001,2508.0,0.6593038508415222,0.3614923181056976
0.0001,2509.0,0.6593038513183592,0.3614922734737397
0.0001,2510.0,0.6593038490295409,0.36149223890304566
0.0001,2511.0,0.6593038473129272,0.36149219546318073
0.0001,2512.0,0.659303846549988,0.36149214920997624
0.0001,2513.0,0.6593038471221923,0.3614921036243439
0.0001,2514.0,0.6593038477897641,0.3614920659065245
0.0001,2515.0,0.6593038442611694,0.36149202656745916
0.0001,2516.0,0.659303840637207,0.36149198851585407
0.0001,2517.0,0.6593038442611696,0.3614919479846956
0.0001,2518.0,0.659303843307495,0.3614919039726258
0.0001,2519.0,0.6593038442611697,0.3614918645381928
0.0001,2520.0,0.6593038402557373,0.361491824579239
0.0001,2521.0,0.6593038406372068,0.3614917870044708
0.0001,2522.0,0.659303840637207,0.36149175386428817
0.0001,2523.0,0.6593038389205924,0.3614917018413543
0.0001,2524.0,0.6593038434982297,0.36149166316986087
0.0001,2525.0,0.6593038433074949,0.36149163093566894
0.0001,2526.0,0.6593038417816163,0.3614915875911713
0.0001,2527.0,0.6593038406372072,0.36149154744148254
0.0001,2528.0,0.6593038435935978,0.36149150972366334
0.0001,2529.0,0.6593038371086121,0.36149147353172295
0.0001,2530.0,0.659303838634491,0.36149143347740154
0.0001,2531.0,0.6593038352012628,0.36149138803482056
0.0001,2532.0,0.659303839206695,0.3614913577556608
0.0001,2533.0,0.6593038375854487,0.36149131665229806
0.0001,2534.0,0.659303839302063,0.3614912785053254
0.0001,2535.0,0.6593038356781004,0.3614912370204925
0.0001,2536.0,0.659303835010528,0.36149120035171517
0.0001,2537.0,0.6593038348197932,0.3614911569118501
0.0001,2538.0,0.6593038342475889,0.3614911163806915
0.0001,2539.0,0.6593038320541379,0.361491079902649
0.0001,2540.0,0.6593038318634032,0.3614910413742067
0.0001,2541.0,0.6593038294792173,0.36149100637435916
0.0001,2542.0,0.6593038325309751,0.3614909729480744
0.0001,2543.0,0.6593038283348086,0.36149093437194835
0.0001,2544.0,0.6593038291931154,0.36149090342521667
0.0001,2545.0,0.6593038327217102,0.36149086303710937
0.0001,2546.0,0.6593038314819334,0.3614908193111419
0.0001,2547.0,0.6593038318634034,0.361490777349472
0.0001,2548.0,0.6593038277626041,0.36149073481559757
0.0001,2549.0,0.6593038281440736,0.3614907005786896
0.0001,2550.0,0.6593038280487061,0.36149066615104675
0.0001,2551.0,0.6593038269996639,0.3614906282424927
0.0001,2552.0,0.6593038261413572,0.36149058871269224
0.0001,2553.0,0.6593038248062127,0.36149055786132833
0.0001,2554.0,0.6593038246154785,0.361490516614914
0.0001,2555.0,0.6593038223266601,0.3614904852867125
0.0001,2556.0,0.659303823471069,0.3614904472351075
0.0001,2557.0,0.6593038257598876,0.36149040274620065
0.0001,2558.0,0.6593038223266597,0.3614903701305389
0.0001,2559.0,0.659303823280334,0.36149033489227306
0.0001,2560.0,0.6593038206100463,0.3614903038501741
0.0001,2561.0,0.6593038270950317,0.3614902606010439
0.0001,2562.0,0.6593038254737856,0.361490224456787
0.0001,2563.0,0.6593038187026983,0.36149018225669866
0.0001,2564.0,0.6593038232803348,0.36149015417099
0.0001,2565.0,0.6593038219451909,0.3614901143550873
0.0001,2566.0,0.6593038197517398,0.36149007844924924
0.0001,2567.0,0.6593038221359255,0.3614900509357452
0.0001,2568.0,0.659303822517395,0.361490011358261
0.0001,2569.0,0.659303820991516,0.3614899784088135
0.0001,2570.0,0.659303817367554,0.3614899380207062
0.0001,2571.0,0.6593038158416752,0.36148990340232834
0.0001,2572.0,0.6593038150787354,0.36148987135887156
0.0001,2573.0,0.6593038173675538,0.3614898363113404
0.0001,2574.0,0.6593038152694702,0.36148979816436777
0.0001,2575.0,0.6593038167953491,0.3614897587776183
0.0001,2576.0,0.6593038156509397,0.36148972716331473
0.0001,2577.0,0.6593038202285767,0.3614896921634674
0.0001,2578.0,0.6593038177490238,0.36148966279029854
0.0001,2579.0,0.6593038154602054,0.36148962521553035
0.0001,2580.0,0.6593038131713868,0.36148959617614745
0.0001,2581.0,0.6593038150787354,0.3614895578861238
0.0001,2582.0,0.6593038133621212,0.3614895171642304
0.0001,2583.0,0.6593038117408749,0.36148947768211376
0.0001,2584.0,0.6593038161277767,0.36148944840431213
0.0001,2585.0,0.6593038098335268,0.3614894139766694
0.0001,2586.0,0.6593038091659545,0.36148937778472917
0.0001,2587.0,0.6593038103103638,0.36148933835029606
0.0001,2588.0,0.6593038099288938,0.36148930897712706
0.0001,2589.0,0.6593038095474243,0.3614892741680146
0.0001,2590.0,0.659303809452057,0.36148924174308794
0.0001,2591.0,0.6593038083076483,0.36148920755386366
0.0001,2592.0,0.6593038138389592,0.3614891686916352
0.0001,2593.0,0.659303813362122,0.36148913917541503
0.0001,2594.0,0.6593038111686711,0.3614891072273254
0.0001,2595.0,0.6593038095474242,0.36148907203674324
0.0001,2596.0,0.659303811740875,0.36148903908729557
0.0001,2597.0,0.6593038110733027,0.3614890086174012
0.0001,2598.0,0.6593038085937508,0.3614889719963075
0.0001,2599.0,0.659303805446625,0.36148894019126887
0.0001,2600.0,0.6593038115501403,0.3614889149188997
0.0001,2601.0,0.6593038093566895,0.3614888737201691
0.0001,2602.0,0.6593038076400763,0.36148884301185613
0.0001,2603.0,0.6593038076400759,0.36148880038261416
0.0001,2604.0,0.6593038085937504,0.3614887712001799
0.0001,2605.0,0.65930380821228,0.36148873963356015
0.0001,2606.0,0.6593038080215451,0.36148871116638176
0.0001,2607.0,0.6593038101196287,0.3614886748313906
0.0001,2608.0,0.6593038084030156,0.3614886439323426
0.0001,2609.0,0.6593038055419925,0.3614886083602906
0.0001,2610.0,0.6593038032531742,0.3614885751724245
0.0001,2611.0,0.6593038040161134,0.3614885454177856
0.0001,2612.0,0.6593038030624391,0.36148850588798515
0.0001,2613.0,0.6593038013458254,0.3614884760379793
0.0001,2614.0,0.6593038055419927,0.3614884438037872
0.0001,2615.0,0.6593037990570072,0.3614884088039399
0.0001,2616.0,0.6593037982940679,0.3614883772373199
0.0001,2617.0,0.6593038019180302,0.36148834590911877
0.0001,2618.0,0.6593038015365602,0.3614883144855498
0.0001,2619.0,0.6593038021087648,0.36148828530311583
0.0001,2620.0,0.659303800010681,0.3614882420539856
0.0001,2621.0,0.6593038010597231,0.36148822312355045
0.0001,2622.0,0.659303798675537,0.3614881847858431
0.0001,2623.0,0.6593037979125979,0.3614881577968598
0.0001,2624.0,0.6593037972450259,0.36148812580108636
0.0001,2625.0,0.6593037952423099,0.36148809456825254
0.0001,2626.0,0.6593037957191468,0.3614880563259125
0.0001,2627.0,0.6593037939071658,0.3614880313396455
0.0001,2628.0,0.6593037976264954,0.3614879945755006
0.0001,2629.0,0.6593037967681888,0.36148796319961546
0.0001,2630.0,0.659303796386719,0.36148792610168434
0.0001,2631.0,0.6593037940025331,0.36148789715766905
0.0001,2632.0,0.6593037952423095,0.36148786740303046
0.0001,2633.0,0.6593037940979009,0.3614878323078157
0.0001,2634.0,0.6593037956237797,0.3614878065586091
0.0001,2635.0,0.6593037944793706,0.36148777503967283
0.0001,2636.0,0.659303795051575,0.3614877461910248
0.0001,2637.0,0.6593037921905518,0.36148771495819093
0.0001,2638.0,0.6593037914276128,0.3614876828193663
0.0001,2639.0,0.6593037946701055,0.3614876527309418
0.0001,2640.0,0.6593037950515752,0.3614876245498657
0.0001,2641.0,0.6593037949562078,0.3614875948429109
0.0001,2642.0,0.6593037916183472,0.3614875669956207
0.0001,2643.0,0.6593037903785708,0.36148753781318677
0.0001,2644.0,0.6593037887573241,0.3614875004291535
0.0001,2645.0,0.6593037904739381,0.3614874733924866
0.0001,2646.0,0.6593037883758545,0.36148743572235087
0.0001,2647.0,0.6593037906646728,0.3614874077320098
0.0001,2648.0,0.6593037940979002,0.3614873769283295
0.0001,2649.0,0.6593037908554074,0.3614873461246492
0.0001,2650.0,0.6593037883758542,0.3614873122692109
0.0001,2651.0,0.6593037904739375,0.3614872820854186
0.0001,2652.0,0.6593037906646724,0.3614872505664826
0.0001,2653.0,0.6593037897109983,0.36148722586631776
0.0001,2654.0,0.6593037902832031,0.36148719477653507
0.0001,2655.0,0.6593037872314457,0.36148716745376597
0.0001,2656.0,0.6593037868499758,0.36148712782859804
0.0001,2657.0,0.6593037860870368,0.3614871018409729
0.0001,2658.0,0.659303781318665,0.3614870765686036
0.0001,2659.0,0.6593037837028505,0.3614870541572573
0.0001,2660.0,0.6593037875175476,0.3614870226860048
0.0001,2661.0,0.6593037864685063,0.361486984348297
0.0001,2662.0,0.6593037838935852,0.36148695530891434
0.0001,2663.0,0.6593037821769715,0.36148692965507506
0.0001,2664.0,0.6593037821769714,0.3614868977546692
0.0001,2665.0,0.659303784751892,0.36148686995506285
0.0001,2666.0,0.6593037818908695,0.3614868424892426
0.0001,2667.0,0.6593037811279298,0.3614868186473847
0.0001,2668.0,0.6593037795066838,0.3614867904663085
0.0001,2669.0,0.6593037812232972,0.36148675818443315
0.0001,2670.0,0.6593037858009341,0.3614867311477661
0.0001,2671.0,0.6593037836074832,0.3614866999626159
0.0001,2672.0,0.6593037840843201,0.36148667163848863
0.0001,2673.0,0.6593037858963008,0.36148664097785943
0.0001,2674.0,0.6593037842750551,0.36148661417961114
0.0001,2675.0,0.6593037802696226,0.3614865820884706
0.0001,2676.0,0.6593037818908686,0.36148655724525436
0.0001,2677.0,0.6593037836074825,0.3614865255832672
0.0001,2678.0,0.6593037820816036,0.36148649816513057
0.0001,2679.0,0.6593037780761719,0.36148646841049187
0.0001,2680.0,0.6593037812232974,0.3614864398002624
0.0001,2681.0,0.6593037824630739,0.36148641552925115
0.0001,2682.0,0.6593037837982177,0.36148638215065004
0.0001,2683.0,0.6593037786483765,0.3614863576889036
0.0001,2684.0,0.659303779697418,0.3614863317012786
0.0001,2685.0,0.6593037792205809,0.3614863002300262
0.0001,2686.0,0.659303776741028,0.3614862725257873
0.0001,2687.0,0.6593037798881534,0.36148624358177184
0.0001,2688.0,0.6593037775039675,0.3614862208366392
0.0001,2689.0,0.6593037802696228,0.36148619780540464
0.0001,2690.0,0.6593037793159486,0.3614861632823944
0.0001,2691.0,0.659303778076172,0.36148614001274104
0.0001,2692.0,0.6593037791252139,0.36148610954284666
0.0001,2693.0,0.6593037743568423,0.36148608260154713
0.0001,2694.0,0.659303776264191,0.36148605275154116
0.0001,2695.0,0.6593037770271302,0.3614860280513764
0.0001,2696.0,0.6593037792205813,0.3614859994888307
0.0001,2697.0,0.6593037814140319,0.36148597717285164
0.0001,2698.0,0.659303774356842,0.36148595542907713
0.0001,2699.0,0.6593037751197814,0.3614859282493591
0.0001,2700.0,0.659303774547577,0.36148589682579046
0.0001,2701.0,0.6593037714004512,0.3614858687877655
0.0001,2702.0,0.6593037743568415,0.3614858389377594
0.0001,2703.0,0.6593037757873533,0.36148581519126893
0.0001,2704.0,0.6593037737846372,0.3614857814788817
0.0001,2705.0,0.6593037735939025,0.36148575296401975
0.0001,2706.0,0.659303774166107,0.3614857335090638
0.0001,2707.0,0.659303776550293,0.3614857053756715
0.0001,2708.0,0.6593037755012507,0.36148568449020374
0.0001,2709.0,0.6593037750244136,0.36148565130233773
0.0001,2710.0,0.6593037743568418,0.3614856247901917
0.0001,2711.0,0.6593037724494938,0.3614855995178224
0.0001,2712.0,0.6593037744522097,0.3614855772018432
0.0001,2713.0,0.6593037694931033,0.3614855524539949
0.0001,2714.0,0.6593037724494937,0.36148551950454716
0.0001,2715.0,0.6593037725448612,0.3614854932308198
0.0001,2716.0,0.6593037700653074,0.3614854690074922
0.0001,2717.0,0.6593037708282468,0.3614854420661926
0.0001,2718.0,0.6593037698745724,0.3614854163646697
0.0001,2719.0,0.6593037672042843,0.36148539772033694
0.0001,2720.0,0.6593037704467771,0.3614853702545165
0.0001,2721.0,0.6593037677764889,0.3614853458881379
0.0001,2722.0,0.6593037687301633,0.36148531365394604
0.0001,2723.0,0.6593037691116331,0.3614852974414826
0.0001,2724.0,0.6593037683486941,0.36148526988029483
0.0001,2725.0,0.65930376625061,0.3614852460861205
0.0001,2726.0,0.6593037683486942,0.36148522267341615
0.0001,2727.0,0.6593037683486936,0.3614851974487305
0.0001,2728.0,0.6593037672042847,0.36148517212867737
0.0001,2729.0,0.6593037685394288,0.3614851483345031
0.0001,2730.0,0.6593037675857546,0.3614851182937623
0.0001,2731.0,0.6593037687301638,0.3614850914001465
0.0001,2732.0,0.6593037643432613,0.3614850682735444
0.0001,2733.0,0.6593037635803223,0.3614850475311281
0.0001,2734.0,0.659303767299652,0.3614850256443024
0.0001,2735.0,0.6593037668228147,0.3614849993228913
0.0001,2736.0,0.659303769111633,0.3614849738597871
0.0001,2737.0,0.6593037725448612,0.3614849514007569
0.0001,2738.0,0.659303766822815,0.3614849223613739
0.0001,2739.0,0.6593037670135501,0.3614848955154419
0.0001,2740.0,0.6593037691116341,0.36148487005233776
0.0001,2741.0,0.6593037666320803,0.3614848527908326
0.0001,2742.0,0.659303768348694,0.36148482513427743
0.0001,2743.0,0.6593037660598757,0.3614848051071166
0.0001,2744.0,0.6593037683486941,0.3614847787857056
0.0001,2745.0,0.6593037693023683,0.36148475522994983
0.0001,2746.0,0.6593037702560426,0.3614847278118132
0.0001,2747.0,0.659303765296936,0.36148470730781557
0.0001,2748.0,0.659303764915466,0.3614846808433533
0.0001,2749.0,0.6593037666320802,0.3614846545696257
0.0001,2750.0,0.6593037643432613,0.36148463311195345
0.0001,2751.0,0.6593037668228148,0.3614846134662628
0.0001,2752.0,0.6593037616729738,0.3614845843791962
0.0001,2753.0,0.6593037640571594,0.3614845574378966
0.0001,2754.0,0.6593037618637086,0.3614845361709594
0.0001,2755.0,0.6593037619590764,0.3614845170974732
0.0001,2756.0,0.6593037631988528,0.3614844880580901
0.0001,2757.0,0.6593037611007692,0.36148447422981256
0.0001,2758.0,0.6593037619590764,0.36148444619178777
0.0001,2759.0,0.6593037622451783,0.3614844223976135
0.0001,2760.0,0.6593037607192999,0.3614844019889833
0.0001,2761.0,0.6593037597656254,0.36148437747955325
0.0001,2762.0,0.6593037592887886,0.3614843499660491
0.0001,2763.0,0.6593037570953373,0.3614843242645265
0.0001,2764.0,0.6593037619590767,0.36148431086540217
0.0001,2765.0,0.65930376033783,0.36148428955078116
0.0001,2766.0,0.6593037601470949,0.36148425927162164
0.0001,2767.0,0.6593037576675416,0.36148424024581916
0.0001,2768.0,0.6593037592887885,0.36148421244621276
0.0001,2769.0,0.6593037613868716,0.36148419184684744
0.0001,2770.0,0.6593037627220161,0.3614841687679291
0.0001,2771.0,0.6593037617683414,0.3614841527462006
0.0001,2772.0,0.6593037543296816,0.3614841340065002
0.0001,2773.0,0.6593037586212163,0.3614841157436371
0.0001,2774.0,0.6593037611961367,0.36148408823013306
0.0001,2775.0,0.6593037604331973,0.36148405847549425
0.0001,2776.0,0.6593037609100342,0.36148403725624084
0.0001,2777.0,0.65930375585556,0.3614840064048768
0.0001,2778.0,0.6593037591934204,0.3614839916229249
0.0001,2779.0,0.6593037600517272,0.36148397440910335
0.0001,2780.0,0.6593037558555606,0.3614839452266694
0.0001,2781.0,0.6593037619590757,0.3614839264392854
0.0001,2782.0,0.6593037569999696,0.36148390083313
0.0001,2783.0,0.6593037592887879,0.3614838714122771
0.0001,2784.0,0.6593037588119501,0.36148385691642765
0.0001,2785.0,0.6593037591934201,0.3614838356494904
0.0001,2786.0,0.6593037592887881,0.3614838183879853
0.0001,2787.0,0.6593037587165835,0.3614837971210481
0.0001,2788.0,0.659303753757477,0.36148377203941356
0.0001,2789.0,0.6593037556648257,0.36148374686241147
0.0001,2790.0,0.6593037519454957,0.36148372807502727
0.0001,2791.0,0.6593037567138674,0.36148371090888975
0.0001,2792.0,0.659303756904602,0.3614836874961853
0.0001,2793.0,0.6593037568092346,0.3614836692810059
0.0001,2794.0,0.6593037563323971,0.3614836392879487
0.0001,2795.0,0.6593037574768067,0.36148362288475033
0.0001,2796.0,0.6593037555694576,0.36148360562324494
0.0001,2797.0,0.659303756904602,0.36148358173370376
0.0001,2798.0,0.6593037549972535,0.3614835577011108
0.0001,2799.0,0.6593037517547607,0.3614835418224335
0.0001,2800.0,0.6593037471771241,0.36148351716995236
0.0001,2801.0,0.659303750228882,0.36148349275588976
0.0001,2802.0,0.6593037523269655,0.36148346915245055
0.0001,2803.0,0.6593037549972534,0.3614834472179411
0.0001,2804.0,0.6593037551879884,0.36148342461586025
0.0001,2805.0,0.659303754425049,0.3614834099769592
0.0001,2806.0,0.6593037536621097,0.36148338394165047
0.0001,2807.0,0.6593037528991701,0.3614833724498749
0.0001,2808.0,0.6593037534713745,0.36148334527015685
0.0001,2809.0,0.65930375289917,0.3614833198070526
0.0001,2810.0,0.6593037512779235,0.3614833068847656
0.0001,2811.0,0.6593037521362305,0.3614832818031312
0.0001,2812.0,0.6593037524223329,0.3614832627296448
0.0001,2813.0,0.6593037501335146,0.3614832372665404
0.0001,2814.0,0.6593037495613097,0.3614832227706908
0.0001,2815.0,0.6593037507057186,0.3614832070827486
0.0001,2816.0,0.6593037521362302,0.361483185863495
0.0001,2817.0,0.6593037513732907,0.3614831626415254
0.0001,2818.0,0.6593037492752077,0.36148313922882086
0.0001,2819.0,0.6593037523269651,0.36148311915397663
0.0001,2820.0,0.6593037512779232,0.3614830983638764
0.0001,2821.0,0.6593037516593934,0.3614830803394318
0.0001,2822.0,0.6593037503242494,0.36148305869102476
0.0001,2823.0,0.6593037496566774,0.3614830466747284
0.0001,2824.0,0.6593037537574769,0.3614830224990845
0.0001,2825.0,0.6593037520408633,0.3614830059528352
0.0001,2826.0,0.6593037536621096,0.3614829839706419
0.0001,2827.0,0.6593037528991699,0.361482962322235
0.0001,2828.0,0.6593037512779231,0.36148294425010685
0.0001,2829.0,0.6593037541389464,0.361482925081253
0.0001,2830.0,0.6593037507057193,0.3614829070568085
0.0001,2831.0,0.6593037519454956,0.36148288064002987
0.0001,2832.0,0.6593037544250492,0.3614828586101533
0.0001,2833.0,0.6593037506103517,0.36148284020423876
0.0001,2834.0,0.6593037502288818,0.36148281855583186
0.0001,2835.0,0.6593037506103512,0.3614828063011168
0.0001,2836.0,0.6593037490844724,0.36148278203010553
0.0001,2837.0,0.6593037503242489,0.3614827657699585
0.0001,2838.0,0.6593037502288818,0.3614827485561372
0.0001,2839.0,0.6593037477493285,0.3614827229976655
0.0001,2840.0,0.6593037479400636,0.36148269572258
0.0001,2841.0,0.6593037471771239,0.36148268432617187
0.0001,2842.0,0.659303746795654,0.361482664346695
0.0001,2843.0,0.6593037460327151,0.3614826442718506
0.0001,2844.0,0.6593037479400637,0.3614826251506805
0.0001,2845.0,0.6593037446975711,0.36148260879516597
0.0001,2846.0,0.6593037485122686,0.36148258609771733
0.0001,2847.0,0.6593037504196164,0.36148257188797
0.0001,2848.0,0.659303746795654,0.36148255062103274
0.0001,2849.0,0.6593037483215327,0.3614825250148773
0.0001,2850.0,0.6593037433624267,0.3614825137138366
0.0001,2851.0,0.65930374546051,0.36148248553276063
0.0001,2852.0,0.6593037445068354,0.3614824771881105
0.0001,2853.0,0.659303748512268,0.36148245649337774
0.0001,2854.0,0.6593037460327145,0.3614824394226073
0.0001,2855.0,0.6593037508010857,0.36148240714073177
0.0001,2856.0,0.6593037490844722,0.36148239049911496
0.0001,2857.0,0.65930374546051,0.36148237228393554
0.0001,2858.0,0.6593037481307982,0.3614823578357697
0.0001,2859.0,0.6593037458419797,0.36148234124183654
0.0001,2860.0,0.6593037435531616,0.3614823171138764
0.0001,2861.0,0.6593037416458128,0.3614823053836825
0.0001,2862.0,0.6593037454605101,0.36148228888511663
0.0001,2863.0,0.6593037429809571,0.361482271051407
0.0001,2864.0,0.6593037481307985,0.3614822476863861
0.0001,2865.0,0.6593037446975707,0.36148222832679744
0.0001,2866.0,0.6593037412643434,0.36148220934867864
0.0001,2867.0,0.6593037473678592,0.3614821865558625
0.0001,2868.0,0.6593037445068365,0.36148217401504523
0.0001,2869.0,0.6593037456512456,0.3614821548461913
0.0001,2870.0,0.6593037450790407,0.3614821399688722
0.0001,2871.0,0.6593037437438971,0.3614821231842043
0.0001,2872.0,0.6593037435531627,0.36148210115432755
0.0001,2873.0,0.6593037454605107,0.36148208436965934
0.0001,2874.0,0.6593037454605106,0.361482068014145
0.0001,2875.0,0.6593037429809576,0.36148204779624954
0.0001,2876.0,0.6593037451744085,0.36148203239440935
0.0001,2877.0,0.659303741168976,0.36148201584815975
0.0001,2878.0,0.6593037427902224,0.36148199825286875
0.0001,2879.0,0.659303745269776,0.36148198146820076
0.0001,2880.0,0.6593037446022034,0.36148196597099314
0.0001,2881.0,0.6593037482261658,0.3614819465637209
0.0001,2882.0,0.6593037436485288,0.3614819271087648
0.0001,2883.0,0.6593037425994877,0.3614819021701814
0.0001,2884.0,0.6593037415504456,0.3614818863868716
0.0001,2885.0,0.6593037408828736,0.361481871175766
0.0001,2886.0,0.6593037418365478,0.3614818535327913
0.0001,2887.0,0.6593037394523618,0.3614818375110625
0.0001,2888.0,0.6593037395477293,0.3614818192958832
0.0001,2889.0,0.659303737258911,0.3614817983150482
0.0001,2890.0,0.6593037400245663,0.36148177962303163
0.0001,2891.0,0.6593037421226497,0.3614817643642426
0.0001,2892.0,0.6593037401199338,0.3614817471027374
0.0001,2893.0,0.6593037397384643,0.36148172998428346
0.0001,2894.0,0.6593037359237667,0.3614817101478576
0.0001,2895.0,0.6593037411689754,0.36148169646263123
0.0001,2896.0,0.6593037447929381,0.36148168330192576
0.0001,2897.0,0.659303744316101,0.3614816632747651
0.0001,2898.0,0.6593037419319153,0.36148165040016195
0.0001,2899.0,0.6593037410736086,0.36148163414001466
0.0001,2900.0,0.6593037406921387,0.36148161826133723
0.0001,2901.0,0.6593037416458133,0.3614816021919251
0.0001,2902.0,0.6593037404060362,0.3614815846443177
0.0001,2903.0,0.6593037383079529,0.3614815709590912
0.0001,2904.0,0.6593037423133847,0.3614815495967866
0.0001,2905.0,0.6593037417411801,0.3614815310001373
0.0001,2906.0,0.6593037392616269,0.3614815149307254
0.0001,2907.0,0.6593037395477295,0.36148150157928466
0.0001,2908.0,0.6593037381172177,0.36148148036003114
0.0001,2909.0,0.6593037347793579,0.3614814569473267
0.0001,2910.0,0.659303736400604,0.3614814452648164
0.0001,2911.0,0.6593037405014034,0.36148142514228826
0.0001,2912.0,0.6593037367820737,0.3614814152240755
0.0001,2913.0,0.6593037347793578,0.361481399345398
0.0001,2914.0,0.6593037353515623,0.36148138070106506
0.0001,2915.0,0.6593037389755241,0.36148136796951286
0.0001,2916.0,0.6593037374496455,0.361481346654892
0.0001,2917.0,0.6593037403106682,0.3614813272953034
0.0001,2918.0,0.6593037426948541,0.3614813056468964
0.0001,2919.0,0.6593037403106686,0.3614812955856324
0.0001,2920.0,0.659303738689422,0.3614812730789185
0.0001,2921.0,0.6593037424087519,0.3614812610149383
0.0001,2922.0,0.6593037395477291,0.36148124113082886
0.0001,2923.0,0.6593037376403804,0.36148122901916496
0.0001,2924.0,0.6593037401199343,0.36148121342659
0.0001,2925.0,0.65930373916626,0.3614811962604522
0.0001,2926.0,0.6593037423133848,0.36148118052482603
0.0001,2927.0,0.6593037364959717,0.3614811623096466
0.0001,2928.0,0.6593037367820738,0.361481150484085
0.0001,2929.0,0.65930373878479,0.3614811430931091
0.0001,2930.0,0.6593037396430966,0.3614811203479767
0.0001,2931.0,0.6593037376403806,0.36148110423088076
0.0001,2932.0,0.6593037369728086,0.3614810939788818
0.0001,2933.0,0.6593037380218506,0.36148106961250315
0.0001,2934.0,0.6593037366867064,0.3614810600757599
0.0001,2935.0,0.6593037370681762,0.36148104343414306
0.0001,2936.0,0.6593037349700929,0.36148102073669436
0.0001,2937.0,0.6593037361145017,0.3614810053825377
0.0001,2938.0,0.6593037370681765,0.36148099102973946
0.0001,2939.0,0.6593037355422977,0.36148097596168505
0.0001,2940.0,0.659303735733032,0.36148096065521235
0.0001,2941.0,0.6593037373542782,0.36148094081878657
0.0001,2942.0,0.6593037368774416,0.36148092498779294
0.0001,2943.0,0.6593037345886232,0.3614809148788451
0.0001,2944.0,0.6593037319183349,0.3614809013366698
0.0001,2945.0,0.6593037311553955,0.3614808850765228
0.0001,2946.0,0.6593037281036375,0.3614808669090271
0.0001,2947.0,0.6593037336349487,0.36148084630966193
0.0001,2948.0,0.6593037345886229,0.3614808362483978
0.0001,2949.0,0.659303737449646,0.36148082451820374
0.0001,2950.0,0.6593037332534792,0.36148080902099616
0.0001,2951.0,0.6593037353515621,0.36148078813552864
0.0001,2952.0,0.6593037345886229,0.361480780172348
0.0001,2953.0,0.6593037355422973,0.3614807655334473
0.0001,2954.0,0.6593037333488461,0.36148075594902046
0.0001,2955.0,0.6593037366867067,0.36148074016571036
0.0001,2956.0,0.6593037353515623,0.36148072085380545
0.0001,2957.0,0.6593037332534792,0.36148070859909065
0.0001,2958.0,0.6593037303924563,0.36148069453239445
0.0001,2959.0,0.6593037342071534,0.3614806740283966
0.0001,2960.0,0.6593037347793581,0.3614806633472443
0.0001,2961.0,0.659303734779358,0.36148064780235295
0.0001,2962.0,0.659303737831116,0.36148063178062456
0.0001,2963.0,0.6593037336349487,0.3614806145668031
0.0001,2964.0,0.6593037336349484,0.36148059511184694
0.0001,2965.0,0.6593037313461303,0.3614805864334107
0.0001,2966.0,0.6593037355422974,0.3614805765628815
0.0001,2967.0,0.6593037363052368,0.3614805560588836
0.0001,2968.0,0.6593037382125855,0.3614805479049682
0.0001,2969.0,0.6593037382125856,0.36148053164482125
0.0001,2970.0,0.6593037330627446,0.3614805177211762
0.0001,2971.0,0.6593037305831912,0.36148049597740173
0.0001,2972.0,0.6593037312507634,0.3614804903507233
0.0001,2973.0,0.6593037336349494,0.36148046803474426
0.0001,2974.0,0.6593037315368657,0.3614804552555083
0.0001,2975.0,0.6593037349700932,0.3614804388999938
0.0001,2976.0,0.6593037353515628,0.36148042759895316
0.0001,2977.0,0.6593037364959716,0.36148041563034056
0.0001,2978.0,0.6593037353515621,0.3614804027557374
0.0001,2979.0,0.6593037368774417,0.3614803888320924
0.0001,2980.0,0.6593037345886232,0.3614803708553314
0.0001,2981.0,0.6593037343978888,0.3614803582191468
0.0001,2982.0,0.6593037317276008,0.3614803438663482
0.0001,2983.0,0.6593037340164191,0.3614803267002107
0.0001,2984.0,0.6593037345886239,0.3614803087711334
0.0001,2985.0,0.6593037313461312,0.3614802996635435
0.0001,2986.0,0.659303727531434,0.3614802896022796
0.0001,2987.0,0.6593037288665778,0.3614802759170533
0.0001,2988.0,0.6593037313461311,0.3614802639961244
0.0001,2989.0,0.6593037315368661,0.36148024625778197
0.0001,2990.0,0.6593037263870243,0.3614802351951599
0.0001,2991.0,0.6593037317276006,0.3614802210807802
0.0001,2992.0,0.6593037332534796,0.36148020625114435
0.0001,2993.0,0.6593037315368658,0.36148019289970407
0.0001,2994.0,0.6593037322998052,0.36148017826080325
0.0001,2995.0,0.6593037317276005,0.36148016853332515
0.0001,2996.0,0.6593037281036377,0.36148015580177306
0.0001,2997.0,0.6593037296295167,0.3614801374912262
0.0001,2998.0,0.659303729248047,0.36148012204170227
0.0001,2999.0,0.6593037309646609,0.3614801147460937
0.0001,3000.0,0.6593037309646611,0.3614800971984864
0.0001,3001.0,0.6593037317276004,0.36148008422851563
0.0001,3002.0,0.6593037302017213,0.3614800724506379
0.0001,3003.0,0.6593037298202519,0.36148005247116094
0.0001,3004.0,0.6593037304878241,0.3614800396919253
0.0001,3005.0,0.659303730487824,0.3614800320625307
0.0001,3006.0,0.6593037303924565,0.36148001585006717
0.0001,3007.0,0.6593037302017216,0.3614799991130829
0.0001,3008.0,0.65930372838974,0.3614799849510193
0.0001,3009.0,0.6593037286758424,0.3614799732685088
0.0001,3010.0,0.6593037322998049,0.36147996516227726
0.0001,3011.0,0.659303731822968,0.36147995386123655
0.0001,3012.0,0.6593037279129029,0.36147993760108954
0.0001,3013.0,0.659303731060028,0.3614799211025238
0.0001,3014.0,0.6593037295341492,0.3614799102783204
0.0001,3015.0,0.6593037279129027,0.3614799020767211
0.0001,3016.0,0.6593037274360656,0.36147989249229434
0.0001,3017.0,0.6593037278175351,0.36147987551689154
0.0001,3018.0,0.6593037298202511,0.3614798615455629
0.0001,3019.0,0.6593037313461301,0.3614798490524292
0.0001,3020.0,0.6593037305831908,0.3614798415660858
0.0001,3021.0,0.6593037275314328,0.3614798326969147
0.0001,3022.0,0.6593037282943723,0.3614798175811768
0.0001,3023.0,0.6593037294387815,0.3614798037052155
0.0001,3024.0,0.6593037303924562,0.3614797966480256
0.0001,3025.0,0.6593037284851073,0.36147978186607377
0.0001,3026.0,0.6593037260055541,0.36147976536750803
0.0001,3027.0,0.659303726005554,0.36147975149154676
0.0001,3028.0,0.6593037290573123,0.36147973957061785
0.0001,3029.0,0.6593037252426149,0.3614797244548799
0.0001,3030.0,0.6593037271499639,0.36147971472740176
0.0001,3031.0,0.6593037227630619,0.3614797008037568
0.0001,3032.0,0.6593037270545962,0.36147968707084643
0.0001,3033.0,0.6593037313461306,0.3614796720504761
0.0001,3034.0,0.659303728103638,0.36147966403961196
0.0001,3035.0,0.6593037273406984,0.36147965364456175
0.0001,3036.0,0.659303728580475,0.3614796371936798
0.0001,3037.0,0.6593037277221682,0.36147962808608997
0.0001,3038.0,0.6593037269592286,0.3614796157360078
0.0001,3039.0,0.6593037297248842,0.3614796051025391
0.0001,3040.0,0.6593037260055545,0.361479588508606
0.0001,3041.0,0.6593037263870241,0.36147958030700683
0.0001,3042.0,0.6593037260055543,0.36147957053184504
0.0001,3043.0,0.6593037300109866,0.3614795634746551
0.0001,3044.0,0.6593037296295171,0.3614795447826385
0.0001,3045.0,0.6593037300109867,0.36147953672409044
0.0001,3046.0,0.6593037286758425,0.361479528427124
0.0001,3047.0,0.6593037267684939,0.36147950820922853
0.0001,3048.0,0.6593037303924564,0.3614794939994812
0.0001,3049.0,0.6593037279129033,0.3614794831752776
0.0001,3050.0,0.6593037265777592,0.36147946949005144
0.0001,3051.0,0.6593037264823917,0.36147946300506595
0.0001,3052.0,0.6593037261009221,0.36147945303916934
0.0001,3053.0,0.6593037259101874,0.3614794362545014
0.0001,3054.0,0.659303726387025,0.36147942337989797
0.0001,3055.0,0.6593037271499641,0.36147941026687636
0.0001,3056.0,0.6593037280082709,0.3614793992996216
0.0001,3057.0,0.659303728866578,0.36147939081192015
0.0001,3058.0,0.6593037297248848,0.36147937431335436
0.0001,3059.0,0.6593037265777593,0.36147935976982104
0.0001,3060.0,0.6593037324905396,0.3614793468952178
0.0001,3061.0,0.6593037283897402,0.3614793382167816
0.0001,3062.0,0.6593037249565127,0.36147932729721066
0.0001,3063.0,0.6593037244796751,0.3614793202400207
0.0001,3064.0,0.6593037263870237,0.36147930808067313
0.0001,3065.0,0.6593037266731262,0.361479292154312
0.0001,3066.0,0.659303726577759,0.361479286813736
0.0001,3067.0,0.6593037251472473,0.36147927956581116
0.0001,3068.0,0.6593037260055542,0.36147926583290113
0.0001,3069.0,0.6593037222862241,0.3614792536735534
0.0001,3070.0,0.6593037261962891,0.36147924346923815
0.0001,3071.0,0.6593037275314328,0.36147923183441183
0.0001,3072.0,0.6593037240028381,0.3614792147159578
0.0001,3073.0,0.659303725719452,0.3614792089939118
0.0001,3074.0,0.6593037239074704,0.36147918925285333
0.0001,3075.0,0.6593037263870238,0.3614791823863982
0.0001,3076.0,0.6593037262916565,0.3614791743278504
0.0001,3077.0,0.6593037241935729,0.3614791690349578
0.0001,3078.0,0.6593037245750426,0.36147915754318233
0.0001,3079.0,0.6593037235260008,0.3614791498184204
0.0001,3080.0,0.6593037221908569,0.36147912702560425
0.0001,3081.0,0.6593037229537965,0.36147911520004267
0.0001,3082.0,0.6593037242889408,0.36147910823822027
0.0001,3083.0,0.659303724765778,0.361479096841812
0.0001,3084.0,0.6593037261962895,0.3614790874004363
0.0001,3085.0,0.6593037265777594,0.36147907247543337
0.0001,3086.0,0.6593037253379825,0.3614790603160858
0.0001,3087.0,0.6593037246704107,0.36147905197143565
0.0001,3088.0,0.6593037258148198,0.36147903976440415
0.0001,3089.0,0.6593037262916569,0.3614790299415589
0.0001,3090.0,0.6593037225723271,0.36147901721000686
0.0001,3091.0,0.6593037252426153,0.3614790021419525
0.0001,3092.0,0.6593037266731268,0.36147898864746086
0.0001,3093.0,0.6593037232398989,0.3614789894104004
0.0001,3094.0,0.6593037244796759,0.3614789808750153
0.0001,3095.0,0.6593037249565128,0.3614789667606353
0.0001,3096.0,0.6593037219047552,0.36147895374298095
0.0001,3097.0,0.6593037241935734,0.3614789402484893
0.0001,3098.0,0.6593037232398989,0.3614789379119873
0.0001,3099.0,0.6593037243843083,0.3614789281845091
0.0001,3100.0,0.6593037268638616,0.36147891640663155
0.0001,3101.0,0.6593037245750429,0.3614788970947266
0.0001,3102.0,0.6593037264823918,0.3614788966655732
0.0001,3103.0,0.6593037231445319,0.36147888283729573
0.0001,3104.0,0.659303726863862,0.36147887396812434
0.0001,3105.0,0.6593037248611455,0.3614788576126097
0.0001,3106.0,0.6593037279129036,0.36147884650230405
0.0001,3107.0,0.6593037249565129,0.3614788394927978
0.0001,3108.0,0.6593037272453312,0.3614788376331329
0.0001,3109.0,0.6593037267684941,0.3614788220405578
0.0001,3110.0,0.6593037286758426,0.36147881011962896
0.0001,3111.0,0.6593037269592287,0.3614787942886354
0.0001,3112.0,0.6593037273406983,0.3614787901878358
0.0001,3113.0,0.6593037261009215,0.3614787820339204
0.0001,3114.0,0.6593037280082701,0.36147877068519596
0.0001,3115.0,0.6593037265777588,0.3614787578582765
0.0001,3116.0,0.65930372543335,0.36147874603271485
0.0001,3117.0,0.6593037261962893,0.3614787365436553
0.0001,3118.0,0.659303723049164,0.3614787259578705
0.0001,3119.0,0.6593037259101868,0.36147871899604794
0.0001,3120.0,0.6593037270545964,0.36147870259284964
0.0001,3121.0,0.6593037213325502,0.36147869825363166
0.0001,3122.0,0.6593037231445312,0.36147868399620064
0.0001,3123.0,0.6593037240982059,0.3614786781311035
0.0001,3124.0,0.6593037238121036,0.36147866635322556
0.0001,3125.0,0.6593037243843084,0.3614786585330963
0.0001,3126.0,0.6593037285804754,0.3614786476135253
0.0001,3127.0,0.6593037263870242,0.3614786357402802
0.0001,3128.0,0.6593037253379822,0.36147862524986274
0.0001,3129.0,0.6593037213325501,0.36147861385345453
0.0001,3130.0,0.65930372171402,0.3614786039352417
0.0001,3131.0,0.6593037259101869,0.36147859382629394
0.0001,3132.0,0.6593037220954898,0.3614785868167878
0.0001,3133.0,0.6593037220954895,0.36147857556343066
0.0001,3134.0,0.6593037206649782,0.36147856860160826
0.0001,3135.0,0.6593037259101869,0.3614785566806796
0.0001,3136.0,0.6593037192344668,0.361478546857834
0.0001,3137.0,0.6593037211418151,0.3614785395145416
0.0001,3138.0,0.6593037219047547,0.36147853317260736
0.0001,3139.0,0.6593037239074705,0.36147851486206045
0.0001,3140.0,0.6593037229537966,0.3614785113334656
0.0001,3141.0,0.659303723430633,0.36147849459648146
0.0001,3142.0,0.6593037244796752,0.36147848601341265
0.0001,3143.0,0.6593037238121033,0.3614784804821016
0.0001,3144.0,0.6593037237167357,0.3614784748077393
0.0001,3145.0,0.6593037199974057,0.3614784606456756
0.0001,3146.0,0.6593037282943728,0.3614784503459932
0.0001,3147.0,0.6593037220001222,0.361478438091278
0.0001,3148.0,0.6593037235260014,0.36147843236923216
0.0001,3149.0,0.6593037225723268,0.36147842254638674
0.0001,3150.0,0.659303722190857,0.36147841272354125
0.0001,3151.0,0.6593037218093871,0.3614784026622771
0.0001,3152.0,0.6593037199974062,0.3614783938407897
0.0001,3153.0,0.6593037216186527,0.3614783866882324
0.0001,3154.0,0.6593037217140202,0.36147837939262395
0.0001,3155.0,0.6593037191390997,0.36147837128639215
0.0001,3156.0,0.6593037193298346,0.3614783611297607
0.0001,3157.0,0.6593037218093877,0.3614783485412597
0.0001,3158.0,0.6593037200927736,0.3614783388614656
0.0001,3159.0,0.6593037228584288,0.36147832679748537
0.0001,3160.0,0.6593037222862244,0.36147832126617435
0.0001,3161.0,0.6593037232398987,0.36147831382751466
0.0001,3162.0,0.6593037253379819,0.3614783018112182
0.0001,3163.0,0.6593037233352659,0.36147828903198237
0.0001,3164.0,0.6593037220001223,0.3614782808303834
0.0001,3165.0,0.659303722858429,0.3614782763004305
0.0001,3166.0,0.6593037222862242,0.3614782693862914
0.0001,3167.0,0.6593037233352662,0.36147825579643256
0.0001,3168.0,0.6593037249565123,0.36147824249267574
0.0001,3169.0,0.6593037219047546,0.36147823448181154
0.0001,3170.0,0.6593037199974061,0.3614782272815703
0.0001,3171.0,0.6593037199020385,0.3614782202243804
0.0001,3172.0,0.6593037210464477,0.36147821111679074
0.0001,3173.0,0.6593037189483645,0.36147820086479177
0.0001,3174.0,0.6593037181854249,0.3614781961917877
0.0001,3175.0,0.659303717517853,0.3614781866550446
0.0001,3176.0,0.6593037194252013,0.36147817859649667
0.0001,3177.0,0.6593037177085873,0.36147816882133493
0.0001,3178.0,0.6593037212371826,0.3614781627655029
0.0001,3179.0,0.6593037201881408,0.36147815465927124
0.0001,3180.0,0.6593037220954893,0.36147814221382135
0.0001,3181.0,0.659303721809387,0.36147812943458546
0.0001,3182.0,0.6593037193298338,0.3614781225681304
0.0001,3183.0,0.659303718280792,0.3614781180381775
0.0001,3184.0,0.6593037211418152,0.36147810192108154
0.0001,3185.0,0.659303719139099,0.36147809176444995
0.0001,3186.0,0.6593037210464479,0.3614780874252319
0.0001,3187.0,0.6593037212371828,0.3614780823707582
0.0001,3188.0,0.6593037239074706,0.3614780699253081
0.0001,3189.0,0.6593037221908568,0.3614780653476716
0.0001,3190.0,0.6593037231445307,0.3614780525684355
0.0001,3191.0,0.6593037181854243,0.36147804055213917
0.0001,3192.0,0.659303718566894,0.36147803168296794
0.0001,3193.0,0.6593037185668946,0.36147803006172174
0.0001,3194.0,0.6593037199020382,0.3614780228137968
0.0001,3195.0,0.6593037187576295,0.3614780113220215
0.0001,3196.0,0.6593037193298338,0.3614780024528504
0.0001,3197.0,0.6593037231445313,0.36147798967361455
0.0001,3198.0,0.6593037237167358,0.361477981042862
0.0001,3199.0,0.6593037195205691,0.36147797427177425
0.0001,3200.0,0.6593037187576297,0.3614779684066771
0.0001,3201.0,0.6593037225723268,0.3614779511451721
0.0001,3202.0,0.6593037214279178,0.36147794895172114
0.0001,3203.0,0.6593037191390992,0.36147794137001055
0.0001,3204.0,0.6593037205696107,0.36147793226242064
0.0001,3205.0,0.6593037216186525,0.36147792305946364
0.0001,3206.0,0.6593037202835084,0.36147791256904604
0.0001,3207.0,0.6593037204742433,0.36147790560722337
0.0001,3208.0,0.6593037191390992,0.3614778941631317
0.0001,3209.0,0.6593037210464482,0.36147788825035093
0.0001,3210.0,0.6593037160873415,0.36147787661552433
0.0001,3211.0,0.6593037227630619,0.36147786774635315
0.0001,3212.0,0.659303721141815,0.3614778620243073
0.0001,3213.0,0.6593037193298344,0.36147785143852235
0.0001,3214.0,0.6593037213325502,0.3614778438091279
0.0001,3215.0,0.65930372581482,0.36147783370018005
0.0001,3216.0,0.65930372543335,0.3614778292179106
0.0001,3217.0,0.659303723716736,0.3614778223514558
0.0001,3218.0,0.659303720378876,0.36147781701087933
0.0001,3219.0,0.6593037216186525,0.3614778071880341
0.0001,3220.0,0.6593037185668948,0.3614777991771699
0.0001,3221.0,0.6593037204742432,0.36147779173850997
0.0001,3222.0,0.6593037187576294,0.3614777847766875
0.0001,3223.0,0.6593037217140199,0.36147777352333077
0.0001,3224.0,0.6593037225723271,0.36147776103019713
0.0001,3225.0,0.6593037152290344,0.361477752828598
0.0001,3226.0,0.6593037199974063,0.36147774567604063
0.0001,3227.0,0.6593037182807925,0.3614777385234832
0.0001,3228.0,0.6593037191390994,0.36147772507667547
0.0001,3229.0,0.6593037178993228,0.36147771735191336
0.0001,3230.0,0.6593037208557131,0.3614777154445648
0.0001,3231.0,0.6593037199020388,0.3614777074337006
0.0001,3232.0,0.6593037219047551,0.36147769923210155
0.0001,3233.0,0.6593037216186525,0.36147769303321836
0.0001,3234.0,0.6593037224769592,0.361477683877945
0.0001,3235.0,0.6593037191390996,0.36147767562866207
0.0001,3236.0,0.6593037189483646,0.36147767200469977
0.0001,3237.0,0.6593037191390991,0.36147766737937925
0.0001,3238.0,0.6593037157058722,0.36147765393257153
0.0001,3239.0,0.6593037145614629,0.3614776523590088
0.0001,3240.0,0.6593037175178532,0.361477645301819
0.0001,3241.0,0.6593037190437323,0.3614776263236999
0.0001,3242.0,0.6593037149429326,0.3614776229381562
0.0001,3243.0,0.6593037188529973,0.36147761650085447
0.0001,3244.0,0.6593037225723275,0.36147760710716265
0.0001,3245.0,0.6593037208557136,0.3614775973796845
0.0001,3246.0,0.6593037214279183,0.3614775926589965
0.0001,3247.0,0.659303717422486,0.3614775819778442
0.0001,3248.0,0.6593037193298344,0.36147756714820867
0.0001,3249.0,0.6593037166595467,0.36147755899429307
0.0001,3250.0,0.6593037175178534,0.36147755117416375
0.0001,3251.0,0.6593037172317512,0.3614775420188903
0.0001,3252.0,0.6593037175178537,0.36147753047943115
0.0001,3253.0,0.6593037145614631,0.36147753067016586
0.0001,3254.0,0.6593037199020393,0.36147752795219407
0.0001,3255.0,0.6593037172317512,0.3614775204658508
0.0001,3256.0,0.6593037219047553,0.3614775152206421
0.0001,3257.0,0.6593037193298347,0.3614775027275086
0.0001,3258.0,0.6593037172317511,0.36147749676704405
0.0001,3259.0,0.6593037185668953,0.36147749371528615
0.0001,3260.0,0.6593037187576303,0.3614774823188782
0.0001,3261.0,0.6593037178039555,0.36147747616767867
0.0001,3262.0,0.6593037172317511,0.3614774622440339
0.0001,3263.0,0.6593037170410164,0.3614774517059326
0.0001,3264.0,0.6593037168502816,0.3614774501800537
0.0001,3265.0,0.6593037181854254,0.36147744092941275
0.0001,3266.0,0.6593037208557129,0.36147742743492134
0.0001,3267.0,0.6593037181854254,0.36147741951942464
0.0001,3268.0,0.6593037198066716,0.3614774133682252
0.0001,3269.0,0.6593037181854254,0.3614774091243744
0.0001,3270.0,0.659303721046448,0.3614774021625519
0.0001,3271.0,0.6593037182807927,0.36147739377021804
0.0001,3272.0,0.6593037160873417,0.36147738213539127
0.0001,3273.0,0.6593037181854252,0.36147737584114076
0.0001,3274.0,0.6593037191390995,0.3614773701667784
0.0001,3275.0,0.659303715133667,0.36147736511230466
0.0001,3276.0,0.6593037178039556,0.3614773599147796
0.0001,3277.0,0.6593037191390994,0.3614773497104645
0.0001,3278.0,0.6593037209510804,0.36147734303474427
0.0001,3279.0,0.6593037200927739,0.3614773365974426
0.0001,3280.0,0.6593037209510804,0.36147732787132275
0.0001,3281.0,0.6593037211418153,0.36147732133865346
0.0001,3282.0,0.6593037202835086,0.3614773138523102
0.0001,3283.0,0.6593037200927733,0.3614773036479951
0.0001,3284.0,0.6593037186622619,0.3614773008346559
0.0001,3285.0,0.659303717803955,0.3614772941589355
0.0001,3286.0,0.6593037198066711,0.36147728781700134
0.0001,3287.0,0.6593037188529969,0.3614772819042206
0.0001,3288.0,0.6593037193298339,0.3614772698879243
0.0001,3289.0,0.6593037167549134,0.3614772638320923
0.0001,3290.0,0.6593037225723267,0.36147725358009336
0.0001,3291.0,0.6593037193298342,0.36147724866867076
0.0001,3292.0,0.6593037210464482,0.3614772403240204
0.0001,3293.0,0.6593037169456486,0.361477235507965
0.0001,3294.0,0.6593037157058715,0.36147722721099856
0.0001,3295.0,0.6593037158966063,0.3614772213935853
0.0001,3296.0,0.6593037171363834,0.36147720746994016
0.0001,3297.0,0.6593037158012394,0.3614772040843965
0.0001,3298.0,0.6593037184715274,0.36147719855308535
0.0001,3299.0,0.6593037169456484,0.36147719054222116
0.0001,3300.0,0.6593037173271179,0.3614771893978118
0.0001,3301.0,0.6593037191390996,0.36147717962265025
0.0001,3302.0,0.6593037164688113,0.36147717390060446
0.0001,3303.0,0.6593037167549138,0.3614771715641023
0.0001,3304.0,0.6593037176132206,0.36147716131210333
0.0001,3305.0,0.6593037164688115,0.3614771524906159
0.0001,3306.0,0.6593037145614628,0.3614771499156952
0.0001,3307.0,0.6593037174224855,0.3614771373271942
0.0001,3308.0,0.6593037183761598,0.3614771354198455
0.0001,3309.0,0.6593037202835085,0.3614771270275116
0.0001,3310.0,0.6593037163734439,0.3614771240234375
0.0001,3311.0,0.6593037205696106,0.3614771164894105
0.0001,3312.0,0.6593037178039556,0.3614771035671234
0.0001,3313.0,0.6593037220001223,0.3614770986557006
0.0001,3314.0,0.6593037199020386,0.3614770937919617
0.0001,3315.0,0.6593037166595463,0.3614770816802978
0.0001,3316.0,0.6593037200927736,0.3614770735740662
0.0001,3317.0,0.6593037184715274,0.36147706375122063
0.0001,3318.0,0.6593037175178533,0.36147706360816945
0.0001,3319.0,0.6593037151336676,0.36147705521583556
0.0001,3320.0,0.6593037124633796,0.36147704963684096
0.0001,3321.0,0.6593037132263189,0.3614770458698272
0.0001,3322.0,0.6593037166595466,0.3614770373821258
0.0001,3323.0,0.6593037155151376,0.36147703733444214
0.0001,3324.0,0.6593037181854255,0.3614770303726197
0.0001,3325.0,0.6593037122726446,0.36147701768875123
0.0001,3326.0,0.6593037162780768,0.36147701463699344
0.0001,3327.0,0.6593037122726442,0.36147700304985037
0.0001,3328.0,0.6593037151336671,0.3614769975185397
0.0001,3329.0,0.6593037155151373,0.36147699408531203
0.0001,3330.0,0.6593037187576298,0.36147698178291315
0.0001,3331.0,0.6593037147521973,0.36147697973251336
0.0001,3332.0,0.6593037130355839,0.3614769735813143
0.0001,3333.0,0.6593037168502809,0.361476967906952
0.0001,3334.0,0.6593037143707279,0.361476959514618
0.0001,3335.0,0.6593037153244022,0.36147696080207836
0.0001,3336.0,0.6593037103652959,0.3614769467353821
0.0001,3337.0,0.6593037126541139,0.3614769428730012
0.0001,3338.0,0.6593037162780767,0.3614769378185275
0.0001,3339.0,0.6593037136077884,0.3614769323825837
0.0001,3340.0,0.6593037179946902,0.36147692842483503
0.0001,3341.0,0.6593037176132207,0.36147692151069655
0.0001,3342.0,0.6593037178039554,0.3614769147872925
0.0001,3343.0,0.6593037210464487,0.3614769062042237
0.0001,3344.0,0.6593037168502813,0.3614769016265871
0.0001,3345.0,0.6593037172317509,0.36147689385414145
0.0001,3346.0,0.6593037158966069,0.36147689242362974
0.0001,3347.0,0.6593037137985235,0.3614768867969514
0.0001,3348.0,0.6593037174224857,0.36147687802314776
0.0001,3349.0,0.6593037189483648,0.361476873254776
0.0001,3350.0,0.6593037162780766,0.361476868391037
0.0001,3351.0,0.6593037151336674,0.36147686157226555
0.0001,3352.0,0.6593037139892585,0.361476850128174
0.0001,3353.0,0.6593037184715274,0.36147685346603375
0.0001,3354.0,0.6593037157058718,0.36147685165405263
0.0001,3355.0,0.6593037166595462,0.3614768428802492
0.0001,3356.0,0.6593037197113042,0.36147683544158926
0.0001,3357.0,0.6593037205696112,0.3614768312454223
0.0001,3358.0,0.6593037171363836,0.36147681717872615
0.0001,3359.0,0.6593037166595461,0.36147681550979616
0.0001,3360.0,0.6593037140846255,0.36147680845260605
0.0001,3361.0,0.6593037144660951,0.3614768059253694
0.0001,3362.0,0.6593037164688109,0.36147679595947274
0.0001,3363.0,0.6593037162780765,0.3614767941474915
0.0001,3364.0,0.6593037176132205,0.36147678313255305
0.0001,3365.0,0.6593037165641784,0.36147677140235884
0.0001,3366.0,0.659303713989258,0.361476768541336
0.0001,3367.0,0.6593037174224857,0.3614767620086669
0.0001,3368.0,0.6593037152290346,0.3614767617225646
0.0001,3369.0,0.6593037145614629,0.3614767555713652
0.0001,3370.0,0.6593037128448488,0.3614767466068267
0.0001,3371.0,0.6593037149429325,0.36147674188613893
0.0001,3372.0,0.6593037142753605,0.3614767362594605
0.0001,3373.0,0.6593037146568302,0.3614767359733582
0.0001,3374.0,0.6593037152290345,0.3614767292022705
0.0001,3375.0,0.659303716373444,0.3614767250061035
0.0001,3376.0,0.6593037166595465,0.36147671566009537
0.0001,3377.0,0.6593037137985235,0.36147671022415157
0.0001,3378.0,0.6593037168502811,0.36147670621871947
0.0001,3379.0,0.6593037204742436,0.3614766974449158
0.0001,3380.0,0.6593037170410162,0.36147669277191175
0.0001,3381.0,0.6593037132263188,0.3614766861438751
0.0001,3382.0,0.6593037111282349,0.36147668547630313
0.0001,3383.0,0.6593037137985231,0.36147667498588565
0.0001,3384.0,0.6593037136077883,0.36147666850090016
0.0001,3385.0,0.6593037148475647,0.3614766641139984
0.0001,3386.0,0.6593037184715274,0.3614766582965851
0.0001,3387.0,0.6593037179946901,0.3614766494274139
0.0001,3388.0,0.6593037150382995,0.36147664704322824
0.0001,3389.0,0.6593037148475647,0.3614766436100007
0.0001,3390.0,0.6593037133216859,0.3614766368865967
0.0001,3391.0,0.6593037161827088,0.3614766286849975
0.0001,3392.0,0.6593037150382999,0.3614766243934631
0.0001,3393.0,0.65930371799469,0.36147661981582635
0.0001,3394.0,0.6593037141799925,0.36147661008834836
0.0001,3395.0,0.6593037187576294,0.3614766109466553
0.0001,3396.0,0.6593037185668946,0.3614766005516052
0.0001,3397.0,0.6593037164688108,0.3614766000270843
0.0001,3398.0,0.6593037152290342,0.36147659559249884
0.0001,3399.0,0.6593037164688111,0.36147659025192264
0.0001,3400.0,0.6593037161827087,0.36147658042907727
0.0001,3401.0,0.6593037134170533,0.3614765736579894
0.0001,3402.0,0.6593037117958068,0.36147657055854804
0.0001,3403.0,0.6593037154197692,0.36147656774520875
0.0001,3404.0,0.6593037117004392,0.361476559972763
0.0001,3405.0,0.6593037134170532,0.3614765537738801
0.0001,3406.0,0.6593037124633786,0.36147655029296866
0.0001,3407.0,0.6593037139892575,0.361476546239853
0.0001,3408.0,0.6593037110328668,0.3614765349864962
0.0001,3409.0,0.6593037096023555,0.3614765317440034
0.0001,3410.0,0.6593037157058712,0.3614765303134918
0.0001,3411.0,0.6593037145614619,0.3614765223979951
0.0001,3412.0,0.6593037132263178,0.36147652029991156
0.0001,3413.0,0.6593037133216854,0.36147651467323305
0.0001,3414.0,0.6593037160873406,0.3614765100479124
0.0001,3415.0,0.6593037158012387,0.36147649946212757
0.0001,3416.0,0.659303714561462,0.36147649736404414
0.0001,3417.0,0.6593037118911741,0.3614764925956726
0.0001,3418.0,0.6593037145614618,0.36147648754119877
0.0001,3419.0,0.6593037090301511,0.36147648344039895
0.0001,3420.0,0.6593037137985228,0.3614764754295348
0.0001,3421.0,0.6593037126541135,0.3614764671325683
0.0001,3422.0,0.6593037118911746,0.36147646427154545
0.0001,3423.0,0.6593037153244017,0.36147645821571356
0.0001,3424.0,0.6593037170410158,0.3614764503479003
0.0001,3425.0,0.6593037117004396,0.36147645130157463
0.0001,3426.0,0.6593037160873412,0.3614764437198639
0.0001,3427.0,0.6593037158012389,0.361476440858841
0.0001,3428.0,0.6593037145614625,0.3614764386177063
0.0001,3429.0,0.6593037151336669,0.3614764363765716
0.0001,3430.0,0.6593037172317503,0.3614764282226563
0.0001,3431.0,0.6593037137031555,0.3614764218330383
0.0001,3432.0,0.6593037135124208,0.36147641625404353
0.0001,3433.0,0.6593037158966063,0.3614764155864715
0.0001,3434.0,0.6593037158966061,0.36147640852928165
0.0001,3435.0,0.65930371799469,0.36147640323638935
0.0001,3436.0,0.6593037189483643,0.3614763919830322
0.0001,3437.0,0.6593037189483641,0.36147639093399064
0.0001,3438.0,0.6593037152290342,0.36147637891769424
0.0001,3439.0,0.6593037166595458,0.36147637577056896
0.0001,3440.0,0.6593037164688108,0.36147637171745317
0.0001,3441.0,0.6593037129402158,0.36147637305259694
0.0001,3442.0,0.6593037128448487,0.36147636451721205
0.0001,3443.0,0.6593037178039549,0.36147635788917554
0.0001,3444.0,0.6593037164688109,0.3614763575553894
0.0001,3445.0,0.6593037147521966,0.3614763533115389
0.0001,3446.0,0.6593037175178525,0.3614763507843018
0.0001,3447.0,0.6593037125587461,0.3614763394355775
0.0001,3448.0,0.659303714179992,0.361476341867447
0.0001,3449.0,0.6593037128448483,0.36147633390426637
0.0001,3450.0,0.659303712558746,0.3614763286590576
0.0001,3451.0,0.659303713607788,0.36147632322311396
0.0001,3452.0,0.6593037106513975,0.36147631931304924
0.0001,3453.0,0.6593037128448487,0.36147631034851063
0.0001,3454.0,0.6593037093162537,0.36147630710601797
0.0001,3455.0,0.6593037161827083,0.3614762997150421
0.0001,3456.0,0.6593037121772766,0.36147629022598254
0.0001,3457.0,0.6593037147521972,0.36147629671096804
0.0001,3458.0,0.6593037122726445,0.36147628688812267
0.0001,3459.0,0.6593037149429318,0.3614762882232665
0.0001,3460.0,0.6593037125587462,0.36147627468109145
0.0001,3461.0,0.659303713798523,0.3614762682914735
0.0001,3462.0,0.6593037183761595,0.36147626523971577
0.0001,3463.0,0.6593037160873412,0.3614762601852417
0.0001,3464.0,0.6593037157058717,0.3614762591838837
0.0001,3465.0,0.6593037132263186,0.3614762526988983
0.0001,3466.0,0.6593037155151369,0.3614762483596803
0.0001,3467.0,0.6593037158966064,0.361476243877411
0.0001,3468.0,0.6593037154197695,0.3614762427330018
0.0001,3469.0,0.6593037133216858,0.361476240348816
0.0001,3470.0,0.6593037148475649,0.3614762342453004
0.0001,3471.0,0.6593037102699281,0.36147622814178465
0.0001,3472.0,0.6593037139892578,0.3614762239456177
0.0001,3473.0,0.6593037140846255,0.3614762155532837
0.0001,3474.0,0.6593037154197694,0.36147621068954466
0.0001,3475.0,0.6593037144660948,0.3614762020111084
0.0001,3476.0,0.6593037171363835,0.36147619562149047
0.0001,3477.0,0.6593037144660954,0.3614761940956115
0.0001,3478.0,0.6593037164688117,0.3614761870384217
0.0001,3479.0,0.6593037143707279,0.36147618932724
0.0001,3480.0,0.6593037155151369,0.3614761751651765
0.0001,3481.0,0.6593037126541142,0.36147617835998525
0.0001,3482.0,0.6593037130355839,0.3614761717796326
0.0001,3483.0,0.6593037141799931,0.3614761659622192
0.0001,3484.0,0.6593037128448491,0.36147616767883295
0.0001,3485.0,0.6593037101745612,0.3614761592864989
0.0001,3486.0,0.6593037146568304,0.3614761554718019
0.0001,3487.0,0.6593037111282355,0.3614761508941651
0.0001,3488.0,0.6593037103652963,0.36147614631652836
0.0001,3489.0,0.6593037130355843,0.36147613935470585
0.0001,3490.0,0.6593037130355841,0.36147614016532903
0.0001,3491.0,0.6593037137985238,0.3614761383533479
0.0001,3492.0,0.6593037101745615,0.3614761282920838
0.0001,3493.0,0.6593037115097057,0.36147612600326534
0.0001,3494.0,0.659303714466096,0.3614761243343355
0.0001,3495.0,0.6593037145614634,0.36147611780166616
0.0001,3496.0,0.6593037103652966,0.3614761147975922
0.0001,3497.0,0.6593037132263194,0.361476113319397
0.0001,3498.0,0.6593037126541147,0.3614761121273041
0.0001,3499.0,0.6593037111282356,0.36147610144615167
0.0001,3500.0,0.6593037147521982,0.3614760959625244
0.0001,3501.0,0.659303707218171,0.36147609477043147
0.0001,3502.0,0.6593037091255198,0.36147609047889734
0.0001,3503.0,0.6593037047386181,0.36147608547210697
0.0001,3504.0,0.6593037075996405,0.36147608394622815
0.0001,3505.0,0.6593037116050728,0.36147607855796826
0.0001,3506.0,0.659303711605073,0.3614760755062103
0.0001,3507.0,0.6593037117958079,0.36147606892585765
0.0001,3508.0,0.6593037137031564,0.3614760646343233
0.0001,3509.0,0.6593037088394175,0.36147605910301206
0.0001,3510.0,0.6593037097930914,0.3614760564327241
0.0001,3511.0,0.6593037108421334,0.36147604994773874
0.0001,3512.0,0.6593037096977241,0.36147605094909674
0.0001,3513.0,0.6593037109375004,0.3614760418891909
0.0001,3514.0,0.6593037125587468,0.3614760340690613
0.0001,3515.0,0.6593037102699284,0.3614760338306429
0.0001,3516.0,0.6593037140846256,0.3614760286808015
0.0001,3517.0,0.6593037146568301,0.3614760253429412
0.0001,3518.0,0.6593037153244021,0.36147602229118353
0.0001,3519.0,0.6593037139892581,0.36147601680755626
0.0001,3520.0,0.6593037126541142,0.3614760130405427
0.0001,3521.0,0.6593037158012396,0.36147600941658026
0.0001,3522.0,0.6593037139892581,0.36147600522041334
0.0001,3523.0,0.6593037125587465,0.3614760021209716
0.0001,3524.0,0.6593037136077886,0.36147599520683293
0.0001,3525.0,0.6593037146568304,0.36147599148750326
0.0001,3526.0,0.6593037111282352,0.3614759889602663
0.0001,3527.0,0.6593037139892584,0.36147598199844355
0.0001,3528.0,0.6593037110328678,0.36147598414421095
0.0001,3529.0,0.659303711986542,0.3614759768962861
0.0001,3530.0,0.6593037153244021,0.36147597045898444
0.0001,3531.0,0.6593037109375003,0.3614759694576264
0.0001,3532.0,0.659303712844849,0.36147596268653864
0.0001,3533.0,0.6593037125587468,0.36147596063613885
0.0001,3534.0,0.6593037132263191,0.3614759529590607
0.0001,3535.0,0.6593037136077884,0.3614759521007536
0.0001,3536.0,0.6593037117004401,0.36147594790458676
0.0001,3537.0,0.6593037117004401,0.3614759394168853
0.0001,3538.0,0.659303714370728,0.3614759365558625
0.0001,3539.0,0.6593037115097049,0.36147593355178836
0.0001,3540.0,0.6593037101745609,0.36147593483924856
0.0001,3541.0,0.6593037122726443,0.3614759326934813
0.0001,3542.0,0.6593037105560305,0.3614759221553801
0.0001,3543.0,0.6593037088394166,0.36147592029571524
0.0001,3544.0,0.6593037105560302,0.36147591686248787
0.0001,3545.0,0.6593037117004397,0.3614759069919585
0.0001,3546.0,0.6593037103652957,0.36147590579986577
0.0001,3547.0,0.6593037105560303,0.3614758983612061
0.0001,3548.0,0.6593037100791933,0.3614758990287781
0.0001,3549.0,0.6593037105560302,0.3614758975982665
0.0001,3550.0,0.6593037124633792,0.3614758907794952
0.0001,3551.0,0.6593037103652956,0.36147588834762573
0.0001,3552.0,0.6593037096023558,0.36147588539123554
0.0001,3553.0,0.6593037111282349,0.3614758762836456
0.0001,3554.0,0.6593037113189696,0.3614758738040925
0.0001,3555.0,0.6593037082672122,0.3614758718490601
0.0001,3556.0,0.6593037103652957,0.36147586455345143
0.0001,3557.0,0.6593037139892578,0.3614758602619171
0.0001,3558.0,0.6593037132263185,0.36147586107254026
0.0001,3559.0,0.6593037109375001,0.3614758558273316
0.0001,3560.0,0.6593037128448489,0.36147585434913637
0.0001,3561.0,0.6593037130355837,0.3614758466720582
0.0001,3562.0,0.6593037126541141,0.3614758444786074
0.0001,3563.0,0.6593037147521974,0.36147584924697895
0.0001,3564.0,0.6593037132263188,0.3614758400440218
0.0001,3565.0,0.6593037122726445,0.36147583308219905
0.0001,3566.0,0.6593037139892582,0.36147583017349233
0.0001,3567.0,0.6593037103652956,0.36147582693099967
0.0001,3568.0,0.6593037134170533,0.3614758205413819
0.0001,3569.0,0.6593037137985234,0.361475816965103
0.0001,3570.0,0.6593037143707277,0.3614758173942567
0.0001,3571.0,0.6593037151336675,0.3614758144855498
0.0001,3572.0,0.659303713035584,0.36147581524848943
0.0001,3573.0,0.6593037105560309,0.36147580394744855
0.0001,3574.0,0.6593037136077883,0.3614757997512817
0.0001,3575.0,0.659303709220887,0.36147580008506786
0.0001,3576.0,0.6593037086486822,0.36147579584121725
0.0001,3577.0,0.659303709793091,0.3614757900714875
0.0001,3578.0,0.6593037113189698,0.3614757835388185
0.0001,3579.0,0.6593037117004398,0.36147578167915356
0.0001,3580.0,0.6593037108421328,0.3614757775783539
0.0001,3581.0,0.6593037111282355,0.3614757749557495
0.0001,3582.0,0.6593037109375005,0.3614757678031922
0.0001,3583.0,0.6593037122726444,0.3614757594108582
0.0001,3584.0,0.6593037132263189,0.3614757632255556
0.0001,3585.0,0.659303713893891,0.36147575998306297
0.0001,3586.0,0.6593037128448491,0.36147575120925896
0.0001,3587.0,0.659303711986542,0.36147574992179865
0.0001,3588.0,0.6593037118911745,0.3614757471084594
0.0001,3589.0,0.6593037138938905,0.36147574534416216
0.0001,3590.0,0.6593037164688114,0.36147574076652533
0.0001,3591.0,0.6593037157058717,0.361475741481781
0.0001,3592.0,0.6593037154197694,0.3614757381916047
0.0001,3593.0,0.6593037142753604,0.36147573323249826
0.0001,3594.0,0.6593037172317506,0.36147572617530815
0.0001,3595.0,0.6593037128448491,0.36147573132514943
0.0001,3596.0,0.6593037131309508,0.36147571768760683
0.0001,3597.0,0.6593037124633795,0.36147572126388555
0.0001,3598.0,0.6593037137985231,0.3614757215976716
0.0001,3599.0,0.6593037153244019,0.3614757136344911
0.0001,3600.0,0.6593037145614626,0.3614757094383241
0.0001,3601.0,0.6593037135124209,0.36147571229934683
0.0001,3602.0,0.6593037135124206,0.36147570004463214
0.0001,3603.0,0.6593037128448488,0.3614757023334504
0.0001,3604.0,0.6593037126541137,0.36147569718360906
0.0001,3605.0,0.6593037122726443,0.36147569479942326
0.0001,3606.0,0.6593037121772768,0.3614756952762604
0.0001,3607.0,0.6593037103652954,0.361475688314438
0.0001,3608.0,0.6593037112236019,0.3614756822109223
0.0001,3609.0,0.6593037145614623,0.36147568120956425
0.0001,3610.0,0.659303713130951,0.36147568044662487
0.0001,3611.0,0.6593037103652954,0.3614756731510163
0.0001,3612.0,0.6593037097930905,0.36147567296028144
0.0001,3613.0,0.6593037117004393,0.36147567272186276
0.0001,3614.0,0.659303709888458,0.3614756664276123
0.0001,3615.0,0.6593037117004391,0.36147565922737124
0.0001,3616.0,0.659303713607788,0.361475656747818
0.0001,3617.0,0.6593037143707273,0.36147564854621894
0.0001,3618.0,0.6593037142753598,0.36147565426826483
0.0001,3619.0,0.6593037114143369,0.3614756495952607
0.0001,3620.0,0.6593037127494807,0.36147564234733565
0.0001,3621.0,0.6593037137031553,0.3614756407260896
0.0001,3622.0,0.6593037157058717,0.3614756403446197
0.0001,3623.0,0.6593037143707274,0.36147564406394966
0.0001,3624.0,0.6593037132263183,0.36147563419342044
0.0001,3625.0,0.6593037181854245,0.3614756325721741
0.0001,3626.0,0.6593037170410153,0.36147563147544864
0.0001,3627.0,0.6593037141799923,0.36147562489509594
0.0001,3628.0,0.6593037149429319,0.36147561745643636
0.0001,3629.0,0.6593037152290342,0.3614756183147431
0.0001,3630.0,0.6593037145614623,0.36147561283111584
0.0001,3631.0,0.6593037131309506,0.3614756136894227
0.0001,3632.0,0.659303709888458,0.3614756078720094
0.0001,3633.0,0.6593037162780762,0.3614756045341493
0.0001,3634.0,0.6593037159919737,0.3614756022930146
0.0001,3635.0,0.6593037140846248,0.3614756055355073
0.0001,3636.0,0.6593037146568298,0.36147559318542494
0.0001,3637.0,0.6593037136077882,0.3614755916595458
0.0001,3638.0,0.659303719139099,0.3614755897998811
0.0001,3639.0,0.6593037181854248,0.3614755869388581
0.0001,3640.0,0.6593037184715268,0.3614755801677704
0.0001,3641.0,0.6593037163734436,0.36147557988166806
0.0001,3642.0,0.6593037166595461,0.36147557778358447
0.0001,3643.0,0.6593037149429322,0.3614755689144136
0.0001,3644.0,0.6593037183761599,0.36147557406425473
0.0001,3645.0,0.6593037172317503,0.36147556891441357
0.0001,3646.0,0.6593037181854249,0.36147556209564213
0.0001,3647.0,0.6593037158966065,0.36147556362152106
0.0001,3648.0,0.6593037158966064,0.36147555923461916
0.0001,3649.0,0.6593037167549132,0.3614755543231965
0.0001,3650.0,0.6593037168502804,0.3614755547046663
0.0001,3651.0,0.6593037149429318,0.36147555122375497
0.0001,3652.0,0.6593037139892574,0.3614755452632904
0.0001,3653.0,0.6593037141799923,0.3614755391120912
0.0001,3654.0,0.6593037153244018,0.361475537443161
0.0001,3655.0,0.6593037144660948,0.36147553205490124
0.0001,3656.0,0.6593037137031551,0.361475530910492
0.0001,3657.0,0.6593037115097042,0.36147552728652976
0.0001,3658.0,0.659303713226318,0.3614755205631257
0.0001,3659.0,0.6593037101745601,0.3614755194187165
0.0001,3660.0,0.6593037117004396,0.36147551269531253
0.0001,3661.0,0.6593037138938903,0.36147550992965727
0.0001,3662.0,0.6593037118911739,0.3614755157947542
0.0001,3663.0,0.6593037134170532,0.3614755106449127
0.0001,3664.0,0.6593037103652952,0.36147550539970397
0.0001,3665.0,0.6593037109375001,0.36147550578117377
0.0001,3666.0,0.659303709793091,0.36147549858093275
0.0001,3667.0,0.6593037099838258,0.3614754944324494
0.0001,3668.0,0.6593037075042727,0.36147549366950993
0.0001,3669.0,0.6593037113189699,0.36147548680305497
0.0001,3670.0,0.6593037088394167,0.36147549037933363
0.0001,3671.0,0.6593037132263183,0.3614754864215852
0.0001,3672.0,0.6593037109374997,0.36147548294067394
0.0001,3673.0,0.6593037136077882,0.36147548341751096
0.0001,3674.0,0.6593037145614622,0.36147547540664676
0.0001,3675.0,0.6593037158966062,0.36147547693252563
0.0001,3676.0,0.6593037160873413,0.361475472354889
0.0001,3677.0,0.6593037137985229,0.3614754700660705
0.0001,3678.0,0.659303712272644,0.36147547111511236
0.0001,3679.0,0.6593037136077882,0.36147546768188477
0.0001,3680.0,0.6593037128448487,0.3614754641532898
0.0001,3681.0,0.6593037137985229,0.36147546114921586
0.0001,3682.0,0.65930371055603,0.36147545762062094
0.0001,3683.0,0.6593037109374996,0.3614754519939425
0.0001,3684.0,0.6593037103652953,0.3614754539012909
0.0001,3685.0,0.6593037109374997,0.3614754511833192
0.0001,3686.0,0.659303711700439,0.36147544608116156
0.0001,3687.0,0.6593037122726435,0.3614754385471344
0.0001,3688.0,0.6593037117004392,0.3614754398822786
