lr,epoch,train_loss,val_loss
0.0001,0.0,14.06438575744629,2.297372941970825
0.0001,1.0,14.060613288879395,2.293982572555542
0.0001,2.0,14.05707748413086,2.290613145828247
0.0001,3.0,14.053576202392579,2.287257013320923
0.0001,4.0,14.050093460083009,2.28391095161438
0.0001,5.0,14.046623802185056,2.2805748748779298
0.0001,6.0,14.043166999816897,2.2772469997406004
0.0001,7.0,14.039720535278322,2.273928565979004
0.0001,8.0,14.036284408569337,2.27061824798584
0.0001,9.0,14.03285972595215,2.2673159408569337
0.0001,10.0,14.029444007873535,2.2640217113494874
0.0001,11.0,14.026039123535156,2.260735511779785
0.0001,12.0,14.022643699645995,2.2574568462371825
0.0001,13.0,14.019258117675781,2.254186305999756
0.0001,14.0,14.015881919860842,2.250923080444336
0.0001,15.0,14.012515106201173,2.247667589187622
0.0001,16.0,14.009157485961916,2.244419631958008
0.0001,17.0,14.005810012817383,2.2411790847778317
0.0001,18.0,14.00247142791748,2.2379456615447997
0.0001,19.0,13.99914276123047,2.2347197341918945
0.0001,20.0,13.99582275390625,2.2315010833740234
0.0001,21.0,13.992512245178222,2.2282896900177
0.0001,22.0,13.989210739135743,2.225085725784302
0.0001,23.0,13.985917892456055,2.2218888473510745
0.0001,24.0,13.982634773254395,2.218698530197144
0.0001,25.0,13.97936061859131,2.2155156898498536
0.0001,26.0,13.976095237731936,2.2123399543762208
0.0001,27.0,13.97283916473389,2.209170913696289
0.0001,28.0,13.969591827392579,2.206009521484375
0.0001,29.0,13.966353569030762,2.202854585647583
0.0001,30.0,13.963123931884768,2.1997063636779783
0.0001,31.0,13.959903297424315,2.196565227508545
0.0001,32.0,13.95669101715088,2.193430986404419
0.0001,33.0,13.953488502502443,2.190303611755371
0.0001,34.0,13.950294036865234,2.187183322906494
0.0001,35.0,13.947108154296874,2.1840692520141602
0.0001,36.0,13.943931350708008,2.180962419509888
0.0001,37.0,13.940763320922851,2.1778622817993165
0.0001,38.0,13.937603302001953,2.1747686672210693
0.0001,39.0,13.934452438354493,2.171682138442993
0.0001,40.0,13.931310272216797,2.1686018753051757
0.0001,41.0,13.928176574707031,2.1655285644531252
0.0001,42.0,13.925051193237305,2.1624617385864258
0.0001,43.0,13.921934661865235,2.159401559829712
0.0001,44.0,13.918826675415039,2.1563482761383055
0.0001,45.0,13.915727844238281,2.1533015155792237
0.0001,46.0,13.912636337280272,2.150261344909668
0.0001,47.0,13.90955394744873,2.147227716445923
0.0001,48.0,13.906480026245116,2.144200744628906
0.0001,49.0,13.903414688110352,2.141180076599121
0.0001,50.0,13.900357055664065,2.1381664562225344
0.0001,51.0,13.897308273315431,2.135159225463867
0.0001,52.0,13.8942679977417,2.13215817451477
0.0001,53.0,13.891236114501952,2.1291637992858887
0.0001,54.0,13.888212242126466,2.1261757087707522
0.0001,55.0,13.885197448730468,2.12319429397583
0.0001,56.0,13.882190704345703,2.120219554901123
0.0001,57.0,13.879191741943359,2.117251100540161
0.0001,58.0,13.876201705932619,2.114289150238037
0.0001,59.0,13.873219528198241,2.111333656311035
0.0001,60.0,13.87024559020996,2.1083843421936037
0.0001,61.0,13.867280578613283,2.1054415321350097
0.0001,62.0,13.864323310852052,2.1025053310394286
0.0001,63.0,13.861374244689943,2.0995755004882812
0.0001,64.0,13.8584330368042,2.096651830673218
0.0001,65.0,13.855500297546385,2.093734703063965
0.0001,66.0,13.852575645446777,2.090823993682861
0.0001,67.0,13.849659729003905,2.087919330596924
0.0001,68.0,13.846751174926757,2.0850210189819336
0.0001,69.0,13.843851623535157,2.082129383087158
0.0001,70.0,13.840959472656248,2.0792436027526855
0.0001,71.0,13.838075523376466,2.076364450454712
0.0001,72.0,13.83519985198975,2.0734915447235105
0.0001,73.0,13.832331695556642,2.070624361038208
0.0001,74.0,13.82947208404541,2.0677645015716553
0.0001,75.0,13.826620559692385,2.064910259246826
0.0001,76.0,13.82377712249756,2.0620623016357422
0.0001,77.0,13.820941162109376,2.0592206954956054
0.0001,78.0,13.81811351776123,2.0563850307464597
0.0001,79.0,13.815294036865234,2.053555736541748
0.0001,80.0,13.812482223510743,2.050732946395874
0.0001,81.0,13.809679107666017,2.047915945053101
0.0001,82.0,13.806882705688475,2.045105381011963
0.0001,83.0,13.804094467163084,2.0423009967803956
0.0001,84.0,13.801314544677735,2.0395026779174805
0.0001,85.0,13.798542404174807,2.0367103004455567
0.0001,86.0,13.795778427124024,2.0339246654510497
0.0001,87.0,13.793021621704103,2.0311444282531737
0.0001,88.0,13.790273017883303,2.028370780944824
0.0001,89.0,13.787532119750974,2.0256029415130614
0.0001,90.0,13.784799194335937,2.022841606140137
0.0001,91.0,13.782073936462403,2.0200860595703123
0.0001,92.0,13.779356155395508,2.0173368644714356
0.0001,93.0,13.77664649963379,2.0145936965942384
0.0001,94.0,13.773945045471192,2.011856269836426
0.0001,95.0,13.771250343322755,2.009124937057495
0.0001,96.0,13.768563728332516,2.0063996505737305
0.0001,97.0,13.76588478088379,2.003680610656738
0.0001,98.0,13.763213996887208,2.00096755027771
0.0001,99.0,13.760550384521485,1.998260192871094
0.0001,100.0,13.757894592285156,1.9955593061447146
0.0001,101.0,13.755246505737306,1.9928640127182007
0.0001,102.0,13.752605438232424,1.990175156593323
0.0001,103.0,13.749972343444822,1.987491993904114
0.0001,104.0,13.747347412109377,1.9848147773742675
0.0001,105.0,13.74472930908203,1.982143383026123
0.0001,106.0,13.742119216918946,1.9794782876968382
0.0001,107.0,13.739516525268556,1.9768188476562498
0.0001,108.0,13.736921310424805,1.9741654348373414
0.0001,109.0,13.734333419799807,1.9715176582336427
0.0001,110.0,13.731753273010256,1.968875789642334
0.0001,111.0,13.7291801071167,1.9662402296066284
0.0001,112.0,13.726614990234376,1.9636103057861327
0.0001,113.0,13.724057540893554,1.9609861803054809
0.0001,114.0,13.721506652832034,1.9583679294586183
0.0001,115.0,13.718964080810549,1.95575590133667
0.0001,116.0,13.716428146362304,1.953149485588074
0.0001,117.0,13.713899917602541,1.9505485677719117
0.0001,118.0,13.711379661560056,1.9479538154602052
0.0001,119.0,13.708866233825683,1.9453649282455443
0.0001,120.0,13.706359252929689,1.942781686782837
0.0001,121.0,13.7038614654541,1.940204071998596
0.0001,122.0,13.701369628906251,1.9376323843002319
0.0001,123.0,13.69888511657715,1.935066432952881
0.0001,124.0,13.696408691406253,1.9325062704086302
0.0001,125.0,13.693939018249512,1.9299518394470216
0.0001,126.0,13.691476669311525,1.9274031972885133
0.0001,127.0,13.689021453857423,1.9248602342605592
0.0001,128.0,13.68657398223877,1.922323145866394
0.0001,129.0,13.68413314819336,1.9197914123535156
0.0001,130.0,13.681699371337888,1.9172655534744263
0.0001,131.0,13.67927314758301,1.9147456359863282
0.0001,132.0,13.67685375213623,1.9122309732437133
0.0001,133.0,13.674441909790039,1.909722123146057
0.0001,134.0,13.67203701019287,1.9072190237045288
0.0001,135.0,13.6696390914917,1.904721531867981
0.0001,136.0,13.667248306274415,1.9022295236587525
0.0001,137.0,13.664865036010744,1.8997433471679688
0.0001,138.0,13.66248847961426,1.8972626447677612
0.0001,139.0,13.660119400024413,1.8947876644134523
0.0001,140.0,13.657756385803223,1.8923182106018066
0.0001,141.0,13.6554012298584,1.88985445022583
0.0001,142.0,13.653052673339845,1.8873962593078613
0.0001,143.0,13.650711059570314,1.8849432182312011
0.0001,144.0,13.648376693725586,1.8824962663650513
0.0001,145.0,13.646048812866212,1.8800545310974122
0.0001,146.0,13.643728218078612,1.8776183223724365
0.0001,147.0,13.641415061950685,1.8751878261566164
0.0001,148.0,13.63910831451416,1.8727629661560057
0.0001,149.0,13.636808776855469,1.8703432416915895
0.0001,150.0,13.634515876770019,1.8679293632507323
0.0001,151.0,13.632229537963868,1.865520782470703
0.0001,152.0,13.62995040893555,1.863117742538452
0.0001,153.0,13.62767807006836,1.8607200002670288
0.0001,154.0,13.625412292480467,1.8583278751373289
0.0001,155.0,13.623153839111328,1.8559413957595825
0.0001,156.0,13.620901947021485,1.853559947013855
0.0001,157.0,13.618656883239746,1.8511839151382445
0.0001,158.0,13.616418647766114,1.8488136100769044
0.0001,159.0,13.614186668395996,1.8464485025405883
0.0001,160.0,13.611962013244629,1.844088807106018
0.0001,161.0,13.609744033813477,1.8417346286773681
0.0001,162.0,13.607532424926761,1.8393856859207154
0.0001,163.0,13.605327529907225,1.837042226791382
0.0001,164.0,13.603129692077635,1.8347041130065918
0.0001,165.0,13.600937995910646,1.832371048927307
0.0001,166.0,13.598753738403321,1.8300436210632323
0.0001,167.0,13.596575355529785,1.8277215385437011
0.0001,168.0,13.594403457641603,1.8254047298431395
0.0001,169.0,13.592238807678223,1.8230930185317993
0.0001,170.0,13.590080642700197,1.8207868146896362
0.0001,171.0,13.58792881011963,1.8184858131408692
0.0001,172.0,13.585783653259277,1.816190185546875
0.0001,173.0,13.583644905090333,1.8138997840881348
0.0001,174.0,13.58151309967041,1.8116145324707031
0.0001,175.0,13.579386787414549,1.809334568977356
0.0001,176.0,13.57726791381836,1.8070599269866943
0.0001,177.0,13.575155601501464,1.8047905635833739
0.0001,178.0,13.57304885864258,1.8025262403488158
0.0001,179.0,13.570949554443363,1.8002671098709107
0.0001,180.0,13.568856086730957,1.7980133771896363
0.0001,181.0,13.566769104003907,1.795764684677124
0.0001,182.0,13.564688911437988,1.7935208034515382
0.0001,183.0,13.562614402770995,1.791282820701599
0.0001,184.0,13.560547256469725,1.7890495300292968
0.0001,185.0,13.558485641479491,1.7868216037750244
0.0001,186.0,13.5564306640625,1.784598479270935
0.0001,187.0,13.55438205718994,1.7823810482025149
0.0001,188.0,13.552339515686032,1.7801684713363648
0.0001,189.0,13.55030403137207,1.7779609775543213
0.0001,190.0,13.548273735046388,1.7757584476470947
0.0001,191.0,13.546250038146972,1.7735609579086304
0.0001,192.0,13.54423324584961,1.771368703842163
0.0001,193.0,13.542222862243653,1.7691817617416383
0.0001,194.0,13.54021766662598,1.7669994354248049
0.0001,195.0,13.538219566345216,1.7648223447799682
0.0001,196.0,13.536227035522463,1.7626504039764403
0.0001,197.0,13.534240875244143,1.760483112335205
0.0001,198.0,13.532260932922362,1.7583212947845461
0.0001,199.0,13.53028736114502,1.7561644506454468
0.0001,200.0,13.52831985473633,1.7540123891830444
0.0001,201.0,13.52635841369629,1.7518653440475465
0.0001,202.0,13.52440284729004,1.7497233390808105
0.0001,203.0,13.522453308105469,1.7475863313674926
0.0001,204.0,13.520510330200198,1.7454543113708496
0.0001,205.0,13.518573303222656,1.7433272218704223
0.0001,206.0,13.516642379760741,1.7412051820755003
0.0001,207.0,13.514716835021972,1.7390880107879638
0.0001,208.0,13.51279800415039,1.7369754981994627
0.0001,209.0,13.510885314941408,1.7348680925369264
0.0001,210.0,13.50897861480713,1.732765598297119
0.0001,211.0,13.507077255249024,1.7306680536270143
0.0001,212.0,13.505182876586916,1.7285751628875734
0.0001,213.0,13.50329330444336,1.7264875268936157
0.0001,214.0,13.501410675048827,1.724404582977295
0.0001,215.0,13.499533462524415,1.7223266267776491
0.0001,216.0,13.49766216278076,1.7202533864974976
0.0001,217.0,13.495796623229984,1.7181847286224365
0.0001,218.0,13.493937416076662,1.7161209058761597
0.0001,219.0,13.492083930969239,1.7140624380111693
0.0001,220.0,13.490236129760742,1.7120084905624389
0.0001,221.0,13.488393974304199,1.7099593544006348
0.0001,222.0,13.48655834197998,1.707914934158325
0.0001,223.0,13.484727668762206,1.7058755207061769
0.0001,224.0,13.482903480529785,1.7038407802581785
0.0001,225.0,13.481085052490233,1.7018107652664183
0.0001,226.0,13.479271965026856,1.69978551864624
0.0001,227.0,13.477464523315433,1.6977646827697754
0.0001,228.0,13.47566390991211,1.695748996734619
0.0001,229.0,13.47386848449707,1.69373788356781
0.0001,230.0,13.472078552246094,1.6917314863204957
0.0001,231.0,13.470294075012207,1.6897299671173096
0.0001,232.0,13.468515205383301,1.687733097076416
0.0001,233.0,13.466742897033694,1.6857408571243286
0.0001,234.0,13.464975624084472,1.6837532854080202
0.0001,235.0,13.463214111328126,1.681770224571228
0.0001,236.0,13.461457977294923,1.67979211807251
0.0001,237.0,13.459708099365233,1.677818431854248
0.0001,238.0,13.457963066101073,1.6758495378494263
0.0001,239.0,13.456224594116213,1.6738852167129514
0.0001,240.0,13.454490814208986,1.6719254159927368
0.0001,241.0,13.452763481140135,1.6699703741073608
0.0001,242.0,13.45104049682617,1.6680197858810426
0.0001,243.0,13.44932373046875,1.6660740327835084
0.0001,244.0,13.447612648010253,1.6641327238082886
0.0001,245.0,13.445906715393066,1.662196216583252
0.0001,246.0,13.444206504821778,1.660263729095459
0.0001,247.0,13.442511634826658,1.658336296081543
0.0001,248.0,13.440822067260742,1.6564134120941163
0.0001,249.0,13.43913890838623,1.6544947004318238
0.0001,250.0,13.437460174560545,1.6525808477401733
0.0001,251.0,13.435787353515623,1.650671372413635
0.0001,252.0,13.434119682312012,1.6487664604187011
0.0001,253.0,13.432457466125488,1.6468659400939942
0.0001,254.0,13.43080101013184,1.64496985912323
0.0001,255.0,13.429149551391603,1.6430786800384523
0.0001,256.0,13.427503509521484,1.6411917400360108
0.0001,257.0,13.42586265563965,1.6393093299865722
0.0001,258.0,13.424227256774904,1.6374312448501587
0.0001,259.0,13.422596969604493,1.635557689666748
0.0001,260.0,13.42097194671631,1.6336885690689087
0.0001,261.0,13.419353561401369,1.631823706626892
0.0001,262.0,13.41773868560791,1.6299635171890259
0.0001,263.0,13.416130027770995,1.6281076622009278
0.0001,264.0,13.4145263671875,1.6262561750411986
0.0001,265.0,13.412927932739258,1.6244091653823853
0.0001,266.0,13.411334762573244,1.6225666093826296
0.0001,267.0,13.409746971130371,1.6207282066345217
0.0001,268.0,13.408164100646973,1.6188942670822144
0.0001,269.0,13.406586570739746,1.6170647525787354
0.0001,270.0,13.405014648437499,1.615239462852478
0.0001,271.0,13.403447303771973,1.61341881275177
0.0001,272.0,13.40188503265381,1.6116020107269287
0.0001,273.0,13.400327339172362,1.6097898817062377
0.0001,274.0,13.398776512145997,1.6079820108413694
0.0001,275.0,13.397229080200194,1.6061784982681275
0.0001,276.0,13.39568744659424,1.6043791770935059
0.0001,277.0,13.39415096282959,1.6025841617584229
0.0001,278.0,13.39261974334717,1.600793471336365
0.0001,279.0,13.391093482971193,1.5990071487426758
0.0001,280.0,13.389572067260746,1.5972250747680665
0.0001,281.0,13.388055038452148,1.595447120666504
0.0001,282.0,13.386544342041017,1.5936733388900757
0.0001,283.0,13.385038146972656,1.5919038820266724
0.0001,284.0,13.383536682128907,1.5901386404037474
0.0001,285.0,13.382040328979494,1.5883777904510497
0.0001,286.0,13.380548782348633,1.5866208839416505
0.0001,287.0,13.37906246185303,1.5848683786392213
0.0001,288.0,13.377580642700197,1.5831199502944946
0.0001,289.0,13.376104316711425,1.5813756704330444
0.0001,290.0,13.374632682800293,1.5796357059478758
0.0001,291.0,13.37316593170166,1.5779000568389892
0.0001,292.0,13.3717036819458,1.5761683511734008
0.0001,293.0,13.370246810913088,1.5744407749176026
0.0001,294.0,13.368794441223143,1.5727174711227416
0.0001,295.0,13.367347183227537,1.5709981107711792
0.0001,296.0,13.365904502868654,1.5692828702926636
0.0001,297.0,13.364467086791993,1.5675721502304076
0.0001,298.0,13.363034439086913,1.56586510181427
0.0001,299.0,13.3616064453125,1.5641623163223266
0.0001,300.0,13.360182876586915,1.5624636268615721
0.0001,301.0,13.358764266967777,1.5607688713073729
0.0001,302.0,13.357350234985352,1.5590782785415649
0.0001,303.0,13.355941658020022,1.5573917722702026
0.0001,304.0,13.354537239074707,1.5557093191146851
0.0001,305.0,13.353138046264647,1.5540312576293944
0.0001,306.0,13.351743125915528,1.5523566293716429
0.0001,307.0,13.350352706909181,1.5506865119934083
0.0001,308.0,13.348967361450196,1.5490200996398926
0.0001,309.0,13.347586364746094,1.5473577213287353
0.0001,310.0,13.346210479736328,1.5456995582580566
0.0001,311.0,13.344838829040526,1.5440452432632448
0.0001,312.0,13.343472328186037,1.5423948955535889
0.0001,313.0,13.342109603881838,1.5407486867904663
0.0001,314.0,13.340752182006838,1.5391064262390137
0.0001,315.0,13.339399414062502,1.537467827796936
0.0001,316.0,13.33805076599121,1.5358336305618285
0.0001,317.0,13.336707000732423,1.5342032051086425
0.0001,318.0,13.335367469787599,1.532576584815979
0.0001,319.0,13.334032440185545,1.5309540271759032
0.0001,320.0,13.332702369689942,1.5293354606628418
0.0001,321.0,13.331376304626467,1.5277207279205323
0.0001,322.0,13.330055503845214,1.5261097145080567
0.0001,323.0,13.328738632202148,1.5245029067993165
0.0001,324.0,13.327426414489748,1.5228999471664428
0.0001,325.0,13.326118392944338,1.5213007164001464
0.0001,326.0,13.324815216064453,1.519705138206482
0.0001,327.0,13.323516426086428,1.5181136894226075
0.0001,328.0,13.322221908569336,1.5165263795852661
0.0001,329.0,13.320932121276856,1.5149425315856933
0.0001,330.0,13.31964683532715,1.5133626461029053
0.0001,331.0,13.318365097045898,1.5117865896224976
0.0001,332.0,13.317088546752931,1.510214467048645
0.0001,333.0,13.315815811157227,1.5086459732055664
0.0001,334.0,13.314547920227051,1.5070813179016114
0.0001,335.0,13.313284149169922,1.505520544052124
0.0001,336.0,13.312024688720706,1.503963541984558
0.0001,337.0,13.310769653320312,1.5024101495742799
0.0001,338.0,13.309518928527833,1.5008607339859008
0.0001,339.0,13.308272628784179,1.499315013885498
0.0001,340.0,13.307030677795412,1.4977730226516723
0.0001,341.0,13.30579235076904,1.4962349891662599
0.0001,342.0,13.304558601379394,1.4947005319595337
0.0001,343.0,13.303329658508302,1.4931699323654175
0.0001,344.0,13.302103996276857,1.4916427803039551
0.0001,345.0,13.300883140563965,1.4901194334030152
0.0001,346.0,13.299666709899903,1.4886000633239747
0.0001,347.0,13.298454818725586,1.4870841407775879
0.0001,348.0,13.297246170043945,1.4855720233917236
0.0001,349.0,13.296041831970212,1.4840633821487428
0.0001,350.0,13.294842109680177,1.482558698654175
0.0001,351.0,13.293646469116212,1.4810575723648072
0.0001,352.0,13.292454681396483,1.4795603370666504
0.0001,353.0,13.291267433166505,1.4780666112899778
0.0001,354.0,13.290084075927735,1.4765762138366698
0.0001,355.0,13.288904724121096,1.4750897836685182
0.0001,356.0,13.287729682922365,1.4736068105697633
0.0001,357.0,13.286558609008788,1.4721275138854981
0.0001,358.0,13.285391578674318,1.4706519222259522
0.0001,359.0,13.284228439331056,1.4691798973083496
0.0001,360.0,13.283069953918456,1.4677114820480346
0.0001,361.0,13.281915130615236,1.46624680519104
0.0001,362.0,13.28076400756836,1.4647854900360109
0.0001,363.0,13.279617652893066,1.4633279991149903
0.0001,364.0,13.278474769592286,1.4618737602233887
0.0001,365.0,13.277336196899414,1.460423164367676
0.0001,366.0,13.276201248168945,1.4589761543273925
0.0001,367.0,13.275070381164552,1.4575329303741456
0.0001,368.0,13.273943443298343,1.4560929012298585
0.0001,369.0,13.272821044921875,1.4546566343307497
0.0001,370.0,13.271701736450197,1.4532234239578248
0.0001,371.0,13.27058708190918,1.45179434299469
0.0001,372.0,13.269475898742678,1.4503686332702637
0.0001,373.0,13.268368873596193,1.4489464235305785
0.0001,374.0,13.26726535797119,1.447527279853821
0.0001,375.0,13.266166038513186,1.4461119651794434
0.0001,376.0,13.265070304870607,1.4447002267837523
0.0001,377.0,13.263978881835937,1.4432918262481689
0.0001,378.0,13.262891006469728,1.4418869161605836
0.0001,379.0,13.261806907653808,1.4404856586456298
0.0001,380.0,13.260726852416994,1.4390874242782594
0.0001,381.0,13.259650459289553,1.4376928663253783
0.0001,382.0,13.258578300476074,1.4363016891479492
0.0001,383.0,13.257509536743164,1.4349140787124632
0.0001,384.0,13.256444549560545,1.4335298824310303
0.0001,385.0,13.25538314819336,1.4321488285064699
0.0001,386.0,13.254325675964354,1.4307715034484862
0.0001,387.0,13.253272552490236,1.4293972778320312
0.0001,388.0,13.25222240447998,1.4280264568328858
0.0001,389.0,13.251176261901858,1.4266593408584596
0.0001,390.0,13.250133781433105,1.4252953147888183
0.0001,391.0,13.249095115661623,1.4239348554611206
0.0001,392.0,13.248059806823731,1.42257746219635
0.0001,393.0,13.247028465270997,1.4212235832214355
0.0001,394.0,13.246000671386719,1.419873127937317
0.0001,395.0,13.244976844787598,1.4185260438919067
0.0001,396.0,13.24395648956299,1.4171821784973144
0.0001,397.0,13.242939834594726,1.4158416414260864
0.0001,398.0,13.241926803588868,1.414504280090332
0.0001,399.0,13.240917167663575,1.4131703424453734
0.0001,400.0,13.23991165161133,1.4118398857116699
0.0001,401.0,13.238909339904785,1.4105124521255492
0.0001,402.0,13.237910232543946,1.4091884660720826
0.0001,403.0,13.236915206909181,1.4078677845001222
0.0001,404.0,13.23592357635498,1.406550259590149
0.0001,405.0,13.234935760498049,1.4052358865737915
0.0001,406.0,13.233951263427736,1.403924961090088
0.0001,407.0,13.232970657348632,1.402617220878601
0.0001,408.0,13.23199287414551,1.4013126707077026
0.0001,409.0,13.23101921081543,1.4000115966796876
0.0001,410.0,13.230048561096192,1.398713526725769
0.0001,411.0,13.229081954956053,1.3974187278747559
0.0001,412.0,13.228119010925294,1.3961273670196532
0.0001,413.0,13.227158584594727,1.3948389005661013
0.0001,414.0,13.226202201843261,1.3935536527633667
0.0001,415.0,13.225249099731446,1.392271590232849
0.0001,416.0,13.224299697875978,1.3909926176071168
0.0001,417.0,13.223353729248048,1.389717288017273
0.0001,418.0,13.222410621643066,1.3884448957443238
0.0001,419.0,13.22147171020508,1.387175440788269
0.0001,420.0,13.220535621643068,1.3859092140197755
0.0001,421.0,13.219603157043457,1.3846462821960448
0.0001,422.0,13.218674011230469,1.3833865928649902
0.0001,423.0,13.217748184204101,1.38212984085083
0.0001,424.0,13.21682632446289,1.3808760690689086
0.0001,425.0,13.215906600952149,1.3796256351470948
0.0001,426.0,13.21499122619629,1.3783786821365358
0.0001,427.0,13.214078636169436,1.3771342754364013
0.0001,428.0,13.213169708251952,1.3758930110931398
0.0001,429.0,13.212263832092285,1.3746550416946413
0.0001,430.0,13.211361160278319,1.373420000076294
0.0001,431.0,13.21046257019043,1.372188286781311
0.0001,432.0,13.20956642150879,1.37095956325531
0.0001,433.0,13.208673744201661,1.369733896255493
0.0001,434.0,13.207784729003908,1.3685111141204833
0.0001,435.0,13.206898727416993,1.367291474342346
0.0001,436.0,13.206015625,1.3660749769210816
0.0001,437.0,13.205135955810547,1.3648615264892578
0.0001,438.0,13.204259452819823,1.3636509799957275
0.0001,439.0,13.203386268615722,1.362443480491638
0.0001,440.0,13.202516555786133,1.361239080429077
0.0001,441.0,13.20164924621582,1.360037670135498
0.0001,442.0,13.200786056518556,1.358839135169983
0.0001,443.0,13.199925575256348,1.357643871307373
0.0001,444.0,13.199067993164064,1.3564512968063354
0.0001,445.0,13.198213615417481,1.3552620267868043
0.0001,446.0,13.19736270904541,1.3540754890441895
0.0001,447.0,13.19651466369629,1.3528920078277589
0.0001,448.0,13.195670089721679,1.3517116260528566
0.0001,449.0,13.194828338623047,1.3505338144302368
0.0001,450.0,13.193989715576171,1.3493592643737793
0.0001,451.0,13.193154258728027,1.348187847137451
0.0001,452.0,13.19232231140137,1.3470189762115479
0.0001,453.0,13.191492614746094,1.3458529901504517
0.0001,454.0,13.190666313171388,1.3446904277801512
0.0001,455.0,13.189843254089356,1.3435302925109862
0.0001,456.0,13.189022865295408,1.3423734092712403
0.0001,457.0,13.18820571899414,1.3412190532684327
0.0001,458.0,13.187391624450683,1.340068120956421
0.0001,459.0,13.186580352783203,1.3389198446273805
0.0001,460.0,13.185772590637209,1.3377743005752563
0.0001,461.0,13.184967575073241,1.3366316270828247
0.0001,462.0,13.184165229797362,1.335492000579834
0.0001,463.0,13.18336582183838,1.3343552350997925
0.0001,464.0,13.182570190429686,1.3332211589813232
0.0001,465.0,13.181776809692384,1.3320902013778686
0.0001,466.0,13.180986557006834,1.3309620094299315
0.0001,467.0,13.180199279785155,1.329836506843567
0.0001,468.0,13.179414672851562,1.3287138414382935
0.0001,469.0,13.178633460998535,1.3275941371917725
0.0001,470.0,13.177854652404788,1.3264772176742552
0.0001,471.0,13.177079010009765,1.3253629541397096
0.0001,472.0,13.176306533813475,1.324251832962036
0.0001,473.0,13.175536460876465,1.3231433677673339
0.0001,474.0,13.174769592285157,1.3220375919342042
0.0001,475.0,13.174005165100096,1.3209346866607665
0.0001,476.0,13.173243865966798,1.31983455657959
0.0001,477.0,13.172485275268555,1.3187370920181274
0.0001,478.0,13.171730003356934,1.3176429462432862
0.0001,479.0,13.170977020263672,1.3165508699417114
0.0001,480.0,13.170227203369139,1.315461893081665
0.0001,481.0,13.169479904174805,1.3143754959106446
0.0001,482.0,13.168735389709475,1.3132920026779176
0.0001,483.0,13.167993927001952,1.3122111129760743
0.0001,484.0,13.167255897521972,1.3111332893371581
0.0001,485.0,13.166519203186033,1.3100580024719237
0.0001,486.0,13.165786094665528,1.3089852619171143
0.0001,487.0,13.165055885314944,1.3079152965545653
0.0001,488.0,13.164328231811524,1.3068483114242555
0.0001,489.0,13.163603172302246,1.3057837438583373
0.0001,490.0,13.162880783081055,1.3047218418121338
0.0001,491.0,13.162161560058594,1.3036627912521364
0.0001,492.0,13.161444358825683,1.3026065492630006
0.0001,493.0,13.160730285644531,1.301552667617798
0.0001,494.0,13.160018882751464,1.3005015516281127
0.0001,495.0,13.15931007385254,1.299453296661377
0.0001,496.0,13.158604087829588,1.2984075784683227
0.0001,497.0,13.15790069580078,1.2973644161224365
0.0001,498.0,13.157199592590331,1.2963240194320678
0.0001,499.0,13.15650173187256,1.295286202430725
0.0001,500.0,13.15580696105957,1.294251127243042
0.0001,501.0,13.155113639831544,1.2932187843322756
0.0001,502.0,13.154423446655272,1.2921886730194092
0.0001,503.0,13.153735847473145,1.2911615324020387
0.0001,504.0,13.153051147460939,1.2901369714736939
0.0001,505.0,13.152368774414063,1.2891148376464843
0.0001,506.0,13.151688995361328,1.2880954027175904
0.0001,507.0,13.151012191772463,1.287078742980957
0.0001,508.0,13.150337219238283,1.28606454372406
0.0001,509.0,13.149665451049803,1.2850528144836426
0.0001,510.0,13.148995971679689,1.284043731689453
0.0001,511.0,13.148328704833986,1.283037118911743
0.0001,512.0,13.147664680480958,1.2820333051681518
0.0001,513.0,13.147002716064454,1.281031937599182
0.0001,514.0,13.14634292602539,1.2800329446792602
0.0001,515.0,13.145686874389648,1.2790368032455444
0.0001,516.0,13.145032501220703,1.2780430126190185
0.0001,517.0,13.144380416870117,1.2770517921447755
0.0001,518.0,13.143730964660646,1.2760631608963013
0.0001,519.0,13.143084526062012,1.2750770139694214
0.0001,520.0,13.142440032958984,1.274093508720398
0.0001,521.0,13.14179775238037,1.273112301826477
0.0001,522.0,13.141158905029297,1.2721336221694945
0.0001,523.0,13.140521774291992,1.2711576414108277
0.0001,524.0,13.139887123107911,1.2701839685440062
0.0001,525.0,13.139255218505859,1.2692128944396972
0.0001,526.0,13.13862533569336,1.2682445335388184
0.0001,527.0,13.137998046875,1.2672780895233156
0.0001,528.0,13.137373352050782,1.2663144540786744
0.0001,529.0,13.136750831604006,1.2653533744812013
0.0001,530.0,13.136130867004393,1.2643945837020873
0.0001,531.0,13.13551357269287,1.26343825340271
0.0001,532.0,13.134897956848144,1.2624845552444457
0.0001,533.0,13.134285202026367,1.261533145904541
0.0001,534.0,13.133674354553223,1.26058424949646
0.0001,535.0,13.133065872192384,1.259637770652771
0.0001,536.0,13.132460632324218,1.258693904876709
0.0001,537.0,13.131856918334963,1.2577522277832032
0.0001,538.0,13.131255645751951,1.2568126964569093
0.0001,539.0,13.13065673828125,1.2558760595321656
0.0001,540.0,13.130060310363769,1.2549417638778686
0.0001,541.0,13.12946586608887,1.2540096569061279
0.0001,542.0,13.128873977661133,1.2530800008773804
0.0001,543.0,13.128284683227541,1.2521528148651122
0.0001,544.0,13.127696647644042,1.2512280464172365
0.0001,545.0,13.127112121582032,1.2503056287765504
0.0001,546.0,13.126529197692872,1.249385619163513
0.0001,547.0,13.12594867706299,1.248467993736267
0.0001,548.0,13.125370063781737,1.2475526332855225
0.0001,549.0,13.124793968200684,1.2466396141052245
0.0001,550.0,13.12422016143799,1.2457290887832642
0.0001,551.0,13.1236487197876,1.244820761680603
0.0001,552.0,13.123079528808592,1.243914852142334
0.0001,553.0,13.122512435913086,1.2430111312866212
0.0001,554.0,13.121947402954103,1.2421098518371583
0.0001,555.0,13.121384086608888,1.2412112808227538
0.0001,556.0,13.120823364257811,1.2403145408630372
0.0001,557.0,13.120265350341798,1.2394202613830565
0.0001,558.0,13.119709243774414,1.238528323173523
0.0001,559.0,13.119154891967774,1.2376386070251464
0.0001,560.0,13.11860336303711,1.2367511463165282
0.0001,561.0,13.118053474426269,1.2358660793304443
0.0001,562.0,13.117505874633789,1.2349832344055176
0.0001,563.0,13.116960296630857,1.2341027307510375
0.0001,564.0,13.116417274475097,1.2332245588302613
0.0001,565.0,13.115876197814941,1.2323486614227295
0.0001,566.0,13.11533638000488,1.2314750528335572
0.0001,567.0,13.114799957275391,1.2306035566329956
0.0001,568.0,13.11426456451416,1.2297343587875367
0.0001,569.0,13.113732376098634,1.2288675546646117
0.0001,570.0,13.113201522827149,1.2280028533935547
0.0001,571.0,13.112672729492187,1.2271403646469117
0.0001,572.0,13.112146034240723,1.2262803030014038
0.0001,573.0,13.111622009277344,1.225422224998474
0.0001,574.0,13.1110998916626,1.2245665645599364
0.0001,575.0,13.110579223632811,1.2237130498886108
0.0001,576.0,13.110060653686524,1.2228616905212402
0.0001,577.0,13.109544334411622,1.2220127487182617
0.0001,578.0,13.10903034210205,1.221165771484375
0.0001,579.0,13.108518142700197,1.2203211545944215
0.0001,580.0,13.108007926940918,1.2194787168502808
0.0001,581.0,13.107499694824218,1.2186386203765869
0.0001,582.0,13.106993560791016,1.2178005170822144
0.0001,583.0,13.106489524841308,1.2169644308090208
0.0001,584.0,13.105987548828127,1.2161307621002198
0.0001,585.0,13.105487174987793,1.2152991724014282
0.0001,586.0,13.104988708496096,1.2144697856903077
0.0001,587.0,13.104492492675782,1.21364275932312
0.0001,588.0,13.103997840881348,1.2128174781799317
0.0001,589.0,13.103505630493164,1.211994562149048
0.0001,590.0,13.103015480041504,1.2111738443374633
0.0001,591.0,13.102527046203615,1.210355339050293
0.0001,592.0,13.10204044342041,1.2095387506484985
0.0001,593.0,13.101555709838866,1.2087243843078612
0.0001,594.0,13.101072883605958,1.2079123497009279
0.0001,595.0,13.100592346191407,1.2071020698547363
0.0001,596.0,13.100113220214846,1.2062942934036256
0.0001,597.0,13.099636001586914,1.2054882955551147
0.0001,598.0,13.099161186218263,1.204684419631958
0.0001,599.0,13.098688125610352,1.2038828992843627
0.0001,600.0,13.098216514587401,1.203083176612854
0.0001,601.0,13.097747116088868,1.2022857284545898
0.0001,602.0,13.097279663085938,1.2014905357360839
0.0001,603.0,13.096813468933105,1.200697045326233
0.0001,604.0,13.096349868774414,1.1999058961868287
0.0001,605.0,13.095888290405272,1.199116816520691
0.0001,606.0,13.09542751312256,1.1983295249938966
0.0001,607.0,13.094969215393064,1.1975446844100952
0.0001,608.0,13.094513053894042,1.1967617607116698
0.0001,609.0,13.09405788421631,1.1959808206558227
0.0001,610.0,13.093605117797853,1.1952020168304442
0.0001,611.0,13.093154525756837,1.1944251728057862
0.0001,612.0,13.092705001831053,1.1936504554748535
0.0001,613.0,13.092257652282717,1.1928775024414062
0.0001,614.0,13.091812095642089,1.1921070003509522
0.0001,615.0,13.09136734008789,1.1913383197784424
0.0001,616.0,13.09092514038086,1.190571632385254
0.0001,617.0,13.090485153198243,1.189807014465332
0.0001,618.0,13.090046882629396,1.18904456615448
0.0001,619.0,13.089609374999998,1.1882839488983155
0.0001,620.0,13.089174308776855,1.1875252389907835
0.0001,621.0,13.088740844726564,1.1867685985565184
0.0001,622.0,13.088309555053712,1.1860139417648314
0.0001,623.0,13.087879486083983,1.1852613878250122
0.0001,624.0,13.087451171875001,1.1845106983184814
0.0001,625.0,13.087024726867675,1.183762197494507
0.0001,626.0,13.086600074768068,1.1830153465270996
0.0001,627.0,13.08617706298828,1.1822707796096803
0.0001,628.0,13.085755653381346,1.1815280675888062
0.0001,629.0,13.085335464477541,1.1807871866226196
0.0001,630.0,13.084918022155762,1.1800482988357546
0.0001,631.0,13.084501686096191,1.1793114280700683
0.0001,632.0,13.084086380004882,1.1785766506195068
0.0001,633.0,13.08367416381836,1.1778437900543213
0.0001,634.0,13.083262672424317,1.1771126747131349
0.0001,635.0,13.08285270690918,1.1763834571838379
0.0001,636.0,13.08244472503662,1.175656361579895
0.0001,637.0,13.082038612365723,1.1749310779571533
0.0001,638.0,13.081633644104006,1.174207787513733
0.0001,639.0,13.08123077392578,1.1734864377975462
0.0001,640.0,13.080829467773437,1.172766799926758
0.0001,641.0,13.080429611206055,1.1720492315292357
0.0001,642.0,13.08003086090088,1.1713336277008057
0.0001,643.0,13.079634513854982,1.1706197547912598
0.0001,644.0,13.079239463806154,1.1699078559875489
0.0001,645.0,13.078846168518067,1.1691979408264161
0.0001,646.0,13.078454284667972,1.168489737510681
0.0001,647.0,13.078063926696776,1.1677836799621581
0.0001,648.0,13.07767520904541,1.1670792818069458
0.0001,649.0,13.077288208007815,1.166376748085022
0.0001,650.0,13.07690258026123,1.1656760549545289
0.0001,651.0,13.076518363952637,1.1649774980545042
0.0001,652.0,13.076136093139649,1.1642805242538452
0.0001,653.0,13.075755462646487,1.163585457801819
0.0001,654.0,13.075376014709471,1.162892460823059
0.0001,655.0,13.07499797821045,1.1622010898590087
0.0001,656.0,13.074622230529785,1.1615115928649902
0.0001,657.0,13.074247283935547,1.1608240699768066
0.0001,658.0,13.073874053955077,1.160138063430786
0.0001,659.0,13.07350215911865,1.1594542026519776
0.0001,660.0,13.073132209777832,1.158771915435791
0.0001,661.0,13.072763366699217,1.1580917501449586
0.0001,662.0,13.072395820617675,1.1574131679534911
0.0001,663.0,13.072030220031738,1.1567366027832031
0.0001,664.0,13.071666641235351,1.1560615873336793
0.0001,665.0,13.071303558349609,1.155388607978821
0.0001,666.0,13.070942420959474,1.1547171688079834
0.0001,667.0,13.070582733154298,1.1540477228164674
0.0001,668.0,13.070224342346192,1.1533799362182617
0.0001,669.0,13.069867210388185,1.152714099884033
0.0001,670.0,13.069511947631835,1.1520500516891479
0.0001,671.0,13.069157676696777,1.151387619972229
0.0001,672.0,13.068805351257325,1.1507269191741942
0.0001,673.0,13.068454360961914,1.150068302154541
0.0001,674.0,13.06810489654541,1.149411234855652
0.0001,675.0,13.067756309509276,1.1487557697296142
0.0001,676.0,13.067410278320313,1.1481025171279906
0.0001,677.0,13.067064208984375,1.1474506950378418
0.0001,678.0,13.066720809936525,1.14680082321167
0.0001,679.0,13.066378059387205,1.1461524915695191
0.0001,680.0,13.06603660583496,1.145506000518799
0.0001,681.0,13.06569705963135,1.1448612022399902
0.0001,682.0,13.065358772277833,1.1442182016372682
0.0001,683.0,13.065021781921386,1.1435769033432006
0.0001,684.0,13.064685974121094,1.1429373502731321
0.0001,685.0,13.06435245513916,1.1422994327545166
0.0001,686.0,13.064019165039065,1.1416633796691895
0.0001,687.0,13.063687515258792,1.1410288763046266
0.0001,688.0,13.0633576965332,1.140396270751953
0.0001,689.0,13.063028602600099,1.1397650957107544
0.0001,690.0,13.06270118713379,1.139135913848877
0.0001,691.0,13.06237506866455,1.138508195877075
0.0001,692.0,13.062050437927244,1.1378822326660156
0.0001,693.0,13.061726722717287,1.137258276939392
0.0001,694.0,13.06140495300293,1.1366356086730958
0.0001,695.0,13.06108428955078,1.1360147619247436
0.0001,696.0,13.060764312744139,1.1353955507278441
0.0001,697.0,13.06044647216797,1.1347781944274902
0.0001,698.0,13.060129852294923,1.134162311553955
0.0001,699.0,13.05981399536133,1.1335481071472169
0.0001,700.0,13.059500389099123,1.1329357814788819
0.0001,701.0,13.059187393188477,1.1323247623443604
0.0001,702.0,13.058875427246095,1.1317156314849854
0.0001,703.0,13.05856559753418,1.1311082553863525
0.0001,704.0,13.058255882263184,1.1305023670196532
0.0001,705.0,13.057948036193848,1.1298981666564942
0.0001,706.0,13.057641448974607,1.1292955827713014
0.0001,707.0,13.057336196899415,1.128694438934326
0.0001,708.0,13.057032051086425,1.1280951595306397
0.0001,709.0,13.056729736328128,1.1274975395202635
0.0001,710.0,13.056427993774415,1.1269014024734498
0.0001,711.0,13.056128005981446,1.1263069677352906
0.0001,712.0,13.05582832336426,1.1257140827178955
0.0001,713.0,13.055531044006347,1.1251229763031008
0.0001,714.0,13.055234260559082,1.1245333099365236
0.0001,715.0,13.054938735961914,1.123945302963257
0.0001,716.0,13.05464454650879,1.1233589744567871
0.0001,717.0,13.05435188293457,1.1227740669250488
0.0001,718.0,13.054060211181643,1.122190947532654
0.0001,719.0,13.05376983642578,1.121609377861023
0.0001,720.0,13.053479919433594,1.1210292482376099
0.0001,721.0,13.053192405700683,1.120450735092163
0.0001,722.0,13.052904815673827,1.11987389087677
0.0001,723.0,13.052619514465334,1.1192987155914307
0.0001,724.0,13.052335090637207,1.118724937438965
0.0001,725.0,13.052051544189453,1.118152937889099
0.0001,726.0,13.051769332885744,1.1175821733474731
0.0001,727.0,13.051488113403321,1.1170132398605346
0.0001,728.0,13.05120849609375,1.1164456415176391
0.0001,729.0,13.050929603576662,1.1158799266815185
0.0001,730.0,13.050652046203613,1.115315589904785
0.0001,731.0,13.050375442504883,1.1147527265548707
0.0001,732.0,13.050100402832033,1.1141914653778078
0.0001,733.0,13.049826393127443,1.1136317348480225
0.0001,734.0,13.049552993774416,1.1130735969543457
0.0001,735.0,13.049281387329103,1.1125169754028321
0.0001,736.0,13.049010810852051,1.1119618177413941
0.0001,737.0,13.04874111175537,1.1114082098007203
0.0001,738.0,13.048472976684572,1.110856032371521
0.0001,739.0,13.048205184936524,1.1103055572509766
0.0001,740.0,13.047938880920412,1.10975652217865
0.0001,741.0,13.047674255371096,1.109208950996399
0.0001,742.0,13.04741004943848,1.1086628532409668
0.0001,743.0,13.047147064208986,1.1081183815002442
0.0001,744.0,13.04688522338867,1.1075753831863404
0.0001,745.0,13.0466242980957,1.1070337295532227
0.0001,746.0,13.046364517211915,1.1064937782287596
0.0001,747.0,13.046106033325197,1.1059552240371704
0.0001,748.0,13.045848503112794,1.1054183387756347
0.0001,749.0,13.04559181213379,1.1048824501037597
0.0001,750.0,13.045336532592774,1.1043484258651735
0.0001,751.0,13.045082817077637,1.1038156700134278
0.0001,752.0,13.044829292297365,1.1032847785949706
0.0001,753.0,13.044576721191406,1.1027549695968628
0.0001,754.0,13.044325637817384,1.1022266244888306
0.0001,755.0,13.044075508117677,1.1016999912261962
0.0001,756.0,13.043826293945312,1.1011746168136596
0.0001,757.0,13.043578071594238,1.1006508016586305
0.0001,758.0,13.043331298828127,1.1001284170150756
0.0001,759.0,13.043085708618165,1.0996074199676513
0.0001,760.0,13.042840423583984,1.0990880823135376
0.0001,761.0,13.042596702575684,1.0985699462890626
0.0001,762.0,13.042353897094726,1.0980533599853515
0.0001,763.0,13.04211196899414,1.0975380086898805
0.0001,764.0,13.04187099456787,1.0970242404937744
0.0001,765.0,13.041630744934084,1.0965120220184326
0.0001,766.0,13.041391944885255,1.0960011053085328
0.0001,767.0,13.041154479980468,1.0954915952682496
0.0001,768.0,13.040917053222657,1.0949833965301514
0.0001,769.0,13.040681419372557,1.0944767379760743
0.0001,770.0,13.040446395874023,1.0939716291427612
0.0001,771.0,13.040212593078612,1.0934678316116333
0.0001,772.0,13.039979629516601,1.0929652261734009
0.0001,773.0,13.039747734069826,1.0924643230438233
0.0001,774.0,13.039517135620118,1.091964545249939
0.0001,775.0,13.039286460876466,1.0914662742614745
0.0001,776.0,13.039057655334474,1.0909694576263427
0.0001,777.0,13.038829269409181,1.0904740476608277
0.0001,778.0,13.038602104187012,1.0899799060821533
0.0001,779.0,13.038375854492188,1.0894873142242432
0.0001,780.0,13.038150711059572,1.0889959907531739
0.0001,781.0,13.037926406860352,1.0885059785842897
0.0001,782.0,13.037702751159667,1.0880173015594483
0.0001,783.0,13.037480354309082,1.0875300407409667
0.0001,784.0,13.037258949279785,1.087044243812561
0.0001,785.0,13.037038574218752,1.0865596723556519
0.0001,786.0,13.036818771362306,1.0860764980316162
0.0001,787.0,13.036600189208986,1.0855947017669678
0.0001,788.0,13.036382484436036,1.085114345550537
0.0001,789.0,13.036165504455568,1.0846352910995485
0.0001,790.0,13.035949249267578,1.0841576766967773
0.0001,791.0,13.035734062194823,1.0836812877655029
0.0001,792.0,13.03551986694336,1.0832061004638671
0.0001,793.0,13.035306930541992,1.082732367515564
0.0001,794.0,13.03509418487549,1.0822600746154785
0.0001,795.0,13.034882583618165,1.0817888879776
0.0001,796.0,13.034672050476074,1.0813191413879395
0.0001,797.0,13.034462509155274,1.080850739479065
0.0001,798.0,13.034253425598145,1.0803836917877196
0.0001,799.0,13.034045143127441,1.079917869567871
0.0001,800.0,13.033838310241702,1.079453444480896
0.0001,801.0,13.033632164001464,1.0789902782440186
0.0001,802.0,13.0334264755249,1.078528356552124
0.0001,803.0,13.033221778869628,1.0780677795410156
0.0001,804.0,13.033018264770508,1.0776086854934692
0.0001,805.0,13.032815475463867,1.077150731086731
0.0001,806.0,13.032613525390625,1.0766939687728883
0.0001,807.0,13.032412452697754,1.0762385606765748
0.0001,808.0,13.032211952209474,1.0757845067977905
0.0001,809.0,13.032012786865234,1.0753315830230714
0.0001,810.0,13.031814041137695,1.0748800325393677
0.0001,811.0,13.03161647796631,1.0744299459457398
0.0001,812.0,13.03141933441162,1.0739810514450072
0.0001,813.0,13.031223602294922,1.0735333061218262
0.0001,814.0,13.031028060913087,1.0730867958068848
0.0001,815.0,13.030833282470702,1.0726416397094727
0.0001,816.0,13.03063980102539,1.072197709083557
0.0001,817.0,13.030446815490723,1.0717550563812255
0.0001,818.0,13.030254592895508,1.0713137054443358
0.0001,819.0,13.030063819885253,1.070873589515686
0.0001,820.0,13.029873390197753,1.0704347944259642
0.0001,821.0,13.029683494567871,1.0699971389770506
0.0001,822.0,13.029494667053223,1.0695607614517213
0.0001,823.0,13.029307060241699,1.0691256523132324
0.0001,824.0,13.029119567871094,1.0686918115615844
0.0001,825.0,13.028933334350587,1.0682590103149414
0.0001,826.0,13.02874771118164,1.0678275632858276
0.0001,827.0,13.028562736511233,1.0673973751068115
0.0001,828.0,13.028378448486327,1.0669685840606689
0.0001,829.0,13.02819507598877,1.0665406703948974
0.0001,830.0,13.028012542724612,1.0661140251159669
0.0001,831.0,13.027830657958985,1.0656887769699097
0.0001,832.0,13.027650146484378,1.065264754295349
0.0001,833.0,13.027469520568847,1.0648417520523072
0.0001,834.0,13.0272900390625,1.064420156478882
0.0001,835.0,13.027111206054686,1.0639996671676635
0.0001,836.0,13.026933631896975,1.0635803794860839
0.0001,837.0,13.02675636291504,1.063162350654602
0.0001,838.0,13.026579627990724,1.062745361328125
0.0001,839.0,13.026403999328613,1.0623297691345215
0.0001,840.0,13.026228828430177,1.061915273666382
0.0001,841.0,13.026054611206055,1.0615019035339355
0.0001,842.0,13.025880737304687,1.0610898017883301
0.0001,843.0,13.025708198547363,1.0606788492202759
0.0001,844.0,13.02553623199463,1.0602690982818603
0.0001,845.0,13.025364761352542,1.0598604440689088
0.0001,846.0,13.0251944732666,1.0594531440734865
0.0001,847.0,13.025023994445803,1.059046926498413
0.0001,848.0,13.024854507446289,1.0586417818069458
0.0001,849.0,13.024686241149904,1.0582379388809204
0.0001,850.0,13.024518165588379,1.0578352880477906
0.0001,851.0,13.024351997375486,1.0574336433410645
0.0001,852.0,13.02418525695801,1.0570333003997803
0.0001,853.0,13.02401969909668,1.0566339111328125
0.0001,854.0,13.023854560852051,1.0562358760833739
0.0001,855.0,13.023689880371094,1.0558388710021973
0.0001,856.0,13.023526573181151,1.0554431343078614
0.0001,857.0,13.023363571166993,1.055048360824585
0.0001,858.0,13.023201713562012,1.0546548557281494
0.0001,859.0,13.023039779663085,1.0542623805999756
0.0001,860.0,13.022879066467285,1.0538710975646972
0.0001,861.0,13.022718887329102,1.0534811592102051
0.0001,862.0,13.022559051513673,1.053092098236084
0.0001,863.0,13.022400436401368,1.0527041721343995
0.0001,864.0,13.02224235534668,1.0523172569274903
0.0001,865.0,13.022085037231447,1.0519317722320556
0.0001,866.0,13.02192825317383,1.051547327041626
0.0001,867.0,13.021772117614747,1.0511638021469116
0.0001,868.0,13.021616630554199,1.0507814931869506
0.0001,869.0,13.021461219787598,1.0504003858566284
0.0001,870.0,13.021306991577148,1.0500201892852783
0.0001,871.0,13.021153564453126,1.0496414136886596
0.0001,872.0,13.021000785827637,1.0492633724212646
0.0001,873.0,13.020848503112791,1.0488866329193116
0.0001,874.0,13.020696716308592,1.048511085510254
0.0001,875.0,13.020545845031736,1.0481362962722778
0.0001,876.0,13.020395317077636,1.047762861251831
0.0001,877.0,13.020245742797853,1.0473904132843017
0.0001,878.0,13.020096817016602,1.047019124031067
0.0001,879.0,13.019947776794435,1.0466488981246949
0.0001,880.0,13.019800415039061,1.0462797117233276
0.0001,881.0,13.01965301513672,1.0459115982055665
0.0001,882.0,13.01950637817383,1.0455445575714113
0.0001,883.0,13.019360618591309,1.0451786231994629
0.0001,884.0,13.019215087890625,1.0448138809204102
0.0001,885.0,13.019070205688475,1.0444499397277833
0.0001,886.0,13.018926277160647,1.044087200164795
0.0001,887.0,13.018782691955566,1.0437255573272706
0.0001,888.0,13.018639602661132,1.0433649873733521
0.0001,889.0,13.018497428894044,1.0430054235458375
0.0001,890.0,13.01835563659668,1.0426467275619506
0.0001,891.0,13.018214454650881,1.0422893428802489
0.0001,892.0,13.018073921203614,1.0419329452514647
0.0001,893.0,13.017934303283694,1.0415776205062866
0.0001,894.0,13.017794609069826,1.0412232160568238
0.0001,895.0,13.017655868530273,1.0408699703216553
0.0001,896.0,13.017517890930177,1.0405175495147705
0.0001,897.0,13.017380409240722,1.0401664400100707
0.0001,898.0,13.017243270874026,1.039816336631775
0.0001,899.0,13.017107048034667,1.0394670915603637
0.0001,900.0,13.016970405578613,1.039119005203247
0.0001,901.0,13.01683536529541,1.038771915435791
0.0001,902.0,13.016700668334963,1.038425769805908
0.0001,903.0,13.016566696166992,1.0380805444717407
0.0001,904.0,13.01643295288086,1.0377366733551026
0.0001,905.0,13.016299972534178,1.0373936700820923
0.0001,906.0,13.016167488098144,1.0370516633987426
0.0001,907.0,13.016035232543944,1.036710534095764
0.0001,908.0,13.015903892517091,1.0363704776763916
0.0001,909.0,13.015773200988772,1.0360315704345704
0.0001,910.0,13.01564281463623,1.0356934642791749
0.0001,911.0,13.015513343811035,1.0353564643859863
0.0001,912.0,13.015384178161622,1.03502037525177
0.0001,913.0,13.015255661010741,1.034685401916504
0.0001,914.0,13.015127754211427,1.0343513488769531
0.0001,915.0,13.014999923706055,1.0340184450149537
0.0001,916.0,13.014873123168947,1.0336863327026369
0.0001,917.0,13.014746017456055,1.0333552169799805
0.0001,918.0,13.014620475769043,1.0330250120162963
0.0001,919.0,13.014494743347166,1.0326959133148192
0.0001,920.0,13.014370346069336,1.032367820739746
0.0001,921.0,13.01424560546875,1.0320405626296996
0.0001,922.0,13.014121856689455,1.0317144203186035
0.0001,923.0,13.013998565673827,1.0313891792297363
0.0001,924.0,13.013875617980956,1.0310650539398192
0.0001,925.0,13.01375316619873,1.0307416105270386
0.0001,926.0,13.013631782531741,1.0304193592071533
0.0001,927.0,13.01351001739502,1.0300979757308961
0.0001,928.0,13.013389816284182,1.0297775125503539
0.0001,929.0,13.013269233703614,1.0294580364227295
0.0001,930.0,13.01314971923828,1.0291395998001098
0.0001,931.0,13.013030128479006,1.0288221502304078
0.0001,932.0,13.012911529541016,1.0285053825378419
0.0001,933.0,13.012792816162111,1.0281896877288819
0.0001,934.0,13.01267517089844,1.0278749465942383
0.0001,935.0,13.0125581741333,1.027561159133911
0.0001,936.0,13.012441673278808,1.0272482490539552
0.0001,937.0,13.012324867248536,1.0269362831115723
0.0001,938.0,13.012209510803222,1.0266253900527955
0.0001,939.0,13.01209445953369,1.0263152980804442
0.0001,940.0,13.011979255676271,1.0260061597824097
0.0001,941.0,13.011865158081056,1.025697932243347
0.0001,942.0,13.011750869750976,1.0253906679153442
0.0001,943.0,13.011638031005859,1.025084228515625
0.0001,944.0,13.01152431488037,1.0247787857055664
0.0001,945.0,13.01141231536865,1.02447425365448
0.0001,946.0,13.011300392150877,1.02417067527771
0.0001,947.0,13.011188850402833,1.02386794090271
0.0001,948.0,13.011078147888183,1.0235661506652831
0.0001,949.0,13.0109672164917,1.0232651615142823
0.0001,950.0,13.010857162475586,1.0229653644561767
0.0001,951.0,13.01074779510498,1.022666163444519
0.0001,952.0,13.010638084411623,1.022367992401123
0.0001,953.0,13.010529518127441,1.0220705795288088
0.0001,954.0,13.010421562194823,1.0217742729187012
0.0001,955.0,13.010313301086425,1.0214786911010743
0.0001,956.0,13.010206336975099,1.0211840200424194
0.0001,957.0,13.010099067687987,1.020890259742737
0.0001,958.0,13.009993209838868,1.0205974531173705
0.0001,959.0,13.009886779785157,1.0203055667877197
0.0001,960.0,13.00978141784668,1.0200143527984618
0.0001,961.0,13.009676094055177,1.0197241687774659
0.0001,962.0,13.009571723937988,1.019434862136841
0.0001,963.0,13.009467163085937,1.019146270751953
0.0001,964.0,13.009363327026367,1.0188587951660155
0.0001,965.0,13.009260063171388,1.0185721111297608
0.0001,966.0,13.009156799316404,1.018286066055298
0.0001,967.0,13.009054374694825,1.0180011701583862
0.0001,968.0,13.008951950073243,1.017716989517212
0.0001,969.0,13.008850975036623,1.0174337196350098
0.0001,970.0,13.008749504089357,1.0171512937545777
0.0001,971.0,13.008648719787598,1.0168697357177734
0.0001,972.0,13.00854850769043,1.0165890550613403
0.0001,973.0,13.008448371887209,1.016309208869934
0.0001,974.0,13.008348999023438,1.0160302734375
0.0001,975.0,13.008249511718752,1.0157521390914916
0.0001,976.0,13.008151092529296,1.0154746770858765
0.0001,977.0,13.008052558898925,1.0151983642578124
0.0001,978.0,13.007954483032227,1.01492253780365
0.0001,979.0,13.007857246398926,1.01464777469635
0.0001,980.0,13.007759666442873,1.0143737697601318
0.0001,981.0,13.007663536071778,1.0141006755828856
0.0001,982.0,13.007566986083983,1.0138283824920655
0.0001,983.0,13.007471618652346,1.0135568475723267
0.0001,984.0,13.007375869750975,1.0132863759994506
0.0001,985.0,13.00728084564209,1.0130165004730225
0.0001,986.0,13.007185897827148,1.0127472734451293
0.0001,987.0,13.00709186553955,1.0124791860580444
0.0001,988.0,13.006997718811036,1.0122119426727294
0.0001,989.0,13.006904144287109,1.011945252418518
0.0001,990.0,13.006811294555664,1.0116795921325683
0.0001,991.0,13.006718063354493,1.0114145708084106
0.0001,992.0,13.006625976562502,1.0111505889892578
0.0001,993.0,13.006534118652345,1.0108873462677002
0.0001,994.0,13.006442527770997,1.010624828338623
0.0001,995.0,13.006351432800292,1.0103630256652831
0.0001,996.0,13.006260452270507,1.0101021766662597
0.0001,997.0,13.00617015838623,1.0098420858383177
0.0001,998.0,13.006079750061037,1.0095827198028564
0.0001,999.0,13.005990219116212,1.0093241691589356
0.0001,1000.0,13.005901260375975,1.0090664958953857
0.0001,1001.0,13.00581195831299,1.0088096237182618
0.0001,1002.0,13.005723609924317,1.0085534238815308
0.0001,1003.0,13.005635223388671,1.0082980251312257
0.0001,1004.0,13.005547103881836,1.00804349899292
0.0001,1005.0,13.005459861755371,1.0077897596359253
0.0001,1006.0,13.00537281036377,1.0075366687774658
0.0001,1007.0,13.005286064147949,1.007284483909607
0.0001,1008.0,13.005199241638184,1.0070329761505128
0.0001,1009.0,13.005113296508789,1.0067823028564453
0.0001,1010.0,13.00502773284912,1.0065323400497437
0.0001,1011.0,13.004942588806154,1.0062831830978394
0.0001,1012.0,13.004857330322265,1.0060347795486448
0.0001,1013.0,13.004772415161133,1.0057871961593627
0.0001,1014.0,13.00468864440918,1.0055402612686157
0.0001,1015.0,13.004604377746583,1.0052942848205566
0.0001,1016.0,13.004521293640137,1.005048861503601
0.0001,1017.0,13.004437675476073,1.0048042631149292
0.0001,1018.0,13.004355163574218,1.0045604228973388
0.0001,1019.0,13.004272308349607,1.0043174314498902
0.0001,1020.0,13.004190406799315,1.0040751028060912
0.0001,1021.0,13.00410816192627,1.0038334465026855
0.0001,1022.0,13.00402675628662,1.003592710494995
0.0001,1023.0,13.003945541381839,1.0033525323867798
0.0001,1024.0,13.003864669799807,1.003113226890564
0.0001,1025.0,13.003784255981445,1.0028745651245117
0.0001,1026.0,13.003704147338869,1.0026368522644042
0.0001,1027.0,13.003624305725097,1.002399687767029
0.0001,1028.0,13.003544387817383,1.0021632862091066
0.0001,1029.0,13.003465423583984,1.0019275903701783
0.0001,1030.0,13.003386497497559,1.0016927433013916
0.0001,1031.0,13.003308067321779,1.001458444595337
0.0001,1032.0,13.003229789733888,1.0012250566482543
0.0001,1033.0,13.003152122497559,1.0009921550750733
0.0001,1034.0,13.003074455261231,1.0007602453231812
0.0001,1035.0,13.00299732208252,1.00052885055542
0.0001,1036.0,13.002919998168945,1.0002981758117675
0.0001,1037.0,13.00284366607666,1.0000684022903443
0.0001,1038.0,13.002767028808595,0.9998391199111938
0.0001,1039.0,13.00269130706787,0.9996108245849609
0.0001,1040.0,13.002615623474119,0.999382963180542
0.0001,1041.0,13.002540397644044,0.9991559791564941
0.0001,1042.0,13.002464752197266,0.998929591178894
0.0001,1043.0,13.002390365600585,0.9987039661407471
0.0001,1044.0,13.002316093444827,0.9984790086746216
0.0001,1045.0,13.002242012023926,0.9982548046112061
0.0001,1046.0,13.002168121337892,0.9980313634872436
0.0001,1047.0,13.002094688415527,0.9978085136413575
0.0001,1048.0,13.00202133178711,0.9975863409042358
0.0001,1049.0,13.001948394775388,0.9973650741577149
0.0001,1050.0,13.001875762939452,0.99714421749115
0.0001,1051.0,13.00180347442627,0.9969241523742676
0.0001,1052.0,13.001731529235839,0.9967047548294068
0.0001,1053.0,13.00165988922119,0.9964861154556275
0.0001,1054.0,13.001588439941406,0.9962680864334107
0.0001,1055.0,13.0015172958374,0.9960507583618164
0.0001,1056.0,13.0014461517334,0.9958341503143311
0.0001,1057.0,13.00137626647949,0.9956181764602661
0.0001,1058.0,13.001305465698241,0.9954029989242553
0.0001,1059.0,13.0012357711792,0.9951882600784302
0.0001,1060.0,13.00116596221924,0.9949744319915771
0.0001,1061.0,13.00109661102295,0.9947610807418823
0.0001,1062.0,13.00102741241455,0.994548487663269
0.0001,1063.0,13.000958557128907,0.9943365669250488
0.0001,1064.0,13.000890007019043,0.9941251230239867
0.0001,1065.0,13.000821685791017,0.9939146471023559
0.0001,1066.0,13.000753898620607,0.993704743385315
0.0001,1067.0,13.000685768127443,0.9934954214096069
0.0001,1068.0,13.000618934631348,0.99328679561615
0.0001,1069.0,13.000551376342774,0.9930787658691407
0.0001,1070.0,13.000484657287595,0.9928715801239014
0.0001,1071.0,13.000417938232424,0.9926649141311645
0.0001,1072.0,13.00035129547119,0.9924588346481323
0.0001,1073.0,13.000285682678223,0.9922534704208374
0.0001,1074.0,13.000219879150393,0.9920486640930175
0.0001,1075.0,13.000154151916504,0.9918445873260497
0.0001,1076.0,13.000088996887207,0.9916410160064697
0.0001,1077.0,13.000023422241211,0.9914383935928346
0.0001,1078.0,12.999959220886232,0.9912361717224121
0.0001,1079.0,12.999894790649414,0.9910346651077271
0.0001,1080.0,12.999830627441405,0.9908337593078613
0.0001,1081.0,12.999766807556151,0.9906334114074706
0.0001,1082.0,12.999703178405762,0.9904338121414185
0.0001,1083.0,12.999639472961423,0.9902348518371582
0.0001,1084.0,12.99957633972168,0.9900365257263184
0.0001,1085.0,12.999513015747072,0.9898386430740356
0.0001,1086.0,12.999451065063475,0.9896417045593262
0.0001,1087.0,12.999388122558594,0.9894450902938843
0.0001,1088.0,12.999326362609866,0.9892493534088135
0.0001,1089.0,12.999264068603518,0.9890540075302124
0.0001,1090.0,12.999202957153319,0.9888592958450317
0.0001,1091.0,12.999141426086426,0.9886653470993041
0.0001,1092.0,12.999080543518065,0.9884720373153687
0.0001,1093.0,12.99901916503906,0.9882791948318481
0.0001,1094.0,12.998958778381347,0.9880869865417481
0.0001,1095.0,12.998898010253905,0.9878953456878662
0.0001,1096.0,12.99883827209473,0.9877044105529785
0.0001,1097.0,12.998778648376465,0.9875139570236207
0.0001,1098.0,12.998718490600586,0.9873242998123168
0.0001,1099.0,12.998659210205078,0.9871350765228271
0.0001,1100.0,12.998599967956542,0.9869465684890747
0.0001,1101.0,12.99854103088379,0.9867586994171142
0.0001,1102.0,12.998482513427737,0.9865713071823121
0.0001,1103.0,12.998424110412598,0.9863844203948975
0.0001,1104.0,12.99836566925049,0.9861982297897338
0.0001,1105.0,12.998307838439942,0.9860127401351928
0.0001,1106.0,12.99825008392334,0.985827693939209
0.0001,1107.0,12.998192253112794,0.9856433153152466
0.0001,1108.0,12.998135147094725,0.9854594659805298
0.0001,1109.0,12.998077812194825,0.9852763557434081
0.0001,1110.0,12.998021507263182,0.9850936436653137
0.0001,1111.0,12.99796455383301,0.9849113774299622
0.0001,1112.0,12.997908172607424,0.9847300434112549
0.0001,1113.0,12.997852210998536,0.9845490288734435
0.0001,1114.0,12.997796821594239,0.9843687033653259
0.0001,1115.0,12.997740936279296,0.984189031124115
0.0001,1116.0,12.997685165405274,0.9840098547935486
0.0001,1117.0,12.997629814147949,0.9838310718536376
0.0001,1118.0,12.997574958801271,0.9836531734466551
0.0001,1119.0,12.997520256042483,0.983475637435913
0.0001,1120.0,12.997465553283693,0.9832986807823181
0.0001,1121.0,12.997411346435547,0.9831223964691163
0.0001,1122.0,12.997357139587402,0.9829465460777282
0.0001,1123.0,12.99730312347412,0.9827713727951051
0.0001,1124.0,12.997249717712402,0.9825966691970826
0.0001,1125.0,12.997195816040039,0.9824225258827209
0.0001,1126.0,12.997143058776857,0.982249059677124
0.0001,1127.0,12.99708999633789,0.9820760798454284
0.0001,1128.0,12.997036972045898,0.9819035673141479
0.0001,1129.0,12.996984558105469,0.9817317581176759
0.0001,1130.0,12.996931953430176,0.9815602421760559
0.0001,1131.0,12.996879882812502,0.9813895869255066
0.0001,1132.0,12.996827774047851,0.9812192630767822
0.0001,1133.0,12.996776046752931,0.9810497355461121
0.0001,1134.0,12.996724281311035,0.9808804631233216
0.0001,1135.0,12.996673278808593,0.9807118940353394
0.0001,1136.0,12.996621894836426,0.9805437421798706
0.0001,1137.0,12.996571121215819,0.9803761982917785
0.0001,1138.0,12.996520195007324,0.9802092337608337
0.0001,1139.0,12.99646942138672,0.9800427722930909
0.0001,1140.0,12.996418952941895,0.9798768925666809
0.0001,1141.0,12.996369018554688,0.9797113847732544
0.0001,1142.0,12.996319198608399,0.9795465874671936
0.0001,1143.0,12.996269683837891,0.9793822836875916
0.0001,1144.0,12.996219940185547,0.9792184829711914
0.0001,1145.0,12.996171112060548,0.9790550994873046
0.0001,1146.0,12.996121635437014,0.9788924098014832
0.0001,1147.0,12.99607280731201,0.9787301540374755
0.0001,1148.0,12.996023559570313,0.9785684561729431
0.0001,1149.0,12.995975608825683,0.978407278060913
0.0001,1150.0,12.995926895141602,0.978246614933014
0.0001,1151.0,12.995879173278809,0.9780864238739013
0.0001,1152.0,12.995831184387207,0.9779268217086792
0.0001,1153.0,12.995782737731933,0.977767686843872
0.0001,1154.0,12.995735664367674,0.9776089906692504
0.0001,1155.0,12.995688171386718,0.9774509382247925
0.0001,1156.0,12.995641136169434,0.9772932839393615
0.0001,1157.0,12.995593795776367,0.9771363162994384
0.0001,1158.0,12.995546951293948,0.9769797110557557
0.0001,1159.0,12.995500717163086,0.9768236112594605
0.0001,1160.0,12.995454025268554,0.9766680240631103
0.0001,1161.0,12.995407676696779,0.9765129852294923
0.0001,1162.0,12.99536148071289,0.9763583469390869
0.0001,1163.0,12.99531593322754,0.9762043428421021
0.0001,1164.0,12.995270042419435,0.9760506916046142
0.0001,1165.0,12.995224342346189,0.9758976411819458
0.0001,1166.0,12.995179100036621,0.9757451224327087
0.0001,1167.0,12.995133743286132,0.975592966079712
0.0001,1168.0,12.995088844299316,0.9754413294792175
0.0001,1169.0,12.99504425048828,0.9752902150154114
0.0001,1170.0,12.994999351501464,0.9751396131515502
0.0001,1171.0,12.994955101013183,0.9749895811080933
0.0001,1172.0,12.994910888671875,0.9748397493362426
0.0001,1173.0,12.994866371154787,0.9746907734870911
0.0001,1174.0,12.994823074340822,0.9745421290397644
0.0001,1175.0,12.994779167175292,0.9743938088417052
0.0001,1176.0,12.994735260009767,0.9742460632324219
0.0001,1177.0,12.99469211578369,0.9740988969802857
0.0001,1178.0,12.9946488571167,0.9739520287513733
0.0001,1179.0,12.994605941772463,0.973805811405182
0.0001,1180.0,12.99456272125244,0.9736598491668702
0.0001,1181.0,12.994519805908205,0.9735147047042847
0.0001,1182.0,12.994477691650392,0.9733698248863221
0.0001,1183.0,12.994435195922852,0.9732253241539002
0.0001,1184.0,12.994392967224124,0.973081431388855
0.0001,1185.0,12.99435104370117,0.9729379606246948
0.0001,1186.0,12.994309539794921,0.9727950000762939
0.0001,1187.0,12.994267463684084,0.9726524400711059
0.0001,1188.0,12.994225883483885,0.9725102639198303
0.0001,1189.0,12.994184226989745,0.9723687338829041
0.0001,1190.0,12.994143257141113,0.9722275614738464
0.0001,1191.0,12.994102287292481,0.972086820602417
0.0001,1192.0,12.99406120300293,0.9719466066360474
0.0001,1193.0,12.994020042419432,0.9718067455291748
0.0001,1194.0,12.993979759216309,0.9716675615310669
0.0001,1195.0,12.993939285278321,0.9715287065505982
0.0001,1196.0,12.99389907836914,0.9713902592658996
0.0001,1197.0,12.993859443664551,0.9712522125244141
0.0001,1198.0,12.993819580078124,0.9711146903038026
0.0001,1199.0,12.993779640197754,0.9709776306152343
0.0001,1200.0,12.993739852905271,0.9708409881591797
0.0001,1201.0,12.99370018005371,0.9707048487663269
0.0001,1202.0,12.99366165161133,0.9705691051483154
0.0001,1203.0,12.993622055053711,0.9704338431358337
0.0001,1204.0,12.99358283996582,0.9702989172935486
0.0001,1205.0,12.993544464111329,0.9701645612716674
0.0001,1206.0,12.993505516052245,0.9700304317474365
0.0001,1207.0,12.993466567993163,0.9698969578742981
0.0001,1208.0,12.993428344726563,0.9697639560699463
0.0001,1209.0,12.993390045166015,0.9696311593055725
0.0001,1210.0,12.993352317810059,0.9694989490509034
0.0001,1211.0,12.993314476013182,0.9693672204017639
0.0001,1212.0,12.993276481628417,0.9692357349395753
0.0001,1213.0,12.99323848724365,0.9691048526763917
0.0001,1214.0,12.993201446533204,0.9689743041992187
0.0001,1215.0,12.99316375732422,0.9688441085815429
0.0001,1216.0,12.99312671661377,0.9687144875526428
0.0001,1217.0,12.993089561462403,0.9685851979255677
0.0001,1218.0,12.993052978515625,0.9684563899040222
0.0001,1219.0,12.993015975952147,0.9683279442787172
0.0001,1220.0,12.992979316711425,0.968199987411499
0.0001,1221.0,12.992943115234375,0.9680725002288819
0.0001,1222.0,12.99290683746338,0.9679452466964722
0.0001,1223.0,12.99287036895752,0.967818558216095
0.0001,1224.0,12.99283447265625,0.9676922583580017
0.0001,1225.0,12.992798461914061,0.9675662946701049
0.0001,1226.0,12.992762870788573,0.9674408411979676
0.0001,1227.0,12.992727432250975,0.967315640449524
0.0001,1228.0,12.992691612243652,0.9671909999847412
0.0001,1229.0,12.992656059265137,0.967066764831543
0.0001,1230.0,12.992621459960938,0.9669428277015686
0.0001,1231.0,12.992585945129395,0.966819384098053
0.0001,1232.0,12.992550735473634,0.9666964650154113
0.0001,1233.0,12.992516479492185,0.9665736341476441
0.0001,1234.0,12.992481460571291,0.9664514470100403
0.0001,1235.0,12.992447319030761,0.9663295412063599
0.0001,1236.0,12.992413101196288,0.9662081623077392
0.0001,1237.0,12.992378387451172,0.9660870313644409
0.0001,1238.0,12.99234432220459,0.9659664106369018
0.0001,1239.0,12.992310371398927,0.9658462190628052
0.0001,1240.0,12.992276496887207,0.9657263231277465
0.0001,1241.0,12.99224277496338,0.9656068134307861
0.0001,1242.0,12.992209320068362,0.9654878616333007
0.0001,1243.0,12.992175788879397,0.9653689527511596
0.0001,1244.0,12.992142486572263,0.9652507424354554
0.0001,1245.0,12.992109260559081,0.965132782459259
0.0001,1246.0,12.99207649230957,0.9650153422355652
0.0001,1247.0,12.992043457031249,0.964898145198822
0.0001,1248.0,12.992010345458985,0.9647814965248108
0.0001,1249.0,12.991977920532227,0.9646649885177613
0.0001,1250.0,12.991945152282714,0.9645489835739136
0.0001,1251.0,12.991912765502928,0.9644334888458252
0.0001,1252.0,12.99188076019287,0.9643182373046875
0.0001,1253.0,12.991847915649416,0.9642033386230469
0.0001,1254.0,12.991815948486328,0.9640888237953186
0.0001,1255.0,12.991784057617188,0.9639746451377869
0.0001,1256.0,12.991752700805662,0.9638610792160034
0.0001,1257.0,12.991720962524415,0.9637476706504822
0.0001,1258.0,12.991689529418947,0.9636347603797912
0.0001,1259.0,12.991657943725587,0.963522071838379
0.0001,1260.0,12.991626701354978,0.9634098386764527
0.0001,1261.0,12.991595649719239,0.9632980275154114
0.0001,1262.0,12.991564445495607,0.963186445236206
0.0001,1263.0,12.991533203125,0.9630753779411316
0.0001,1264.0,12.991502380371095,0.9629646229743958
0.0001,1265.0,12.991471786499023,0.9628541183471679
0.0001,1266.0,12.991441459655762,0.9627441835403443
0.0001,1267.0,12.991410713195803,0.9626343607902528
0.0001,1268.0,12.991380386352539,0.9625251293182373
0.0001,1269.0,12.99135013580322,0.962416114807129
0.0001,1270.0,12.991319999694827,0.9623075938224793
0.0001,1271.0,12.991290206909179,0.9621993327140808
0.0001,1272.0,12.991260414123536,0.9620914936065674
0.0001,1273.0,12.99123058319092,0.9619838333129883
0.0001,1274.0,12.991200981140137,0.9618766713142395
0.0001,1275.0,12.991171493530274,0.9617699122428893
0.0001,1276.0,12.991141433715823,0.9616634321212768
0.0001,1277.0,12.99111255645752,0.9615573167800904
0.0001,1278.0,12.991083602905272,0.9614515376091004
0.0001,1279.0,12.991054306030275,0.961346163749695
0.0001,1280.0,12.991025161743163,0.9612410283088684
0.0001,1281.0,12.990996704101562,0.9611363220214844
0.0001,1282.0,12.990967407226563,0.9610320591926574
0.0001,1283.0,12.990938987731933,0.9609279704093933
0.0001,1284.0,12.99091033935547,0.9608242011070252
0.0001,1285.0,12.990881843566896,0.9607208704948426
0.0001,1286.0,12.990853843688965,0.9606179356575013
0.0001,1287.0,12.9908251953125,0.9605152058601378
0.0001,1288.0,12.990797348022461,0.960412905216217
0.0001,1289.0,12.99076961517334,0.96031090259552
0.0001,1290.0,12.990741577148437,0.9602092409133911
0.0001,1291.0,12.99071361541748,0.9601079201698304
0.0001,1292.0,12.990686264038084,0.9600068211555481
0.0001,1293.0,12.990658798217774,0.9599062061309814
0.0001,1294.0,12.99063102722168,0.9598059535026551
0.0001,1295.0,12.990603981018069,0.9597060084342957
0.0001,1296.0,12.99057716369629,0.9596063685417175
0.0001,1297.0,12.990549354553222,0.9595069217681884
0.0001,1298.0,12.990522346496583,0.9594079923629761
0.0001,1299.0,12.990495529174805,0.959309229850769
0.0001,1300.0,12.990468406677246,0.9592108941078186
0.0001,1301.0,12.990442352294924,0.9591128897666932
0.0001,1302.0,12.990415382385251,0.9590151143074036
0.0001,1303.0,12.990388755798342,0.9589178085327148
0.0001,1304.0,12.990362396240235,0.95882080078125
0.0001,1305.0,12.990336074829099,0.9587239408493042
0.0001,1306.0,12.99031005859375,0.9586276650428771
0.0001,1307.0,12.990283927917481,0.9585315346717835
0.0001,1308.0,12.990257873535157,0.9584357523918152
0.0001,1309.0,12.990231895446778,0.9583402681350708
0.0001,1310.0,12.990205917358399,0.9582450819015502
0.0001,1311.0,12.990180358886718,0.958150143623352
0.0001,1312.0,12.990154876708985,0.958055808544159
0.0001,1313.0,12.990129508972167,0.9579615426063537
0.0001,1314.0,12.990103721618652,0.9578676676750184
0.0001,1315.0,12.990078506469727,0.9577740955352783
0.0001,1316.0,12.990053367614747,0.9576808166503907
0.0001,1317.0,12.99002784729004,0.9575879001617431
0.0001,1318.0,12.99000301361084,0.9574951958656311
0.0001,1319.0,12.989978790283205,0.9574029135704041
0.0001,1320.0,12.989953460693359,0.9573108744621277
0.0001,1321.0,12.98992847442627,0.9572189235687256
0.0001,1322.0,12.989904098510742,0.9571276760101318
0.0001,1323.0,12.9898796081543,0.9570365095138551
0.0001,1324.0,12.98985538482666,0.9569456958770752
0.0001,1325.0,12.989830894470215,0.9568550443649291
0.0001,1326.0,12.989806098937988,0.9567649412155153
0.0001,1327.0,12.989782257080076,0.9566749501228333
0.0001,1328.0,12.98975845336914,0.9565852689743042
0.0001,1329.0,12.989734344482423,0.9564959621429443
0.0001,1330.0,12.98971046447754,0.9564069032669068
0.0001,1331.0,12.98968631744385,0.9563182139396667
0.0001,1332.0,12.9896630859375,0.9562297511100768
0.0001,1333.0,12.989638977050781,0.9561416244506836
0.0001,1334.0,12.98961570739746,0.9560536170005798
0.0001,1335.0,12.989592018127443,0.9559661579132079
0.0001,1336.0,12.989568519592286,0.95587886095047
0.0001,1337.0,12.98954532623291,0.9557917857170105
0.0001,1338.0,12.989522132873535,0.955705177783966
0.0001,1339.0,12.989499397277832,0.9556187415122986
0.0001,1340.0,12.989476089477542,0.9555324459075928
0.0001,1341.0,12.989453201293946,0.9554466605186462
0.0001,1342.0,12.989430351257324,0.9553611731529236
0.0001,1343.0,12.989407501220704,0.9552758812904358
0.0001,1344.0,12.989385299682619,0.9551909303665161
0.0001,1345.0,12.989362411499027,0.9551061201095581
0.0001,1346.0,12.989340057373049,0.9550217866897583
0.0001,1347.0,12.989317817687988,0.954937469959259
0.0001,1348.0,12.989295349121093,0.954853630065918
0.0001,1349.0,12.989273109436034,0.954770097732544
0.0001,1350.0,12.989250793457032,0.954686734676361
0.0001,1351.0,12.989229049682617,0.9546036911010742
0.0001,1352.0,12.989207038879396,0.9545210266113282
0.0001,1353.0,12.989184379577637,0.9544384431838989
0.0001,1354.0,12.989163131713868,0.9543562293052674
0.0001,1355.0,12.989141235351566,0.9542741441726685
0.0001,1356.0,12.9891198348999,0.954192612171173
0.0001,1357.0,12.989098320007324,0.9541110634803771
0.0001,1358.0,12.989076766967775,0.9540300464630127
0.0001,1359.0,12.98905544281006,0.9539492034912109
0.0001,1360.0,12.98903373718262,0.9538686084747314
0.0001,1361.0,12.989012680053712,0.9537881875038147
0.0001,1362.0,12.988991928100585,0.9537082600593567
0.0001,1363.0,12.988970565795897,0.9536283421516418
0.0001,1364.0,12.988949546813966,0.9535489344596864
0.0001,1365.0,12.988928489685058,0.9534695482254029
0.0001,1366.0,12.988907814025879,0.9533905410766601
0.0001,1367.0,12.988887557983398,0.9533118486404419
0.0001,1368.0,12.988866233825684,0.953233253955841
0.0001,1369.0,12.988845939636233,0.9531550550460814
0.0001,1370.0,12.988825149536133,0.9530772066116333
0.0001,1371.0,12.988804893493652,0.9529993867874145
0.0001,1372.0,12.988784332275392,0.9529220271110534
0.0001,1373.0,12.988764114379885,0.9528447699546814
0.0001,1374.0,12.988743782043459,0.9527678608894348
0.0001,1375.0,12.988723754882814,0.9526911997795104
0.0001,1376.0,12.988703689575196,0.9526147890090944
0.0001,1377.0,12.988683509826663,0.9525386047363281
0.0001,1378.0,12.988663330078126,0.9524626970291137
0.0001,1379.0,12.988643608093263,0.9523869419097901
0.0001,1380.0,12.988623962402345,0.9523115968704223
0.0001,1381.0,12.988604431152345,0.9522364330291748
0.0001,1382.0,12.98858470916748,0.9521615600585938
0.0001,1383.0,12.988565025329589,0.952086980342865
0.0001,1384.0,12.988545837402345,0.9520124816894531
0.0001,1385.0,12.98852653503418,0.9519381666183471
0.0001,1386.0,12.988507041931152,0.9518643951416016
0.0001,1387.0,12.988487968444826,0.9517906594276428
0.0001,1388.0,12.988468627929688,0.9517171907424926
0.0001,1389.0,12.988449821472168,0.951644024848938
0.0001,1390.0,12.988430786132811,0.9515710759162903
0.0001,1391.0,12.988411750793457,0.9514983654022217
0.0001,1392.0,12.988392677307127,0.9514259696006775
0.0001,1393.0,12.988373985290526,0.9513536810874939
0.0001,1394.0,12.9883549118042,0.9512817025184632
0.0001,1395.0,12.98833667755127,0.9512099504470825
0.0001,1396.0,12.988318099975585,0.951138563156128
0.0001,1397.0,12.988299255371093,0.9510672664642335
0.0001,1398.0,12.988281021118164,0.950996127128601
0.0001,1399.0,12.988262329101564,0.9509254050254822
0.0001,1400.0,12.988244094848632,0.9508548784255981
0.0001,1401.0,12.988226013183596,0.9507845401763916
0.0001,1402.0,12.988207778930665,0.9507143878936768
0.0001,1403.0,12.988189544677734,0.9506445765495299
0.0001,1404.0,12.988171234130862,0.9505749225616456
0.0001,1405.0,12.988153762817385,0.9505054187774659
0.0001,1406.0,12.988135566711428,0.95043625831604
0.0001,1407.0,12.988118019104006,0.9503674268722534
0.0001,1408.0,12.988100242614747,0.9502986884117126
0.0001,1409.0,12.98808208465576,0.9502301502227783
0.0001,1410.0,12.98806465148926,0.9501620078086853
0.0001,1411.0,12.988046951293946,0.9500939464569091
0.0001,1412.0,12.988029708862305,0.9500260472297668
0.0001,1413.0,12.98801200866699,0.9499584245681763
0.0001,1414.0,12.987994651794432,0.9498912739753722
0.0001,1415.0,12.987977371215822,0.9498240685462951
0.0001,1416.0,12.98796012878418,0.9497572374343872
0.0001,1417.0,12.98794292449951,0.9496905136108398
0.0001,1418.0,12.987925872802736,0.9496240615844727
0.0001,1419.0,12.987909240722656,0.9495578861236572
0.0001,1420.0,12.987892036437989,0.9494917368888856
0.0001,1421.0,12.98787467956543,0.9494260716438294
0.0001,1422.0,12.987857971191405,0.9493603825569152
0.0001,1423.0,12.987841529846193,0.9492950415611267
0.0001,1424.0,12.987823829650877,0.949229884147644
0.0001,1425.0,12.987807922363281,0.9491649174690246
0.0001,1426.0,12.987791061401367,0.9491002202033997
0.0001,1427.0,12.987774353027346,0.9490356755256653
0.0001,1428.0,12.987758026123046,0.9489715266227722
0.0001,1429.0,12.987741394042969,0.9489073991775513
0.0001,1430.0,12.987725257873535,0.9488435745239259
0.0001,1431.0,12.987709045410156,0.9487799835205079
0.0001,1432.0,12.987692489624024,0.9487164640426635
0.0001,1433.0,12.987676582336427,0.9486532187461852
0.0001,1434.0,12.987660179138185,0.9485901165008546
0.0001,1435.0,12.987643966674806,0.9485275220870972
0.0001,1436.0,12.9876282119751,0.9484647750854491
0.0001,1437.0,12.987612342834474,0.948402409553528
0.0001,1438.0,12.987596588134766,0.9483403086662292
0.0001,1439.0,12.987580223083498,0.9482782721519469
0.0001,1440.0,12.987564659118652,0.9482164311408996
0.0001,1441.0,12.987549057006834,0.9481549859046936
0.0001,1442.0,12.987533340454101,0.9480936002731324
0.0001,1443.0,12.987517623901367,0.9480323886871338
0.0001,1444.0,12.987502365112304,0.947971544265747
0.0001,1445.0,12.98748680114746,0.9479106569290161
0.0001,1446.0,12.987471656799318,0.9478501820564269
0.0001,1447.0,12.987455673217772,0.947789716720581
0.0001,1448.0,12.987440605163574,0.9477296805381775
0.0001,1449.0,12.987425346374513,0.9476697087287903
0.0001,1450.0,12.987410163879396,0.9476099109649658
0.0001,1451.0,12.987395057678222,0.9475503182411193
0.0001,1452.0,12.987380142211913,0.94749107837677
0.0001,1453.0,12.987365226745606,0.9474318766593932
0.0001,1454.0,12.987349891662598,0.9473729777336121
0.0001,1455.0,12.987335433959961,0.9473141384124756
0.0001,1456.0,12.987320404052735,0.9472556304931641
0.0001,1457.0,12.987305526733397,0.9471972250938415
0.0001,1458.0,12.98729061126709,0.9471390199661255
0.0001,1459.0,12.987276039123534,0.9470809888839722
0.0001,1460.0,12.987261161804199,0.9470233249664306
0.0001,1461.0,12.987247047424315,0.9469655919075013
0.0001,1462.0,12.98723274230957,0.9469082689285278
0.0001,1463.0,12.987217941284182,0.9468509316444398
0.0001,1464.0,12.987203521728514,0.9467939352989198
0.0001,1465.0,12.987188682556152,0.946737105846405
0.0001,1466.0,12.987174148559568,0.9466803431510925
0.0001,1467.0,12.987160186767579,0.9466239142417907
0.0001,1468.0,12.987145767211915,0.9465676164627075
0.0001,1469.0,12.987131881713866,0.9465115356445313
0.0001,1470.0,12.987117996215819,0.9464557313919068
0.0001,1471.0,12.987104034423826,0.9463999104499816
0.0001,1472.0,12.987090110778809,0.9463444209098816
0.0001,1473.0,12.98707588195801,0.9462888813018798
0.0001,1474.0,12.987061882019043,0.9462339115142822
0.0001,1475.0,12.987048263549806,0.946178891658783
0.0001,1476.0,12.98703468322754,0.9461240839958192
0.0001,1477.0,12.987020530700683,0.9460694456100464
0.0001,1478.0,12.987006912231445,0.9460150599479675
0.0001,1479.0,12.986993217468262,0.9459608817100524
0.0001,1480.0,12.986979942321778,0.9459066367149354
0.0001,1481.0,12.986966094970706,0.9458528590202332
0.0001,1482.0,12.98695281982422,0.9457989406585694
0.0001,1483.0,12.98693874359131,0.9457453894615173
0.0001,1484.0,12.98692554473877,0.9456921863555908
0.0001,1485.0,12.986912612915038,0.9456388568878173
0.0001,1486.0,12.986898727416992,0.9455859732627869
0.0001,1487.0,12.986886405944823,0.9455329966545105
0.0001,1488.0,12.986873321533205,0.9454805088043212
0.0001,1489.0,12.986859931945801,0.9454277873039245
0.0001,1490.0,12.986846580505373,0.9453755497932435
0.0001,1491.0,12.986833190917968,0.9453234171867371
0.0001,1492.0,12.98682014465332,0.9452714443206787
0.0001,1493.0,12.986807403564452,0.9452196979522705
0.0001,1494.0,12.986794357299804,0.9451680326461792
0.0001,1495.0,12.986781616210935,0.9451165795326233
0.0001,1496.0,12.9867684173584,0.9450652289390564
0.0001,1497.0,12.98675582885742,0.9450141596794128
0.0001,1498.0,12.986743125915527,0.9449631023406982
0.0001,1499.0,12.986730918884279,0.9449123311042786
0.0001,1500.0,12.986718521118163,0.9448616361618042
0.0001,1501.0,12.986705360412596,0.9448112940788269
0.0001,1502.0,12.986693153381347,0.9447610545158387
0.0001,1503.0,12.986680526733398,0.9447109985351563
0.0001,1504.0,12.986668167114257,0.9446609044075012
0.0001,1505.0,12.986655769348145,0.9446111965179443
0.0001,1506.0,12.98664333343506,0.9445616078376771
0.0001,1507.0,12.986631240844728,0.9445121049880981
0.0001,1508.0,12.986618881225585,0.9444627857208252
0.0001,1509.0,12.986606674194338,0.9444137167930603
0.0001,1510.0,12.986594276428225,0.9443646526336671
0.0001,1511.0,12.986582336425782,0.9443159580230713
0.0001,1512.0,12.986570129394531,0.9442673921585083
0.0001,1513.0,12.986558494567872,0.944218864440918
0.0001,1514.0,12.986546440124512,0.9441705751419067
0.0001,1515.0,12.986534118652344,0.9441223239898682
0.0001,1516.0,12.986522636413575,0.944074285030365
0.0001,1517.0,12.986510620117187,0.9440264511108398
0.0001,1518.0,12.986499176025394,0.9439788007736207
0.0001,1519.0,12.986486968994141,0.9439312434196472
0.0001,1520.0,12.986475067138674,0.9438838648796082
0.0001,1521.0,12.986463165283203,0.9438367509841918
0.0001,1522.0,12.986451606750489,0.943789644241333
0.0001,1523.0,12.986440200805664,0.9437427473068237
0.0001,1524.0,12.986428642272948,0.9436959481239318
0.0001,1525.0,12.986417083740234,0.943649480342865
0.0001,1526.0,12.986406021118166,0.9436029744148254
0.0001,1527.0,12.98639446258545,0.9435566353797913
0.0001,1528.0,12.986382598876952,0.9435106325149536
0.0001,1529.0,12.986371307373044,0.943464539051056
0.0001,1530.0,12.986360092163086,0.943418698310852
0.0001,1531.0,12.986349029541017,0.9433731126785279
0.0001,1532.0,12.986338119506836,0.9433274364471436
0.0001,1533.0,12.986326522827149,0.9432821702957153
0.0001,1534.0,12.986315345764162,0.9432369327545166
0.0001,1535.0,12.98630470275879,0.9431918406486511
0.0001,1536.0,12.986293182373048,0.9431468939781189
0.0001,1537.0,12.986282272338869,0.9431020736694335
0.0001,1538.0,12.986271514892577,0.9430573987960815
0.0001,1539.0,12.986260299682618,0.9430129718780518
0.0001,1540.0,12.986249275207522,0.9429685258865357
0.0001,1541.0,12.986238555908207,0.9429245281219483
0.0001,1542.0,12.98622791290283,0.9428803730010986
0.0001,1543.0,12.986216926574706,0.9428365278244019
0.0001,1544.0,12.986206016540526,0.9427927470207214
0.0001,1545.0,12.98619602203369,0.9427490305900573
0.0001,1546.0,12.986185035705567,0.9427055644989014
0.0001,1547.0,12.986174354553222,0.9426623249053955
0.0001,1548.0,12.986163902282716,0.9426191353797913
0.0001,1549.0,12.986153640747071,0.9425761079788209
0.0001,1550.0,12.986142921447755,0.9425331783294677
0.0001,1551.0,12.986132202148438,0.9424903512001037
0.0001,1552.0,12.986121673583984,0.9424477410316467
0.0001,1553.0,12.986111259460447,0.9424053192138672
0.0001,1554.0,12.98610107421875,0.942362904548645
0.0001,1555.0,12.986090965270996,0.9423207116127015
0.0001,1556.0,12.986080245971678,0.9422786378860474
0.0001,1557.0,12.986070327758789,0.9422368621826172
0.0001,1558.0,12.986060104370116,0.9421949672698975
0.0001,1559.0,12.986049880981447,0.9421533584594727
0.0001,1560.0,12.986039695739748,0.9421117830276489
0.0001,1561.0,12.986029586791997,0.9420705008506776
0.0001,1562.0,12.986019706726074,0.9420292282104492
0.0001,1563.0,12.986009635925294,0.9419880652427672
0.0001,1564.0,12.985999603271484,0.9419471073150634
0.0001,1565.0,12.985989494323732,0.9419062042236328
0.0001,1566.0,12.985979919433593,0.9418655443191528
0.0001,1567.0,12.985970077514649,0.9418250584602357
0.0001,1568.0,12.98596031188965,0.9417845821380615
0.0001,1569.0,12.985950584411619,0.941744155883789
0.0001,1570.0,12.985940208435057,0.9417040657997131
0.0001,1571.0,12.985930938720703,0.9416640400886536
0.0001,1572.0,12.985920944213868,0.9416241931915283
0.0001,1573.0,12.985911521911621,0.9415843510627747
0.0001,1574.0,12.985901641845704,0.9415446877479554
0.0001,1575.0,12.985892219543459,0.9415052056312561
0.0001,1576.0,12.985882682800293,0.9414658403396607
0.0001,1577.0,12.985873107910155,0.94142653465271
0.0001,1578.0,12.985863723754882,0.9413873982429504
0.0001,1579.0,12.985854148864744,0.9413484239578247
0.0001,1580.0,12.985844650268556,0.9413095569610594
0.0001,1581.0,12.985835380554198,0.9412708973884583
0.0001,1582.0,12.985826148986819,0.9412321400642396
0.0001,1583.0,12.985816764831542,0.9411936855316162
0.0001,1584.0,12.985807495117186,0.9411553883552551
0.0001,1585.0,12.985798263549805,0.9411170530319214
0.0001,1586.0,12.985789413452148,0.9410789942741393
0.0001,1587.0,12.985779876708982,0.9410410332679748
0.0001,1588.0,12.985770454406738,0.9410031580924988
0.0001,1589.0,12.98576187133789,0.9409653496742247
0.0001,1590.0,12.985752868652344,0.940927848815918
0.0001,1591.0,12.985743598937988,0.9408902287483215
0.0001,1592.0,12.985734367370608,0.9408529281616211
0.0001,1593.0,12.985725669860841,0.9408156609535218
0.0001,1594.0,12.98571659088135,0.9407784962654113
0.0001,1595.0,12.98570785522461,0.9407415103912353
0.0001,1596.0,12.985699005126953,0.9407045841217041
0.0001,1597.0,12.98569007873535,0.9406677937507628
0.0001,1598.0,12.985681343078614,0.9406312465667725
0.0001,1599.0,12.985672454833985,0.9405946779251098
0.0001,1600.0,12.985663452148437,0.9405583095550538
0.0001,1601.0,12.985654716491698,0.9405219626426697
0.0001,1602.0,12.985646476745607,0.9404858398437499
0.0001,1603.0,12.985637435913086,0.9404497146606445
0.0001,1604.0,12.985629005432127,0.9404139375686646
0.0001,1605.0,12.985620117187501,0.9403780460357667
0.0001,1606.0,12.985611419677735,0.9403423714637756
0.0001,1607.0,12.985603065490722,0.9403066253662109
0.0001,1608.0,12.985594787597657,0.9402713418006897
0.0001,1609.0,12.985586280822753,0.9402359104156494
0.0001,1610.0,12.985577850341798,0.9402007246017456
0.0001,1611.0,12.985569305419922,0.9401654887199402
0.0001,1612.0,12.98556106567383,0.9401306056976317
0.0001,1613.0,12.985552864074707,0.9400956678390503
0.0001,1614.0,12.98554397583008,0.9400608110427857
0.0001,1615.0,12.985536079406739,0.9400263237953186
0.0001,1616.0,12.985528297424315,0.9399916505813599
0.0001,1617.0,12.985519638061524,0.9399572825431823
0.0001,1618.0,12.985511703491209,0.9399229025840758
0.0001,1619.0,12.985503082275393,0.9398887729644775
0.0001,1620.0,12.985494995117188,0.939854621887207
0.0001,1621.0,12.985486907958984,0.9398206639289856
0.0001,1622.0,12.985478858947754,0.9397866368293762
0.0001,1623.0,12.985470657348634,0.9397530269622802
0.0001,1624.0,12.985462913513185,0.9397193241119386
0.0001,1625.0,12.985454711914063,0.9396856331825256
0.0001,1626.0,12.985446815490723,0.9396522450447082
0.0001,1627.0,12.985438957214356,0.9396190309524537
0.0001,1628.0,12.985430755615235,0.9395856809616089
0.0001,1629.0,12.985423049926755,0.9395526885986327
0.0001,1630.0,12.985415115356446,0.9395195436477661
0.0001,1631.0,12.98540756225586,0.9394867420196533
0.0001,1632.0,12.9853995513916,0.9394540309906005
0.0001,1633.0,12.98539150238037,0.9394213104248048
0.0001,1634.0,12.985383758544922,0.939388701915741
0.0001,1635.0,12.985376052856447,0.9393562030792235
0.0001,1636.0,12.98536880493164,0.9393238925933838
0.0001,1637.0,12.985361099243162,0.9392916107177733
0.0001,1638.0,12.985353202819823,0.9392592573165893
0.0001,1639.0,12.985345344543457,0.939227294921875
0.0001,1640.0,12.985338134765625,0.9391953372955323
0.0001,1641.0,12.985330734252932,0.939163510799408
0.0001,1642.0,12.985322875976562,0.9391318082809448
0.0001,1643.0,12.985315475463866,0.9391001152992249
0.0001,1644.0,12.98530818939209,0.9390686464309692
0.0001,1645.0,12.985300712585449,0.9390372037887573
0.0001,1646.0,12.985293197631837,0.9390058422088623
0.0001,1647.0,12.98528594970703,0.9389744591712952
0.0001,1648.0,12.985278511047364,0.9389435100555421
0.0001,1649.0,12.985271034240723,0.9389124250411988
0.0001,1650.0,12.98526397705078,0.9388815021514892
0.0001,1651.0,12.985256881713868,0.9388505959510803
0.0001,1652.0,12.985249061584474,0.9388199281692505
0.0001,1653.0,12.985242462158203,0.9387892818450927
0.0001,1654.0,12.985235099792481,0.9387587380409241
0.0001,1655.0,12.985227546691894,0.9387283420562744
0.0001,1656.0,12.985220832824707,0.9386980104446411
0.0001,1657.0,12.985213623046876,0.9386677598953247
0.0001,1658.0,12.98520637512207,0.9386375427246094
0.0001,1659.0,12.985199394226072,0.9386075949668884
0.0001,1660.0,12.985192451477051,0.9385775065422058
0.0001,1661.0,12.985185127258301,0.9385477495193482
0.0001,1662.0,12.98517807006836,0.9385179591178894
0.0001,1663.0,12.985171318054201,0.938488245010376
0.0001,1664.0,12.985164604187013,0.9384587907791138
0.0001,1665.0,12.985157737731933,0.9384293699264525
0.0001,1666.0,12.985150871276856,0.9383998560905457
0.0001,1667.0,12.985143699645995,0.9383707118034363
0.0001,1668.0,12.985136642456055,0.9383414363861083
0.0001,1669.0,12.985129928588867,0.9383124208450317
0.0001,1670.0,12.985123062133791,0.938283383846283
0.0001,1671.0,12.985116157531738,0.9382544779777526
0.0001,1672.0,12.985110092163087,0.9382256031036378
0.0001,1673.0,12.985102920532228,0.938197021484375
0.0001,1674.0,12.985096321105955,0.9381682944297791
0.0001,1675.0,12.98508972167969,0.9381397604942322
0.0001,1676.0,12.985083084106446,0.9381113839149475
0.0001,1677.0,12.985076370239259,0.9380830097198486
0.0001,1678.0,12.985069389343263,0.9380547642707825
0.0001,1679.0,12.985062980651856,0.9380265784263611
0.0001,1680.0,12.985056419372558,0.9379986572265626
0.0001,1681.0,12.985050315856935,0.9379705357551575
0.0001,1682.0,12.985043029785157,0.9379426860809326
0.0001,1683.0,12.98503677368164,0.9379148960113526
0.0001,1684.0,12.985030899047853,0.9378871536254882
0.0001,1685.0,12.985024185180665,0.9378594231605529
0.0001,1686.0,12.985017814636231,0.9378319525718689
0.0001,1687.0,12.985011291503907,0.9378044486045838
0.0001,1688.0,12.98500503540039,0.9377770972251893
0.0001,1689.0,12.984998245239257,0.9377498269081115
0.0001,1690.0,12.984992637634276,0.9377225947380066
0.0001,1691.0,12.98498580932617,0.9376956605911255
0.0001,1692.0,12.98497959136963,0.9376684498786927
0.0001,1693.0,12.984973678588869,0.9376417160034181
0.0001,1694.0,12.984967002868654,0.9376148247718811
0.0001,1695.0,12.984960327148437,0.9375880098342895
0.0001,1696.0,12.984954605102542,0.937561411857605
0.0001,1697.0,12.984948501586915,0.9375347971916199
0.0001,1698.0,12.984942016601561,0.9375082850456238
0.0001,1699.0,12.984936256408691,0.9374817728996276
0.0001,1700.0,12.98492977142334,0.937455472946167
0.0001,1701.0,12.98492389678955,0.9374293518066406
0.0001,1702.0,12.984918289184572,0.9374030351638794
0.0001,1703.0,12.98491195678711,0.9373770546913147
0.0001,1704.0,12.984905815124511,0.9373511981964111
0.0001,1705.0,12.984899444580076,0.9373251795768738
0.0001,1706.0,12.984893569946287,0.937299416065216
0.0001,1707.0,12.98488800048828,0.9372735977172852
0.0001,1708.0,12.984881935119631,0.9372479152679444
0.0001,1709.0,12.98487606048584,0.9372222971916198
0.0001,1710.0,12.98486988067627,0.9371967673301697
0.0001,1711.0,12.984864158630371,0.9371714472770691
0.0001,1712.0,12.984858589172365,0.93714604139328
0.0001,1713.0,12.98485248565674,0.9371208286285401
0.0001,1714.0,12.984846572875979,0.9370956015586853
0.0001,1715.0,12.984840545654295,0.9370704555511475
0.0001,1716.0,12.98483455657959,0.9370455646514892
0.0001,1717.0,12.984829292297363,0.9370206022262574
0.0001,1718.0,12.98482391357422,0.936995780467987
0.0001,1719.0,12.984818191528321,0.9369709062576294
0.0001,1720.0,12.98481246948242,0.9369462203979493
0.0001,1721.0,12.984806632995607,0.9369216489791871
0.0001,1722.0,12.98480094909668,0.9368971252441407
0.0001,1723.0,12.984795265197757,0.9368725967407228
0.0001,1724.0,12.984789428710936,0.9368482255935668
0.0001,1725.0,12.98478370666504,0.9368238925933838
0.0001,1726.0,12.984778327941893,0.9367997050285339
0.0001,1727.0,12.984772605895998,0.9367755937576294
0.0001,1728.0,12.984767532348632,0.9367514777183533
0.0001,1729.0,12.984762001037597,0.9367274475097656
0.0001,1730.0,12.984756813049316,0.9367035961151122
0.0001,1731.0,12.984750518798828,0.9366797184944153
0.0001,1732.0,12.984745292663575,0.9366558885574341
0.0001,1733.0,12.984739723205564,0.9366321516036988
0.0001,1734.0,12.984734840393067,0.9366086292266846
0.0001,1735.0,12.984729652404784,0.9365850877761841
0.0001,1736.0,12.98472366333008,0.9365616655349731
0.0001,1737.0,12.984718742370605,0.9365381669998168
0.0001,1738.0,12.98471305847168,0.9365148949623108
0.0001,1739.0,12.984707717895507,0.9364916563034057
0.0001,1740.0,12.984702491760252,0.9364683961868285
0.0001,1741.0,12.984697303771974,0.9364453411102295
0.0001,1742.0,12.984691619873047,0.9364222693443298
0.0001,1743.0,12.984686737060548,0.9363992977142335
0.0001,1744.0,12.984681396484373,0.9363764476776124
0.0001,1745.0,12.984676170349122,0.9363536477088928
0.0001,1746.0,12.98467113494873,0.9363310217857361
0.0001,1747.0,12.984666061401366,0.9363082051277161
0.0001,1748.0,12.984660568237302,0.9362857151031494
0.0001,1749.0,12.984655380249025,0.9362631583213806
0.0001,1750.0,12.984650688171387,0.9362405753135681
0.0001,1751.0,12.984645462036132,0.9362181377410889
0.0001,1752.0,12.984640312194824,0.9361958265304565
0.0001,1753.0,12.984635429382323,0.9361737084388733
0.0001,1754.0,12.984630241394042,0.9361515331268311
0.0001,1755.0,12.984625205993654,0.9361293768882751
0.0001,1756.0,12.9846199798584,0.9361074876785278
0.0001,1757.0,12.984615020751955,0.9360854244232177
0.0001,1758.0,12.984610137939455,0.9360634970664978
0.0001,1759.0,12.984605064392092,0.93604172706604
0.0001,1760.0,12.984600563049314,0.9360199666023254
0.0001,1761.0,12.984595489501952,0.9359982728958129
0.0001,1762.0,12.984590034484862,0.9359767460823059
0.0001,1763.0,12.984585456848144,0.9359551548957825
0.0001,1764.0,12.984581069946287,0.9359335350990294
0.0001,1765.0,12.984575729370121,0.9359121227264404
0.0001,1766.0,12.98457061767578,0.9358908462524413
0.0001,1767.0,12.984565734863281,0.935869596004486
0.0001,1768.0,12.984561195373537,0.9358483886718749
0.0001,1769.0,12.984556655883788,0.9358271384239197
0.0001,1770.0,12.984551658630373,0.9358061313629151
0.0001,1771.0,12.98454708099365,0.9357851314544678
0.0001,1772.0,12.984542045593262,0.9357641577720643
0.0001,1773.0,12.984537353515625,0.9357431459426879
0.0001,1774.0,12.984532852172851,0.9357224369049073
0.0001,1775.0,12.984528312683107,0.935701642036438
0.0001,1776.0,12.984523124694826,0.9356809234619141
0.0001,1777.0,12.984518775939941,0.9356603288650512
0.0001,1778.0,12.98451389312744,0.9356397938728334
0.0001,1779.0,12.984509544372557,0.935619421005249
0.0001,1780.0,12.984504699707031,0.9355989027023315
0.0001,1781.0,12.984500160217287,0.93557856798172
0.0001,1782.0,12.984495658874513,0.9355582118034362
0.0001,1783.0,12.984491119384765,0.9355379962921143
0.0001,1784.0,12.984486427307129,0.9355176949501037
0.0001,1785.0,12.984481773376466,0.9354976201057433
0.0001,1786.0,12.9844775390625,0.9354775190353393
0.0001,1787.0,12.984473190307618,0.9354576182365417
0.0001,1788.0,12.984468803405761,0.9354376912117004
0.0001,1789.0,12.984464302062987,0.935417833328247
0.0001,1790.0,12.984459762573241,0.9353979587554931
0.0001,1791.0,12.984455070495605,0.9353783130645752
0.0001,1792.0,12.984450721740725,0.9353585743904114
0.0001,1793.0,12.984446563720706,0.9353390526771546
0.0001,1794.0,12.98444236755371,0.9353194332122803
0.0001,1795.0,12.984437942504883,0.9352999448776245
0.0001,1796.0,12.984433326721193,0.9352805256843567
0.0001,1797.0,12.984429092407227,0.9352611231803893
0.0001,1798.0,12.98442470550537,0.9352417421340942
0.0001,1799.0,12.984420394897462,0.9352225565910339
0.0001,1800.0,12.984415893554688,0.935203332901001
0.0001,1801.0,12.984411811828613,0.9351842069625854
0.0001,1802.0,12.984407196044922,0.9351650977134705
0.0001,1803.0,12.984403305053712,0.9351461124420166
0.0001,1804.0,12.984399261474607,0.9351271057128907
0.0001,1805.0,12.984394760131837,0.9351081800460814
0.0001,1806.0,12.984390602111818,0.9350894212722778
0.0001,1807.0,12.984386863708497,0.9350706481933594
0.0001,1808.0,12.984382362365723,0.9350517988204956
0.0001,1809.0,12.98437843322754,0.9350331878662109
0.0001,1810.0,12.984373664855957,0.9350146842002869
0.0001,1811.0,12.984369621276857,0.9349961543083191
0.0001,1812.0,12.984365463256836,0.9349775648117066
0.0001,1813.0,12.984361724853517,0.9349590992927551
0.0001,1814.0,12.984356956481934,0.9349406886100768
0.0001,1815.0,12.984353675842282,0.934922456741333
0.0001,1816.0,12.984349212646483,0.9349041390419006
0.0001,1817.0,12.984345474243163,0.9348860144615174
0.0001,1818.0,12.984341049194336,0.9348677444458008
0.0001,1819.0,12.984336700439455,0.9348497080802918
0.0001,1820.0,12.984333267211916,0.9348316550254822
0.0001,1821.0,12.984329147338865,0.9348136448860168
0.0001,1822.0,12.984325256347656,0.934795835018158
0.0001,1823.0,12.984320945739746,0.9347778797149657
0.0001,1824.0,12.984316787719727,0.934760103225708
0.0001,1825.0,12.984313201904296,0.9347422504425048
0.0001,1826.0,12.984308929443358,0.9347245812416076
0.0001,1827.0,12.98430519104004,0.9347068381309509
0.0001,1828.0,12.984301795959475,0.9346893692016602
0.0001,1829.0,12.984297676086426,0.9346717500686645
0.0001,1830.0,12.984293632507326,0.9346542716026307
0.0001,1831.0,12.984290695190431,0.9346367979049683
0.0001,1832.0,12.984286231994627,0.9346194553375244
0.0001,1833.0,12.984282112121583,0.9346021270751953
0.0001,1834.0,12.984278564453124,0.9345848393440246
0.0001,1835.0,12.984274406433107,0.9345676469802857
0.0001,1836.0,12.984271125793455,0.9345505523681641
0.0001,1837.0,12.984267158508302,0.934533269405365
0.0001,1838.0,12.984263305664062,0.934516212940216
0.0001,1839.0,12.984259414672852,0.934499249458313
0.0001,1840.0,12.98425563812256,0.9344822311401366
0.0001,1841.0,12.984251937866212,0.9344653320312499
0.0001,1842.0,12.984248542785645,0.9344485139846802
0.0001,1843.0,12.984244995117189,0.9344316148757934
0.0001,1844.0,12.984241065979004,0.934414873123169
0.0001,1845.0,12.984237365722658,0.934398148059845
0.0001,1846.0,12.98423366546631,0.9343815684318543
0.0001,1847.0,12.984230308532714,0.9343648910522462
0.0001,1848.0,12.984226455688477,0.9343483829498291
0.0001,1849.0,12.984222640991211,0.9343319010734559
0.0001,1850.0,12.984219245910642,0.9343153810501099
0.0001,1851.0,12.984215278625486,0.9342990565299988
0.0001,1852.0,12.984211921691895,0.934282693862915
0.0001,1853.0,12.98420841217041,0.9342662715911865
0.0001,1854.0,12.984204711914062,0.9342501854896545
0.0001,1855.0,12.98420135498047,0.9342338943481445
0.0001,1856.0,12.984197540283203,0.9342177486419678
0.0001,1857.0,12.9841943359375,0.9342017436027527
0.0001,1858.0,12.984190826416016,0.9341856408119202
0.0001,1859.0,12.984187164306642,0.9341694617271423
0.0001,1860.0,12.984183540344237,0.9341536045074463
0.0001,1861.0,12.984179954528809,0.9341377997398377
0.0001,1862.0,12.984176139831543,0.9341217827796936
0.0001,1863.0,12.984173126220702,0.9341060280799866
0.0001,1864.0,12.984169921875,0.93409038066864
0.0001,1865.0,12.984166564941406,0.9340745496749878
0.0001,1866.0,12.984162712097167,0.9340588855743408
0.0001,1867.0,12.984158935546878,0.9340433573722839
0.0001,1868.0,12.984156188964844,0.934027624130249
0.0001,1869.0,12.984153022766115,0.9340121126174927
0.0001,1870.0,12.984149665832518,0.9339966869354248
0.0001,1871.0,12.984145965576172,0.9339812946319581
0.0001,1872.0,12.984142646789552,0.933965766429901
0.0001,1873.0,12.984139022827149,0.9339505314826966
0.0001,1874.0,12.984135818481446,0.9339352464675903
0.0001,1875.0,12.98413230895996,0.9339199900627136
0.0001,1876.0,12.984129447937011,0.9339048361778259
0.0001,1877.0,12.98412654876709,0.9338896870613098
0.0001,1878.0,12.984122619628907,0.9338745546340943
0.0001,1879.0,12.984119720458985,0.9338594818115233
0.0001,1880.0,12.984116554260256,0.9338444089889526
0.0001,1881.0,12.984112777709962,0.9338295316696167
0.0001,1882.0,12.984109878540039,0.9338145446777344
0.0001,1883.0,12.984106369018553,0.9337997102737426
0.0001,1884.0,12.984103202819822,0.9337847900390626
0.0001,1885.0,12.984100341796877,0.9337700200080872
0.0001,1886.0,12.984096565246583,0.9337551093101502
0.0001,1887.0,12.984093704223634,0.9337404918670654
0.0001,1888.0,12.984090652465818,0.9337258195877075
0.0001,1889.0,12.984087448120116,0.9337113213539123
0.0001,1890.0,12.984084434509278,0.9336967039108276
0.0001,1891.0,12.984081001281739,0.933682107925415
0.0001,1892.0,12.984077796936036,0.9336675930023193
0.0001,1893.0,12.984074783325195,0.933653154373169
0.0001,1894.0,12.984071617126464,0.9336387920379638
0.0001,1895.0,12.984068298339846,0.9336244606971741
0.0001,1896.0,12.984065437316895,0.9336102390289307
0.0001,1897.0,12.984062423706055,0.9335958385467529
0.0001,1898.0,12.98405906677246,0.9335815453529358
0.0001,1899.0,12.984056091308595,0.9335673880577087
0.0001,1900.0,12.984053230285644,0.9335533452033996
0.0001,1901.0,12.984050369262695,0.9335391616821289
0.0001,1902.0,12.984047355651857,0.9335252046585083
0.0001,1903.0,12.984044036865235,0.9335111284255981
0.0001,1904.0,12.984041061401365,0.9334971714019775
0.0001,1905.0,12.984038009643553,0.9334833073616028
0.0001,1906.0,12.984035034179689,0.9334692859649658
0.0001,1907.0,12.984032325744629,0.9334554696083068
0.0001,1908.0,12.98402904510498,0.9334417796134948
0.0001,1909.0,12.984025840759276,0.9334279203414917
0.0001,1910.0,12.98402328491211,0.9334141850471496
0.0001,1911.0,12.984020500183108,0.9334004569053651
0.0001,1912.0,12.984017753601075,0.9333868789672852
0.0001,1913.0,12.984014587402346,0.9333732962608338
0.0001,1914.0,12.984011497497558,0.9333597087860107
0.0001,1915.0,12.98400848388672,0.9333461689949036
0.0001,1916.0,12.98400577545166,0.9333327102661133
0.0001,1917.0,12.984003372192385,0.9333193182945252
0.0001,1918.0,12.984000244140626,0.933305811882019
0.0001,1919.0,12.983997421264649,0.9332923913002014
0.0001,1920.0,12.98399425506592,0.9332791066169739
0.0001,1921.0,12.98399154663086,0.9332658052444458
0.0001,1922.0,12.983989028930665,0.9332526350021363
0.0001,1923.0,12.983985939025878,0.9332393717765808
0.0001,1924.0,12.98398307800293,0.9332262015342712
0.0001,1925.0,12.983980255126953,0.9332131218910218
0.0001,1926.0,12.983977241516115,0.9332001090049744
0.0001,1927.0,12.983974533081055,0.9331869864463807
0.0001,1928.0,12.98397216796875,0.933174021244049
0.0001,1929.0,12.983969154357908,0.9331609320640564
0.0001,1930.0,12.983966331481934,0.9331481242179871
0.0001,1931.0,12.983963737487795,0.9331351375579834
0.0001,1932.0,12.983961029052734,0.9331223249435425
0.0001,1933.0,12.98395820617676,0.9331095218658447
0.0001,1934.0,12.983955535888672,0.933096730709076
0.0001,1935.0,12.983952865600587,0.9330839228630066
0.0001,1936.0,12.983950004577638,0.9330712175369262
0.0001,1937.0,12.983947525024416,0.9330585026741028
0.0001,1938.0,12.983944511413576,0.9330459547042846
0.0001,1939.0,12.98394214630127,0.9330333375930786
0.0001,1940.0,12.983939666748048,0.9330207729339599
0.0001,1941.0,12.983936843872069,0.9330082798004151
0.0001,1942.0,12.983933982849122,0.9329958248138428
0.0001,1943.0,12.983931312561035,0.9329832816123962
0.0001,1944.0,12.98392879486084,0.9329708194732665
0.0001,1945.0,12.983926467895508,0.9329584789276123
0.0001,1946.0,12.983923492431643,0.932946126461029
0.0001,1947.0,12.983921012878419,0.932933919429779
0.0001,1948.0,12.983918495178221,0.9329216051101685
0.0001,1949.0,12.983915824890136,0.9329093599319458
0.0001,1950.0,12.983913459777833,0.9328971433639526
0.0001,1951.0,12.98391059875488,0.9328849864006042
0.0001,1952.0,12.983907966613769,0.9328728389739991
0.0001,1953.0,12.983905601501466,0.9328608012199402
0.0001,1954.0,12.983902969360354,0.9328487086296082
0.0001,1955.0,12.983900337219238,0.9328366923332214
0.0001,1956.0,12.98389759063721,0.9328247785568238
0.0001,1957.0,12.983895568847657,0.9328128051757812
0.0001,1958.0,12.983892631530761,0.9328007936477661
0.0001,1959.0,12.983890609741213,0.9327890324592589
0.0001,1960.0,12.983888244628906,0.9327772116661072
0.0001,1961.0,12.983885459899904,0.932765302658081
0.0001,1962.0,12.983882904052733,0.9327536058425903
0.0001,1963.0,12.983880157470704,0.9327418160438539
0.0001,1964.0,12.983878097534182,0.9327300930023193
0.0001,1965.0,12.983875465393067,0.9327184987068176
0.0001,1966.0,12.983872985839845,0.9327067852020263
0.0001,1967.0,12.98387062072754,0.9326952075958251
0.0001,1968.0,12.983868408203126,0.9326836085319519
0.0001,1969.0,12.983865623474124,0.9326721549034118
0.0001,1970.0,12.983863563537598,0.9326604747772216
0.0001,1971.0,12.983861236572265,0.9326490759849548
0.0001,1972.0,12.983858757019043,0.932637758255005
0.0001,1973.0,12.983856277465822,0.9326263761520386
0.0001,1974.0,12.983853759765626,0.9326149654388427
0.0001,1975.0,12.983851432800293,0.9326037240028382
0.0001,1976.0,12.983848991394042,0.9325923252105713
0.0001,1977.0,12.98384662628174,0.9325810623168946
0.0001,1978.0,12.98384475708008,0.9325698041915893
0.0001,1979.0,12.983842277526858,0.9325585460662842
0.0001,1980.0,12.983840065002441,0.9325473046302796
0.0001,1981.0,12.98383731842041,0.9325362467765808
0.0001,1982.0,12.983835220336916,0.9325251030921935
0.0001,1983.0,12.983832931518554,0.9325140404701233
0.0001,1984.0,12.98383014678955,0.9325030422210694
0.0001,1985.0,12.983827819824219,0.9324920725822449
0.0001,1986.0,12.983826103210449,0.9324809646606445
0.0001,1987.0,12.98382396697998,0.932470064163208
0.0001,1988.0,12.983821601867676,0.9324591159820557
0.0001,1989.0,12.983819122314454,0.932448275089264
0.0001,1990.0,12.983816947937012,0.9324373960494994
0.0001,1991.0,12.98381492614746,0.9324264907836914
0.0001,1992.0,12.983812141418456,0.9324157309532165
0.0001,1993.0,12.983810424804686,0.9324049067497253
0.0001,1994.0,12.983807640075684,0.9323943257331848
0.0001,1995.0,12.983806114196776,0.9323835778236389
0.0001,1996.0,12.9838032913208,0.9323728561401368
0.0001,1997.0,12.983801765441893,0.9323623299598693
0.0001,1998.0,12.983798828125002,0.9323516464233398
0.0001,1999.0,12.983797111511231,0.9323410868644715
0.0001,2000.0,12.983794784545896,0.9323304462432861
0.0001,2001.0,12.983792190551759,0.9323200941085815
0.0001,2002.0,12.983790588378906,0.9323093724250793
0.0001,2003.0,12.98378833770752,0.9322989654541016
0.0001,2004.0,12.983785705566408,0.932288465499878
0.0001,2005.0,12.983783493041994,0.932278254032135
0.0001,2006.0,12.983782272338868,0.932267804145813
0.0001,2007.0,12.983779945373534,0.9322574615478516
0.0001,2008.0,12.98377754211426,0.9322471570968628
0.0001,2009.0,12.983775329589843,0.9322367453575133
0.0001,2010.0,12.983773040771485,0.9322267436981201
0.0001,2011.0,12.983770866394043,0.9322164130210877
0.0001,2012.0,12.983768997192382,0.9322062611579895
0.0001,2013.0,12.983766860961918,0.9321960043907166
0.0001,2014.0,12.983764724731447,0.9321857380867005
0.0001,2015.0,12.983762397766114,0.9321757912635803
0.0001,2016.0,12.983760681152345,0.9321657156944274
0.0001,2017.0,12.983758697509765,0.9321556544303895
0.0001,2018.0,12.983756828308106,0.9321456813812257
0.0001,2019.0,12.983754806518554,0.9321356534957885
0.0001,2020.0,12.983752555847168,0.9321255922317505
0.0001,2021.0,12.983750381469727,0.9321158576011659
0.0001,2022.0,12.983748550415038,0.9321057915687562
0.0001,2023.0,12.983746681213379,0.9320959377288818
0.0001,2024.0,12.983745002746582,0.9320860242843628
0.0001,2025.0,12.983742408752441,0.9320763421058655
0.0001,2026.0,12.983740539550782,0.9320664668083191
0.0001,2027.0,12.983738403320313,0.932056736946106
0.0001,2028.0,12.983736228942872,0.932046926021576
0.0001,2029.0,12.983734703063964,0.9320373153686523
0.0001,2030.0,12.983732414245605,0.9320274758338929
0.0001,2031.0,12.983730545043946,0.9320177793502807
0.0001,2032.0,12.983728561401367,0.932008249759674
0.0001,2033.0,12.98372703552246,0.9319986820220947
0.0001,2034.0,12.98372459411621,0.9319890189170839
0.0001,2035.0,12.983722610473631,0.9319794940948487
0.0001,2036.0,12.983720741271972,0.9319699764251709
0.0001,2037.0,12.983718795776369,0.9319605326652527
0.0001,2038.0,12.98371681213379,0.9319511008262634
0.0001,2039.0,12.983715095520019,0.9319416427612304
0.0001,2040.0,12.983712806701659,0.9319321894645691
0.0001,2041.0,12.983711128234862,0.9319228386878968
0.0001,2042.0,12.983709297180177,0.9319134831428528
0.0001,2043.0,12.983707504272461,0.9319041919708253
0.0001,2044.0,12.983705482482911,0.9318946790695191
0.0001,2045.0,12.983703498840335,0.931885485649109
0.0001,2046.0,12.983702278137207,0.9318761730194092
0.0001,2047.0,12.983699951171873,0.9318669152259826
0.0001,2048.0,12.983697967529299,0.9318577218055726
0.0001,2049.0,12.983696136474611,0.9318484902381896
0.0001,2050.0,12.983694152832031,0.9318394112586976
0.0001,2051.0,12.983692474365236,0.9318302607536316
0.0001,2052.0,12.983690643310547,0.9318211054801941
0.0001,2053.0,12.983688812255858,0.9318120098114013
0.0001,2054.0,12.983687019348146,0.9318030500411987
0.0001,2055.0,12.98368522644043,0.9317939329147338
0.0001,2056.0,12.983683090209963,0.9317849016189576
0.0001,2057.0,12.983681564331055,0.9317760062217713
0.0001,2058.0,12.983679466247562,0.9317670083045959
0.0001,2059.0,12.98367774963379,0.9317581939697266
0.0001,2060.0,12.983676261901856,0.9317491579055786
0.0001,2061.0,12.983674125671387,0.9317402625083924
0.0001,2062.0,12.983672294616701,0.9317315196990967
0.0001,2063.0,12.983670616149903,0.9317227554321289
0.0001,2064.0,12.983668823242187,0.9317137503623962
0.0001,2065.0,12.983667068481447,0.9317050170898438
0.0001,2066.0,12.983665466308594,0.9316963505744935
0.0001,2067.0,12.983663368225097,0.9316875910758972
0.0001,2068.0,12.98366180419922,0.9316788959503174
0.0001,2069.0,12.983660011291505,0.9316701412200927
0.0001,2070.0,12.983658447265624,0.9316615986824035
0.0001,2071.0,12.983656806945802,0.9316528606414796
0.0001,2072.0,12.983655433654786,0.931644208431244
0.0001,2073.0,12.983653335571287,0.9316356658935547
0.0001,2074.0,12.983651504516601,0.9316271662712097
0.0001,2075.0,12.983649826049806,0.9316185045242309
0.0001,2076.0,12.983648376464844,0.9316099929809569
0.0001,2077.0,12.98364685058594,0.9316015648841858
0.0001,2078.0,12.98364440917969,0.9315930914878845
0.0001,2079.0,12.983643226623535,0.9315846633911133
0.0001,2080.0,12.98364170074463,0.931576189994812
0.0001,2081.0,12.98363971710205,0.9315677666664124
0.0001,2082.0,12.983637886047365,0.9315594840049743
0.0001,2083.0,12.983636741638186,0.9315510869026185
0.0001,2084.0,12.983634757995606,0.9315426683425903
0.0001,2085.0,12.98363296508789,0.931534309387207
0.0001,2086.0,12.983631629943847,0.9315261030197143
0.0001,2087.0,12.983629608154295,0.931517744064331
0.0001,2088.0,12.983628120422365,0.9315095806121827
0.0001,2089.0,12.98362632751465,0.9315013194084167
0.0001,2090.0,12.983624649047853,0.9314931011199952
0.0001,2091.0,12.983623161315919,0.9314850950241089
0.0001,2092.0,12.983621330261231,0.9314767098426819
0.0001,2093.0,12.983619689941408,0.9314686918258668
0.0001,2094.0,12.983618202209472,0.931460566520691
0.0001,2095.0,12.983616561889647,0.9314525699615479
0.0001,2096.0,12.983615074157715,0.9314444828033448
0.0001,2097.0,12.9836137008667,0.9314363789558411
0.0001,2098.0,12.983612060546875,0.931428415775299
0.0001,2099.0,12.983610572814943,0.9314204740524292
0.0001,2100.0,12.983608932495116,0.9314123916625976
0.0001,2101.0,12.98360736846924,0.9314045262336731
0.0001,2102.0,12.983605613708498,0.9313964867591857
0.0001,2103.0,12.983604278564453,0.9313886213302612
0.0001,2104.0,12.983602561950685,0.9313806915283204
0.0001,2105.0,12.983601112365722,0.9313727927207947
0.0001,2106.0,12.9835994720459,0.9313650417327881
0.0001,2107.0,12.98359817504883,0.9313573002815247
0.0001,2108.0,12.983596305847167,0.9313493371009827
0.0001,2109.0,12.983595008850099,0.9313415908813476
0.0001,2110.0,12.983593635559082,0.9313337254524231
0.0001,2111.0,12.983591690063477,0.931326060295105
0.0001,2112.0,12.983590545654298,0.9313183188438414
0.0001,2113.0,12.983589172363281,0.9313106060028076
0.0001,2114.0,12.983587112426756,0.931303060054779
0.0001,2115.0,12.983585586547852,0.9312953948974609
0.0001,2116.0,12.98358455657959,0.9312876915931702
0.0001,2117.0,12.983583030700684,0.9312801408767699
0.0001,2118.0,12.983581390380861,0.9312725520133973
0.0001,2119.0,12.983579483032226,0.9312648487091064
0.0001,2120.0,12.983578567504882,0.9312573623657228
0.0001,2121.0,12.983576927185059,0.9312497353553773
0.0001,2122.0,12.983575477600098,0.9312423253059386
0.0001,2123.0,12.983574256896974,0.9312347459793091
0.0001,2124.0,12.983572463989258,0.9312273788452149
0.0001,2125.0,12.983571014404298,0.9312197899818421
0.0001,2126.0,12.983569526672364,0.9312125039100647
0.0001,2127.0,12.983568000793456,0.9312049531936646
0.0001,2128.0,12.983566818237307,0.9311975812911988
0.0001,2129.0,12.983564643859864,0.9311902523040771
0.0001,2130.0,12.983564186096192,0.9311829328536987
0.0001,2131.0,12.983562393188475,0.9311756205558777
0.0001,2132.0,12.983560905456544,0.9311682486534119
0.0001,2133.0,12.983559875488282,0.9311610054969788
0.0001,2134.0,12.983558082580567,0.9311537146568298
0.0001,2135.0,12.983556900024414,0.9311464238166809
0.0001,2136.0,12.983555259704591,0.9311392140388488
0.0001,2137.0,12.983554077148437,0.9311319661140443
0.0001,2138.0,12.983552284240723,0.9311247944831849
0.0001,2139.0,12.983551139831542,0.9311175465583801
0.0001,2140.0,12.983549499511719,0.9311104607582092
0.0001,2141.0,12.983548316955567,0.9311033654212952
0.0001,2142.0,12.983547134399416,0.9310961556434632
0.0001,2143.0,12.983545684814453,0.9310890269279479
0.0001,2144.0,12.983544387817384,0.9310820722579956
0.0001,2145.0,12.98354320526123,0.9310749864578247
0.0001,2146.0,12.983541717529297,0.93106773853302
0.0001,2147.0,12.983540420532227,0.9310608983039856
0.0001,2148.0,12.983538551330568,0.9310539150238037
0.0001,2149.0,12.98353744506836,0.9310469388961793
0.0001,2150.0,12.983536109924318,0.9310398912429809
0.0001,2151.0,12.983534812927248,0.9310329532623292
0.0001,2152.0,12.983533439636231,0.9310260295867919
0.0001,2153.0,12.98353214263916,0.9310189890861511
0.0001,2154.0,12.983530807495116,0.9310122227668762
0.0001,2155.0,12.983529319763186,0.9310053324699401
0.0001,2156.0,12.983528175354005,0.9309984636306763
0.0001,2157.0,12.983526992797852,0.9309915852546692
0.0001,2158.0,12.983525848388673,0.9309846949577332
0.0001,2159.0,12.983523902893067,0.9309779834747314
0.0001,2160.0,12.983522605895995,0.9309711861610412
0.0001,2161.0,12.983521881103517,0.9309643507003784
0.0001,2162.0,12.983520240783692,0.930957682132721
0.0001,2163.0,12.98351894378662,0.9309508895874024
0.0001,2164.0,12.983517456054686,0.9309441447257996
0.0001,2165.0,12.983516426086428,0.9309373807907104
0.0001,2166.0,12.98351501464844,0.9309307885169983
0.0001,2167.0,12.983514251708986,0.9309241151809693
0.0001,2168.0,12.983512229919434,0.9309174418449402
0.0001,2169.0,12.983511199951172,0.9309108281135559
0.0001,2170.0,12.983510284423827,0.9309042692184448
0.0001,2171.0,12.983509025573731,0.9308976817131043
0.0001,2172.0,12.983507843017577,0.9308910465240479
0.0001,2173.0,12.983506507873535,0.9308846330642699
0.0001,2174.0,12.983504943847654,0.9308779549598694
0.0001,2175.0,12.983503913879396,0.9308714389801026
0.0001,2176.0,12.983502578735353,0.9308649015426635
0.0001,2177.0,12.983501014709473,0.9308584880828857
0.0001,2178.0,12.983500137329102,0.9308518528938293
0.0001,2179.0,12.98349910736084,0.9308455753326417
0.0001,2180.0,12.983497619628906,0.9308389711380005
0.0001,2181.0,12.983496170043946,0.9308325910568238
0.0001,2182.0,12.983495178222658,0.9308262324333191
0.0001,2183.0,12.983493690490722,0.9308198952674867
0.0001,2184.0,12.983493194580078,0.9308134126663208
0.0001,2185.0,12.983491706848145,0.9308071827888489
0.0001,2186.0,12.983490524291993,0.9308007478713989
0.0001,2187.0,12.983489227294923,0.9307944107055663
0.0001,2188.0,12.983488388061524,0.9307880306243896
0.0001,2189.0,12.983486595153808,0.9307817792892457
0.0001,2190.0,12.98348545074463,0.93077552318573
0.0001,2191.0,12.983484268188475,0.930769305229187
0.0001,2192.0,12.983483276367188,0.930763087272644
0.0001,2193.0,12.983481979370117,0.9307567882537842
0.0001,2194.0,12.983480682373047,0.930750494003296
0.0001,2195.0,12.983479499816895,0.9307444715499877
0.0001,2196.0,12.983478698730469,0.9307381772994996
0.0001,2197.0,12.983477516174316,0.9307321166992188
0.0001,2198.0,12.983476524353026,0.9307260179519654
0.0001,2199.0,12.983475494384768,0.9307197666168212
0.0001,2200.0,12.983474082946778,0.9307137227058411
0.0001,2201.0,12.983473091125488,0.9307074666023254
0.0001,2202.0,12.983471755981448,0.9307015681266786
0.0001,2203.0,12.983470306396486,0.9306953501701354
0.0001,2204.0,12.983469581604004,0.9306893539428711
0.0001,2205.0,12.983468437194825,0.9306833744049072
0.0001,2206.0,12.983467178344728,0.9306773304939271
0.0001,2207.0,12.983465843200683,0.9306713771820068
0.0001,2208.0,12.983464698791504,0.930665397644043
0.0001,2209.0,12.983464012145998,0.9306593751907348
0.0001,2210.0,12.983462677001954,0.9306534123420716
0.0001,2211.0,12.983461380004883,0.9306475138664245
0.0001,2212.0,12.983460731506348,0.9306415510177612
0.0001,2213.0,12.983459243774412,0.9306356739997864
0.0001,2214.0,12.983458404541016,0.9306297373771667
0.0001,2215.0,12.983457260131836,0.9306238555908203
0.0001,2216.0,12.983455810546875,0.9306179523468017
0.0001,2217.0,12.983455123901367,0.930612075328827
0.0001,2218.0,12.983453636169434,0.9306063175201416
0.0001,2219.0,12.983452529907225,0.9306005930900574
0.0001,2220.0,12.983451499938965,0.9305946731567383
0.0001,2221.0,12.98345069885254,0.9305888724327087
0.0001,2222.0,12.98344955444336,0.930583028793335
0.0001,2223.0,12.98344841003418,0.9305774664878845
0.0001,2224.0,12.983447532653809,0.930571665763855
0.0001,2225.0,12.983446273803711,0.9305659508705139
0.0001,2226.0,12.98344509124756,0.9305600643157959
0.0001,2227.0,12.983444442749025,0.9305543875694274
0.0001,2228.0,12.98344310760498,0.9305486965179444
0.0001,2229.0,12.9834419631958,0.9305430197715759
0.0001,2230.0,12.983441009521485,0.9305373764038086
0.0001,2231.0,12.98343982696533,0.9305317378044129
0.0001,2232.0,12.98343906402588,0.9305261969566345
0.0001,2233.0,12.983437881469728,0.9305206298828125
0.0001,2234.0,12.983437042236329,0.930514829158783
0.0001,2235.0,12.983435554504396,0.9305092287063599
0.0001,2236.0,12.983434791564942,0.9305037593841553
0.0001,2237.0,12.983433914184571,0.9304981637001037
0.0001,2238.0,12.98343276977539,0.9304926609992981
0.0001,2239.0,12.983432121276856,0.930487174987793
0.0001,2240.0,12.983430976867679,0.9304816722869873
0.0001,2241.0,12.983429679870607,0.9304761528968811
0.0001,2242.0,12.983428535461426,0.9304705858230591
0.0001,2243.0,12.983427696228027,0.9304650783538819
0.0001,2244.0,12.983426856994628,0.93045973777771
0.0001,2245.0,12.983425903320313,0.9304541754722595
0.0001,2246.0,12.983425064086916,0.9304487705230713
0.0001,2247.0,12.983423919677737,0.9304433917999269
0.0001,2248.0,12.983422775268556,0.9304379606246949
0.0001,2249.0,12.983421783447266,0.9304326200485229
0.0001,2250.0,12.983420791625976,0.9304272532463074
0.0001,2251.0,12.983419647216795,0.9304218697547912
0.0001,2252.0,12.9834188079834,0.9304165196418761
0.0001,2253.0,12.98341770172119,0.9304110813140869
0.0001,2254.0,12.9834167098999,0.9304057359695435
0.0001,2255.0,12.983416023254394,0.9304004716873169
0.0001,2256.0,12.98341453552246,0.9303951692581176
0.0001,2257.0,12.983413429260255,0.9303899431228637
0.0001,2258.0,12.983412590026855,0.930384635925293
0.0001,2259.0,12.983411903381349,0.9303792905807495
0.0001,2260.0,12.983410949707034,0.9303741073608398
0.0001,2261.0,12.983410263061526,0.930368914604187
0.0001,2262.0,12.983409156799318,0.930363655090332
0.0001,2263.0,12.983408279418946,0.9303584289550781
0.0001,2264.0,12.983407020568848,0.9303533267974853
0.0001,2265.0,12.98340663909912,0.9303481340408325
0.0001,2266.0,12.983405380249025,0.9303429126739502
0.0001,2267.0,12.983404388427735,0.9303377199172973
0.0001,2268.0,12.98340389251709,0.9303325748443604
0.0001,2269.0,12.983402557373045,0.9303273701667785
0.0001,2270.0,12.983401565551757,0.9303223109245301
0.0001,2271.0,12.98340061187744,0.9303171563148498
0.0001,2272.0,12.983399658203123,0.9303121900558471
0.0001,2273.0,12.983398933410646,0.9303070831298828
0.0001,2274.0,12.983398132324218,0.9303020906448365
0.0001,2275.0,12.983397026062011,0.9302970099449157
0.0001,2276.0,12.983396453857425,0.9302919673919678
0.0001,2277.0,12.983395500183107,0.930286898612976
0.0001,2278.0,12.983393898010254,0.9302819061279297
0.0001,2279.0,12.983393058776857,0.9302769184112549
0.0001,2280.0,12.983392562866213,0.9302720332145691
0.0001,2281.0,12.983391609191894,0.93026686668396
0.0001,2282.0,12.983390464782717,0.9302619218826294
0.0001,2283.0,12.983390121459964,0.9302570700645447
0.0001,2284.0,12.9833890914917,0.9302521419525146
0.0001,2285.0,12.983388137817384,0.9302471876144409
0.0001,2286.0,12.983387031555175,0.9302423071861268
0.0001,2287.0,12.983386192321776,0.9302373576164246
0.0001,2288.0,12.983385391235354,0.9302325439453125
0.0001,2289.0,12.983384704589845,0.9302275824546813
0.0001,2290.0,12.983383598327634,0.9302226972579957
0.0001,2291.0,12.983382720947265,0.9302177858352662
0.0001,2292.0,12.9833821105957,0.930213053226471
0.0001,2293.0,12.983381423950194,0.9302081632614136
0.0001,2294.0,12.983380279541016,0.9302033591270447
0.0001,2295.0,12.983379783630369,0.9301985073089599
0.0001,2296.0,12.983377990722657,0.930193703174591
0.0001,2297.0,12.983377685546875,0.9301890516281128
0.0001,2298.0,12.983376846313476,0.9301843190193176
0.0001,2299.0,12.98337615966797,0.9301794338226319
0.0001,2300.0,12.983375854492188,0.9301747822761536
0.0001,2301.0,12.983374061584472,0.9301699900627136
0.0001,2302.0,12.98337375640869,0.9301652193069458
0.0001,2303.0,12.983372917175293,0.9301605296134949
0.0001,2304.0,12.983371963500975,0.9301558780670165
0.0001,2305.0,12.983370780944824,0.930151014328003
0.0001,2306.0,12.983369979858399,0.9301463627815246
0.0001,2307.0,12.983369636535643,0.930141749382019
0.0001,2308.0,12.983368530273436,0.9301371359825135
0.0001,2309.0,12.983367347717282,0.9301325273513794
0.0001,2310.0,12.983366584777832,0.9301279139518737
0.0001,2311.0,12.983365898132325,0.9301232624053956
0.0001,2312.0,12.983365554809572,0.9301186323165893
0.0001,2313.0,12.98336410522461,0.9301140666007995
0.0001,2314.0,12.983363418579103,0.9301095128059387
0.0001,2315.0,12.983362503051758,0.93010498046875
0.0001,2316.0,12.983362159729003,0.9301004099845886
0.0001,2317.0,12.983360977172852,0.9300957536697387
0.0001,2318.0,12.983360176086425,0.9300911664962768
0.0001,2319.0,12.983359375,0.9300865960121154
0.0001,2320.0,12.98335807800293,0.9300820636749267
0.0001,2321.0,12.983358039855956,0.930077633857727
0.0001,2322.0,12.983356933593749,0.9300731348991393
0.0001,2323.0,12.983356132507325,0.9300686287879943
0.0001,2324.0,12.983355293273927,0.930064194202423
0.0001,2325.0,12.983354797363281,0.9300596618652344
0.0001,2326.0,12.983354301452637,0.9300552272796632
0.0001,2327.0,12.98335330963135,0.9300507760047912
0.0001,2328.0,12.983352661132814,0.9300463891029358
0.0001,2329.0,12.983351860046389,0.9300419974327088
0.0001,2330.0,12.983350715637208,0.9300376224517822
0.0001,2331.0,12.983350067138671,0.9300330734252931
0.0001,2332.0,12.983349266052246,0.9300287246704102
0.0001,2333.0,12.983348083496095,0.9300243663787842
0.0001,2334.0,12.983347587585449,0.9300199961662292
0.0001,2335.0,12.983347206115724,0.9300155997276307
0.0001,2336.0,12.983345680236816,0.9300111818313599
0.0001,2337.0,12.983345489501952,0.930006947517395
0.0001,2338.0,12.983344345092775,0.9300026750564576
0.0001,2339.0,12.98334384918213,0.9299982404708863
0.0001,2340.0,12.983343353271485,0.9299939680099487
0.0001,2341.0,12.983342742919922,0.9299897384643554
0.0001,2342.0,12.98334156036377,0.9299854612350464
0.0001,2343.0,12.983340759277343,0.9299811840057373
0.0001,2344.0,12.983339805603027,0.9299768733978272
0.0001,2345.0,12.983339614868166,0.9299726176261902
0.0001,2346.0,12.98333896636963,0.9299684214591979
0.0001,2347.0,12.98333782196045,0.9299641871452331
0.0001,2348.0,12.983337020874025,0.9299598765373229
0.0001,2349.0,12.983336334228516,0.9299556636810302
0.0001,2350.0,12.983336029052735,0.929951446056366
0.0001,2351.0,12.983335151672362,0.9299472332000733
0.0001,2352.0,12.983333930969238,0.9299431991577148
0.0001,2353.0,12.983333892822266,0.9299388456344604
0.0001,2354.0,12.983333053588867,0.9299348402023315
0.0001,2355.0,12.98333179473877,0.9299306154251099
0.0001,2356.0,12.98333164215088,0.9299264240264893
0.0001,2357.0,12.98333065032959,0.9299224019050598
0.0001,2358.0,12.983329849243164,0.9299181723594665
0.0001,2359.0,12.98332920074463,0.9299141764640808
0.0001,2360.0,12.98332851409912,0.9299100017547607
0.0001,2361.0,12.983327407836915,0.929905924797058
0.0001,2362.0,12.983327407836915,0.9299018526077271
0.0001,2363.0,12.983326263427735,0.929897689819336
0.0001,2364.0,12.98332576751709,0.9298936891555786
0.0001,2365.0,12.983324966430665,0.9298895621299743
0.0001,2366.0,12.983324165344241,0.9298857021331788
0.0001,2367.0,12.983323631286623,0.9298815536499023
0.0001,2368.0,12.983322525024414,0.9298775100708008
0.0001,2369.0,12.983322639465333,0.9298735523223878
0.0001,2370.0,12.983321075439452,0.929869544506073
0.0001,2371.0,12.983320999145507,0.9298655009269714
0.0001,2372.0,12.983320236206053,0.9298614072799682
0.0001,2373.0,12.983319549560548,0.9298574066162109
0.0001,2374.0,12.983318939208985,0.9298535943031311
0.0001,2375.0,12.983318099975586,0.9298496150970459
0.0001,2376.0,12.983317642211913,0.9298457002639771
0.0001,2377.0,12.983316802978514,0.9298416829109193
0.0001,2378.0,12.983316345214842,0.929837839603424
0.0001,2379.0,12.98331489562988,0.9298338747024537
0.0001,2380.0,12.98331546783447,0.929829912185669
0.0001,2381.0,12.983313751220702,0.9298260951042174
0.0001,2382.0,12.98331371307373,0.9298221635818481
0.0001,2383.0,12.983312759399412,0.9298182010650635
0.0001,2384.0,12.983311958312987,0.929814383983612
0.0001,2385.0,12.98331157684326,0.9298106002807617
0.0001,2386.0,12.983311157226563,0.9298065924644471
0.0001,2387.0,12.98330982208252,0.9298027753829956
0.0001,2388.0,12.98330982208252,0.9297990894317627
0.0001,2389.0,12.983308715820314,0.9297951579093933
0.0001,2390.0,12.983308219909668,0.9297913360595703
0.0001,2391.0,12.983307380676269,0.9297874426841736
0.0001,2392.0,12.983307304382324,0.9297837018966675
0.0001,2393.0,12.983306121826171,0.929779999256134
0.0001,2394.0,12.983305473327638,0.9297761869430541
0.0001,2395.0,12.983304786682128,0.9297725009918213
0.0001,2396.0,12.983304901123047,0.9297686290740966
0.0001,2397.0,12.983303985595704,0.9297647523880004
0.0001,2398.0,12.983302688598632,0.929761130809784
0.0001,2399.0,12.983302345275877,0.9297572660446167
0.0001,2400.0,12.983302307128906,0.9297536540031432
0.0001,2401.0,12.983301658630369,0.9297498750686646
0.0001,2402.0,12.983300437927245,0.9297462153434755
0.0001,2403.0,12.983299942016604,0.9297424364089966
0.0001,2404.0,12.983298797607423,0.9297387385368348
0.0001,2405.0,12.983298797607423,0.9297350358963012
0.0001,2406.0,12.983297958374024,0.9297313976287842
0.0001,2407.0,12.983298072814941,0.9297277545928955
0.0001,2408.0,12.983297119140625,0.9297241163253784
0.0001,2409.0,12.983296318054201,0.9297205328941345
0.0001,2410.0,12.983295822143555,0.929716763496399
0.0001,2411.0,12.98329475402832,0.9297131419181823
0.0001,2412.0,12.98329460144043,0.9297094440460205
0.0001,2413.0,12.983293914794922,0.9297058439254761
0.0001,2414.0,12.983292808532717,0.9297022604942321
0.0001,2415.0,12.983292617797852,0.9296986436843871
0.0001,2416.0,12.983291511535645,0.9296950554847717
0.0001,2417.0,12.983291358947755,0.9296913623809815
0.0001,2418.0,12.983290519714355,0.9296878385543823
0.0001,2419.0,12.983289871215819,0.9296842646598815
0.0001,2420.0,12.98329002380371,0.9296807193756104
0.0001,2421.0,12.98328872680664,0.9296772003173828
0.0001,2422.0,12.983288116455077,0.9296736550331115
0.0001,2423.0,12.983287620544433,0.9296700596809387
0.0001,2424.0,12.983287124633787,0.9296666383743286
0.0001,2425.0,12.983286628723146,0.9296631193161011
0.0001,2426.0,12.983285789489747,0.9296595358848572
0.0001,2427.0,12.983285598754883,0.9296560382843018
0.0001,2428.0,12.983285140991212,0.929652590751648
0.0001,2429.0,12.983284492492677,0.9296490502357483
0.0001,2430.0,12.983284187316896,0.9296456122398377
0.0001,2431.0,12.983283233642577,0.9296421098709107
0.0001,2432.0,12.983282089233397,0.9296385908126831
0.0001,2433.0,12.983281936645506,0.9296352291107177
0.0001,2434.0,12.983281135559084,0.929631803035736
0.0001,2435.0,12.983281059265138,0.9296283650398254
0.0001,2436.0,12.983280448913575,0.9296249055862427
0.0001,2437.0,12.98327964782715,0.9296213603019714
0.0001,2438.0,12.983278694152832,0.9296179986000062
0.0001,2439.0,12.983278694152832,0.9296145939826965
0.0001,2440.0,12.983277702331543,0.9296112108230592
0.0001,2441.0,12.983277969360353,0.92960777759552
0.0001,2442.0,12.983277053833008,0.9296044492721558
0.0001,2443.0,12.98327610015869,0.9296010279655457
0.0001,2444.0,12.983275794982909,0.929597704410553
0.0001,2445.0,12.983275451660159,0.9295943808555603
0.0001,2446.0,12.983274803161622,0.9295909428596496
0.0001,2447.0,12.983273391723635,0.9295877814292908
0.0001,2448.0,12.983273811340332,0.9295842790603637
0.0001,2449.0,12.9832731628418,0.9295809125900268
0.0001,2450.0,12.983272514343263,0.929577670097351
0.0001,2451.0,12.983272056579592,0.9295742487907409
0.0001,2452.0,12.983271713256839,0.9295710277557373
0.0001,2453.0,12.98327075958252,0.9295677256584167
0.0001,2454.0,12.983270454406739,0.9295644450187683
0.0001,2455.0,12.98326976776123,0.9295612359046936
0.0001,2456.0,12.983269462585449,0.9295578789710999
0.0001,2457.0,12.983268699645995,0.9295546650886536
0.0001,2458.0,12.983268470764159,0.9295512700080872
0.0001,2459.0,12.983267669677735,0.9295480823516846
0.0001,2460.0,12.983267173767091,0.9295447635650635
0.0001,2461.0,12.983266563415528,0.9295414781570435
0.0001,2462.0,12.983266105651856,0.9295382404327392
0.0001,2463.0,12.983265571594238,0.9295351123809814
0.0001,2464.0,12.983265266418456,0.929531865119934
0.0001,2465.0,12.983264617919922,0.9295287418365479
0.0001,2466.0,12.983263816833494,0.9295254611968995
0.0001,2467.0,12.98326347351074,0.9295223331451415
0.0001,2468.0,12.98326332092285,0.9295190739631652
0.0001,2469.0,12.98326217651367,0.9295159459114075
0.0001,2470.0,12.983261718750002,0.9295127415657043
0.0001,2471.0,12.983261337280275,0.9295095753669739
0.0001,2472.0,12.983261070251466,0.9295063328742981
0.0001,2473.0,12.983260383605959,0.9295032095909119
0.0001,2474.0,12.983259620666505,0.9295001196861268
0.0001,2475.0,12.98325927734375,0.9294969248771667
0.0001,2476.0,12.983258972167969,0.9294938564300537
0.0001,2477.0,12.983258018493652,0.929490668773651
0.0001,2478.0,12.983257827758788,0.9294875288009643
0.0001,2479.0,12.983257484436034,0.9294844436645509
0.0001,2480.0,12.983256721496584,0.9294813966751099
0.0001,2481.0,12.98325653076172,0.9294783115386963
0.0001,2482.0,12.983255767822266,0.929475166797638
0.0001,2483.0,12.983255233764648,0.9294721245765686
0.0001,2484.0,12.983255233764648,0.9294690990447998
0.0001,2485.0,12.983254165649413,0.929465970993042
0.0001,2486.0,12.983253631591795,0.929462890625
0.0001,2487.0,12.983253021240234,0.9294598054885865
0.0001,2488.0,12.983253326416015,0.9294568562507629
0.0001,2489.0,12.983252525329593,0.9294537377357482
0.0001,2490.0,12.983252029418944,0.9294507670402528
0.0001,2491.0,12.983251228332522,0.9294477415084839
0.0001,2492.0,12.983251037597654,0.9294446563720703
0.0001,2493.0,12.983250770568846,0.9294416356086732
0.0001,2494.0,12.983249969482419,0.9294387030601501
0.0001,2495.0,12.98324928283691,0.9294356989860535
0.0001,2496.0,12.983248634338379,0.9294327545166016
0.0001,2497.0,12.983248329162597,0.9294297075271606
0.0001,2498.0,12.983248329162599,0.9294267582893372
0.0001,2499.0,12.983247680664062,0.9294237160682679
0.0001,2500.0,12.98324722290039,0.9294207453727722
0.0001,2501.0,12.983246726989746,0.9294178438186645
0.0001,2502.0,12.983246536254882,0.929414758682251
0.0001,2503.0,12.983245544433593,0.929411928653717
0.0001,2504.0,12.983245277404786,0.929408881664276
0.0001,2505.0,12.983244628906252,0.9294060611724854
0.0001,2506.0,12.983244132995607,0.9294029974937439
0.0001,2507.0,12.983244094848633,0.929400179386139
0.0001,2508.0,12.983243446350098,0.9293971586227416
0.0001,2509.0,12.983243179321288,0.9293943333625794
0.0001,2510.0,12.983242225646972,0.9293914818763733
0.0001,2511.0,12.983241729736328,0.9293884563446044
0.0001,2512.0,12.983241233825684,0.9293856525421142
0.0001,2513.0,12.983241195678712,0.929382665157318
0.0001,2514.0,12.98324073791504,0.9293798732757568
0.0001,2515.0,12.983240127563477,0.9293770217895507
0.0001,2516.0,12.983239364624026,0.9293741631507874
0.0001,2517.0,12.983239173889162,0.9293713712692262
0.0001,2518.0,12.983238525390627,0.9293684816360475
0.0001,2519.0,12.983238334655763,0.9293656992912293
0.0001,2520.0,12.9832381439209,0.9293627166748046
0.0001,2521.0,12.983237342834473,0.9293599629402161
0.0001,2522.0,12.983237228393556,0.9293570613861084
0.0001,2523.0,12.98323657989502,0.9293542528152465
0.0001,2524.0,12.98323627471924,0.929351465702057
0.0001,2525.0,12.983235626220704,0.9293486404418945
0.0001,2526.0,12.983235130310058,0.9293458867073059
0.0001,2527.0,12.983234367370605,0.9293430614471436
0.0001,2528.0,12.983234519958497,0.9293402910232543
0.0001,2529.0,12.983234024047853,0.9293374991416932
0.0001,2530.0,12.983233375549316,0.9293347215652465
0.0001,2531.0,12.983232917785644,0.9293320059776307
0.0001,2532.0,12.983232727050781,0.9293290996551513
0.0001,2533.0,12.983231925964354,0.9293265080451965
0.0001,2534.0,12.983231773376465,0.9293237590789796
0.0001,2535.0,12.983231277465821,0.929320878982544
0.0001,2536.0,12.983231277465821,0.929318244457245
0.0001,2537.0,12.983230667114258,0.9293153810501098
0.0001,2538.0,12.983230018615721,0.9293126273155212
0.0001,2539.0,12.983229370117188,0.9293099546432495
0.0001,2540.0,12.983228912353516,0.9293072867393494
0.0001,2541.0,12.98322856903076,0.9293044996261597
0.0001,2542.0,12.983228111267088,0.9293017983436584
0.0001,2543.0,12.983228034973143,0.929299201965332
0.0001,2544.0,12.983227882385252,0.9292965292930603
0.0001,2545.0,12.983227539062499,0.9292938232421875
0.0001,2546.0,12.983226776123049,0.92929119348526
0.0001,2547.0,12.983226318359376,0.9292885565757751
0.0001,2548.0,12.98322582244873,0.9292857813835144
0.0001,2549.0,12.983225517272949,0.9292831516265869
0.0001,2550.0,12.983225021362307,0.929280505180359
0.0001,2551.0,12.983224411010744,0.9292778372764587
0.0001,2552.0,12.983224182128907,0.9292752790451049
0.0001,2553.0,12.983223419189454,0.9292724967002869
0.0001,2554.0,12.983223419189454,0.9292699432373046
0.0001,2555.0,12.98322338104248,0.9292673134803772
0.0001,2556.0,12.983222465515135,0.929264645576477
0.0001,2557.0,12.983222160339357,0.9292620372772216
0.0001,2558.0,12.98322177886963,0.9292595005035401
0.0001,2559.0,12.983221473693849,0.9292568588256835
0.0001,2560.0,12.983221321105958,0.9292541861534118
0.0001,2561.0,12.983220558166504,0.929251675605774
0.0001,2562.0,12.983220405578614,0.9292489695549011
0.0001,2563.0,12.983219871520996,0.9292464160919189
0.0001,2564.0,12.983219413757324,0.9292439222335815
0.0001,2565.0,12.983219413757324,0.9292412972450257
0.0001,2566.0,12.983218307495115,0.9292388629913331
0.0001,2567.0,12.983218002319337,0.9292361402511597
0.0001,2568.0,12.983217811584474,0.9292337441444396
0.0001,2569.0,12.98321762084961,0.929231081008911
0.0001,2570.0,12.983217010498047,0.9292285442352295
0.0001,2571.0,12.983216514587403,0.9292259907722473
0.0001,2572.0,12.983216209411621,0.9292234849929809
0.0001,2573.0,12.983215866088866,0.9292209959030151
0.0001,2574.0,12.983215103149412,0.9292183613777161
0.0001,2575.0,12.983215370178222,0.9292159700393676
0.0001,2576.0,12.983215217590331,0.9292133665084839
0.0001,2577.0,12.983214492797849,0.9292109656333924
0.0001,2578.0,12.983214263916013,0.9292084169387818
0.0001,2579.0,12.983213768005369,0.9292059326171875
0.0001,2580.0,12.983213348388668,0.9292034220695495
0.0001,2581.0,12.983213119506836,0.9292009663581848
0.0001,2582.0,12.983212852478028,0.9291984987258912
0.0001,2583.0,12.983212242126466,0.9291961240768433
0.0001,2584.0,12.98321159362793,0.9291935324668885
0.0001,2585.0,12.98321174621582,0.9291910600662232
0.0001,2586.0,12.983210983276367,0.9291885709762573
0.0001,2587.0,12.983210792541504,0.9291861414909363
0.0001,2588.0,12.983210144042967,0.9291836857795714
0.0001,2589.0,12.983209953308105,0.9291812992095947
0.0001,2590.0,12.983209648132323,0.9291788816452027
0.0001,2591.0,12.98320903778076,0.929176332950592
0.0001,2592.0,12.983208999633787,0.9291739964485168
0.0001,2593.0,12.983208236694336,0.9291716480255127
0.0001,2594.0,12.983207893371583,0.9291692447662354
0.0001,2595.0,12.983207778930664,0.9291668319702149
0.0001,2596.0,12.983207244873046,0.9291643977165223
0.0001,2597.0,12.98320713043213,0.9291619205474854
0.0001,2598.0,12.98320644378662,0.9291595554351807
0.0001,2599.0,12.983206329345704,0.9291571426391602
0.0001,2600.0,12.98320571899414,0.9291547298431395
0.0001,2601.0,12.98320583343506,0.9291525340080261
0.0001,2602.0,12.983205223083496,0.9291500067710876
0.0001,2603.0,12.983204879760741,0.9291476535797119
0.0001,2604.0,12.983204269409178,0.9291452789306641
0.0001,2605.0,12.983204383850097,0.9291430282592774
0.0001,2606.0,12.983204231262206,0.9291406154632568
0.0001,2607.0,12.983203392028807,0.9291381859779358
0.0001,2608.0,12.98320301055908,0.9291359353065491
0.0001,2609.0,12.983202781677244,0.9291336107254028
0.0001,2610.0,12.983202438354494,0.9291313648223878
0.0001,2611.0,12.983202133178713,0.9291289901733398
0.0001,2612.0,12.983201789855958,0.9291265439987182
0.0001,2613.0,12.98320152282715,0.9291243433952332
0.0001,2614.0,12.983200721740722,0.9291219687461854
0.0001,2615.0,12.98320041656494,0.9291197228431701
0.0001,2616.0,12.983200073242188,0.9291173911094666
0.0001,2617.0,12.983199882507325,0.9291152119636535
0.0001,2618.0,12.983199310302737,0.9291127824783325
0.0001,2619.0,12.983198814392091,0.9291104936599732
0.0001,2620.0,12.983199119567871,0.9291082382202148
0.0001,2621.0,12.983198471069338,0.9291059780120849
0.0001,2622.0,12.983198051452638,0.9291036558151244
0.0001,2623.0,12.983198013305666,0.9291014170646668
0.0001,2624.0,12.983197364807129,0.9290992045402526
0.0001,2625.0,12.983197097778321,0.9290969538688659
0.0001,2626.0,12.983196907043457,0.9290945410728455
0.0001,2627.0,12.983196716308594,0.9290923666954041
0.0001,2628.0,12.983196601867675,0.9290901494026185
0.0001,2629.0,12.983195915222167,0.9290878772735596
0.0001,2630.0,12.983195571899415,0.9290855836868286
0.0001,2631.0,12.983195304870604,0.9290834522247315
0.0001,2632.0,12.983195419311524,0.9290813159942627
0.0001,2633.0,12.9831941986084,0.9290790605545044
0.0001,2634.0,12.983194656372072,0.9290766859054564
0.0001,2635.0,12.983193855285645,0.929074468612671
0.0001,2636.0,12.983193397521973,0.9290723419189453
0.0001,2637.0,12.983193092346191,0.9290701293945312
0.0001,2638.0,12.983193092346191,0.9290680360794067
0.0001,2639.0,12.983192443847658,0.9290658235549927
0.0001,2640.0,12.983191986083986,0.9290635299682617
0.0001,2641.0,12.983192138671876,0.9290613889694214
0.0001,2642.0,12.983191833496095,0.92905921459198
0.0001,2643.0,12.983191452026368,0.9290570068359375
0.0001,2644.0,12.983191146850585,0.9290548324584961
0.0001,2645.0,12.983190841674807,0.9290527725219726
0.0001,2646.0,12.983190231323244,0.9290506029129029
0.0001,2647.0,12.983189735412598,0.9290484285354614
0.0001,2648.0,12.983189277648925,0.92904625415802
0.0001,2649.0,12.983189582824707,0.9290441513061524
0.0001,2650.0,12.983188972473144,0.9290419387817384
0.0001,2651.0,12.983188934326172,0.9290398454666138
0.0001,2652.0,12.983188285827636,0.9290376710891723
0.0001,2653.0,12.983188171386718,0.9290356159210205
0.0001,2654.0,12.983187980651856,0.9290334248542785
0.0001,2655.0,12.983187675476074,0.9290312886238098
0.0001,2656.0,12.983187179565428,0.9290291523933409
0.0001,2657.0,12.983186416625976,0.9290270590782166
0.0001,2658.0,12.983186264038086,0.9290249276161193
0.0001,2659.0,12.983186569213867,0.929022867679596
0.0001,2660.0,12.983186264038086,0.9290208387374879
0.0001,2661.0,12.983185920715334,0.929018669128418
0.0001,2662.0,12.983185882568362,0.9290166807174682
0.0001,2663.0,12.98318542480469,0.9290145492553712
0.0001,2664.0,12.983184509277345,0.9290123319625854
0.0001,2665.0,12.983184623718262,0.9290103149414063
0.0001,2666.0,12.983184356689454,0.9290083241462708
0.0001,2667.0,12.983183898925782,0.9290061116218566
0.0001,2668.0,12.983183555603027,0.9290041708946228
0.0001,2669.0,12.983183403015136,0.929002115726471
0.0001,2670.0,12.983183364868164,0.9289999794960022
0.0001,2671.0,12.983183021545411,0.9289980220794678
0.0001,2672.0,12.983182106018067,0.9289959335327149
0.0001,2673.0,12.983181495666503,0.9289939594268799
0.0001,2674.0,12.983181648254394,0.9289919972419738
0.0001,2675.0,12.983181648254394,0.9289898228645326
0.0001,2676.0,12.983181648254394,0.9289879250526429
0.0001,2677.0,12.983181343078613,0.9289857769012451
0.0001,2678.0,12.983180541992187,0.9289837598800659
0.0001,2679.0,12.983180694580078,0.9289817810058594
0.0001,2680.0,12.983180084228515,0.9289796352386475
0.0001,2681.0,12.98317958831787,0.928977746963501
0.0001,2682.0,12.98317958831787,0.9289757084846497
0.0001,2683.0,12.98317928314209,0.9289736580848694
0.0001,2684.0,12.983178787231443,0.9289717817306519
0.0001,2685.0,12.983178634643552,0.9289697265625001
0.0001,2686.0,12.983177871704102,0.9289677858352661
0.0001,2687.0,12.983178176879882,0.9289657521247863
0.0001,2688.0,12.983177528381349,0.9289638805389404
0.0001,2689.0,12.983177680969238,0.9289617991447449
0.0001,2690.0,12.983177070617677,0.9289598417282104
0.0001,2691.0,12.983177185058594,0.9289579868316651
0.0001,2692.0,12.98317642211914,0.9289559531211853
0.0001,2693.0,12.983176116943358,0.9289540934562683
0.0001,2694.0,12.98317626953125,0.9289519953727722
0.0001,2695.0,12.983175811767577,0.9289499950408935
0.0001,2696.0,12.983175811767577,0.9289481830596924
0.0001,2697.0,12.983175468444824,0.9289461445808411
0.0001,2698.0,12.983175315856933,0.9289443659782409
0.0001,2699.0,12.98317485809326,0.9289422941207885
0.0001,2700.0,12.983174819946287,0.928940315246582
0.0001,2701.0,12.983174629211424,0.9289384937286378
0.0001,2702.0,12.983174018859861,0.928936583995819
0.0001,2703.0,12.983173255920411,0.928934588432312
0.0001,2704.0,12.98317310333252,0.9289326858520508
0.0001,2705.0,12.98317310333252,0.9289308094978332
0.0001,2706.0,12.983172798156739,0.9289287972450256
0.0001,2707.0,12.98317264556885,0.928927035331726
0.0001,2708.0,12.983172149658204,0.9289250230789186
0.0001,2709.0,12.983171844482422,0.9289231419563293
0.0001,2710.0,12.983171997070313,0.9289213466644287
0.0001,2711.0,12.98317165374756,0.9289194488525391
0.0001,2712.0,12.983171615600586,0.9289175343513489
0.0001,2713.0,12.983171005249023,0.9289157128334045
0.0001,2714.0,12.98317039489746,0.9289137935638427
0.0001,2715.0,12.98317024230957,0.9289119386672974
0.0001,2716.0,12.983170127868654,0.9289101386070251
0.0001,2717.0,12.983170280456545,0.9289081645011903
0.0001,2718.0,12.983169898986818,0.9289063262939452
0.0001,2719.0,12.983169593811036,0.928904504776001
0.0001,2720.0,12.983168830871582,0.9289026546478272
0.0001,2721.0,12.983168983459473,0.9289007520675658
0.0001,2722.0,12.983168563842774,0.9288989353179932
0.0001,2723.0,12.983168373107912,0.9288970923423767
0.0001,2724.0,12.98316864013672,0.9288951945304871
0.0001,2725.0,12.983167572021486,0.9288934040069581
0.0001,2726.0,12.983167724609377,0.9288916039466858
0.0001,2727.0,12.983167572021486,0.9288898038864135
0.0001,2728.0,12.983167266845705,0.9288880085945129
0.0001,2729.0,12.98316692352295,0.9288861918449401
0.0001,2730.0,12.983166465759279,0.9288844299316406
0.0001,2731.0,12.983166313171388,0.928882520198822
0.0001,2732.0,12.983166007995607,0.9288806986808777
0.0001,2733.0,12.983166122436524,0.9288789796829224
0.0001,2734.0,12.983165817260742,0.9288771367073059
0.0001,2735.0,12.98316535949707,0.9288753032684326
0.0001,2736.0,12.983164901733398,0.9288734817504882
0.0001,2737.0,12.983165016174317,0.9288716816902161
0.0001,2738.0,12.983164405822754,0.9288700389862061
0.0001,2739.0,12.983164138793944,0.9288682222366333
0.0001,2740.0,12.983164138793944,0.9288664650917053
0.0001,2741.0,12.983163909912108,0.9288647508621215
0.0001,2742.0,12.983163146972656,0.9288628363609314
0.0001,2743.0,12.983163642883301,0.9288610911369324
0.0001,2744.0,12.983163185119631,0.9288593292236329
0.0001,2745.0,12.983162803649904,0.9288576197624206
0.0001,2746.0,12.983162384033204,0.9288558530807496
0.0001,2747.0,12.983162231445313,0.928854100704193
0.0001,2748.0,12.983162307739255,0.928852415084839
0.0001,2749.0,12.98316204071045,0.9288506031036378
0.0001,2750.0,12.983161277770996,0.9288487601280213
0.0001,2751.0,12.983161582946778,0.9288470458984375
0.0001,2752.0,12.983161277770996,0.9288453221321107
0.0001,2753.0,12.983160934448243,0.9288436412811278
0.0001,2754.0,12.98316078186035,0.9288418626785279
0.0001,2755.0,12.983160171508787,0.9288402247428894
0.0001,2756.0,12.983160362243652,0.9288385057449341
0.0001,2757.0,12.983159980773927,0.9288368296623231
0.0001,2758.0,12.983159217834473,0.9288349866867065
0.0001,2759.0,12.983159408569335,0.9288333106040955
0.0001,2760.0,12.98315933227539,0.9288316631317138
0.0001,2761.0,12.983159370422362,0.9288298892974853
0.0001,2762.0,12.9831587600708,0.9288280892372132
0.0001,2763.0,12.983158912658691,0.9288265323638916
0.0001,2764.0,12.983158569335936,0.928824872970581
0.0001,2765.0,12.983158416748045,0.9288231325149536
0.0001,2766.0,12.983157958984373,0.9288214945793152
0.0001,2767.0,12.983157539367674,0.9288197755813599
0.0001,2768.0,12.983157920837401,0.9288180088996887
0.0001,2769.0,12.983156890869141,0.9288163757324219
0.0001,2770.0,12.98315700531006,0.9288147330284119
0.0001,2771.0,12.98315673828125,0.9288130521774293
0.0001,2772.0,12.983156547546388,0.928811333179474
0.0001,2773.0,12.983156394958497,0.928809700012207
0.0001,2774.0,12.983155784606934,0.9288080954551696
0.0001,2775.0,12.983156051635742,0.9288064575195312
0.0001,2776.0,12.983155441284179,0.9288047337532044
0.0001,2777.0,12.983155441284179,0.9288030910491943
0.0001,2778.0,12.983155288696288,0.9288013553619385
0.0001,2779.0,12.983154830932616,0.9287997007369995
0.0001,2780.0,12.983154678344725,0.9287982153892517
0.0001,2781.0,12.983154678344727,0.9287965726852417
0.0001,2782.0,12.983154640197753,0.9287950110435486
0.0001,2783.0,12.983154029846192,0.9287934160232544
0.0001,2784.0,12.983153877258301,0.9287916207313538
0.0001,2785.0,12.98315357208252,0.928790054321289
0.0001,2786.0,12.983153228759765,0.9287884593009949
0.0001,2787.0,12.983152961730958,0.9287868213653565
0.0001,2788.0,12.98315311431885,0.9287850975990295
0.0001,2789.0,12.983152770996096,0.9287836766242982
0.0001,2790.0,12.983152770996096,0.9287819361686707
0.0001,2791.0,12.983152008056642,0.9287803363800049
0.0001,2792.0,12.98315227508545,0.9287787532806397
0.0001,2793.0,12.983151855468751,0.9287770938873291
0.0001,2794.0,12.983151512145996,0.9287754893302917
0.0001,2795.0,12.98315155029297,0.9287739276885987
0.0001,2796.0,12.983151206970215,0.9287723112106323
0.0001,2797.0,12.983150749206542,0.9287707495689392
0.0001,2798.0,12.983151054382324,0.9287692642211913
0.0001,2799.0,12.983150749206542,0.9287677288055419
0.0001,2800.0,12.983150711059569,0.9287661075592042
0.0001,2801.0,12.98315029144287,0.9287644863128662
0.0001,2802.0,12.983150100708006,0.9287628912925721
0.0001,2803.0,12.983149642944337,0.9287614488601685
0.0001,2804.0,12.983149490356446,0.9287598443031311
0.0001,2805.0,12.983149757385254,0.9287582445144653
0.0001,2806.0,12.983148880004883,0.9287567210197449
0.0001,2807.0,12.983149032592774,0.9287551212310792
0.0001,2808.0,12.983148727416992,0.9287535810470582
0.0001,2809.0,12.983148536682128,0.9287519860267639
0.0001,2810.0,12.98314823150635,0.9287503719329835
0.0001,2811.0,12.98314826965332,0.9287488579750061
0.0001,2812.0,12.983147926330565,0.9287472915649414
0.0001,2813.0,12.983147773742678,0.928745756149292
0.0001,2814.0,12.983147583007815,0.9287442326545716
0.0001,2815.0,12.983147277832034,0.9287428331375123
0.0001,2816.0,12.983147010803224,0.9287413096427918
0.0001,2817.0,12.983147125244143,0.9287397313117981
0.0001,2818.0,12.983146820068361,0.9287382555007935
0.0001,2819.0,12.98314651489258,0.9287367701530456
0.0001,2820.0,12.983146476745606,0.9287352085113525
0.0001,2821.0,12.983146362304689,0.9287337017059327
0.0001,2822.0,12.983146057128907,0.9287322640419007
0.0001,2823.0,12.983145713806152,0.9287306594848632
0.0001,2824.0,12.983145256042482,0.9287292170524597
0.0001,2825.0,12.98314540863037,0.9287277150154114
0.0001,2826.0,12.983145217895508,0.9287261581420898
0.0001,2827.0,12.983144798278808,0.9287246680259704
0.0001,2828.0,12.983144645690917,0.9287232303619385
0.0001,2829.0,12.983144760131836,0.9287216472625732
0.0001,2830.0,12.983144035339356,0.9287202048301697
0.0001,2831.0,12.983143882751465,0.9287186861038208
0.0001,2832.0,12.983144149780275,0.9287172651290894
0.0001,2833.0,12.983143844604493,0.92871586561203
0.0001,2834.0,12.983143844604493,0.9287144184112549
0.0001,2835.0,12.983143196105958,0.9287129592895509
0.0001,2836.0,12.98314292907715,0.9287113976478576
0.0001,2837.0,12.983143081665041,0.9287099814414979
0.0001,2838.0,12.983142585754395,0.9287084913253785
0.0001,2839.0,12.983142318725587,0.9287070107460023
0.0001,2840.0,12.983142471313478,0.9287055516242981
0.0001,2841.0,12.983141975402832,0.9287041807174683
0.0001,2842.0,12.983141822814941,0.9287026619911194
0.0001,2843.0,12.983141708374024,0.928701241016388
0.0001,2844.0,12.983141822814941,0.9286998748779297
0.0001,2845.0,12.98314167022705,0.9286983180046082
0.0001,2846.0,12.98314121246338,0.9286968922615051
0.0001,2847.0,12.983140907287599,0.92869544506073
0.0001,2848.0,12.98314121246338,0.9286939907073974
0.0001,2849.0,12.983140716552734,0.9286926674842835
0.0001,2850.0,12.983140449523926,0.9286911821365357
0.0001,2851.0,12.983140602111817,0.9286898469924927
0.0001,2852.0,12.983140258789064,0.9286883449554444
0.0001,2853.0,12.983140106201175,0.9286869359016419
0.0001,2854.0,12.983140144348146,0.9286854934692383
0.0001,2855.0,12.983139495849612,0.9286841869354248
0.0001,2856.0,12.983139495849612,0.9286826682090759
0.0001,2857.0,12.983139305114747,0.9286813449859619
0.0001,2858.0,12.983138999938966,0.9286799287796021
0.0001,2859.0,12.983138732910158,0.9286784815788269
0.0001,2860.0,12.983138542175293,0.9286770176887512
0.0001,2861.0,12.983138732910158,0.9286756563186646
0.0001,2862.0,12.983138542175293,0.9286742305755615
0.0001,2863.0,12.983138236999512,0.9286729073524476
0.0001,2864.0,12.983137969970704,0.9286715245246888
0.0001,2865.0,12.983138389587403,0.9286701250076295
0.0001,2866.0,12.983137626647949,0.9286688232421876
0.0001,2867.0,12.983137435913086,0.928667380809784
0.0001,2868.0,12.983137283325195,0.9286659979820251
0.0001,2869.0,12.983136863708495,0.9286647510528565
0.0001,2870.0,12.983136978149414,0.9286632537841797
0.0001,2871.0,12.983136672973632,0.9286620020866394
0.0001,2872.0,12.983136520385742,0.9286606621742248
0.0001,2873.0,12.983136520385742,0.9286591815948486
0.0001,2874.0,12.98313606262207,0.9286578369140626
0.0001,2875.0,12.983135910034182,0.9286564540863037
0.0001,2876.0,12.983135757446288,0.9286549353599549
0.0001,2877.0,12.983135910034179,0.9286537265777588
0.0001,2878.0,12.9831356048584,0.9286524200439453
0.0001,2879.0,12.983135299682619,0.9286510372161865
0.0001,2880.0,12.983134956359864,0.9286497139930725
0.0001,2881.0,12.983134651184082,0.9286483311653138
0.0001,2882.0,12.983134994506838,0.9286469268798829
0.0001,2883.0,12.983134384155274,0.9286456632614135
0.0001,2884.0,12.983134689331056,0.9286443996429443
0.0001,2885.0,12.983134651184082,0.9286428761482239
0.0001,2886.0,12.9831343460083,0.9286417794227599
0.0001,2887.0,12.983133850097657,0.9286404132843018
0.0001,2888.0,12.98313404083252,0.9286390256881714
0.0001,2889.0,12.983133735656738,0.9286378049850463
0.0001,2890.0,12.983133544921875,0.9286364388465881
0.0001,2891.0,12.983133430480956,0.9286350560188292
0.0001,2892.0,12.983133125305175,0.9286338138580322
0.0001,2893.0,12.983132972717284,0.9286323881149292
0.0001,2894.0,12.983132820129393,0.9286311626434327
0.0001,2895.0,12.98313247680664,0.928629801273346
0.0001,2896.0,12.983132514953612,0.9286284732818604
0.0001,2897.0,12.98313247680664,0.9286272478103638
0.0001,2898.0,12.983131866455077,0.9286259508132935
0.0001,2899.0,12.983131980895998,0.9286246061325074
0.0001,2900.0,12.983132019042968,0.9286232018470764
0.0001,2901.0,12.983131561279295,0.9286219763755799
0.0001,2902.0,12.983131675720212,0.928620729446411
0.0001,2903.0,12.983131256103514,0.9286194276809693
0.0001,2904.0,12.98313106536865,0.9286182117462158
0.0001,2905.0,12.983130645751954,0.9286169767379762
0.0001,2906.0,12.983130950927736,0.9286156368255616
0.0001,2907.0,12.983130645751954,0.9286143779754639
0.0001,2908.0,12.983130340576173,0.9286129736900329
0.0001,2909.0,12.983130340576173,0.9286118245124817
0.0001,2910.0,12.983130493164063,0.928610463142395
0.0001,2911.0,12.983130149841308,0.9286091947555541
0.0001,2912.0,12.983130035400391,0.9286079478263856
0.0001,2913.0,12.983130035400391,0.9286067867279053
0.0001,2914.0,12.983129692077636,0.9286054253578186
0.0001,2915.0,12.983129577636719,0.928604280948639
0.0001,2916.0,12.983128929138184,0.928603105545044
0.0001,2917.0,12.983129386901854,0.9286016464233398
0.0001,2918.0,12.983129234313964,0.9286003446578979
0.0001,2919.0,12.983128929138184,0.9285992383956909
0.0001,2920.0,12.98312889099121,0.928597915172577
0.0001,2921.0,12.983128471374512,0.9285967278480529
0.0001,2922.0,12.983128471374512,0.9285954642295837
0.0001,2923.0,12.983128166198732,0.9285942935943604
0.0001,2924.0,12.98312816619873,0.9285930943489075
0.0001,2925.0,12.983128280639649,0.9285917663574219
0.0001,2926.0,12.983128013610841,0.9285906267166137
0.0001,2927.0,12.983127670288088,0.9285893630981445
0.0001,2928.0,12.983127555847169,0.92858802318573
0.0001,2929.0,12.983127212524415,0.9285868525505065
0.0001,2930.0,12.983127098083497,0.9285857081413269
0.0001,2931.0,12.983126945495606,0.9285844445228577
0.0001,2932.0,12.983126602172852,0.9285831809043885
0.0001,2933.0,12.983126564025879,0.9285820484161378
0.0001,2934.0,12.98312671661377,0.9285807514190674
0.0001,2935.0,12.983126449584962,0.928579602241516
0.0001,2936.0,12.983126106262207,0.9285783386230468
0.0001,2937.0,12.98312614440918,0.9285771083831786
0.0001,2938.0,12.983126106262207,0.928575930595398
0.0001,2939.0,12.983125686645508,0.9285747599601746
0.0001,2940.0,12.983125801086425,0.9285736536979675
0.0001,2941.0,12.983125839233399,0.9285723090171814
0.0001,2942.0,12.983125495910643,0.9285711646080017
0.0001,2943.0,12.983125228881836,0.9285699820518494
0.0001,2944.0,12.983125076293945,0.928568811416626
0.0001,2945.0,12.983124771118163,0.9285675144195557
0.0001,2946.0,12.98312469482422,0.9285663652420044
0.0001,2947.0,12.9831245803833,0.928565263748169
0.0001,2948.0,12.9831245803833,0.928563995361328
0.0001,2949.0,12.983124275207519,0.9285628509521484
0.0001,2950.0,12.983123970031738,0.9285616636276246
0.0001,2951.0,12.983124275207519,0.9285605239868164
0.0001,2952.0,12.983124275207519,0.9285592341423035
0.0001,2953.0,12.983123817443847,0.928558225631714
0.0001,2954.0,12.983123664855956,0.9285569834709168
0.0001,2955.0,12.983123359680175,0.9285559368133545
0.0001,2956.0,12.983123054504395,0.9285546469688415
0.0001,2957.0,12.983123168945314,0.9285535502433777
0.0001,2958.0,12.983122901916504,0.9285524010658265
0.0001,2959.0,12.983122711181641,0.9285513329505921
0.0001,2960.0,12.983122901916504,0.9285501074790955
0.0001,2961.0,12.983122901916504,0.9285489201545715
0.0001,2962.0,12.983122444152832,0.9285476613044739
0.0001,2963.0,12.983122100830078,0.9285466313362122
0.0001,2964.0,12.98312240600586,0.9285454988479614
0.0001,2965.0,12.98312213897705,0.9285443210601807
0.0001,2966.0,12.983121795654297,0.9285431718826294
0.0001,2967.0,12.983121681213378,0.9285419940948486
0.0001,2968.0,12.983121223449707,0.9285408401489258
0.0001,2969.0,12.983121528625489,0.9285397386550904
0.0001,2970.0,12.983121643066408,0.9285385894775391
0.0001,2971.0,12.983121185302736,0.9285374450683594
0.0001,2972.0,12.983120727539063,0.9285363817214966
0.0001,2973.0,12.983120918273926,0.9285351943969726
0.0001,2974.0,12.983121032714845,0.9285341262817383
0.0001,2975.0,12.983120880126954,0.9285330200195313
0.0001,2976.0,12.983120727539063,0.9285319566726684
0.0001,2977.0,12.983120269775391,0.9285306930541992
0.0001,2978.0,12.983120727539063,0.9285297060012817
0.0001,2979.0,12.983120155334472,0.9285286331176759
0.0001,2980.0,12.98311996459961,0.928527569770813
0.0001,2981.0,12.9831201171875,0.9285263061523438
0.0001,2982.0,12.983119506835939,0.9285252380371094
0.0001,2983.0,12.98311965942383,0.9285240888595581
0.0001,2984.0,12.983119506835937,0.9285231018066407
0.0001,2985.0,12.983119201660157,0.9285219192504883
0.0001,2986.0,12.983119316101073,0.9285209655761719
0.0001,2987.0,12.983118896484376,0.9285197448730469
0.0001,2988.0,12.983119201660156,0.9285186338424682
0.0001,2989.0,12.983118896484376,0.9285176134109497
0.0001,2990.0,12.98311870574951,0.9285164642333984
0.0001,2991.0,12.983118286132813,0.9285153150558472
0.0001,2992.0,12.983118896484374,0.9285142517089844
0.0001,2993.0,12.983118286132811,0.9285131502151489
0.0001,2994.0,12.983118400573728,0.9285121250152588
0.0001,2995.0,12.98311813354492,0.9285110950469971
0.0001,2996.0,12.983117637634276,0.9285100483894348
0.0001,2997.0,12.983117828369139,0.9285090231895448
0.0001,2998.0,12.983117942810056,0.9285078787803649
0.0001,2999.0,12.983117370605466,0.9285067296028138
0.0001,3000.0,12.983117332458493,0.928505699634552
0.0001,3001.0,12.98311752319336,0.9285046744346619
0.0001,3002.0,12.983117332458495,0.9285036444664001
0.0001,3003.0,12.983117065429688,0.9285025048255919
0.0001,3004.0,12.983116874694824,0.928501431941986
0.0001,3005.0,12.9831169128418,0.9285003685951233
0.0001,3006.0,12.983116874694826,0.9284992957115172
0.0001,3007.0,12.983116607666016,0.9284983134269713
0.0001,3008.0,12.983116455078127,0.9284972023963929
0.0001,3009.0,12.983116226196291,0.9284961223602295
0.0001,3010.0,12.983116111755372,0.9284950709342956
0.0001,3011.0,12.98311611175537,0.9284940242767334
0.0001,3012.0,12.983115692138673,0.9284929943084717
0.0001,3013.0,12.983115768432619,0.928491849899292
0.0001,3014.0,12.9831156539917,0.9284909439086915
0.0001,3015.0,12.983115501403809,0.9284899997711182
0.0001,3016.0,12.983115196228027,0.9284888505935669
0.0001,3017.0,12.983115501403809,0.9284878253936768
0.0001,3018.0,12.983115386962892,0.9284867405891419
0.0001,3019.0,12.983115005493165,0.9284856724739075
0.0001,3020.0,12.983115043640137,0.9284846425056459
0.0001,3021.0,12.983114891052246,0.9284836602211
0.0001,3022.0,12.983114891052246,0.928482711315155
0.0001,3023.0,12.983114738464355,0.9284815621376037
0.0001,3024.0,12.983114433288574,0.928480613231659
0.0001,3025.0,12.98311408996582,0.928479609489441
0.0001,3026.0,12.98311408996582,0.9284786176681519
0.0001,3027.0,12.983113975524901,0.9284775495529174
0.0001,3028.0,12.983114242553711,0.9284765625
0.0001,3029.0,12.98311382293701,0.9284755754470826
0.0001,3030.0,12.983113784790039,0.9284745454788208
0.0001,3031.0,12.983113479614257,0.9284735035896301
0.0001,3032.0,12.983113632202148,0.9284724354743957
0.0001,3033.0,12.983113365173338,0.9284714865684509
0.0001,3034.0,12.98311317443848,0.9284704995155334
0.0001,3035.0,12.983113212585447,0.9284695887565613
0.0001,3036.0,12.983112907409666,0.9284685039520264
0.0001,3037.0,12.983113212585447,0.9284675168991089
0.0001,3038.0,12.983112602233884,0.9284664916992188
0.0001,3039.0,12.983112792968749,0.9284655380249023
0.0001,3040.0,12.983112564086912,0.9284645557403565
0.0001,3041.0,12.983112564086916,0.92846360206604
0.0001,3042.0,12.983112411499025,0.9284625172615052
0.0001,3043.0,12.983112106323244,0.9284614491462708
0.0001,3044.0,12.983112144470216,0.9284605097770691
0.0001,3045.0,12.983112258911135,0.9284595561027527
0.0001,3046.0,12.983111686706543,0.9284585952758789
0.0001,3047.0,12.983111839294434,0.9284576463699341
0.0001,3048.0,12.983111839294434,0.9284566926956177
0.0001,3049.0,12.983111228942871,0.9284555912017822
0.0001,3050.0,12.98311134338379,0.9284546756744385
0.0001,3051.0,12.98311107635498,0.9284535908699035
0.0001,3052.0,12.983111419677735,0.928452684879303
0.0001,3053.0,12.98311107635498,0.9284517359733582
0.0001,3054.0,12.98311107635498,0.9284507656097413
0.0001,3055.0,12.983110733032227,0.9284499025344848
0.0001,3056.0,12.983110580444336,0.9284489107131959
0.0001,3057.0,12.983110847473144,0.9284478855133057
0.0001,3058.0,12.983110427856447,0.9284469199180603
0.0001,3059.0,12.983110351562502,0.9284459662437439
0.0001,3060.0,12.983110122680666,0.9284450602531433
0.0001,3061.0,12.983110275268555,0.9284441065788269
0.0001,3062.0,12.983110122680666,0.9284431457519531
0.0001,3063.0,12.983110122680664,0.9284420776367187
0.0001,3064.0,12.983109817504884,0.928441162109375
0.0001,3065.0,12.983109664916993,0.9284402132034302
0.0001,3066.0,12.983109855651856,0.9284392857551576
0.0001,3067.0,12.983109817504884,0.9284384226799011
0.0001,3068.0,12.983109550476073,0.9284374308586121
0.0001,3069.0,12.983109207153321,0.9284365034103393
0.0001,3070.0,12.98310935974121,0.9284355545043945
0.0001,3071.0,12.983109054565432,0.9284346866607667
0.0001,3072.0,12.983108940124511,0.9284336948394776
0.0001,3073.0,12.983109207153323,0.9284326910972596
0.0001,3074.0,12.983108444213869,0.9284318232536315
0.0001,3075.0,12.98310874938965,0.9284308958053589
0.0001,3076.0,12.983108291625978,0.9284300231933594
0.0001,3077.0,12.98310848236084,0.9284290790557861
0.0001,3078.0,12.98310848236084,0.9284282231330871
0.0001,3079.0,12.983108024597168,0.9284273600578308
0.0001,3080.0,12.98310817718506,0.9284263515472412
0.0001,3081.0,12.983107872009278,0.9284254026412964
0.0001,3082.0,12.983107986450197,0.9284244966506958
0.0001,3083.0,12.983107719421387,0.9284236240386963
0.0001,3084.0,12.983108139038087,0.9284226965904235
0.0001,3085.0,12.983107719421387,0.9284217905998231
0.0001,3086.0,12.983107681274415,0.9284207606315612
0.0001,3087.0,12.983107566833496,0.9284199571609497
0.0001,3088.0,12.983107223510743,0.9284190034866333
0.0001,3089.0,12.983107223510743,0.9284180760383606
0.0001,3090.0,12.983107070922852,0.92841717004776
0.0001,3091.0,12.983107414245607,0.9284162211418152
0.0001,3092.0,12.983107109069824,0.9284153270721436
0.0001,3093.0,12.983106346130372,0.9284144592285156
0.0001,3094.0,12.983106765747072,0.928413553237915
0.0001,3095.0,12.983106956481935,0.9284126210212706
0.0001,3096.0,12.983106765747072,0.9284117913246155
0.0001,3097.0,12.983106346130372,0.928410906791687
0.0001,3098.0,12.983106613159181,0.9284100818634033
0.0001,3099.0,12.9831058883667,0.9284091281890869
0.0001,3100.0,12.9831063079834,0.9284082341194153
0.0001,3101.0,12.983106231689455,0.9284073710441589
0.0001,3102.0,12.9831058883667,0.9284065246582032
0.0001,3103.0,12.983105697631837,0.9284054899215699
0.0001,3104.0,12.98310558319092,0.9284045839309691
0.0001,3105.0,12.983105392456055,0.9284037756919861
0.0001,3106.0,12.983105239868166,0.9284028649330138
0.0001,3107.0,12.983105392456057,0.9284019756317139
0.0001,3108.0,12.98310558319092,0.928401141166687
0.0001,3109.0,12.983105278015138,0.928400239944458
0.0001,3110.0,12.983105125427247,0.9283994269371032
0.0001,3111.0,12.983105087280276,0.9283984780311584
0.0001,3112.0,12.983104667663575,0.9283977079391479
0.0001,3113.0,12.983105087280276,0.92839684009552
0.0001,3114.0,12.983104820251466,0.9283960056304932
0.0001,3115.0,12.983104362487794,0.9283950781822204
0.0001,3116.0,12.983104782104494,0.9283941721916198
0.0001,3117.0,12.983104667663575,0.9283933687210082
0.0001,3118.0,12.983104629516603,0.928392517566681
0.0001,3119.0,12.983104362487794,0.9283916068077087
0.0001,3120.0,12.983104515075684,0.928390874862671
0.0001,3121.0,12.98310386657715,0.9283900117874145
0.0001,3122.0,12.98310375213623,0.9283891773223876
0.0001,3123.0,12.98310386657715,0.9283881735801698
0.0001,3124.0,12.98310375213623,0.9283873772621155
0.0001,3125.0,12.983103904724121,0.9283865356445312
0.0001,3126.0,12.983103485107423,0.9283856201171875
0.0001,3127.0,12.98310359954834,0.9283848118782043
0.0001,3128.0,12.983103408813477,0.9283840203285216
0.0001,3129.0,12.983103141784667,0.9283831310272217
0.0001,3130.0,12.98310359954834,0.9283823013305663
0.0001,3131.0,12.983103027343752,0.9283814930915832
0.0001,3132.0,12.983102989196778,0.9283807349205018
0.0001,3133.0,12.983102798461916,0.9283797097206116
0.0001,3134.0,12.98310272216797,0.9283789825439452
0.0001,3135.0,12.983102989196777,0.9283781051635742
0.0001,3136.0,12.983102416992189,0.9283772587776185
0.0001,3137.0,12.983102684020995,0.9283764338493348
0.0001,3138.0,12.983102493286133,0.9283757019042969
0.0001,3139.0,12.983102264404298,0.9283748936653138
0.0001,3140.0,12.983102226257323,0.9283740258216857
0.0001,3141.0,12.98310188293457,0.9283731532096863
0.0001,3142.0,12.983101921081543,0.92837242603302
0.0001,3143.0,12.983102226257323,0.9283714985847473
0.0001,3144.0,12.983101959228515,0.9283707070350646
0.0001,3145.0,12.983101463317873,0.928369903564453
0.0001,3146.0,12.98310188293457,0.928369107246399
0.0001,3147.0,12.983101654052733,0.9283682608604431
0.0001,3148.0,12.983101921081541,0.9283673882484437
0.0001,3149.0,12.983101577758788,0.9283666181564332
0.0001,3150.0,12.983101348876952,0.9283658313751221
0.0001,3151.0,12.983101310729978,0.9283650517463684
0.0001,3152.0,12.983100967407228,0.9283641505241393
0.0001,3153.0,12.983101158142091,0.9283633422851563
0.0001,3154.0,12.983101158142091,0.9283625078201294
0.0001,3155.0,12.98310085296631,0.9283618187904358
0.0001,3156.0,12.983100700378419,0.9283609676361084
0.0001,3157.0,12.9831010055542,0.928360137939453
0.0001,3158.0,12.983100585937501,0.9283594441413878
0.0001,3159.0,12.983100090026856,0.9283586573600768
0.0001,3160.0,12.983100509643556,0.9283578109741211
0.0001,3161.0,12.98310028076172,0.9283570790290832
0.0001,3162.0,12.983100395202637,0.9283562111854553
0.0001,3163.0,12.983100395202637,0.9283553647994995
0.0001,3164.0,12.983099822998048,0.9283545732498169
0.0001,3165.0,12.983099937438965,0.9283537983894348
0.0001,3166.0,12.983100242614746,0.9283530116081238
0.0001,3167.0,12.983099784851074,0.9283522415161134
0.0001,3168.0,12.983099670410157,0.9283514833450317
0.0001,3169.0,12.983099784851074,0.9283507180213928
0.0001,3170.0,12.983099632263183,0.9283497524261475
0.0001,3171.0,12.983099365234375,0.928349118232727
0.0001,3172.0,12.983099937438965,0.9283481907844544
0.0001,3173.0,12.983099479675293,0.928347544670105
0.0001,3174.0,12.983099212646485,0.9283467817306519
0.0001,3175.0,12.983099517822266,0.9283459782600403
0.0001,3176.0,12.983099479675293,0.9283451485633851
0.0001,3177.0,12.983099060058594,0.9283444118499755
0.0001,3178.0,12.983098602294922,0.9283436679840087
0.0001,3179.0,12.98309902191162,0.9283429312705993
0.0001,3180.0,12.983098602294922,0.9283421015739441
0.0001,3181.0,12.983098602294922,0.9283413696289062
0.0001,3182.0,12.983098907470703,0.9283405709266662
0.0001,3183.0,12.983098106384276,0.9283397960662843
0.0001,3184.0,12.98309844970703,0.928339009284973
0.0001,3185.0,12.983098602294922,0.9283383202552795
0.0001,3186.0,12.983098602294922,0.9283375191688537
0.0001,3187.0,12.983098106384276,0.9283368396759033
0.0001,3188.0,12.983097991943358,0.9283360219001769
0.0001,3189.0,12.98309829711914,0.9283353328704833
0.0001,3190.0,12.983097953796388,0.9283345031738282
0.0001,3191.0,12.983097991943358,0.9283337330818177
0.0001,3192.0,12.98309768676758,0.9283330225944519
0.0001,3193.0,12.983097839355471,0.9283322477340699
0.0001,3194.0,12.983097381591799,0.9283314609527589
0.0001,3195.0,12.98309768676758,0.928330729007721
0.0001,3196.0,12.98309799194336,0.928329997062683
0.0001,3197.0,12.983097229003908,0.928329210281372
0.0001,3198.0,12.983097038269042,0.9283285117149354
0.0001,3199.0,12.98309726715088,0.9283277463912963
0.0001,3200.0,12.98309783935547,0.9283270740509033
0.0001,3201.0,12.983097229003906,0.9283263802528381
0.0001,3202.0,12.983097076416016,0.9283254528045654
0.0001,3203.0,12.983096923828127,0.928324785232544
0.0001,3204.0,12.983097076416016,0.9283240532875061
0.0001,3205.0,12.983096923828125,0.928323278427124
0.0001,3206.0,12.983096771240234,0.9283226323127747
0.0001,3207.0,12.983096961975097,0.9283219218254088
0.0001,3208.0,12.983096313476564,0.9283211946487426
0.0001,3209.0,12.983096466064453,0.9283204579353332
0.0001,3210.0,12.983096771240234,0.9283197045326232
0.0001,3211.0,12.983096046447752,0.928318853378296
0.0001,3212.0,12.983096313476562,0.9283182072639466
0.0001,3213.0,12.983096504211424,0.9283174586296081
0.0001,3214.0,12.98309585571289,0.9283168458938599
0.0001,3215.0,12.98309600830078,0.9283161091804505
0.0001,3216.0,12.983095893859861,0.9283152794837951
0.0001,3217.0,12.983096199035643,0.9283146238327027
0.0001,3218.0,12.98309585571289,0.9283138966560364
0.0001,3219.0,12.983095550537108,0.928313262462616
0.0001,3220.0,12.983095436096189,0.9283124542236328
0.0001,3221.0,12.98309558868408,0.928311722278595
0.0001,3222.0,12.98309574127197,0.9283111095428467
0.0001,3223.0,12.9830952835083,0.9283103275299072
0.0001,3224.0,12.983094940185545,0.9283094716072082
0.0001,3225.0,12.983095169067383,0.9283089017868041
0.0001,3226.0,12.98309513092041,0.9283082127571106
0.0001,3227.0,12.983095397949217,0.9283074975013732
0.0001,3228.0,12.98309543609619,0.9283067607879638
0.0001,3229.0,12.983094673156737,0.9283060121536255
0.0001,3230.0,12.98309482574463,0.9283053874969482
0.0001,3231.0,12.983094711303712,0.9283047103881835
0.0001,3232.0,12.983095130920411,0.9283038640022279
0.0001,3233.0,12.983095245361328,0.9283032512664795
0.0001,3234.0,12.983094825744628,0.9283025407791137
0.0001,3235.0,12.983093948364258,0.9283018469810486
0.0001,3236.0,12.983094673156739,0.9283012390136719
0.0001,3237.0,12.98309455871582,0.9283004689216614
0.0001,3238.0,12.983094062805176,0.928299834728241
0.0001,3239.0,12.983094215393066,0.928298978805542
0.0001,3240.0,12.983093872070313,0.9282984089851379
0.0001,3241.0,12.983093795776368,0.9282977199554443
0.0001,3242.0,12.983094062805176,0.9282970476150513
0.0001,3243.0,12.98309410095215,0.9282964730262756
0.0001,3244.0,12.983093757629394,0.9282956314086914
0.0001,3245.0,12.983093757629394,0.9282949924468995
0.0001,3246.0,12.98309341430664,0.9282943415641784
0.0001,3247.0,12.983093643188477,0.928293571472168
0.0001,3248.0,12.983093757629394,0.9282929158210755
0.0001,3249.0,12.983093948364258,0.9282921886444091
0.0001,3250.0,12.983093490600586,0.9282916569709778
0.0001,3251.0,12.983093452453613,0.9282909035682678
0.0001,3252.0,12.983093452453613,0.9282902097702026
0.0001,3253.0,12.98309284210205,0.9282895588874817
0.0001,3254.0,12.983093490600586,0.9282889127731323
0.0001,3255.0,12.983093032836914,0.928288197517395
0.0001,3256.0,12.983093185424805,0.9282873940467834
0.0001,3257.0,12.983093338012695,0.9282868146896361
0.0001,3258.0,12.98309299468994,0.9282861685752868
0.0001,3259.0,12.983092880249023,0.9282854795455933
0.0001,3260.0,12.983092231750486,0.9282848072052001
0.0001,3261.0,12.983092575073242,0.9282841563224793
0.0001,3262.0,12.983092575073242,0.9282835006713868
0.0001,3263.0,12.983092727661132,0.9282828497886657
0.0001,3264.0,12.983092575073242,0.9282821941375732
0.0001,3265.0,12.983092727661132,0.9282816028594971
0.0001,3266.0,12.98309196472168,0.9282807564735414
0.0001,3267.0,12.983091926574707,0.9282801818847657
0.0001,3268.0,12.983092155456541,0.928279526233673
0.0001,3269.0,12.983092308044434,0.9282788753509521
0.0001,3270.0,12.983092269897462,0.9282782030105591
0.0001,3271.0,12.983092460632323,0.9282775902748108
0.0001,3272.0,12.98309181213379,0.9282769441604615
0.0001,3273.0,12.98309226989746,0.9282762503623962
0.0001,3274.0,12.98309181213379,0.9282755994796752
0.0001,3275.0,12.983091659545899,0.9282750034332277
0.0001,3276.0,12.98309181213379,0.9282743144035339
0.0001,3277.0,12.98309169769287,0.9282737398147582
0.0001,3278.0,12.98309169769287,0.9282729697227478
0.0001,3279.0,12.983091239929198,0.9282724046707154
0.0001,3280.0,12.983091506958008,0.9282717490196228
0.0001,3281.0,12.98309169769287,0.9282711696624757
0.0001,3282.0,12.983091201782226,0.9282705020904541
0.0001,3283.0,12.983091354370117,0.9282698512077332
0.0001,3284.0,12.983091201782226,0.9282692050933838
0.0001,3285.0,12.983090896606445,0.9282685065269469
0.0001,3286.0,12.983090896606445,0.9282679319381715
0.0001,3287.0,12.983090744018556,0.9282672429084778
0.0001,3288.0,12.983090782165526,0.9282666683197022
0.0001,3289.0,12.983090629577637,0.9282659626007079
0.0001,3290.0,12.983090782165528,0.9282653403282165
0.0001,3291.0,12.983090934753417,0.9282646942138671
0.0001,3292.0,12.98309108734131,0.9282640814781189
0.0001,3293.0,12.983090744018556,0.9282633924484253
0.0001,3294.0,12.983090934753417,0.9282628941535951
0.0001,3295.0,12.983090476989744,0.9282621455192566
0.0001,3296.0,12.983090438842773,0.9282616519927979
0.0001,3297.0,12.983090133666993,0.9282609152793884
0.0001,3298.0,12.983090324401854,0.9282603549957276
0.0001,3299.0,12.983090133666995,0.9282597756385803
0.0001,3300.0,12.983090133666993,0.9282590770721435
0.0001,3301.0,12.983089904785158,0.9282583713531494
0.0001,3302.0,12.983090057373047,0.9282578229904175
0.0001,3303.0,12.983090019226074,0.9282572269439697
0.0001,3304.0,12.983090057373047,0.9282566356658936
0.0001,3305.0,12.983089752197266,0.9282560062408447
0.0001,3306.0,12.983089714050292,0.9282553935050966
0.0001,3307.0,12.983089714050292,0.9282548618316651
0.0001,3308.0,12.983089752197266,0.9282541728019714
0.0001,3309.0,12.983089866638183,0.9282535982131959
0.0001,3310.0,12.983089714050292,0.928252899646759
0.0001,3311.0,12.983089752197266,0.928252363204956
0.0001,3312.0,12.983089103698731,0.9282518362998962
0.0001,3313.0,12.983089561462403,0.9282510662078857
0.0001,3314.0,12.98308925628662,0.9282505083084106
0.0001,3315.0,12.98308925628662,0.9282499766349793
0.0001,3316.0,12.983089103698731,0.928249363899231
0.0001,3317.0,12.983089256286622,0.9282486319541932
0.0001,3318.0,12.983088836669923,0.928248028755188
0.0001,3319.0,12.983088645935059,0.9282474493980407
0.0001,3320.0,12.983088645935059,0.9282468318939208
0.0001,3321.0,12.983088645935059,0.9282461857795716
0.0001,3322.0,12.983088684082032,0.9282456541061401
0.0001,3323.0,12.983088836669923,0.9282450795173645
0.0001,3324.0,12.983088722229004,0.9282444286346436
0.0001,3325.0,12.983088569641113,0.9282439136505127
0.0001,3326.0,12.983088531494142,0.9282432579994202
0.0001,3327.0,12.983088531494142,0.9282426881790161
0.0001,3328.0,12.983088722229004,0.9282421517372133
0.0001,3329.0,12.98308837890625,0.9282415008544922
0.0001,3330.0,12.983087921142578,0.9282409262657165
0.0001,3331.0,12.98308837890625,0.9282403087615967
0.0001,3332.0,12.983088417053223,0.9282398200035096
0.0001,3333.0,12.983087921142578,0.9282392120361328
0.0001,3334.0,12.98308822631836,0.9282385563850402
0.0001,3335.0,12.983088111877441,0.9282380294799805
0.0001,3336.0,12.983088111877441,0.9282374501228332
0.0001,3337.0,12.983087921142578,0.9282368469238281
0.0001,3338.0,12.983087921142578,0.9282362675666809
0.0001,3339.0,12.983088111877441,0.9282355785369873
0.0001,3340.0,12.98308795928955,0.9282350850105285
0.0001,3341.0,12.983087921142578,0.9282344508171081
0.0001,3342.0,12.98308780670166,0.9282339954376221
0.0001,3343.0,12.98308765411377,0.9282333445549011
0.0001,3344.0,12.983087654113769,0.928232765197754
0.0001,3345.0,12.983087615966799,0.9282322001457215
0.0001,3346.0,12.98308765411377,0.9282316970825195
0.0001,3347.0,12.983087654113772,0.9282309699058533
0.0001,3348.0,12.98308750152588,0.9282304763793945
0.0001,3349.0,12.983087539672853,0.9282299828529358
0.0001,3350.0,12.983087348937989,0.9282292890548707
0.0001,3351.0,12.983086891174318,0.9282287192344665
0.0001,3352.0,12.983087196350098,0.9282281064987183
0.0001,3353.0,12.983087387084963,0.9282276940345764
0.0001,3354.0,12.983087081909181,0.9282270002365112
0.0001,3355.0,12.983086433410646,0.9282263112068176
0.0001,3356.0,12.983086585998537,0.9282259702682495
0.0001,3357.0,12.983086624145509,0.9282252979278565
0.0001,3358.0,12.983086776733401,0.9282247924804687
0.0001,3359.0,12.98308639526367,0.9282242131233215
0.0001,3360.0,12.983086700439452,0.9282236814498902
0.0001,3361.0,12.983086280822755,0.928222997188568
0.0001,3362.0,12.983086128234865,0.9282225418090821
0.0001,3363.0,12.983086280822752,0.9282219243049622
0.0001,3364.0,12.98308639526367,0.9282214307785035
0.0001,3365.0,12.983086280822752,0.9282208180427551
0.0001,3366.0,12.983086585998533,0.928220362663269
0.0001,3367.0,12.983086280822752,0.9282197117805482
0.0001,3368.0,12.983086318969725,0.9282192134857177
0.0001,3369.0,12.98308597564697,0.9282185673713683
0.0001,3370.0,12.983086433410643,0.928218069076538
0.0001,3371.0,12.983086128234861,0.9282176184654236
0.0001,3372.0,12.983086166381835,0.9282169628143311
0.0001,3373.0,12.983086318969725,0.9282163333892822
0.0001,3374.0,12.983086471557616,0.9282159376144409
0.0001,3375.0,12.983086318969725,0.9282153677940369
0.0001,3376.0,12.983086166381835,0.928214716911316
0.0001,3377.0,12.983085708618166,0.9282142186164856
0.0001,3378.0,12.983085861206053,0.9282136821746826
0.0001,3379.0,12.983086051940916,0.9282131505012512
0.0001,3380.0,12.983085594177243,0.9282125806808472
0.0001,3381.0,12.9830850982666,0.9282120823860168
0.0001,3382.0,12.983085060119626,0.928211555480957
0.0001,3383.0,12.98308521270752,0.9282109761238098
0.0001,3384.0,12.9830850982666,0.9282104825973512
0.0001,3385.0,12.983085098266603,0.9282098317146301
0.0001,3386.0,12.98308536529541,0.928209376335144
0.0001,3387.0,12.983085403442384,0.9282089638710023
0.0001,3388.0,12.983085098266603,0.9282082319259644
0.0001,3389.0,12.983085403442384,0.9282077383995057
0.0001,3390.0,12.983085403442384,0.9282072067260743
0.0001,3391.0,12.983084983825684,0.9282067084312439
0.0001,3392.0,12.983085136413575,0.9282061815261841
0.0001,3393.0,12.983085289001465,0.9282056403160095
0.0001,3394.0,12.983084983825684,0.9282051134109497
0.0001,3395.0,12.98308464050293,0.9282045817375183
0.0001,3396.0,12.983084335327149,0.9282040882110596
0.0001,3397.0,12.98308464050293,0.9282034707069396
0.0001,3398.0,12.98308464050293,0.9282030582427978
0.0001,3399.0,12.983084678649902,0.928202543258667
0.0001,3400.0,12.983084831237793,0.9282019352912902
0.0001,3401.0,12.983084945678712,0.92820143699646
0.0001,3402.0,12.983085136413575,0.9282009053230285
0.0001,3403.0,12.98308437347412,0.9282004070281982
0.0001,3404.0,12.98308422088623,0.9281998801231384
0.0001,3405.0,12.98308422088623,0.9281993770599366
0.0001,3406.0,12.983084182739258,0.9281987690925599
0.0001,3407.0,12.98308406829834,0.9281983518600464
0.0001,3408.0,12.983083763122558,0.9281979060173035
0.0001,3409.0,12.983083915710449,0.9281973266601562
0.0001,3410.0,12.983084030151367,0.9281968283653259
0.0001,3411.0,12.98308406829834,0.9281963777542114
0.0001,3412.0,12.98308422088623,0.9281957650184631
0.0001,3413.0,12.98308406829834,0.9281952381134033
0.0001,3414.0,12.983084106445313,0.9281947350502014
0.0001,3415.0,12.98308349609375,0.9281942677497864
0.0001,3416.0,12.983083457946776,0.9281936335563659
0.0001,3417.0,12.983083457946776,0.928193199634552
0.0001,3418.0,12.983083457946776,0.9281927871704101
0.0001,3419.0,12.98308349609375,0.9281922507286071
0.0001,3420.0,12.983083915710449,0.9281916856765746
0.0001,3421.0,12.983083763122558,0.9281913065910339
0.0001,3422.0,12.983083953857422,0.9281906938552857
0.0001,3423.0,12.983083343505859,0.9281902718544006
0.0001,3424.0,12.983083152770995,0.9281898045539856
0.0001,3425.0,12.983083152770995,0.9281892681121826
0.0001,3426.0,12.983083305358885,0.9281886601448058
0.0001,3427.0,12.983083343505859,0.9281882381439208
0.0001,3428.0,12.98308349609375,0.9281876850128175
0.0001,3429.0,12.983083801269531,0.9281872177124024
0.0001,3430.0,12.98308349609375,0.928186800479889
0.0001,3431.0,12.983083038330077,0.928186264038086
0.0001,3432.0,12.983082733154296,0.9281858515739441
0.0001,3433.0,12.983082695007322,0.9281851959228515
0.0001,3434.0,12.983082847595213,0.9281847834587098
0.0001,3435.0,12.983083038330077,0.9281841325759888
0.0001,3436.0,12.983082885742187,0.9281836771965026
0.0001,3437.0,12.983082885742187,0.9281832814216613
0.0001,3438.0,12.983082733154296,0.9281828641891479
0.0001,3439.0,12.98308238983154,0.928182213306427
0.0001,3440.0,12.983082427978518,0.9281816816329955
0.0001,3441.0,12.983082885742187,0.9281813073158265
0.0001,3442.0,12.983083038330077,0.928180775642395
0.0001,3443.0,12.983082771301271,0.9281803154945374
0.0001,3444.0,12.98308246612549,0.9281798267364502
0.0001,3445.0,12.983082160949705,0.9281793665885926
0.0001,3446.0,12.983082122802733,0.9281787204742432
0.0001,3447.0,12.983082122802736,0.9281783747673035
0.0001,3448.0,12.983082160949708,0.9281779074668883
0.0001,3449.0,12.98308246612549,0.9281774139404297
0.0001,3450.0,12.983082618713379,0.9281770396232605
0.0001,3451.0,12.983082656860352,0.9281764602661133
0.0001,3452.0,12.983081855773927,0.9281760478019714
0.0001,3453.0,12.983081665039064,0.9281754994392395
0.0001,3454.0,12.983081970214846,0.9281750440597534
0.0001,3455.0,12.983082122802736,0.9281745076179504
0.0001,3456.0,12.983082313537599,0.9281740951538086
0.0001,3457.0,12.983082160949708,0.928173644542694
0.0001,3458.0,12.983081855773927,0.9281731843948364
0.0001,3459.0,12.983081817626955,0.9281726145744325
0.0001,3460.0,12.983081703186036,0.9281721162796019
0.0001,3461.0,12.983081550598145,0.9281716823577881
0.0001,3462.0,12.983082008361817,0.9281711935997009
0.0001,3463.0,12.983081855773925,0.9281706571578979
0.0001,3464.0,12.983081359863283,0.9281701970100402
0.0001,3465.0,12.983081398010254,0.9281699085235596
0.0001,3466.0,12.983081245422364,0.9281693291664124
0.0001,3467.0,12.983081550598145,0.9281688404083253
0.0001,3468.0,12.983081550598143,0.9281683254241944
0.0001,3469.0,12.983081588745117,0.9281678748130797
0.0001,3470.0,12.983081245422364,0.9281674194335938
0.0001,3471.0,12.983081245422364,0.928166925907135
0.0001,3472.0,12.983081550598143,0.9281665515899657
0.0001,3473.0,12.983081741333008,0.9281660485267639
0.0001,3474.0,12.983081130981446,0.9281655049324036
0.0001,3475.0,12.983081092834473,0.9281650066375733
0.0001,3476.0,12.983080787658691,0.9281645941734313
0.0001,3477.0,12.983081092834473,0.9281642198562623
0.0001,3478.0,12.983080978393556,0.9281636834144592
0.0001,3479.0,12.983080978393556,0.9281631851196289
0.0001,3480.0,12.983080825805665,0.928162841796875
0.0001,3481.0,12.983080787658691,0.9281623816490173
0.0001,3482.0,12.983080978393556,0.9281619644165039
0.0001,3483.0,12.983080825805665,0.9281614327430725
0.0001,3484.0,12.983080825805665,0.9281609725952149
0.0001,3485.0,12.983080368041993,0.9281605219841004
0.0001,3486.0,12.98308048248291,0.9281601691246033
0.0001,3487.0,12.983080520629883,0.928159556388855
0.0001,3488.0,12.983080978393556,0.9281591010093688
0.0001,3489.0,12.983080825805665,0.9281586456298829
0.0001,3490.0,12.983080558776855,0.928158118724823
0.0001,3491.0,12.983080368041993,0.9281577610969544
0.0001,3492.0,12.983080368041993,0.9281573390960693
0.0001,3493.0,12.983080673217774,0.9281568884849549
0.0001,3494.0,12.983080520629883,0.928156476020813
0.0001,3495.0,12.983080177307128,0.9281560206413269
0.0001,3496.0,12.983080215454102,0.9281555652618407
0.0001,3497.0,12.983080062866211,0.9281551265716553
0.0001,3498.0,12.983080215454102,0.9281545948982239
0.0001,3499.0,12.98307991027832,0.9281542634963988
0.0001,3500.0,12.98307975769043,0.928153808116913
0.0001,3501.0,12.983080101013183,0.9281533741950989
0.0001,3502.0,12.983080406188964,0.9281527996063232
0.0001,3503.0,12.983080101013183,0.9281524634361267
0.0001,3504.0,12.98307975769043,0.9281520843505859
0.0001,3505.0,12.983079795837401,0.9281515955924988
0.0001,3506.0,12.983079795837401,0.9281511354446411
0.0001,3507.0,12.983079795837401,0.9281507015228272
0.0001,3508.0,12.98307964324951,0.9281503272056579
0.0001,3509.0,12.983079605102539,0.9281498765945434
0.0001,3510.0,12.983079795837401,0.9281493782997131
0.0001,3511.0,12.983080101013183,0.9281489872932435
0.0001,3512.0,12.98307949066162,0.9281485271453858
0.0001,3513.0,12.983079299926757,0.9281481575965881
0.0001,3514.0,12.98307949066162,0.9281477022171021
0.0001,3515.0,12.98307949066162,0.9281472849845886
0.0001,3516.0,12.98307964324951,0.9281468510627746
0.0001,3517.0,12.983079147338866,0.9281463956832885
0.0001,3518.0,12.983079338073729,0.9281459879875182
0.0001,3519.0,12.983079528808593,0.9281455659866333
0.0001,3520.0,12.983079681396484,0.9281450939178466
0.0001,3521.0,12.98307949066162,0.9281446433067322
0.0001,3522.0,12.983079338073729,0.9281442642211915
0.0001,3523.0,12.983079681396484,0.92814373254776
0.0001,3524.0,12.983079223632812,0.9281434559822084
0.0001,3525.0,12.983079032897948,0.9281429624557495
0.0001,3526.0,12.983079032897948,0.9281425452232361
0.0001,3527.0,12.983079185485838,0.9281421327590942
0.0001,3528.0,12.983079223632812,0.9281416773796082
0.0001,3529.0,12.983078880310057,0.9281412982940674
0.0001,3530.0,12.983078613281252,0.9281409025192261
0.0001,3531.0,12.983079071044921,0.9281404137611389
0.0001,3532.0,12.98307876586914,0.9281399965286254
0.0001,3533.0,12.983078575134279,0.9281396389007568
0.0001,3534.0,12.983078613281252,0.9281392264366151
0.0001,3535.0,12.983079071044921,0.9281387710571288
0.0001,3536.0,12.983079071044921,0.9281382727622987
0.0001,3537.0,12.983078727722168,0.9281380009651183
0.0001,3538.0,12.98307861328125,0.9281375455856322
0.0001,3539.0,12.98307846069336,0.9281370902061462
0.0001,3540.0,12.98307876586914,0.9281366729736328
0.0001,3541.0,12.98307830810547,0.9281362605094909
0.0001,3542.0,12.98307861328125,0.9281358432769775
0.0001,3543.0,12.983078804016113,0.9281354093551636
0.0001,3544.0,12.983078308105469,0.9281350779533386
0.0001,3545.0,12.983078460693362,0.928134536743164
0.0001,3546.0,12.983078765869141,0.9281341505050659
0.0001,3547.0,12.983078498840332,0.9281337285041809
0.0001,3548.0,12.98307830810547,0.9281333589553833
0.0001,3549.0,12.98307800292969,0.9281329417228699
0.0001,3550.0,12.98307861328125,0.9281325888633728
0.0001,3551.0,12.983078651428222,0.9281322193145752
0.0001,3552.0,12.983078002929688,0.9281317591667175
0.0001,3553.0,12.98307819366455,0.9281314015388489
0.0001,3554.0,12.98307834625244,0.9281308650970459
0.0001,3555.0,12.98307800292969,0.9281305289268493
0.0001,3556.0,12.983078155517578,0.9281300830841064
0.0001,3557.0,12.983078498840332,0.9281297206878663
0.0001,3558.0,12.98307804107666,0.9281292748451233
0.0001,3559.0,12.983077583312989,0.9281288909912109
0.0001,3560.0,12.98307773590088,0.9281284785270691
0.0001,3561.0,12.98307819366455,0.9281282019615174
0.0001,3562.0,12.983078079223631,0.9281276321411133
0.0001,3563.0,12.98307773590088,0.9281272149085998
0.0001,3564.0,12.98307773590088,0.9281269931793212
0.0001,3565.0,12.983077735900878,0.9281264400482176
0.0001,3566.0,12.983077392578126,0.9281260657310486
0.0001,3567.0,12.983077545166017,0.928125729560852
0.0001,3568.0,12.983077468872072,0.9281253385543823
0.0001,3569.0,12.983077278137207,0.92812495470047
0.0001,3570.0,12.98307773590088,0.9281246185302734
0.0001,3571.0,12.983078041076661,0.9281241130828857
0.0001,3572.0,12.983077774047853,0.9281237506866455
0.0001,3573.0,12.983077278137207,0.9281234312057495
0.0001,3574.0,12.98307731628418,0.9281229424476625
0.0001,3575.0,12.983077468872072,0.9281226062774659
0.0001,3576.0,12.983076972961426,0.9281222057342529
0.0001,3577.0,12.983077125549316,0.9281219172477723
0.0001,3578.0,12.98307731628418,0.9281214237213136
0.0001,3579.0,12.983077125549316,0.9281210613250732
0.0001,3580.0,12.983077278137207,0.9281206488609315
0.0001,3581.0,12.983077468872072,0.9281202363967895
0.0001,3582.0,12.983077125549316,0.9281198954582215
0.0001,3583.0,12.9830770111084,0.9281194019317627
0.0001,3584.0,12.98307716369629,0.9281190538406372
0.0001,3585.0,12.983076858520509,0.9281186747550965
0.0001,3586.0,12.9830770111084,0.928118257522583
0.0001,3587.0,12.98307731628418,0.928117904663086
0.0001,3588.0,12.983077201843262,0.9281175518035889
0.0001,3589.0,12.983076553344727,0.9281172156333923
0.0001,3590.0,12.98307716369629,0.9281167650222779
0.0001,3591.0,12.9830770111084,0.9281164622306823
0.0001,3592.0,12.983076667785644,0.928115999698639
0.0001,3593.0,12.983077049255371,0.9281156539916993
0.0001,3594.0,12.98307674407959,0.9281152749061585
0.0001,3595.0,12.983076095581055,0.9281149268150329
0.0001,3596.0,12.983076705932618,0.9281145429611206
0.0001,3597.0,12.983076858520509,0.9281142115592956
0.0001,3598.0,12.983076248168945,0.9281138157844543
0.0001,3599.0,12.98307674407959,0.9281134414672851
0.0001,3600.0,12.983076591491699,0.9281130123138428
0.0001,3601.0,12.983076095581055,0.9281126499176025
0.0001,3602.0,12.983076705932618,0.9281122541427611
0.0001,3603.0,12.983076400756836,0.9281118798255921
0.0001,3604.0,12.983076095581055,0.928111526966095
0.0001,3605.0,12.983076286315917,0.9281111860275268
0.0001,3606.0,12.983076438903808,0.9281108117103577
0.0001,3607.0,12.983076095581055,0.9281104755401612
0.0001,3608.0,12.983076553344727,0.9281100416183472
0.0001,3609.0,12.98307647705078,0.9281096291542054
0.0001,3610.0,12.983075981140136,0.9281093311309814
0.0001,3611.0,12.983075981140136,0.9281088924407959
0.0001,3612.0,12.983076133728026,0.9281085181236267
0.0001,3613.0,12.983075790405273,0.9281081819534303
0.0001,3614.0,12.983076286315917,0.9281077909469604
0.0001,3615.0,12.983076171874998,0.9281075310707092
0.0001,3616.0,12.983075675964354,0.92810715675354
0.0001,3617.0,12.983076133728026,0.9281067180633544
0.0001,3618.0,12.983076286315917,0.9281063437461853
0.0001,3619.0,12.983075942993164,0.9281060075759888
0.0001,3620.0,12.98307647705078,0.9281056928634643
0.0001,3621.0,12.983076019287108,0.9281051993370056
0.0001,3622.0,12.983075370788573,0.928104944229126
0.0001,3623.0,12.983076133728026,0.9281045484542847
0.0001,3624.0,12.983075790405273,0.9281042885780335
0.0001,3625.0,12.983075828552245,0.9281038761138916
0.0001,3626.0,12.983076019287108,0.9281035137176513
0.0001,3627.0,12.983075523376465,0.9281031060218811
0.0001,3628.0,12.983075523376467,0.9281027698516846
0.0001,3629.0,12.983076324462889,0.9281023740768433
0.0001,3630.0,12.983076133728026,0.928102102279663
0.0001,3631.0,12.983075866699217,0.9281017231941223
0.0001,3632.0,12.983075561523435,0.9281013107299805
0.0001,3633.0,12.983074798583985,0.9281009960174561
0.0001,3634.0,12.983075714111326,0.9281006169319153
0.0001,3635.0,12.983075561523439,0.9281001996994018
0.0001,3636.0,12.983075218200684,0.928099901676178
0.0001,3637.0,12.98307571411133,0.9280996251106262
0.0001,3638.0,12.983075256347657,0.9280990982055665
0.0001,3639.0,12.983075103759766,0.9280988216400146
0.0001,3640.0,12.983075256347657,0.9280984592437744
0.0001,3641.0,12.983074760437011,0.9280981063842774
0.0001,3642.0,12.983075256347657,0.9280976891517638
0.0001,3643.0,12.983075294494629,0.9280973911285401
0.0001,3644.0,12.983074951171876,0.9280970430374145
0.0001,3645.0,12.983075561523435,0.9280967402458191
0.0001,3646.0,12.983074951171876,0.928096387386322
0.0001,3647.0,12.983075103759766,0.9280960559844971
0.0001,3648.0,12.98307544708252,0.9280956935882569
0.0001,3649.0,12.983075103759766,0.9280952930450439
0.0001,3650.0,12.983074836730957,0.928094940185547
0.0001,3651.0,12.983074989318848,0.9280945873260498
0.0001,3652.0,12.983074798583985,0.9280942511558532
0.0001,3653.0,12.983075256347657,0.928093957901001
0.0001,3654.0,12.983074913024902,0.9280936431884765
0.0001,3655.0,12.983074836730959,0.9280931830406189
0.0001,3656.0,12.98307498931885,0.9280928421020508
0.0001,3657.0,12.983074493408203,0.9280925321578979
0.0001,3658.0,12.983075256347657,0.9280921530723572
0.0001,3659.0,12.98307487487793,0.9280919361114501
0.0001,3660.0,12.983074836730957,0.9280915451049805
0.0001,3661.0,12.983074684143066,0.9280911278724671
0.0001,3662.0,12.983074531555177,0.9280908679962158
0.0001,3663.0,12.983074836730957,0.9280904388427734
0.0001,3664.0,12.983074836730959,0.9280901622772217
0.0001,3665.0,12.983074493408203,0.928089783191681
0.0001,3666.0,12.983074874877929,0.9280894470214844
0.0001,3667.0,12.983074531555175,0.9280891108512879
0.0001,3668.0,12.983074684143068,0.9280887913703919
0.0001,3669.0,12.983074531555177,0.9280884552001953
0.0001,3670.0,12.983074493408203,0.9280881404876709
0.0001,3671.0,12.98307487487793,0.9280877280235291
0.0001,3672.0,12.983074378967286,0.9280873537063599
0.0001,3673.0,12.983074226379395,0.9280870771408081
0.0001,3674.0,12.983074417114258,0.9280868220329285
0.0001,3675.0,12.983073921203614,0.9280863881111145
0.0001,3676.0,12.983074684143068,0.928086051940918
0.0001,3677.0,12.983074188232422,0.9280858302116394
0.0001,3678.0,12.983074417114258,0.9280853962898254
0.0001,3679.0,12.983074264526367,0.9280851793289184
0.0001,3680.0,12.983073768615723,0.9280846691131591
0.0001,3681.0,12.983074264526367,0.928084409236908
0.0001,3682.0,12.983074073791505,0.9280841112136841
0.0001,3683.0,12.983074226379395,0.928083758354187
0.0001,3684.0,12.983074111938476,0.9280834603309631
0.0001,3685.0,12.983073806762695,0.9280830693244935
0.0001,3686.0,12.983074417114258,0.9280827331542969
0.0001,3687.0,12.983073768615723,0.9280825114250184
0.0001,3688.0,12.983074264526367,0.9280821537971498
0.0001,3689.0,12.983074073791505,0.9280818223953247
0.0001,3690.0,12.983073959350586,0.928081464767456
0.0001,3691.0,12.983073806762695,0.9280812525749207
0.0001,3692.0,12.983073348999023,0.928080894947052
0.0001,3693.0,12.983074111938476,0.9280805587768555
0.0001,3694.0,12.983073768615723,0.9280801796913147
0.0001,3695.0,12.983073806762695,0.9280798387527467
0.0001,3696.0,12.983073844909669,0.9280796051025391
0.0001,3697.0,12.983073654174804,0.9280792689323425
0.0001,3698.0,12.98307399749756,0.9280789160728454
0.0001,3699.0,12.983073501586913,0.9280785369873046
0.0001,3700.0,12.983073806762695,0.9280783414840699
0.0001,3701.0,12.983073768615723,0.9280779337882995
0.0001,3702.0,12.983073692321778,0.9280776309967042
0.0001,3703.0,12.983073692321778,0.9280773496627808
0.0001,3704.0,12.983073196411132,0.9280769324302673
0.0001,3705.0,12.983073692321778,0.9280766987800598
0.0001,3706.0,12.983073348999023,0.9280762815475464
0.0001,3707.0,12.983073654174804,0.9280761027336121
0.0001,3708.0,12.983073654174804,0.9280757117271423
0.0001,3709.0,12.983073387145996,0.9280754780769348
0.0001,3710.0,12.983073539733887,0.9280751752853393
0.0001,3711.0,12.983073539733887,0.9280747675895691
0.0001,3712.0,12.983073692321778,0.9280744862556458
0.0001,3713.0,12.983073348999023,0.9280741882324218
0.0001,3714.0,12.983073577880859,0.92807377576828
0.0001,3715.0,12.983073387145996,0.9280734992027282
0.0001,3716.0,12.983073234558105,0.9280733203887939
0.0001,3717.0,12.983073234558105,0.9280730438232422
0.0001,3718.0,12.983073234558105,0.9280726146697998
0.0001,3719.0,12.983073387145996,0.9280723500251771
0.0001,3720.0,12.98307289123535,0.928072018623352
0.0001,3721.0,12.983073577880859,0.9280717420578004
0.0001,3722.0,12.983072776794433,0.9280714440345763
0.0001,3723.0,12.983073234558105,0.9280711460113525
0.0001,3724.0,12.983073081970215,0.9280706739425659
0.0001,3725.0,12.983073081970215,0.9280704569816589
0.0001,3726.0,12.983073081970215,0.9280702567100525
0.0001,3727.0,12.98307273864746,0.9280698823928832
0.0001,3728.0,12.983073120117187,0.9280695629119873
0.0001,3729.0,12.983072624206542,0.9280693888664245
0.0001,3730.0,12.983072814941405,0.9280689549446106
0.0001,3731.0,12.983073081970215,0.9280685758590699
0.0001,3732.0,12.983073234558105,0.9280682826042176
0.0001,3733.0,12.983072929382324,0.9280681586265564
0.0001,3734.0,12.983073120117187,0.9280677843093872
0.0001,3735.0,12.983072624206542,0.9280674695968628
0.0001,3736.0,12.983072509765623,0.9280671715736389
0.0001,3737.0,12.983072662353514,0.9280668354034425
0.0001,3738.0,12.983072471618652,0.9280665969848634
0.0001,3739.0,12.983072967529296,0.9280661678314209
0.0001,3740.0,12.983072624206542,0.9280659890174866
0.0001,3741.0,12.983072967529296,0.9280657291412353
0.0001,3742.0,12.983072509765623,0.9280653762817382
0.0001,3743.0,12.983073120117187,0.928065116405487
0.0001,3744.0,12.983072624206542,0.9280646443367004
0.0001,3745.0,12.983072814941405,0.9280644226074218
0.0001,3746.0,12.983072776794433,0.9280641460418702
0.0001,3747.0,12.983072814941405,0.9280638098716736
0.0001,3748.0,12.983072509765623,0.9280635929107666
0.0001,3749.0,12.983072357177733,0.9280632448196411
0.0001,3750.0,12.983072357177733,0.928062903881073
0.0001,3751.0,12.983072357177733,0.9280627036094665
0.0001,3752.0,12.983072814941405,0.9280623936653136
0.0001,3753.0,12.983072166442874,0.9280621337890625
0.0001,3754.0,12.983072547912597,0.9280618739128113
0.0001,3755.0,12.983072052001955,0.9280614781379699
0.0001,3756.0,12.983072662353514,0.9280611848831177
0.0001,3757.0,12.983072204589842,0.9280609083175659
0.0001,3758.0,12.983072814941405,0.9280606913566589
0.0001,3759.0,12.983072509765623,0.9280602192878723
0.0001,3760.0,12.983072395324706,0.9280600357055664
0.0001,3761.0,12.983072204589842,0.9280597639083862
0.0001,3762.0,12.983072090148925,0.9280594658851624
0.0001,3763.0,12.98307174682617,0.9280591940879821
0.0001,3764.0,12.983072357177733,0.9280589723587036
0.0001,3765.0,12.983071937561038,0.9280586528778076
0.0001,3766.0,12.983072204589842,0.9280583214759827
0.0001,3767.0,12.983072280883787,0.9280580067634583
0.0001,3768.0,12.983071937561034,0.9280577087402344
0.0001,3769.0,12.983071937561034,0.9280573940277099
0.0001,3770.0,12.983071479797365,0.9280573344230653
0.0001,3771.0,12.983071937561034,0.9280569386482239
0.0001,3772.0,12.983071746826173,0.9280565643310547
0.0001,3773.0,12.983072242736819,0.9280563640594482
0.0001,3774.0,12.983071441650392,0.9280560231208801
0.0001,3775.0,12.98307228088379,0.9280558109283448
0.0001,3776.0,12.983071632385256,0.9280555295944213
0.0001,3777.0,12.983072242736819,0.9280551171302795
0.0001,3778.0,12.983071632385256,0.9280548572540284
0.0001,3779.0,12.983071937561038,0.9280546188354493
0.0001,3780.0,12.983071899414064,0.9280544281005859
0.0001,3781.0,12.9830721282959,0.9280540537834168
0.0001,3782.0,12.983071327209474,0.9280537343025208
0.0001,3783.0,12.98307197570801,0.9280535173416138
0.0001,3784.0,12.983071479797365,0.928053240776062
0.0001,3785.0,12.983071784973147,0.9280529808998108
0.0001,3786.0,12.983071327209474,0.9280526447296142
0.0001,3787.0,12.983071937561034,0.9280523729324341
0.0001,3788.0,12.983071594238282,0.928052020072937
0.0001,3789.0,12.983071823120115,0.9280517935752869
0.0001,3790.0,12.983071479797365,0.9280515599250794
0.0001,3791.0,12.983071823120119,0.9280513429641724
0.0001,3792.0,12.983071632385256,0.9280509853363037
0.0001,3793.0,12.983071632385252,0.9280506110191346
0.0001,3794.0,12.983071784973143,0.9280504536628723
0.0001,3795.0,12.983071670532224,0.928050193786621
0.0001,3796.0,12.983071517944333,0.9280499172210693
0.0001,3797.0,12.983071517944333,0.9280496191978453
0.0001,3798.0,12.98307132720947,0.9280493855476379
0.0001,3799.0,12.983071670532228,0.9280491733551026
0.0001,3800.0,12.983071327209474,0.9280487132072449
0.0001,3801.0,12.983071670532228,0.9280484747886657
0.0001,3802.0,12.983071479797362,0.9280482959747314
0.0001,3803.0,12.983071365356446,0.9280479812622071
0.0001,3804.0,12.983071365356446,0.9280477213859557
0.0001,3805.0,12.983071670532228,0.928047411441803
0.0001,3806.0,12.983071060180665,0.9280472111701965
0.0001,3807.0,12.98307197570801,0.9280468797683716
0.0001,3808.0,12.983071479797365,0.9280465602874756
0.0001,3809.0,12.98307155609131,0.9280463767051697
0.0001,3810.0,12.983071060180665,0.9280460834503175
0.0001,3811.0,12.983071250915529,0.9280456876754761
0.0001,3812.0,12.983070907592774,0.9280455088615418
0.0001,3813.0,12.983071365356446,0.9280453133583069
0.0001,3814.0,12.983070907592774,0.928045015335083
0.0001,3815.0,12.983071365356446,0.9280447006225586
0.0001,3816.0,12.983070755004883,0.9280444622039794
0.0001,3817.0,12.98307140350342,0.9280441641807556
0.0001,3818.0,12.983070755004883,0.9280439734458923
0.0001,3819.0,12.983071098327638,0.9280436372756957
0.0001,3820.0,12.983070755004883,0.9280434322357178
0.0001,3821.0,12.983070793151857,0.9280431771278381
0.0001,3822.0,12.983070907592774,0.9280428791046142
0.0001,3823.0,12.983070755004883,0.9280426836013793
0.0001,3824.0,12.983070907592774,0.9280424451828003
0.0001,3825.0,12.983070945739748,0.9280420708656312
0.0001,3826.0,12.983070487976075,0.9280417728424073
0.0001,3827.0,12.983070602416992,0.9280415391921997
0.0001,3828.0,12.983070945739748,0.9280413055419923
0.0001,3829.0,12.983070602416992,0.9280410408973694
0.0001,3830.0,12.983070907592774,0.9280406880378723
0.0001,3831.0,12.983070755004883,0.9280405044555664
0.0001,3832.0,12.983070945739748,0.9280403518676759
0.0001,3833.0,12.983070640563966,0.9280399012565613
0.0001,3834.0,12.983070793151857,0.928039619922638
0.0001,3835.0,12.983070335388184,0.9280394458770751
0.0001,3836.0,12.983070487976075,0.9280392074584962
0.0001,3837.0,12.983070602416992,0.9280390071868897
0.0001,3838.0,12.983070640563966,0.92803875207901
0.0001,3839.0,12.983070602416992,0.9280384922027587
0.0001,3840.0,12.983070831298829,0.928038182258606
0.0001,3841.0,12.983070335388184,0.9280379056930541
0.0001,3842.0,12.983070678710938,0.9280376887321473
0.0001,3843.0,12.983070640563966,0.928037347793579
0.0001,3844.0,12.983070487976075,0.9280371475219726
0.0001,3845.0,12.983070640563966,0.9280369257926941
0.0001,3846.0,12.983070449829102,0.9280366921424866
0.0001,3847.0,12.983070373535156,0.9280364203453064
0.0001,3848.0,12.983070487976075,0.928036127090454
0.0001,3849.0,12.983070373535156,0.9280358505249023
0.0001,3850.0,12.983070182800294,0.928035590648651
0.0001,3851.0,12.983070831298829,0.928035352230072
0.0001,3852.0,12.983070030212403,0.9280351686477661
0.0001,3853.0,12.983070678710938,0.9280348587036134
0.0001,3854.0,12.983070182800294,0.9280345988273621
0.0001,3855.0,12.983070373535156,0.928034360408783
0.0001,3856.0,12.983070373535156,0.9280341815948486
0.0001,3857.0,12.983070182800294,0.9280338716506957
0.0001,3858.0,12.983070526123047,0.9280336284637452
0.0001,3859.0,12.983070030212403,0.9280333352088928
0.0001,3860.0,12.983070678710938,0.9280332159996033
0.0001,3861.0,12.983070335388184,0.928032922744751
0.0001,3862.0,12.983070831298829,0.9280325651168824
0.0001,3863.0,12.983070220947265,0.9280324244499206
0.0001,3864.0,12.983070068359375,0.9280321812629699
0.0001,3865.0,12.983069763183593,0.9280318117141724
0.0001,3866.0,12.983070220947265,0.9280316162109374
0.0001,3867.0,12.983070068359375,0.928031415939331
0.0001,3868.0,12.983069877624512,0.928031198978424
0.0001,3869.0,12.983070373535156,0.9280309391021728
0.0001,3870.0,12.983070030212403,0.928030743598938
0.0001,3871.0,12.983070259094239,0.9280304336547851
0.0001,3872.0,12.983069915771484,0.9280302119255066
0.0001,3873.0,12.983069763183593,0.9280300164222717
0.0001,3874.0,12.983069610595702,0.9280296802520751
0.0001,3875.0,12.983069763183593,0.9280295181274414
0.0001,3876.0,12.983070068359375,0.9280291652679443
0.0001,3877.0,12.98306957244873,0.92802898645401
0.0001,3878.0,12.983069915771484,0.9280287098884583
0.0001,3879.0,12.983069725036621,0.9280284929275513
0.0001,3880.0,12.983069953918458,0.9280282545089722
0.0001,3881.0,12.983069610595702,0.9280279994010925
0.0001,3882.0,12.983070106506348,0.9280276799201965
0.0001,3883.0,12.983069610595702,0.9280275440216064
0.0001,3884.0,12.983070106506348,0.9280273056030274
0.0001,3885.0,12.983069915771484,0.9280270671844482
0.0001,3886.0,12.983069763183593,0.928026773929596
0.0001,3887.0,12.983069953918458,0.9280266165733337
0.0001,3888.0,12.983069458007812,0.9280263185501099
0.0001,3889.0,12.983069801330567,0.9280259990692139
0.0001,3890.0,12.98306930541992,0.9280258631706237
0.0001,3891.0,12.983069953918458,0.9280255866050721
0.0001,3892.0,12.983069458007812,0.9280254459381103
0.0001,3893.0,12.98306930541992,0.9280251693725586
0.0001,3894.0,12.983069610595702,0.9280249309539794
0.0001,3895.0,12.983069610595702,0.9280247187614441
0.0001,3896.0,12.983069648742676,0.928024480342865
0.0001,3897.0,12.983069343566894,0.9280241823196411
0.0001,3898.0,12.983069801330567,0.928023943901062
0.0001,3899.0,12.983069496154785,0.9280238246917725
0.0001,3900.0,12.983069496154785,0.9280235648155213
0.0001,3901.0,12.983069648742676,0.9280232930183411
0.0001,3902.0,12.983069458007812,0.9280230760574341
0.0001,3903.0,12.983069839477539,0.928022837638855
0.0001,3904.0,12.983069496154785,0.928022620677948
0.0001,3905.0,12.983069343566894,0.928022382259369
0.0001,3906.0,12.983069190979004,0.9280222034454346
0.0001,3907.0,12.98306930541992,0.9280219173431397
0.0001,3908.0,12.983069343566894,0.9280216670036316
0.0001,3909.0,12.98306915283203,0.9280214667320252
0.0001,3910.0,12.983069648742676,0.9280211734771728
0.0001,3911.0,12.98306900024414,0.9280209732055664
0.0001,3912.0,12.983069229125975,0.9280206584930419
0.0001,3913.0,12.983069229125975,0.928020441532135
0.0001,3914.0,12.983069190979004,0.9280202841758729
0.0001,3915.0,12.983069496154785,0.9280201005935669
0.0001,3916.0,12.983069343566894,0.9280198287963867
0.0001,3917.0,12.983069648742676,0.9280195140838623
0.0001,3918.0,12.983069343566894,0.9280192971229553
0.0001,3919.0,12.983069381713866,0.9280191087722778
0.0001,3920.0,12.983069381713866,0.9280188417434692
0.0001,3921.0,12.983069038391113,0.9280186414718627
0.0001,3922.0,12.983069381713866,0.9280185222625733
0.0001,3923.0,12.983069229125975,0.9280182671546936
0.0001,3924.0,12.983069381713866,0.9280179524421692
0.0001,3925.0,12.983069038391113,0.9280178117752076
0.0001,3926.0,12.983068733215333,0.9280176591873168
0.0001,3927.0,12.983069343566894,0.9280173015594482
0.0001,3928.0,12.983069038391113,0.9280170845985412
0.0001,3929.0,12.983069229125975,0.9280168890953064
0.0001,3930.0,12.983068771362303,0.9280166292190553
0.0001,3931.0,12.983069038391113,0.9280164337158203
0.0001,3932.0,12.983068618774412,0.9280162334442139
0.0001,3933.0,12.983068733215331,0.9280159783363342
0.0001,3934.0,12.983068923950194,0.9280157399177551
0.0001,3935.0,12.98306858062744,0.9280155992507935
0.0001,3936.0,12.983069229125975,0.9280153656005858
0.0001,3937.0,12.983068580627442,0.9280150675773621
0.0001,3938.0,12.983069038391113,0.9280148243904114
0.0001,3939.0,12.983068771362305,0.9280145573616028
0.0001,3940.0,12.983068466186523,0.928014373779297
0.0001,3941.0,12.983068923950194,0.9280142545700073
0.0001,3942.0,12.983068923950194,0.9280140376091004
0.0001,3943.0,12.98306858062744,0.9280137181282043
0.0001,3944.0,12.983068923950196,0.9280135440826416
0.0001,3945.0,12.983068885803224,0.928013424873352
0.0001,3946.0,12.983068809509279,0.9280131101608277
0.0001,3947.0,12.983068809509279,0.9280129313468933
0.0001,3948.0,12.983068466186523,0.9280126547813417
0.0001,3949.0,12.983068771362305,0.9280125141143798
0.0001,3950.0,12.983068313598633,0.9280122756958007
0.0001,3951.0,12.98306880950928,0.928012080192566
0.0001,3952.0,12.983068313598633,0.928011782169342
0.0001,3953.0,12.983068466186523,0.9280116248130799
0.0001,3954.0,12.983068771362305,0.928011429309845
0.0001,3955.0,12.983068466186523,0.9280111742019653
0.0001,3956.0,12.98306896209717,0.9280109786987304
0.0001,3957.0,12.983068199157715,0.9280106806755066
0.0001,3958.0,12.983068923950196,0.9280105566978454
0.0001,3959.0,12.983068656921388,0.9280102634429932
0.0001,3960.0,12.983068466186523,0.9280101394653321
0.0001,3961.0,12.983068809509279,0.9280099439620972
0.0001,3962.0,12.983068771362305,0.9280096888542175
0.0001,3963.0,12.983068466186523,0.928009374141693
0.0001,3964.0,12.983068809509279,0.9280093097686767
0.0001,3965.0,12.983068199157715,0.9280090761184692
0.0001,3966.0,12.983068656921388,0.9280088376998901
0.0001,3967.0,12.983068199157715,0.9280086040496827
0.0001,3968.0,12.983068313598633,0.9280084681510925
0.0001,3969.0,12.983068809509279,0.9280082249641419
0.0001,3970.0,12.983068161010742,0.9280080080032349
0.0001,3971.0,12.983068313598633,0.9280078506469727
0.0001,3972.0,12.983068504333497,0.9280076122283936
0.0001,3973.0,12.983068161010742,0.9280073189735412
0.0001,3974.0,12.983068542480469,0.9280071568489074
0.0001,3975.0,12.983068351745606,0.9280069780349731
0.0001,3976.0,12.983068199157715,0.9280067014694213
0.0001,3977.0,12.983068809509279,0.9280065441131591
0.0001,3978.0,12.983068199157715,0.9280063271522523
0.0001,3979.0,12.983068656921386,0.9280060887336731
0.0001,3980.0,12.983068351745606,0.9280058288574218
0.0001,3981.0,12.983068466186523,0.9280056333541871
0.0001,3982.0,12.983068237304687,0.9280055522918702
0.0001,3983.0,12.983068237304687,0.9280053353309632
0.0001,3984.0,12.983068046569825,0.928005096912384
0.0001,3985.0,12.983068237304687,0.9280049228668213
0.0001,3986.0,12.983067741394043,0.9280047273635864
0.0001,3987.0,12.983068389892578,0.9280044937133789
0.0001,3988.0,12.983068046569825,0.928004310131073
0.0001,3989.0,12.983068199157715,0.9280041146278382
0.0001,3990.0,12.983068504333495,0.9280040287971497
0.0001,3991.0,12.983068199157715,0.928003659248352
0.0001,3992.0,12.983068008422851,0.9280036163330079
0.0001,3993.0,12.983068237304687,0.9280033779144287
0.0001,3994.0,12.983067932128908,0.9280031609535218
0.0001,3995.0,12.983067932128906,0.9280029273033141
0.0001,3996.0,12.983067779541017,0.928002769947052
0.0001,3997.0,12.983067741394043,0.928002552986145
0.0001,3998.0,12.983068237304687,0.9280022716522217
0.0001,3999.0,12.983067588806152,0.9280021739006041
0.0001,4000.0,12.983067741394043,0.9280020928382874
0.0001,4001.0,12.983068199157714,0.9280017828941345
0.0001,4002.0,12.983067893981936,0.9280016636848449
0.0001,4003.0,12.98306800842285,0.9280014038085938
0.0001,4004.0,12.983067779541017,0.9280011820793153
0.0001,4005.0,12.983067626953124,0.9280009055137634
0.0001,4006.0,12.983068084716797,0.9280007529258728
0.0001,4007.0,12.983067932128908,0.9280005741119386
0.0001,4008.0,12.983067588806152,0.9280004501342773
0.0001,4009.0,12.983068237304686,0.9280001735687256
0.0001,4010.0,12.983068046569823,0.9279999613761902
0.0001,4011.0,12.983067893981934,0.9279996800422667
0.0001,4012.0,12.983067932128908,0.9279996037483216
0.0001,4013.0,12.983067779541015,0.927999382019043
0.0001,4014.0,12.98306781768799,0.927999300956726
0.0001,4015.0,12.983067474365235,0.9279989647865294
0.0001,4016.0,12.983067626953124,0.927998731136322
0.0001,4017.0,12.983067932128906,0.9279985523223877
0.0001,4018.0,12.983067779541017,0.9279984331130982
0.0001,4019.0,12.983067436218263,0.9279982376098633
0.0001,4020.0,12.983067932128908,0.9279979348182679
0.0001,4021.0,12.983067626953126,0.9279978251457214
0.0001,4022.0,12.983067588806154,0.9279976630210877
0.0001,4023.0,12.9830676651001,0.927997522354126
0.0001,4024.0,12.983067321777344,0.9279972457885741
0.0001,4025.0,12.983067932128904,0.9279971265792847
0.0001,4026.0,12.983067779541017,0.9279968929290772
0.0001,4027.0,12.983067626953126,0.9279967093467713
0.0001,4028.0,12.983068122863772,0.9279964756965637
0.0001,4029.0,12.983067626953126,0.9279963397979737
0.0001,4030.0,12.983067626953126,0.9279961395263672
0.0001,4031.0,12.98306781768799,0.927995982170105
0.0001,4032.0,12.983067359924318,0.9279957270622253
0.0001,4033.0,12.9830676651001,0.9279956078529359
0.0001,4034.0,12.9830676651001,0.927995331287384
0.0001,4035.0,12.983067207336427,0.9279951953887939
0.0001,4036.0,12.983067169189454,0.9279949522018432
0.0001,4037.0,12.9830676651001,0.9279948329925537
0.0001,4038.0,12.983067474365235,0.9279947733879089
0.0001,4039.0,12.983067169189454,0.927994453907013
0.0001,4040.0,12.98306781768799,0.9279942631721497
0.0001,4041.0,12.983067474365235,0.9279940462112427
0.0001,4042.0,12.983067779541017,0.9279939222335816
0.0001,4043.0,12.983067359924318,0.9279936671257019
0.0001,4044.0,12.9830676651001,0.9279935479164123
0.0001,4045.0,12.98306755065918,0.9279933905601501
0.0001,4046.0,12.9830676651001,0.9279932761192322
0.0001,4047.0,12.983067359924318,0.927993016242981
0.0001,4048.0,12.98306781768799,0.9279927778244019
0.0001,4049.0,12.983067512512209,0.9279926204681397
0.0001,4050.0,12.983067626953126,0.9279924416542054
0.0001,4051.0,12.983067703247071,0.9279923224449158
0.0001,4052.0,12.98306755065918,0.9279920673370361
0.0001,4053.0,12.983067207336427,0.9279919052124024
0.0001,4054.0,12.98306739807129,0.9279916071891785
0.0001,4055.0,12.983066902160646,0.9279914498329163
0.0001,4056.0,12.983067207336427,0.9279913353919983
0.0001,4057.0,12.98306781768799,0.9279911351203918
0.0001,4058.0,12.983067054748537,0.927990961074829
0.0001,4059.0,12.983067169189454,0.9279908037185669
0.0001,4060.0,12.983067512512209,0.9279905986785888
0.0001,4061.0,12.983067207336427,0.9279904246330262
0.0001,4062.0,12.983067169189454,0.9279902720451356
0.0001,4063.0,12.983067245483399,0.9279901146888734
0.0001,4064.0,12.983067092895508,0.927989957332611
0.0001,4065.0,12.983066749572755,0.9279897785186767
0.0001,4066.0,12.983067245483399,0.9279895782470703
0.0001,4067.0,12.983066596984864,0.9279893398284913
0.0001,4068.0,12.983067054748537,0.9279892039299011
0.0001,4069.0,12.983067245483399,0.9279890418052673
0.0001,4070.0,12.983066902160646,0.9279888081550598
0.0001,4071.0,12.983066749572755,0.9279887104034424
0.0001,4072.0,12.983067207336427,0.9279885053634643
0.0001,4073.0,12.983066902160646,0.9279882717132568
0.0001,4074.0,12.983067016601563,0.9279880547523498
0.0001,4075.0,12.983067092895508,0.9279879021644593
0.0001,4076.0,12.983066940307618,0.9279876804351807
0.0001,4077.0,12.983066749572755,0.9279875993728638
0.0001,4078.0,12.98306739807129,0.9279874420166017
0.0001,4079.0,12.983067092895508,0.9279872465133667
0.0001,4080.0,12.983066902160646,0.9279870200157165
0.0001,4081.0,12.98306739807129,0.9279867911338806
0.0001,4082.0,12.983066749572755,0.9279867100715637
0.0001,4083.0,12.983067054748537,0.927986454963684
0.0001,4084.0,12.983067092895508,0.9279864168167115
0.0001,4085.0,12.983066787719727,0.9279862594604493
0.0001,4086.0,12.983066787719727,0.9279860377311707
0.0001,4087.0,12.983066940307618,0.9279858756065369
0.0001,4088.0,12.983066635131836,0.927985680103302
0.0001,4089.0,12.983066635131836,0.9279855012893676
0.0001,4090.0,12.983066940307618,0.9279852294921875
0.0001,4091.0,12.983066635131836,0.927985110282898
0.0001,4092.0,12.983066596984864,0.9279850077629088
0.0001,4093.0,12.983066940307618,0.9279848456382751
0.0001,4094.0,12.983066787719727,0.9279846286773681
0.0001,4095.0,12.983066902160646,0.9279843950271607
0.0001,4096.0,12.9830668258667,0.9279842329025267
0.0001,4097.0,12.9830668258667,0.9279841136932373
0.0001,4098.0,12.983066787719727,0.9279839777946473
0.0001,4099.0,12.983067131042482,0.9279837441444397
0.0001,4100.0,12.983066787719727,0.9279835438728332
0.0001,4101.0,12.983066787719727,0.9279834294319154
0.0001,4102.0,12.983067092895508,0.9279832077026368
0.0001,4103.0,12.983067092895508,0.9279830503463746
0.0001,4104.0,12.983066940307618,0.9279829692840577
0.0001,4105.0,12.983066749572755,0.9279826664924622
0.0001,4106.0,12.983066978454591,0.9279825520515441
0.0001,4107.0,12.9830668258667,0.9279824376106263
0.0001,4108.0,12.983066635131836,0.9279822921752929
0.0001,4109.0,12.98306667327881,0.9279820203781128
0.0001,4110.0,12.983066177368164,0.9279819440841675
0.0001,4111.0,12.983066482543945,0.9279816842079163
0.0001,4112.0,12.983066978454591,0.9279814887046813
0.0001,4113.0,12.983066177368164,0.9279813480377197
0.0001,4114.0,12.983066482543945,0.9279812288284301
0.0001,4115.0,12.983067131042482,0.9279811096191406
0.0001,4116.0,12.983066329956054,0.9279808712005615
0.0001,4117.0,12.983066787719727,0.9279806590080261
0.0001,4118.0,12.983066864013672,0.9279805827140808
0.0001,4119.0,12.983066368103028,0.9279804968833923
0.0001,4120.0,12.983066368103028,0.9279802799224853
0.0001,4121.0,12.983066940307618,0.9279800796508788
0.0001,4122.0,12.98306667327881,0.9279799175262451
0.0001,4123.0,12.98306667327881,0.927979781627655
0.0001,4124.0,12.983066482543945,0.9279795432090759
0.0001,4125.0,12.983066978454591,0.9279793095588684
0.0001,4126.0,12.983066329956054,0.927979211807251
0.0001,4127.0,12.983066635131836,0.9279791307449341
0.0001,4128.0,12.983066864013672,0.9279788875579835
0.0001,4129.0,12.983066520690919,0.9279788160324097
0.0001,4130.0,12.983066520690919,0.9279786324501038
0.0001,4131.0,12.983066711425781,0.9279785180091857
0.0001,4132.0,12.983066215515137,0.927978355884552
0.0001,4133.0,12.983066368103028,0.9279782581329346
0.0001,4134.0,12.983066368103028,0.9279779815673828
0.0001,4135.0,12.98306667327881,0.9279778575897216
0.0001,4136.0,12.983066520690919,0.9279775905609131
0.0001,4137.0,12.983066177368164,0.927977569103241
0.0001,4138.0,12.98306667327881,0.9279772973060607
0.0001,4139.0,12.983066368103028,0.9279771780967712
0.0001,4140.0,12.983066329956054,0.9279770755767822
0.0001,4141.0,12.98306655883789,0.9279768323898314
0.0001,4142.0,12.98306640625,0.927976713180542
0.0001,4143.0,12.983066368103028,0.9279765772819519
0.0001,4144.0,12.98306640625,0.9279764199256897
0.0001,4145.0,12.983066253662109,0.9279763007164001
0.0001,4146.0,12.983065757751465,0.9279761052131653
0.0001,4147.0,12.983066215515137,0.9279758501052856
0.0001,4148.0,12.983066368103028,0.927975730895996
0.0001,4149.0,12.983066062927247,0.9279755687713623
0.0001,4150.0,12.983065910339356,0.927975492477417
0.0001,4151.0,12.983066520690919,0.9279753184318542
0.0001,4152.0,12.983066215515137,0.9279751944541932
0.0001,4153.0,12.983066329956054,0.9279749989509583
0.0001,4154.0,12.983066482543945,0.9279748201370239
0.0001,4155.0,12.983066101074218,0.9279747009277344
0.0001,4156.0,12.983065795898437,0.9279744672775267
0.0001,4157.0,12.983066368103028,0.9279743480682373
0.0001,4158.0,12.983066253662109,0.9279742074012757
0.0001,4159.0,12.983066062927247,0.9279740500450134
0.0001,4160.0,12.983066062927247,0.9279739046096802
0.0001,4161.0,12.98306655883789,0.9279736709594727
0.0001,4162.0,12.983066215515137,0.9279734373092652
0.0001,4163.0,12.983066215515137,0.9279733180999756
0.0001,4164.0,12.983066291809083,0.9279732203483582
0.0001,4165.0,12.983066253662109,0.9279730582237243
0.0001,4166.0,12.983066101074218,0.9279729437828064
0.0001,4167.0,12.983065795898437,0.9279728412628173
0.0001,4168.0,12.983065948486328,0.9279726028442383
0.0001,4169.0,12.983065795898437,0.9279724502563477
0.0001,4170.0,12.983065948486328,0.9279722499847411
0.0001,4171.0,12.983065948486328,0.9279720711708068
0.0001,4172.0,12.983066101074218,0.9279719948768617
0.0001,4173.0,12.983065643310546,0.927971956729889
0.0001,4174.0,12.983065757751465,0.9279716920852661
0.0001,4175.0,12.983066253662109,0.9279714918136597
0.0001,4176.0,12.983065910339356,0.9279714107513428
0.0001,4177.0,12.983065910339356,0.92797123670578
0.0001,4178.0,12.983066291809083,0.9279710793495177
0.0001,4179.0,12.983066101074218,0.927970883846283
0.0001,4180.0,12.983065643310546,0.927970769405365
0.0001,4181.0,12.983066101074218,0.9279705858230591
0.0001,4182.0,12.983066253662109,0.9279704666137696
0.0001,4183.0,12.983065948486328,0.9279702281951905
0.0001,4184.0,12.983065948486328,0.9279700493812562
0.0001,4185.0,12.983066253662109,0.9279699349403381
0.0001,4186.0,12.983066101074218,0.9279697394371033
0.0001,4187.0,12.983066101074218,0.9279696750640869
0.0001,4188.0,12.983065910339356,0.92796959400177
0.0001,4189.0,12.983066139221192,0.9279694747924805
0.0001,4190.0,12.983065986633301,0.9279691982269287
0.0001,4191.0,12.983065795898437,0.9279691219329834
0.0001,4192.0,12.98306583404541,0.9279688668251038
0.0001,4193.0,12.98306583404541,0.9279687857627867
0.0001,4194.0,12.983065490722655,0.9279686450958251
0.0001,4195.0,12.983065795898437,0.9279684925079346
0.0001,4196.0,12.983065986633301,0.9279682540893555
0.0001,4197.0,12.983065490722655,0.9279681730270386
0.0001,4198.0,12.983065795898437,0.9279679560661316
0.0001,4199.0,12.983066291809083,0.9279679560661316
0.0001,4200.0,12.983065795898437,0.9279678750038147
0.0001,4201.0,12.983066101074218,0.9279676747322083
0.0001,4202.0,12.983065643310546,0.9279674577713013
0.0001,4203.0,12.98306583404541,0.927967267036438
0.0001,4204.0,12.98306583404541,0.9279671049118041
0.0001,4205.0,12.983065795898437,0.9279668831825256
0.0001,4206.0,12.983065643310546,0.9279667639732361
0.0001,4207.0,12.983065986633301,0.9279666447639465
0.0001,4208.0,12.98306568145752,0.9279665470123291
0.0001,4209.0,12.983065643310546,0.9279663133621217
0.0001,4210.0,12.983066139221192,0.9279662322998047
0.0001,4211.0,12.983065795898437,0.9279660320281983
0.0001,4212.0,12.983065795898437,0.9279659295082092
0.0001,4213.0,12.983065795898437,0.9279658198356628
0.0001,4214.0,12.983066177368164,0.9279656577110291
0.0001,4215.0,12.983065528869629,0.9279654622077942
0.0001,4216.0,12.98306568145752,0.9279654026031494
0.0001,4217.0,12.983065948486328,0.9279652452468872
0.0001,4218.0,12.983065528869629,0.9279650831222535
0.0001,4219.0,12.983065528869629,0.9279648876190186
0.0001,4220.0,12.983065338134764,0.9279647469520569
0.0001,4221.0,12.98306568145752,0.927964551448822
0.0001,4222.0,12.98306568145752,0.9279645133018494
0.0001,4223.0,12.983065490722655,0.9279643559455872
0.0001,4224.0,12.983065338134764,0.9279642152786254
0.0001,4225.0,12.98306568145752,0.9279640531539917
0.0001,4226.0,12.98306568145752,0.9279639506340027
0.0001,4227.0,12.983065643310546,0.9279638743400573
0.0001,4228.0,12.983065643310546,0.9279636406898499
0.0001,4229.0,12.9830655670166,0.9279634833335877
0.0001,4230.0,12.983065376281738,0.9279634404182435
0.0001,4231.0,12.983065223693847,0.9279631853103638
0.0001,4232.0,12.983065376281738,0.9279631423950195
0.0001,4233.0,12.983065376281738,0.9279629802703857
0.0001,4234.0,12.983065071105957,0.9279627680778503
0.0001,4235.0,12.983065528869629,0.9279625725746155
0.0001,4236.0,12.983065376281738,0.9279625296592713
0.0001,4237.0,12.983065528869629,0.9279623126983643
0.0001,4238.0,12.983065223693847,0.9279622316360474
0.0001,4239.0,12.983065032958983,0.927962155342102
0.0001,4240.0,12.983065376281738,0.9279619979858398
0.0001,4241.0,12.983065376281738,0.9279617977142334
0.0001,4242.0,12.983065643310546,0.9279616999626159
0.0001,4243.0,12.983065185546874,0.9279615807533264
0.0001,4244.0,12.98306541442871,0.9279613423347473
0.0001,4245.0,12.983065223693847,0.927961266040802
0.0001,4246.0,12.983065071105957,0.9279611253738403
0.0001,4247.0,12.983065528869629,0.9279609632492065
0.0001,4248.0,12.983065719604491,0.9279607677459718
0.0001,4249.0,12.983065528869629,0.9279607343673706
0.0001,4250.0,12.983065071105957,0.9279605174064637
0.0001,4251.0,12.983065872192382,0.9279604363441467
0.0001,4252.0,12.983065376281738,0.9279602742195129
0.0001,4253.0,12.983065376281738,0.9279602360725403
0.0001,4254.0,12.983065528869629,0.9279600620269775
0.0001,4255.0,12.9830655670166,0.9279598665237426
0.0001,4256.0,12.98306541442871,0.9279597091674805
0.0001,4257.0,12.983065261840819,0.927959589958191
0.0001,4258.0,12.983065261840819,0.9279594707489014
0.0001,4259.0,12.983065261840819,0.9279594111442566
0.0001,4260.0,12.983065109252928,0.9279592108726502
0.0001,4261.0,12.983064765930175,0.9279590916633607
0.0001,4262.0,12.983065071105957,0.9279589176177978
0.0001,4263.0,12.98306541442871,0.9279587936401368
0.0001,4264.0,12.983065261840819,0.9279587507247924
0.0001,4265.0,12.983065071105957,0.9279585981369018
0.0001,4266.0,12.983065071105957,0.9279583263397216
0.0001,4267.0,12.983065261840819,0.927958300113678
0.0001,4268.0,12.983065223693847,0.9279580998420716
0.0001,4269.0,12.983065071105957,0.9279579854011536
0.0001,4270.0,12.983065376281738,0.9279579257965087
0.0001,4271.0,12.98306541442871,0.9279577684402466
0.0001,4272.0,12.983064956665038,0.9279576063156127
0.0001,4273.0,12.983065261840819,0.9279575252532959
0.0001,4274.0,12.983065109252928,0.9279574489593506
0.0001,4275.0,12.983065261840819,0.9279571938514709
0.0001,4276.0,12.983065261840819,0.9279571080207825
0.0001,4277.0,12.983065223693847,0.9279568910598754
0.0001,4278.0,12.983065223693847,0.9279568147659301
0.0001,4279.0,12.98306541442871,0.9279566526412963
0.0001,4280.0,12.983065261840819,0.9279566144943237
0.0001,4281.0,12.983065376281738,0.9279562783241272
0.0001,4282.0,12.983065071105957,0.9279562401771546
0.0001,4283.0,12.983065452575683,0.9279561972618103
0.0001,4284.0,12.983064956665038,0.9279559254646301
0.0001,4285.0,12.983064804077147,0.9279558181762695
0.0001,4286.0,12.983065109252928,0.9279558229446412
0.0001,4287.0,12.983065109252928,0.9279555082321167
0.0001,4288.0,12.983064956665038,0.9279554653167725
0.0001,4289.0,12.983064956665038,0.9279553127288818
0.0001,4290.0,12.983064804077147,0.9279552102088928
0.0001,4291.0,12.98306541442871,0.9279551339149474
0.0001,4292.0,12.98306495666504,0.9279550528526306
0.0001,4293.0,12.983064804077147,0.927954912185669
0.0001,4294.0,12.983064765930177,0.9279547500610352
0.0001,4295.0,12.983065261840819,0.9279545545578003
0.0001,4296.0,12.98306510925293,0.927954375743866
0.0001,4297.0,12.983064956665038,0.927954261302948
0.0001,4298.0,12.983065071105957,0.9279542183876037
0.0001,4299.0,12.983064994812011,0.9279541039466859
0.0001,4300.0,12.983064994812011,0.9279540228843689
0.0001,4301.0,12.983064804077147,0.9279538059234619
0.0001,4302.0,12.98306480407715,0.9279535627365112
0.0001,4303.0,12.983064994812011,0.927953519821167
0.0001,4304.0,12.98306510925293,0.9279533839225769
0.0001,4305.0,12.98306510925293,0.9279533076286316
0.0001,4306.0,12.98306495666504,0.9279531884193419
0.0001,4307.0,12.983065261840819,0.9279531121253968
0.0001,4308.0,12.983065261840819,0.9279529929161072
0.0001,4309.0,12.983065109252928,0.9279528737068176
0.0001,4310.0,12.983064956665038,0.9279527759552002
0.0001,4311.0,12.98306541442871,0.9279525375366211
0.0001,4312.0,12.983065147399902,0.9279524993896484
0.0001,4313.0,12.98306484222412,0.9279524183273316
0.0001,4314.0,12.983064994812011,0.9279522228240966
0.0001,4315.0,12.983064956665038,0.9279520010948181
0.0001,4316.0,12.983064994812011,0.9279519629478454
0.0001,4317.0,12.983064537048339,0.9279518437385559
0.0001,4318.0,12.983064346313476,0.9279517078399658
0.0001,4319.0,12.983064804077149,0.9279517030715942
0.0001,4320.0,12.98306468963623,0.9279514598846436
0.0001,4321.0,12.98306484222412,0.9279512476921081
0.0001,4322.0,12.983064804077147,0.9279512095451355
0.0001,4323.0,12.983064651489258,0.9279511284828186
0.0001,4324.0,12.983064994812011,0.9279509329795836
0.0001,4325.0,12.983064804077149,0.927950792312622
0.0001,4326.0,12.983065109252928,0.9279507541656493
0.0001,4327.0,12.983064804077147,0.9279505968093872
0.0001,4328.0,12.983064804077147,0.9279504823684692
0.0001,4329.0,12.983064994812011,0.9279503965377807
0.0001,4330.0,12.98306484222412,0.9279502391815185
0.0001,4331.0,12.983064384460448,0.9279501795768738
0.0001,4332.0,12.98306468963623,0.9279500222206115
0.0001,4333.0,12.983064689636231,0.9279499030113221
0.0001,4334.0,12.983064384460452,0.9279496097564697
0.0001,4335.0,12.983064231872559,0.9279495286941528
0.0001,4336.0,12.983064651489258,0.9279494857788085
0.0001,4337.0,12.983064689636231,0.9279492855072021
0.0001,4338.0,12.98306453704834,0.9279492259025575
0.0001,4339.0,12.98306453704834,0.9279490685462952
0.0001,4340.0,12.983064193725587,0.9279489922523498
0.0001,4341.0,12.98306453704834,0.9279489159584046
0.0001,4342.0,12.983064842224122,0.9279487967491149
0.0001,4343.0,12.98306453704834,0.9279486560821533
0.0001,4344.0,12.983064498901369,0.9279486179351806
0.0001,4345.0,12.983064804077149,0.9279484176635742
0.0001,4346.0,12.983064727783203,0.9279482603073119
0.0001,4347.0,12.983064384460452,0.9279480814933776
0.0001,4348.0,12.983064384460452,0.9279479575157166
0.0001,4349.0,12.983064842224122,0.9279478812217712
0.0001,4350.0,12.983064880371094,0.9279478049278259
0.0001,4351.0,12.983064689636231,0.9279476857185365
0.0001,4352.0,12.98306453704834,0.927947587966919
0.0001,4353.0,12.98306453704834,0.9279475498199463
0.0001,4354.0,12.983065109252928,0.9279473495483398
0.0001,4355.0,12.983064842224122,0.9279472732543945
0.0001,4356.0,12.983064537048342,0.9279469704627991
0.0001,4357.0,12.983064842224124,0.9279469323158265
0.0001,4358.0,12.983064651489258,0.9279468941688538
0.0001,4359.0,12.983064727783203,0.9279467320442201
0.0001,4360.0,12.983064727783205,0.9279466557502747
0.0001,4361.0,12.983064422607423,0.927946515083313
0.0001,4362.0,12.983064537048342,0.9279464769363404
0.0001,4363.0,12.983064689636231,0.9279462814331055
0.0001,4364.0,12.983064575195314,0.9279462385177613
0.0001,4365.0,12.983064270019533,0.9279461193084717
0.0001,4366.0,12.983064537048342,0.9279459834098815
0.0001,4367.0,12.98306438446045,0.9279457831382751
0.0001,4368.0,12.983064575195312,0.9279457068443299
0.0001,4369.0,12.98306438446045,0.9279455661773681
0.0001,4370.0,12.983064384460452,0.9279453754425049
0.0001,4371.0,12.983064384460452,0.9279452896118164
0.0001,4372.0,12.98306438446045,0.9279452133178712
0.0001,4373.0,12.983064537048342,0.9279450941085815
0.0001,4374.0,12.983064537048342,0.9279449534416199
0.0001,4375.0,12.98306453704834,0.9279449534416199
0.0001,4376.0,12.98306438446045,0.9279447531700135
0.0001,4377.0,12.983064422607423,0.9279446387290955
0.0001,4378.0,12.983064575195314,0.9279445195198058
0.0001,4379.0,12.983064117431642,0.9279443788528443
0.0001,4380.0,12.983064270019533,0.9279443025588989
0.0001,4381.0,12.98306453704834,0.9279441404342651
0.0001,4382.0,12.983064575195312,0.9279441404342651
0.0001,4383.0,12.983064575195312,0.927943983078003
0.0001,4384.0,12.98306423187256,0.9279438090324402
0.0001,4385.0,12.98306438446045,0.9279438090324402
0.0001,4386.0,12.983064422607422,0.9279436898231506
0.0001,4387.0,12.983064727783203,0.9279434895515442
0.0001,4388.0,12.983064384460452,0.9279434132575989
0.0001,4389.0,12.983064384460452,0.9279433155059814
0.0001,4390.0,12.98306453704834,0.9279431200027466
0.0001,4391.0,12.983064765930179,0.9279429149627685
0.0001,4392.0,12.983064575195314,0.9279428768157959
0.0001,4393.0,12.983064422607423,0.9279427790641784
0.0001,4394.0,12.983064270019533,0.9279426217079163
0.0001,4395.0,12.983064117431642,0.927942659854889
0.0001,4396.0,12.983064422607423,0.9279424977302552
0.0001,4397.0,12.983064117431642,0.9279423618316651
0.0001,4398.0,12.983063964843751,0.927942247390747
0.0001,4399.0,12.983064117431642,0.9279422092437744
0.0001,4400.0,12.98306438446045,0.9279420900344849
0.0001,4401.0,12.983064422607422,0.9279419708251953
0.0001,4402.0,12.983064270019533,0.9279418468475341
0.0001,4403.0,12.98306423187256,0.9279417109489441
0.0001,4404.0,12.983064079284668,0.9279415917396545
0.0001,4405.0,12.983064422607423,0.9279414296150208
0.0001,4406.0,12.983064270019533,0.9279413533210754
0.0001,4407.0,12.98306423187256,0.9279413533210754
0.0001,4408.0,12.983064537048342,0.927941255569458
0.0001,4409.0,12.98306423187256,0.9279410982131958
0.0001,4410.0,12.983064308166506,0.9279410219192505
0.0001,4411.0,12.983064422607423,0.9279408264160156
0.0001,4412.0,12.983064117431642,0.9279407501220704
0.0001,4413.0,12.983064117431642,0.9279405999183655
0.0001,4414.0,12.983064422607422,0.9279405236244201
0.0001,4415.0,12.983064575195312,0.9279403614997864
0.0001,4416.0,12.983064270019533,0.9279402256011964
0.0001,4417.0,12.983064270019533,0.9279402208328247
0.0001,4418.0,12.983064270019533,0.9279400253295899
0.0001,4419.0,12.983064727783205,0.9279399490356445
0.0001,4420.0,12.983064422607423,0.9279399442672729
0.0001,4421.0,12.983064270019533,0.9279398250579834
0.0001,4422.0,12.983064575195314,0.9279396510124207
0.0001,4423.0,12.983064384460452,0.9279394936561585
0.0001,4424.0,12.983064308166506,0.9279393744468689
0.0001,4425.0,12.983064460754397,0.9279393362998962
0.0001,4426.0,12.983064308166506,0.9279392170906067
0.0001,4427.0,12.983063964843751,0.9279391193389892
0.0001,4428.0,12.983063964843751,0.927939076423645
0.0001,4429.0,12.983064270019533,0.9279389238357543
0.0001,4430.0,12.983064155578615,0.9279387664794921
0.0001,4431.0,12.983063850402834,0.92793860912323
0.0001,4432.0,12.983064117431642,0.9279386854171754
0.0001,4433.0,12.98306411743164,0.9279385018348694
0.0001,4434.0,12.983064155578615,0.9279384636878968
0.0001,4435.0,12.983064422607423,0.9279383492469788
0.0001,4436.0,12.983064117431642,0.927938072681427
0.0001,4437.0,12.98306381225586,0.9279379701614381
0.0001,4438.0,12.983063964843751,0.9279379320144654
0.0001,4439.0,12.983064613342288,0.9279378128051758
0.0001,4440.0,12.983064270019533,0.9279377794265746
0.0001,4441.0,12.983063964843751,0.9279375529289247
0.0001,4442.0,12.983064117431642,0.9279375100135803
0.0001,4443.0,12.983064270019533,0.9279372715950012
0.0001,4444.0,12.983064308166506,0.9279372334480285
0.0001,4445.0,12.983064002990725,0.9279371571540833
0.0001,4446.0,12.983063850402834,0.9279370212554932
0.0001,4447.0,12.983064002990725,0.9279369449615479
0.0001,4448.0,12.983063964843751,0.9279369020462036
0.0001,4449.0,12.98306381225586,0.927936782836914
0.0001,4450.0,12.983064002990725,0.9279365825653076
0.0001,4451.0,12.983063850402834,0.927936544418335
0.0001,4452.0,12.98306365966797,0.9279364085197449
0.0001,4453.0,12.983063964843751,0.9279363274574279
0.0001,4454.0,12.983064002990725,0.9279362082481384
0.0001,4455.0,12.983064002990725,0.9279361319541931
0.0001,4456.0,12.98306381225586,0.9279359912872315
0.0001,4457.0,12.98306381225586,0.9279359865188599
0.0001,4458.0,12.98306365966797,0.9279358673095703
0.0001,4459.0,12.983063964843751,0.9279356718063354
0.0001,4460.0,12.983064117431642,0.9279356288909912
0.0001,4461.0,12.983063964843751,0.9279354929924011
0.0001,4462.0,12.983063964843751,0.9279353308677674
0.0001,4463.0,12.983063964843751,0.9279352927207947
0.0001,4464.0,12.98306381225586,0.9279351353645324
0.0001,4465.0,12.983064002990725,0.9279350757598878
0.0001,4466.0,12.983064002990725,0.9279349827766419
0.0001,4467.0,12.983063850402834,0.9279349613189698
0.0001,4468.0,12.983063697814943,0.9279348373413085
0.0001,4469.0,12.983064117431642,0.9279347991943359
0.0001,4470.0,12.983064002990725,0.9279346799850464
0.0001,4471.0,12.983064002990725,0.9279345655441285
0.0001,4472.0,12.983063850402834,0.9279344081878662
0.0001,4473.0,12.98306381225586,0.9279343056678773
0.0001,4474.0,12.983063964843751,0.9279342722892762
0.0001,4475.0,12.983064460754397,0.9279341435432434
0.0001,4476.0,12.983064002990725,0.9279340672492981
0.0001,4477.0,12.983064155578615,0.9279340076446534
0.0001,4478.0,12.983063964843751,0.9279338884353637
0.0001,4479.0,12.983064270019533,0.9279336547851562
0.0001,4480.0,12.983064346313478,0.9279336977005005
0.0001,4481.0,12.983063888549806,0.927933578491211
0.0001,4482.0,12.983063850402834,0.9279334592819214
0.0001,4483.0,12.983063850402834,0.9279333019256591
0.0001,4484.0,12.983063697814943,0.9279332804679871
0.0001,4485.0,12.983063545227052,0.9279331994056701
0.0001,4486.0,12.983063888549806,0.9279331183433532
0.0001,4487.0,12.983063697814943,0.9279330420494079
0.0001,4488.0,12.983063392639162,0.9279328250885011
0.0001,4489.0,12.983063392639162,0.9279327821731568
0.0001,4490.0,12.983063697814943,0.9279327058792114
0.0001,4491.0,12.983063850402834,0.9279326248168946
0.0001,4492.0,12.983063850402834,0.9279325437545776
0.0001,4493.0,12.983063697814943,0.9279324674606324
0.0001,4494.0,12.983063545227052,0.9279323863983154
0.0001,4495.0,12.98306365966797,0.9279322886466981
0.0001,4496.0,12.983064155578615,0.9279321312904358
0.0001,4497.0,12.983063850402834,0.9279319310188293
0.0001,4498.0,12.983063697814943,0.927931854724884
0.0001,4499.0,12.98306381225586,0.9279317784309388
0.0001,4500.0,12.98306381225586,0.9279317140579224
0.0001,4501.0,12.98306381225586,0.9279316759109497
0.0001,4502.0,12.983064041137697,0.9279315614700318
0.0001,4503.0,12.983063583374024,0.9279314804077148
0.0001,4504.0,12.983063545227052,0.9279314422607422
0.0001,4505.0,12.983063545227052,0.9279312801361084
0.0001,4506.0,12.983063850402834,0.9279312205314636
0.0001,4507.0,12.983064041137697,0.927931101322174
0.0001,4508.0,12.983063850402834,0.9279309821128845
0.0001,4509.0,12.983063545227052,0.9279309010505676
0.0001,4510.0,12.983063697814943,0.9279307866096496
0.0001,4511.0,12.983063850402834,0.9279306888580323
0.0001,4512.0,12.983064308166506,0.9279306459426879
0.0001,4513.0,12.983064002990725,0.9279306077957152
0.0001,4514.0,12.983063697814943,0.9279304885864258
0.0001,4515.0,12.983064002990725,0.9279303312301637
0.0001,4516.0,12.983064002990725,0.9279302501678467
0.0001,4517.0,12.983063507080079,0.9279301905632018
0.0001,4518.0,12.983063735961915,0.9279300332069397
0.0001,4519.0,12.983063888549806,0.9279299092292785
0.0001,4520.0,12.983063735961915,0.9279299092292785
0.0001,4521.0,12.983063583374024,0.9279298329353332
0.0001,4522.0,12.983063430786133,0.9279296541213988
0.0001,4523.0,12.983063697814943,0.927929539680481
0.0001,4524.0,12.983063583374024,0.9279293775558473
0.0001,4525.0,12.983063430786133,0.9279293012619019
0.0001,4526.0,12.983063430786133,0.927929220199585
0.0001,4527.0,12.983063392639162,0.9279291605949402
0.0001,4528.0,12.983063545227052,0.9279290413856507
0.0001,4529.0,12.983063583374024,0.927929003238678
0.0001,4530.0,12.983063888549806,0.927928922176361
0.0001,4531.0,12.983063583374024,0.9279288411140443
0.0001,4532.0,12.983063545227052,0.9279287648200989
0.0001,4533.0,12.98306324005127,0.9279287648200989
0.0001,4534.0,12.983063697814943,0.9279285478591919
0.0001,4535.0,12.983063888549806,0.9279283905029297
0.0001,4536.0,12.983063735961915,0.9279283094406128
0.0001,4537.0,12.983063697814943,0.9279282665252686
0.0001,4538.0,12.983063545227052,0.9279282069206237
0.0001,4539.0,12.983063697814943,0.9279280495643616
0.0001,4540.0,12.983063850402834,0.9279279255867006
0.0001,4541.0,12.983063888549806,0.9279278492927552
0.0001,4542.0,12.983063430786133,0.9279277515411377
0.0001,4543.0,12.983063430786133,0.9279276752471923
0.0001,4544.0,12.983063583374024,0.9279275560379028
0.0001,4545.0,12.983063583374024,0.9279275560379028
0.0001,4546.0,12.983063545227052,0.9279274320602416
0.0001,4547.0,12.983063888549806,0.9279273557662964
0.0001,4548.0,12.983063735961915,0.9279272532463073
0.0001,4549.0,12.983063583374024,0.927927176952362
0.0001,4550.0,12.983063430786133,0.9279270625114441
0.0001,4551.0,12.983063697814943,0.9279269814491271
0.0001,4552.0,12.983063888549806,0.927926905155182
0.0001,4553.0,12.983063735961915,0.9279267811775207
0.0001,4554.0,12.983063583374024,0.9279266452789307
0.0001,4555.0,12.983063697814943,0.9279266452789307
0.0001,4556.0,12.983063545227052,0.9279264879226684
0.0001,4557.0,12.983063850402834,0.9279263305664063
0.0001,4558.0,12.98306392669678,0.927926368713379
0.0001,4559.0,12.983063774108889,0.927926287651062
0.0001,4560.0,12.983063430786133,0.927926206588745
0.0001,4561.0,12.983063430786133,0.9279261088371277
0.0001,4562.0,12.983063583374024,0.9279259896278382
0.0001,4563.0,12.983063430786133,0.9279259467124938
0.0001,4564.0,12.983063621520998,0.927925865650177
0.0001,4565.0,12.983063430786133,0.9279256749153137
0.0001,4566.0,12.983063278198243,0.927925615310669
0.0001,4567.0,12.983062973022461,0.9279256534576417
0.0001,4568.0,12.983063125610352,0.9279255723953247
0.0001,4569.0,12.983063583374024,0.927925534248352
0.0001,4570.0,12.983063583374024,0.927925295829773
0.0001,4571.0,12.983063430786133,0.927925214767456
0.0001,4572.0,12.983063278198243,0.9279251170158387
0.0001,4573.0,12.983063430786133,0.9279250407218933
0.0001,4574.0,12.983063583374024,0.9279249262809753
0.0001,4575.0,12.983063545227052,0.9279248452186584
0.0001,4576.0,12.983063735961915,0.9279247641563415
0.0001,4577.0,12.983063430786133,0.9279247260093688
0.0001,4578.0,12.983063278198243,0.9279246830940246
0.0001,4579.0,12.983063583374024,0.9279245471954345
0.0001,4580.0,12.983063545227052,0.9279244661331176
0.0001,4581.0,12.983063545227052,0.9279243898391724
0.0001,4582.0,12.983063316345216,0.9279242658615112
0.0001,4583.0,12.983063468933107,0.9279242324829102
0.0001,4584.0,12.983063430786133,0.927924108505249
0.0001,4585.0,12.983063430786133,0.927923994064331
0.0001,4586.0,12.983063278198243,0.9279239726066589
0.0001,4587.0,12.983063278198243,0.9279238533973694
0.0001,4588.0,12.983063163757325,0.9279237723350524
0.0001,4589.0,12.983063163757325,0.9279236912727357
0.0001,4590.0,12.983062973022461,0.9279236149787903
0.0001,4591.0,12.983062973022461,0.9279235553741456
0.0001,4592.0,12.983063278198243,0.9279234790802002
0.0001,4593.0,12.983063125610352,0.9279233598709107
0.0001,4594.0,12.983063278198243,0.927923240661621
0.0001,4595.0,12.983063430786133,0.9279231595993043
0.0001,4596.0,12.983063278198243,0.9279230785369873
0.0001,4597.0,12.983063278198243,0.9279230403900146
0.0001,4598.0,12.983063125610352,0.9279229378700257
0.0001,4599.0,12.983062973022461,0.9279228568077087
0.0001,4600.0,12.983063583374024,0.9279227757453918
0.0001,4601.0,12.983063430786133,0.9279226613044738
0.0001,4602.0,12.983063278198243,0.9279225635528565
0.0001,4603.0,12.983063430786133,0.9279225254058838
0.0001,4604.0,12.983063430786133,0.9279224061965943
0.0001,4605.0,12.983063278198243,0.9279222440719606
0.0001,4606.0,12.98306324005127,0.9279222059249879
0.0001,4607.0,12.983063468933107,0.9279221248626709
0.0001,4608.0,12.983063316345216,0.9279220867156983
0.0001,4609.0,12.983063163757325,0.9279220867156983
0.0001,4610.0,12.983063278198243,0.9279220104217529
0.0001,4611.0,12.983063430786133,0.927921826839447
0.0001,4612.0,12.983063278198243,0.927921724319458
0.0001,4613.0,12.983063316345216,0.9279216694831849
0.0001,4614.0,12.983063468933107,0.9279215717315674
0.0001,4615.0,12.983063430786133,0.9279214525222779
0.0001,4616.0,12.983062973022461,0.9279214525222779
0.0001,4617.0,12.983063125610352,0.9279213333129883
0.0001,4618.0,12.983063583374024,0.9279212951660156
0.0001,4619.0,12.983063774108889,0.9279212522506715
0.0001,4620.0,12.983063430786133,0.9279211759567261
0.0001,4621.0,12.983063278198243,0.9279211330413819
0.0001,4622.0,12.983063583374024,0.9279210948944092
0.0001,4623.0,12.983063583374024,0.9279209160804749
0.0001,4624.0,12.983063430786133,0.9279208397865296
0.0001,4625.0,12.983063278198243,0.9279206824302674
0.0001,4626.0,12.983063468933107,0.9279206013679504
0.0001,4627.0,12.983063468933107,0.9279205036163329
0.0001,4628.0,12.983063163757325,0.9279204654693604
0.0001,4629.0,12.983063163757325,0.9279203844070434
0.0001,4630.0,12.983062973022461,0.9279203081130982
0.0001,4631.0,12.983063125610352,0.927920265197754
0.0001,4632.0,12.983063125610352,0.9279202222824097
0.0001,4633.0,12.983063163757325,0.9279201459884643
0.0001,4634.0,12.983062858581544,0.927919988632202
0.0001,4635.0,12.983063011169435,0.9279199123382569
0.0001,4636.0,12.983063125610352,0.9279198908805848
0.0001,4637.0,12.983063125610352,0.9279198527336121
0.0001,4638.0,12.983063125610352,0.9279198145866394
0.0001,4639.0,12.983063621520998,0.9279196524620056
0.0001,4640.0,12.983063163757325,0.9279195761680603
0.0001,4641.0,12.983062973022461,0.9279194736480713
0.0001,4642.0,12.983062973022461,0.9279194355010987
0.0001,4643.0,12.983063125610352,0.9279194355010987
0.0001,4644.0,12.983063125610352,0.9279193162918091
0.0001,4645.0,12.983063468933107,0.9279191589355469
0.0001,4646.0,12.983063278198243,0.9279190397262573
0.0001,4647.0,12.983063278198243,0.9279190397262573
0.0001,4648.0,12.983063278198243,0.9279189586639405
0.0001,4649.0,12.983063125610352,0.927918860912323
0.0001,4650.0,12.983063278198243,0.9279188227653503
0.0001,4651.0,12.983063430786133,0.9279187846183776
0.0001,4652.0,12.983063201904297,0.9279187417030335
0.0001,4653.0,12.983063011169435,0.9279186224937439
0.0001,4654.0,12.983062858581544,0.9279186224937439
0.0001,4655.0,12.983063011169435,0.9279185461997986
0.0001,4656.0,12.983063163757325,0.9279184436798096
0.0001,4657.0,12.983063430786133,0.9279183626174927
0.0001,4658.0,12.983063278198243,0.9279182815551759
0.0001,4659.0,12.983063011169435,0.9279181671142578
0.0001,4660.0,12.983063163757325,0.9279179668426514
0.0001,4661.0,12.983063316345216,0.927917890548706
0.0001,4662.0,12.983063163757325,0.9279178690910339
0.0001,4663.0,12.983063316345216,0.9279177927970886
0.0001,4664.0,12.983062973022461,0.9279177117347717
0.0001,4665.0,12.983063468933107,0.927917673587799
0.0001,4666.0,12.983063468933107,0.9279175925254822
0.0001,4667.0,12.983063468933107,0.9279174733161926
0.0001,4668.0,12.983063430786133,0.92791743516922
0.0001,4669.0,12.983063125610352,0.9279172563552857
0.0001,4670.0,12.983063278198243,0.927917218208313
0.0001,4671.0,12.983063278198243,0.9279171800613403
0.0001,4672.0,12.983063354492188,0.9279171800613403
0.0001,4673.0,12.983063049316407,0.9279170560836792
0.0001,4674.0,12.983063011169435,0.927916898727417
0.0001,4675.0,12.983063163757325,0.927916898727417
0.0001,4676.0,12.983063163757325,0.9279168605804443
0.0001,4677.0,12.983063011169435,0.9279167580604553
0.0001,4678.0,12.983062858581544,0.927916600704193
0.0001,4679.0,12.983062896728516,0.9279165577888489
0.0001,4680.0,12.983063011169435,0.9279164218902587
0.0001,4681.0,12.983063011169435,0.9279163837432862
0.0001,4682.0,12.983063011169435,0.9279163026809693
0.0001,4683.0,12.983062553405762,0.927916259765625
0.0001,4684.0,12.983062858581544,0.9279161834716796
0.0001,4685.0,12.983063011169435,0.9279161071777344
0.0001,4686.0,12.983063011169435,0.9279161453247071
0.0001,4687.0,12.983063316345216,0.9279160261154175
0.0001,4688.0,12.983063163757325,0.9279159069061279
0.0001,4689.0,12.983062858581544,0.9279159450531006
0.0001,4690.0,12.983062705993653,0.9279158091545106
0.0001,4691.0,12.98306282043457,0.9279157662391663
0.0001,4692.0,12.983063125610352,0.9279156517982483
0.0001,4693.0,12.983063468933107,0.9279154896736145
0.0001,4694.0,12.983063316345216,0.9279154515266419
0.0001,4695.0,12.983063011169435,0.9279153537750244
0.0001,4696.0,12.983063011169435,0.9279153370857239
0.0001,4697.0,12.983062973022461,0.9279151964187622
0.0001,4698.0,12.983063125610352,0.9279151964187622
0.0001,4699.0,12.983063125610352,0.9279151153564453
0.0001,4700.0,12.983063354492188,0.9279151153564453
0.0001,4701.0,12.983063201904297,0.9279149961471558
0.0001,4702.0,12.983062896728516,0.9279149532318115
0.0001,4703.0,12.983062858581544,0.9279148554801941
0.0001,4704.0,12.983063011169435,0.9279148006439208
0.0001,4705.0,12.983063163757325,0.9279146218299865
0.0001,4706.0,12.983063163757325,0.9279145836830139
0.0001,4707.0,12.983063201904297,0.9279144978523255
0.0001,4708.0,12.983063354492188,0.9279143619537353
0.0001,4709.0,12.983063011169435,0.9279143834114075
0.0001,4710.0,12.983063163757325,0.9279143238067626
0.0001,4711.0,12.983062858581544,0.9279142808914185
0.0001,4712.0,12.983062858581544,0.9279141998291015
0.0001,4713.0,12.983063316345216,0.9279140853881835
0.0001,4714.0,12.983063278198243,0.9279140853881835
0.0001,4715.0,12.983063468933107,0.9279140043258667
0.0001,4716.0,12.983063011169435,0.9279138517379761
0.0001,4717.0,12.983063163757325,0.9279137706756592
0.0001,4718.0,12.983063163757325,0.9279137110710145
0.0001,4719.0,12.983063163757325,0.9279136300086975
0.0001,4720.0,12.983062973022461,0.9279135918617248
0.0001,4721.0,12.983062973022461,0.9279135489463806
0.0001,4722.0,12.983063201904297,0.9279134726524354
0.0001,4723.0,12.983063049316407,0.92791339635849
0.0001,4724.0,12.983063049316407,0.9279133152961732
0.0001,4725.0,12.983063049316407,0.9279132771492005
0.0001,4726.0,12.983062896728516,0.9279131746292113
0.0001,4727.0,12.983062858581544,0.9279131031036376
0.0001,4728.0,12.983063011169435,0.9279129838943481
0.0001,4729.0,12.983062896728516,0.9279129028320312
0.0001,4730.0,12.983062744140625,0.927912859916687
0.0001,4731.0,12.983062744140625,0.9279127836227417
0.0001,4732.0,12.983062896728516,0.9279127788543702
0.0001,4733.0,12.983062858581544,0.9279127025604248
0.0001,4734.0,12.983062553405762,0.9279127192497254
0.0001,4735.0,12.983062705993653,0.9279125571250916
0.0001,4736.0,12.983062705993653,0.9279125571250916
0.0001,4737.0,12.983063201904297,0.9279125189781189
0.0001,4738.0,12.983063201904297,0.9279124379158019
0.0001,4739.0,12.983063011169435,0.9279123401641846
0.0001,4740.0,12.983062858581544,0.9279122638702393
0.0001,4741.0,12.983062705993653,0.9279122209548951
0.0001,4742.0,12.983062553405762,0.9279121446609497
0.0001,4743.0,12.983062858581544,0.927912106513977
0.0001,4744.0,12.983063049316407,0.9279119873046875
0.0001,4745.0,12.983063201904297,0.9279119873046875
0.0001,4746.0,12.983062858581544,0.9279118680953979
0.0001,4747.0,12.983063011169435,0.9279117870330811
0.0001,4748.0,12.983062858581544,0.9279117488861084
0.0001,4749.0,12.983063011169435,0.9279116129875182
0.0001,4750.0,12.983062858581544,0.9279115700721741
0.0001,4751.0,12.983062973022461,0.9279115319252014
0.0001,4752.0,12.983062896728516,0.9279114079475403
0.0001,4753.0,12.983062744140625,0.9279113698005677
0.0001,4754.0,12.983062744140625,0.9279113101959229
0.0001,4755.0,12.983062896728516,0.927911229133606
0.0001,4756.0,12.983062591552734,0.9279111909866333
0.0001,4757.0,12.983062591552734,0.9279111099243165
0.0001,4758.0,12.983062553405762,0.9279109907150268
0.0001,4759.0,12.983062705993653,0.9279109907150268
0.0001,4760.0,12.983062744140625,0.9279109907150268
0.0001,4761.0,12.983062744140625,0.9279109144210815
0.0001,4762.0,12.983062438964843,0.927910795211792
0.0001,4763.0,12.983062286376953,0.9279106807708741
0.0001,4764.0,12.983062438964843,0.9279106163978577
0.0001,4765.0,12.983062705993653,0.9279105019569396
0.0001,4766.0,12.983062705993653,0.9279104590415954
0.0001,4767.0,12.983062744140625,0.9279104208946228
0.0001,4768.0,12.983062896728516,0.9279103398323059
0.0001,4769.0,12.983062896728516,0.9279102635383607
0.0001,4770.0,12.983062438964843,0.9279102420806885
0.0001,4771.0,12.983062400817872,0.9279101991653442
0.0001,4772.0,12.983062553405762,0.9279100799560547
0.0001,4773.0,12.983062705993653,0.9279099225997924
0.0001,4774.0,12.983062705993653,0.9279099988937378
0.0001,4775.0,12.983062896728516,0.9279099225997924
0.0001,4776.0,12.983062744140625,0.9279099225997924
0.0001,4777.0,12.983062705993653,0.9279097652435302
0.0001,4778.0,12.983062858581544,0.9279098200798035
0.0001,4779.0,12.983062858581544,0.9279097437858581
0.0001,4780.0,12.983062858581544,0.9279096293449401
0.0001,4781.0,12.983062705993653,0.9279095101356507
0.0001,4782.0,12.983062705993653,0.9279095101356507
0.0001,4783.0,12.983062744140625,0.9279095101356507
0.0001,4784.0,12.983062896728516,0.9279093909263612
0.0001,4785.0,12.983062896728516,0.9279093098640442
0.0001,4786.0,12.983062591552734,0.9279093098640442
0.0001,4787.0,12.983062438964843,0.9279091739654541
0.0001,4788.0,12.983062591552734,0.9279091310501099
0.0001,4789.0,12.983062858581544,0.9279090881347656
0.0001,4790.0,12.983062858581544,0.9279090452194214
0.0001,4791.0,12.983062744140625,0.9279089736938477
0.0001,4792.0,12.983063049316407,0.9279088497161865
0.0001,4793.0,12.983062744140625,0.9279087734222413
0.0001,4794.0,12.983062744140625,0.9279087519645691
0.0001,4795.0,12.983062591552734,0.9279087519645691
0.0001,4796.0,12.983062553405762,0.9279086709022522
0.0001,4797.0,12.983062705993653,0.9279085898399353
0.0001,4798.0,12.983063011169435,0.9279084753990172
0.0001,4799.0,12.983063049316407,0.927908432483673
0.0001,4800.0,12.983063049316407,0.9279083561897278
0.0001,4801.0,12.983062744140625,0.9279083347320556
0.0001,4802.0,12.983062744140625,0.9279082536697387
0.0001,4803.0,12.983062858581544,0.9279081010818482
0.0001,4804.0,12.983062858581544,0.9279081010818482
0.0001,4805.0,12.983062705993653,0.9279080200195313
0.0001,4806.0,12.983062858581544,0.9279079389572144
0.0001,4807.0,12.983063011169435,0.9279079389572144
0.0001,4808.0,12.983062934875488,0.9279079008102418
0.0001,4809.0,12.983062896728516,0.9279078197479248
0.0001,4810.0,12.983062591552734,0.92790776014328
0.0001,4811.0,12.983062438964843,0.92790776014328
0.0001,4812.0,12.983062591552734,0.9279077219963074
0.0001,4813.0,12.983062744140625,0.9279076075553894
0.0001,4814.0,12.983062744140625,0.9279075217247008
0.0001,4815.0,12.983062782287597,0.9279074025154114
0.0001,4816.0,12.983062591552734,0.9279073643684387
0.0001,4817.0,12.983062438964843,0.9279073429107665
0.0001,4818.0,12.983062286376953,0.9279072666168213
0.0001,4819.0,12.983062438964843,0.9279071855545044
0.0001,4820.0,12.983062286376953,0.9279071474075318
0.0001,4821.0,12.983062438964843,0.9279071044921876
0.0001,4822.0,12.983062896728516,0.9279070663452149
0.0001,4823.0,12.983062705993653,0.9279069900512695
0.0001,4824.0,12.983062438964843,0.9279069471359254
0.0001,4825.0,12.983062744140625,0.9279067897796631
0.0001,4826.0,12.983062591552734,0.9279067564010619
0.0001,4827.0,12.983062591552734,0.9279066371917725
0.0001,4828.0,12.983062591552734,0.9279065608978272
0.0001,4829.0,12.983062744140625,0.9279065394401551
0.0001,4830.0,12.983062553405762,0.9279064583778381
0.0001,4831.0,12.983062705993653,0.9279064154624939
0.0001,4832.0,12.983062744140625,0.9279064106941224
0.0001,4833.0,12.983062896728516,0.9279062962532044
0.0001,4834.0,12.983062744140625,0.9279063129425049
0.0001,4835.0,12.983062591552734,0.9279062366485595
0.0001,4836.0,12.983062553405762,0.9279062366485595
0.0001,4837.0,12.983062553405762,0.9279062366485595
0.0001,4838.0,12.983062553405762,0.9279061937332154
0.0001,4839.0,12.983062858581544,0.9279060363769531
0.0001,4840.0,12.983062858581544,0.9279060363769531
0.0001,4841.0,12.983062782287597,0.9279059600830077
0.0001,4842.0,12.983062438964843,0.9279058837890625
0.0001,4843.0,12.983062438964843,0.9279058027267455
0.0001,4844.0,12.983062591552734,0.9279057598114013
0.0001,4845.0,12.983062591552734,0.9279056835174561
0.0001,4846.0,12.983062744140625,0.9279056620597839
0.0001,4847.0,12.983062896728516,0.9279055428504944
0.0001,4848.0,12.983062744140625,0.9279055047035217
0.0001,4849.0,12.983062782287597,0.9279054284095765
0.0001,4850.0,12.983062896728516,0.9279053425788879
0.0001,4851.0,12.983062896728516,0.9279053044319152
0.0001,4852.0,12.983062744140625,0.9279052662849425
0.0001,4853.0,12.983062744140625,0.9279051256179809
0.0001,4854.0,12.983062591552734,0.9279050874710082
0.0001,4855.0,12.983062286376953,0.9279050064086914
0.0001,4856.0,12.983062591552734,0.9279049682617188
0.0001,4857.0,12.983062705993653,0.9279048919677735
0.0001,4858.0,12.983062858581544,0.9279048538208008
0.0001,4859.0,12.983063049316407,0.9279048156738281
0.0001,4860.0,12.983062744140625,0.9279047727584839
0.0001,4861.0,12.983062744140625,0.927904691696167
0.0001,4862.0,12.983062896728516,0.9279047083854675
0.0001,4863.0,12.983062896728516,0.9279046702384948
0.0001,4864.0,12.983062553405762,0.9279046702384948
0.0001,4865.0,12.983062705993653,0.927904589176178
0.0001,4866.0,12.983062858581544,0.92790447473526
0.0001,4867.0,12.983063087463378,0.9279044318199158
0.0001,4868.0,12.983062934875488,0.9279043555259704
0.0001,4869.0,12.983062782287597,0.9279043555259704
0.0001,4870.0,12.983062477111815,0.927904236316681
0.0001,4871.0,12.983062591552734,0.9279041767120361
0.0001,4872.0,12.983062438964843,0.9279040956497193
0.0001,4873.0,12.983062591552734,0.9279040193557739
0.0001,4874.0,12.983062591552734,0.9279040193557739
0.0001,4875.0,12.983062438964843,0.9279039001464844
0.0001,4876.0,12.983062477111815,0.9279039001464844
0.0001,4877.0,12.983062477111815,0.9279038572311402
0.0001,4878.0,12.983062477111815,0.9279038619995117
0.0001,4879.0,12.983062438964843,0.9279037809371948
0.0001,4880.0,12.983062286376953,0.927903699874878
0.0001,4881.0,12.983062286376953,0.9279035854339599
0.0001,4882.0,12.983062286376953,0.9279035639762878
0.0001,4883.0,12.983062591552734,0.9279035210609436
0.0001,4884.0,12.983062591552734,0.9279035210609436
0.0001,4885.0,12.983062591552734,0.9279034781455994
0.0001,4886.0,12.983062896728516,0.9279034018516541
0.0001,4887.0,12.983062438964843,0.9279033255577087
0.0001,4888.0,12.983062286376953,0.9279033637046814
0.0001,4889.0,12.983062438964843,0.9279032063484192
0.0001,4890.0,12.983062133789062,0.9279031085968017
0.0001,4891.0,12.983062286376953,0.9279031085968017
0.0001,4892.0,12.983062744140625,0.9279029846191407
0.0001,4893.0,12.983062744140625,0.927902946472168
0.0001,4894.0,12.983062858581544,0.927902946472168
0.0001,4895.0,12.983062896728516,0.9279027891159057
0.0001,4896.0,12.983062438964843,0.9279027462005616
0.0001,4897.0,12.983062286376953,0.9279026484489441
0.0001,4898.0,12.983062591552734,0.9279026103019714
0.0001,4899.0,12.983062591552734,0.9279025292396545
0.0001,4900.0,12.983062591552734,0.9279025292396545
0.0001,4901.0,12.983062744140625,0.9279024910926819
0.0001,4902.0,12.983062553405762,0.9279024481773377
0.0001,4903.0,12.983062782287597,0.9279023718833923
0.0001,4904.0,12.983062629699706,0.9279022908210754
0.0001,4905.0,12.983062477111815,0.9279022908210754
0.0001,4906.0,12.983062477111815,0.9279022145271301
0.0001,4907.0,12.983062629699706,0.9279021382331849
0.0001,4908.0,12.983062438964843,0.9279021167755127
0.0001,4909.0,12.983062591552734,0.9279021167755127
0.0001,4910.0,12.983062286376953,0.9279019975662233
0.0001,4911.0,12.983062591552734,0.9279019975662233
0.0001,4912.0,12.983062744140625,0.9279019975662233
0.0001,4913.0,12.983062477111815,0.9279018783569335
0.0001,4914.0,12.983062782287597,0.9279018020629883
0.0001,4915.0,12.983062629699706,0.9279017591476441
0.0001,4916.0,12.983062744140625,0.9279016780853271
0.0001,4917.0,12.983062591552734,0.9279016780853271
0.0001,4918.0,12.983062438964843,0.9279016017913819
0.0001,4919.0,12.983062438964843,0.9279015040397643
0.0001,4920.0,12.983062438964843,0.9279014277458191
0.0001,4921.0,12.983062591552734,0.9279014277458191
0.0001,4922.0,12.983062782287597,0.9279013848304749
0.0001,4923.0,12.983062896728516,0.9279012656211854
0.0001,4924.0,12.983062896728516,0.9279013037681579
0.0001,4925.0,12.983062438964843,0.9279012274742127
0.0001,4926.0,12.983062744140625,0.9279011845588684
0.0001,4927.0,12.983062744140625,0.9279012608528137
0.0001,4928.0,12.983062896728516,0.9279011845588684
0.0001,4929.0,12.983062591552734,0.9279010701179504
0.0001,4930.0,12.983062896728516,0.927901086807251
0.0001,4931.0,12.983062744140625,0.9279010009765625
0.0001,4932.0,12.983062400817872,0.9279010438919068
0.0001,4933.0,12.983062629699706,0.9279009628295898
0.0001,4934.0,12.983062629699706,0.9279008436203003
0.0001,4935.0,12.983062629699706,0.9279007244110107
0.0001,4936.0,12.983062477111819,0.927900664806366
0.0001,4937.0,12.983062324523928,0.927900664806366
0.0001,4938.0,12.983062477111815,0.927900583744049
0.0001,4939.0,12.983062438964843,0.9279004693031312
0.0001,4940.0,12.983062591552734,0.9279003882408141
0.0001,4941.0,12.983062286376953,0.9279003500938414
0.0001,4942.0,12.983062477111815,0.9279003500938414
0.0001,4943.0,12.983062477111815,0.9279002690315247
0.0001,4944.0,12.983062324523928,0.9279001927375793
0.0001,4945.0,12.983062171936037,0.9279001331329346
0.0001,4946.0,12.983062324523928,0.9279001927375793
0.0001,4947.0,12.983062133789064,0.9279000568389892
0.0001,4948.0,12.983062133789062,0.9279000473022461
0.0001,4949.0,12.983061981201171,0.927900013923645
0.0001,4950.0,12.983062286376953,0.9278998947143555
0.0001,4951.0,12.983062438964843,0.9278998136520386
0.0001,4952.0,12.983062477111815,0.9278997325897217
0.0001,4953.0,12.983062782287597,0.9278996562957763
0.0001,4954.0,12.983062629699706,0.9278997325897217
0.0001,4955.0,12.983062286376953,0.92789959192276
0.0001,4956.0,12.983062286376953,0.9278996300697326
0.0001,4957.0,12.983062133789062,0.9278995156288147
0.0001,4958.0,12.983062133789062,0.9278995156288147
0.0001,4959.0,12.983062286376953,0.9278995156288147
0.0001,4960.0,12.983062591552734,0.9278995156288147
0.0001,4961.0,12.983062591552734,0.9278993964195252
0.0001,4962.0,12.983062782287597,0.9278994011878967
0.0001,4963.0,12.983062438964843,0.9278993582725525
0.0001,4964.0,12.983062438964843,0.927899239063263
0.0001,4965.0,12.983062438964843,0.927899239063263
0.0001,4966.0,12.983062591552736,0.9278991746902466
0.0001,4967.0,12.983062438964845,0.927899055480957
0.0001,4968.0,12.983062438964843,0.9278990173339845
0.0001,4969.0,12.983062438964843,0.927899055480957
0.0001,4970.0,12.983062744140625,0.9278989410400391
0.0001,4971.0,12.983062553405762,0.9278989410400391
0.0001,4972.0,12.983062629699706,0.927898859977722
0.0001,4973.0,12.983062477111819,0.9278987836837769
0.0001,4974.0,12.983062324523928,0.9278987407684326
0.0001,4975.0,12.983062324523928,0.9278987407684326
0.0001,4976.0,12.983062477111819,0.9278986430168152
0.0001,4977.0,12.983062324523928,0.9278986430168152
0.0001,4978.0,12.983062477111815,0.927898600101471
0.0001,4979.0,12.983062324523925,0.927898600101471
0.0001,4980.0,12.983062133789062,0.927898485660553
0.0001,4981.0,12.983062286376953,0.9278984475135803
0.0001,4982.0,12.983062171936037,0.9278984475135803
0.0001,4983.0,12.983062324523928,0.9278983235359192
0.0001,4984.0,12.983062324523928,0.927898302078247
0.0001,4985.0,12.983062324523928,0.9278982973098755
0.0001,4986.0,12.983062019348147,0.9278982210159302
0.0001,4987.0,12.983061866760256,0.9278982162475585
0.0001,4988.0,12.983061828613282,0.927897982597351
0.0001,4989.0,12.983061981201171,0.9278980207443237
0.0001,4990.0,12.983062438964843,0.9278980207443237
0.0001,4991.0,12.983062438964843,0.9278979778289795
0.0001,4992.0,12.983062286376953,0.9278979396820068
0.0001,4993.0,12.983062324523925,0.9278978633880616
0.0001,4994.0,12.983062477111815,0.9278978252410889
0.0001,4995.0,12.983062324523925,0.927897765636444
0.0001,4996.0,12.983062133789064,0.9278977274894715
0.0001,4997.0,12.983062133789064,0.9278976893424988
0.0001,4998.0,12.983061981201173,0.9278976893424988
0.0001,4999.0,12.983062133789062,0.9278975701332093
0.0001,5000.0,12.983062286376953,0.9278975272178651
0.0001,5001.0,12.983062438964843,0.9278974938392639
0.0001,5002.0,12.983062438964843,0.9278974509239197
0.0001,5003.0,12.983062629699706,0.9278973698616026
0.0001,5004.0,12.983062477111819,0.9278973102569581
0.0001,5005.0,12.983062286376954,0.9278972721099854
0.0001,5006.0,12.983062133789064,0.9278972339630127
0.0001,5007.0,12.983062438964845,0.9278971481323242
0.0001,5008.0,12.983062438964845,0.9278971481323242
0.0001,5009.0,12.983062438964845,0.9278970336914062
0.0001,5010.0,12.983062591552734,0.9278969907760619
0.0001,5011.0,12.983062286376953,0.9278969144821168
0.0001,5012.0,12.983062286376953,0.9278969144821168
0.0001,5013.0,12.983062286376954,0.9278969144821168
0.0001,5014.0,12.983062324523928,0.9278967952728272
0.0001,5015.0,12.983062477111819,0.9278967571258545
0.0001,5016.0,12.983062324523928,0.9278967952728272
0.0001,5017.0,12.983062324523928,0.9278967952728272
0.0001,5018.0,12.983062324523928,0.9278967738151551
0.0001,5019.0,12.983061866760256,0.9278966975212097
0.0001,5020.0,12.983062019348143,0.9278965735435486
0.0001,5021.0,12.983061981201171,0.9278965353965759
0.0001,5022.0,12.983062286376953,0.9278964972496032
0.0001,5023.0,12.983062438964843,0.9278964543342589
0.0001,5024.0,12.983062438964843,0.9278964161872865
0.0001,5025.0,12.983062477111815,0.9278964161872865
0.0001,5026.0,12.983062629699706,0.9278963565826417
0.0001,5027.0,12.983062629699706,0.9278962373733521
0.0001,5028.0,12.983062171936037,0.9278962373733521
0.0001,5029.0,12.983062324523928,0.9278961944580079
0.0001,5030.0,12.983062171936037,0.9278961181640625
0.0001,5031.0,12.983061981201173,0.9278960800170899
0.0001,5032.0,12.983062133789062,0.927895998954773
0.0001,5033.0,12.983062286376953,0.9278959608078003
0.0001,5034.0,12.983062438964843,0.9278959608078003
0.0001,5035.0,12.983062744140625,0.9278958415985108
0.0001,5036.0,12.983062477111815,0.9278958415985108
0.0001,5037.0,12.983062629699706,0.9278958415985108
0.0001,5038.0,12.983062324523928,0.9278957438468933
0.0001,5039.0,12.983062324523928,0.9278957056999206
0.0001,5040.0,12.983062591552736,0.9278956294059753
0.0001,5041.0,12.983062438964845,0.9278955912590028
0.0001,5042.0,12.983062591552734,0.9278955912590028
0.0001,5043.0,12.983062591552734,0.9278955483436585
0.0001,5044.0,12.983062591552734,0.9278955101966858
0.0001,5045.0,12.983062286376954,0.9278954672813415
0.0001,5046.0,12.983062133789064,0.9278953862190247
0.0001,5047.0,12.9830623626709,0.9278953647613525
0.0001,5048.0,12.98306251525879,0.9278953647613525
0.0001,5049.0,12.98306251525879,0.9278953647613525
0.0001,5050.0,12.983062477111819,0.9278952884674072
0.0001,5051.0,12.983062477111819,0.927895245552063
0.0001,5052.0,12.983062171936037,0.9278951263427735
0.0001,5053.0,12.983061866760256,0.9278951692581177
0.0001,5054.0,12.983062019348147,0.9278950881958008
0.0001,5055.0,12.983062019348147,0.9278950881958008
0.0001,5056.0,12.983062324523928,0.9278950452804565
0.0001,5057.0,12.983062324523928,0.9278949689865112
0.0001,5058.0,12.983062133789064,0.9278948283195496
0.0001,5059.0,12.983062171936037,0.9278947901725769
0.0001,5060.0,12.983062324523928,0.9278947520256042
0.0001,5061.0,12.983062171936037,0.9278947091102601
0.0001,5062.0,12.983061866760256,0.9278946280479431
0.0001,5063.0,12.983061866760256,0.9278945899009705
0.0001,5064.0,12.983061866760256,0.9278945469856263
0.0001,5065.0,12.983062171936034,0.9278944873809815
0.0001,5066.0,12.983062019348143,0.9278944873809815
0.0001,5067.0,12.983062324523925,0.9278944492340088
0.0001,5068.0,12.983062438964843,0.9278944110870361
0.0001,5069.0,12.983062286376953,0.9278943300247193
0.0001,5070.0,12.983062171936037,0.9278942918777466
0.0001,5071.0,12.983062324523928,0.9278942155838013
0.0001,5072.0,12.983062324523928,0.9278942537307739
0.0001,5073.0,12.983062019348147,0.9278941297531128
0.0001,5074.0,12.983062019348147,0.9278940534591674
0.0001,5075.0,12.983062171936037,0.9278940153121948
0.0001,5076.0,12.983062171936037,0.9278939771652222
0.0001,5077.0,12.983062286376953,0.927893934249878
0.0001,5078.0,12.983061981201173,0.9278939390182495
0.0001,5079.0,12.983062286376954,0.9278938198089599
0.0001,5080.0,12.983061981201173,0.9278938746452331
0.0001,5081.0,12.983062133789064,0.9278938364982605
0.0001,5082.0,12.983062171936037,0.9278937983512878
0.0001,5083.0,12.983062324523928,0.9278937983512878
0.0001,5084.0,12.983062324523928,0.9278937125205994
0.0001,5085.0,12.983062324523928,0.9278936743736267
0.0001,5086.0,12.983062591552736,0.9278936743736267
0.0001,5087.0,12.983062286376954,0.9278935980796814
0.0001,5088.0,12.983062286376954,0.9278935599327087
0.0001,5089.0,12.983062133789064,0.9278934192657471
0.0001,5090.0,12.983062133789064,0.9278934192657471
0.0001,5091.0,12.983062286376954,0.9278933811187744
0.0001,5092.0,12.983062286376954,0.9278933811187744
0.0001,5093.0,12.9830623626709,0.9278933000564575
0.0001,5094.0,12.98306251525879,0.9278933048248291
0.0001,5095.0,12.983062477111819,0.9278932237625122
0.0001,5096.0,12.983062171936037,0.9278932237625122
0.0001,5097.0,12.983062171936037,0.9278931045532226
0.0001,5098.0,12.983062019348147,0.9278931045532226
0.0001,5099.0,12.983062019348147,0.9278931045532226
0.0001,5100.0,12.983062019348147,0.9278930616378784
0.0001,5101.0,12.983062324523925,0.9278930234909057
0.0001,5102.0,12.983062019348143,0.9278929042816162
0.0001,5103.0,12.983062477111815,0.9278929042816162
0.0001,5104.0,12.983062324523925,0.9278928446769714
0.0001,5105.0,12.983062438964843,0.9278928065299987
0.0001,5106.0,12.983062171936037,0.9278927636146546
0.0001,5107.0,12.983062477111819,0.9278926491737365
0.0001,5108.0,12.983062324523928,0.9278926062583923
0.0001,5109.0,12.983062324523928,0.927892563343048
0.0001,5110.0,12.983062477111819,0.9278925251960755
0.0001,5111.0,12.983062324523928,0.9278924608230591
0.0001,5112.0,12.983062324523925,0.9278924989700317
0.0001,5113.0,12.983062324523925,0.9278924226760864
0.0001,5114.0,12.983062438964843,0.9278923463821411
0.0001,5115.0,12.983062286376954,0.9278924226760864
0.0001,5116.0,12.983062286376954,0.9278923845291137
0.0001,5117.0,12.983062133789064,0.9278923797607421
0.0001,5118.0,12.983062477111819,0.9278923845291137
0.0001,5119.0,12.983062477111819,0.9278922700881957
0.0001,5120.0,12.983062477111819,0.9278922271728516
0.0001,5121.0,12.983062477111819,0.9278921508789062
0.0001,5122.0,12.983062324523928,0.9278921890258789
0.0001,5123.0,12.983062477111819,0.9278920650482178
0.0001,5124.0,12.983062438964845,0.9278920269012451
0.0001,5125.0,12.983062286376954,0.9278919887542725
0.0001,5126.0,12.983062286376954,0.927891891002655
0.0001,5127.0,12.983062438964845,0.927891891002655
0.0001,5128.0,12.983062286376954,0.9278918099403382
0.0001,5129.0,12.983062438964845,0.927891891002655
0.0001,5130.0,12.98306251525879,0.9278917336463928
0.0001,5131.0,12.983062667846681,0.9278916954994203
0.0001,5132.0,12.9830623626709,0.9278917336463928
0.0001,5133.0,12.9830623626709,0.9278917336463928
0.0001,5134.0,12.983062210083009,0.9278916907310486
0.0001,5135.0,12.9830623626709,0.9278916907310486
0.0001,5136.0,12.983062171936037,0.9278916907310486
0.0001,5137.0,12.983062019348147,0.927891571521759
0.0001,5138.0,12.983062019348147,0.9278913974761962
0.0001,5139.0,12.983062019348147,0.9278914737701416
0.0001,5140.0,12.983062171936037,0.9278913974761962
0.0001,5141.0,12.983062019348147,0.927891354560852
0.0001,5142.0,12.983062019348147,0.9278913164138793
0.0001,5143.0,12.9830623626709,0.9278913164138793
0.0001,5144.0,12.983062210083009,0.9278912353515625
0.0001,5145.0,12.983062057495118,0.9278911972045898
0.0001,5146.0,12.983062019348147,0.9278911972045898
0.0001,5147.0,12.983061714172365,0.9278910779953004
0.0001,5148.0,12.983061714172365,0.9278909587860107
0.0001,5149.0,12.983061714172365,0.9278909587860107
0.0001,5150.0,12.983061714172365,0.9278909587860107
0.0001,5151.0,12.983062019348143,0.9278909373283386
0.0001,5152.0,12.983062171936037,0.9278909373283386
0.0001,5153.0,12.983062324523928,0.927890818119049
0.0001,5154.0,12.983062171936037,0.9278907418251038
0.0001,5155.0,12.983062324523928,0.9278906989097595
0.0001,5156.0,12.983062019348147,0.9278906607627868
0.0001,5157.0,12.983062324523928,0.9278906989097595
0.0001,5158.0,12.983062324523928,0.9278906178474426
0.0001,5159.0,12.983062171936037,0.9278906178474426
0.0001,5160.0,12.983062019348147,0.92789057970047
0.0001,5161.0,12.983062019348147,0.9278905200958252
0.0001,5162.0,12.983062019348147,0.9278904056549073
0.0001,5163.0,12.983062171936037,0.9278904056549073
0.0001,5164.0,12.983062171936037,0.9278904056549073
0.0001,5165.0,12.983061866760256,0.9278904056549073
0.0001,5166.0,12.983062133789064,0.9278902435302734
0.0001,5167.0,12.983062133789064,0.9278902435302734
0.0001,5168.0,12.983062438964845,0.9278901624679565
0.0001,5169.0,12.983062477111819,0.9278901624679565
0.0001,5170.0,12.983062477111819,0.9278900218009949
0.0001,5171.0,12.983062171936037,0.927890043258667
0.0001,5172.0,12.983062171936037,0.9278900218009949
0.0001,5173.0,12.983062019348147,0.9278900218009949
0.0001,5174.0,12.983062324523928,0.9278899025917053
0.0001,5175.0,12.983062171936037,0.9278899025917053
0.0001,5176.0,12.983061981201173,0.9278899025917053
0.0001,5177.0,12.983062133789064,0.9278898644447326
0.0001,5178.0,12.983062286376954,0.9278898644447326
0.0001,5179.0,12.983062438964845,0.9278898644447326
0.0001,5180.0,12.983062133789064,0.9278897786140442
0.0001,5181.0,12.983062286376954,0.9278897833824158
0.0001,5182.0,12.9830623626709,0.9278897452354431
0.0001,5183.0,12.9830623626709,0.9278897023200989
0.0001,5184.0,12.9830623626709,0.9278896689414977
0.0001,5185.0,12.983062057495118,0.9278896260261535
0.0001,5186.0,12.983061904907228,0.9278895282745361
0.0001,5187.0,12.983062057495118,0.9278895497322083
0.0001,5188.0,12.983062019348147,0.9278895282745361
0.0001,5189.0,12.983061866760256,0.9278894472122192
0.0001,5190.0,12.983062019348147,0.9278894472122192
0.0001,5191.0,12.983062324523928,0.9278894042968749
0.0001,5192.0,12.983062324523928,0.9278893184661865
0.0001,5193.0,12.983062477111819,0.9278892040252685
0.0001,5194.0,12.983062477111819,0.927889165878296
0.0001,5195.0,12.98306251525879,0.927889165878296
0.0001,5196.0,12.9830623626709,0.9278890299797058
0.0001,5197.0,12.983062210083009,0.9278891062736512
